solid OpenSCAD_Model
  facet normal 0.999228 0.0392845 0
    outer loop
      vertex 13 0 4.5
      vertex 12.9599 1.01997 0
      vertex 12.9599 1.01997 4.5
    endloop
  endfacet
  facet normal 0.999228 0.0392845 0
    outer loop
      vertex 12.9599 1.01997 0
      vertex 13 0 4.5
      vertex 13 0 0
    endloop
  endfacet
  facet normal -0.999228 0.0392845 0
    outer loop
      vertex -13 0 0
      vertex -12.9599 1.01997 4.5
      vertex -12.9599 1.01997 0
    endloop
  endfacet
  facet normal -0.999228 0.0392845 0
    outer loop
      vertex -12.9599 1.01997 4.5
      vertex -13 0 0
      vertex -13 0 4.5
    endloop
  endfacet
  facet normal 0.0392845 0.999228 -0
    outer loop
      vertex 1.01997 12.9599 0
      vertex 0 13 4.5
      vertex 1.01997 12.9599 4.5
    endloop
  endfacet
  facet normal 0.0392845 0.999228 0
    outer loop
      vertex 0 13 4.5
      vertex 1.01997 12.9599 0
      vertex 0 13 0
    endloop
  endfacet
  facet normal 0.678798 0.734325 -0
    outer loop
      vertex 9.19239 9.19239 0
      vertex 8.44282 9.88528 4.5
      vertex 9.19239 9.19239 4.5
    endloop
  endfacet
  facet normal 0.678798 0.734325 0
    outer loop
      vertex 8.44282 9.88528 4.5
      vertex 9.19239 9.19239 0
      vertex 8.44282 9.88528 0
    endloop
  endfacet
  facet normal -0.678798 0.734325 0
    outer loop
      vertex -8.44282 9.88528 0
      vertex -9.19239 9.19239 4.5
      vertex -8.44282 9.88528 4.5
    endloop
  endfacet
  facet normal -0.678798 0.734325 0
    outer loop
      vertex -9.19239 9.19239 4.5
      vertex -8.44282 9.88528 0
      vertex -9.19239 9.19239 0
    endloop
  endfacet
  facet normal -0.346118 0.938191 0
    outer loop
      vertex -4.01722 12.3637 0
      vertex -4.97488 12.0104 4.5
      vertex -4.01722 12.3637 4.5
    endloop
  endfacet
  facet normal -0.346118 0.938191 0
    outer loop
      vertex -4.97488 12.0104 4.5
      vertex -4.01722 12.3637 0
      vertex -4.97488 12.0104 0
    endloop
  endfacet
  facet normal 0.908163 0.418617 0
    outer loop
      vertex 12.0104 4.97488 4.5
      vertex 11.5831 5.90188 0
      vertex 11.5831 5.90188 4.5
    endloop
  endfacet
  facet normal 0.908163 0.418617 0
    outer loop
      vertex 11.5831 5.90188 0
      vertex 12.0104 4.97488 4.5
      vertex 12.0104 4.97488 0
    endloop
  endfacet
  facet normal 0.346118 0.938191 -0
    outer loop
      vertex 4.97488 12.0104 0
      vertex 4.01722 12.3637 4.5
      vertex 4.97488 12.0104 4.5
    endloop
  endfacet
  facet normal 0.346118 0.938191 0
    outer loop
      vertex 4.01722 12.3637 4.5
      vertex 4.97488 12.0104 0
      vertex 4.01722 12.3637 0
    endloop
  endfacet
  facet normal 0.555568 0.831471 -0
    outer loop
      vertex 7.64121 10.5172 0
      vertex 6.79248 11.0843 4.5
      vertex 7.64121 10.5172 4.5
    endloop
  endfacet
  facet normal 0.555568 0.831471 0
    outer loop
      vertex 6.79248 11.0843 4.5
      vertex 7.64121 10.5172 0
      vertex 6.79248 11.0843 0
    endloop
  endfacet
  facet normal -0.908163 0.418617 0
    outer loop
      vertex -12.0104 4.97488 0
      vertex -11.5831 5.90188 4.5
      vertex -11.5831 5.90188 0
    endloop
  endfacet
  facet normal -0.908163 0.418617 0
    outer loop
      vertex -11.5831 5.90188 4.5
      vertex -12.0104 4.97488 0
      vertex -12.0104 4.97488 4.5
    endloop
  endfacet
  facet normal -0.195053 0.980793 0
    outer loop
      vertex -2.03365 12.8399 0
      vertex -3.03479 12.6408 4.5
      vertex -2.03365 12.8399 4.5
    endloop
  endfacet
  facet normal -0.195053 0.980793 0
    outer loop
      vertex -3.03479 12.6408 4.5
      vertex -2.03365 12.8399 0
      vertex -3.03479 12.6408 0
    endloop
  endfacet
  facet normal 0.962449 0.271464 0
    outer loop
      vertex 12.6408 3.03479 4.5
      vertex 12.3637 4.01722 0
      vertex 12.3637 4.01722 4.5
    endloop
  endfacet
  facet normal 0.962449 0.271464 0
    outer loop
      vertex 12.3637 4.01722 0
      vertex 12.6408 3.03479 4.5
      vertex 12.6408 3.03479 0
    endloop
  endfacet
  facet normal 0.993066 0.11756 0
    outer loop
      vertex 12.9599 1.01997 4.5
      vertex 12.8399 2.03365 0
      vertex 12.8399 2.03365 4.5
    endloop
  endfacet
  facet normal 0.993066 0.11756 0
    outer loop
      vertex 12.8399 2.03365 0
      vertex 12.9599 1.01997 4.5
      vertex 12.9599 1.01997 0
    endloop
  endfacet
  facet normal 0.938191 0.346118 0
    outer loop
      vertex 12.3637 4.01722 4.5
      vertex 12.0104 4.97488 0
      vertex 12.0104 4.97488 4.5
    endloop
  endfacet
  facet normal 0.938191 0.346118 0
    outer loop
      vertex 12.0104 4.97488 0
      vertex 12.3637 4.01722 4.5
      vertex 12.3637 4.01722 0
    endloop
  endfacet
  facet normal 0.831471 0.555568 0
    outer loop
      vertex 11.0843 6.79248 4.5
      vertex 10.5172 7.64121 0
      vertex 10.5172 7.64121 4.5
    endloop
  endfacet
  facet normal 0.831471 0.555568 0
    outer loop
      vertex 10.5172 7.64121 0
      vertex 11.0843 6.79248 4.5
      vertex 11.0843 6.79248 0
    endloop
  endfacet
  facet normal 0.785326 0.619083 0
    outer loop
      vertex 10.5172 7.64121 4.5
      vertex 9.88528 8.44282 0
      vertex 9.88528 8.44282 4.5
    endloop
  endfacet
  facet normal 0.785326 0.619083 0
    outer loop
      vertex 9.88528 8.44282 0
      vertex 10.5172 7.64121 4.5
      vertex 10.5172 7.64121 0
    endloop
  endfacet
  facet normal 0.872479 0.488651 0
    outer loop
      vertex 11.5831 5.90188 4.5
      vertex 11.0843 6.79248 0
      vertex 11.0843 6.79248 4.5
    endloop
  endfacet
  facet normal 0.872479 0.488651 0
    outer loop
      vertex 11.0843 6.79248 0
      vertex 11.5831 5.90188 4.5
      vertex 11.5831 5.90188 0
    endloop
  endfacet
  facet normal 0.195053 0.980793 -0
    outer loop
      vertex 3.03479 12.6408 0
      vertex 2.03365 12.8399 4.5
      vertex 3.03479 12.6408 4.5
    endloop
  endfacet
  facet normal 0.195053 0.980793 0
    outer loop
      vertex 2.03365 12.8399 4.5
      vertex 3.03479 12.6408 0
      vertex 2.03365 12.8399 0
    endloop
  endfacet
  facet normal 0.271464 0.962449 -0
    outer loop
      vertex 4.01722 12.3637 0
      vertex 3.03479 12.6408 4.5
      vertex 4.01722 12.3637 4.5
    endloop
  endfacet
  facet normal 0.271464 0.962449 0
    outer loop
      vertex 3.03479 12.6408 4.5
      vertex 4.01722 12.3637 0
      vertex 3.03479 12.6408 0
    endloop
  endfacet
  facet normal 0.11756 0.993066 -0
    outer loop
      vertex 2.03365 12.8399 0
      vertex 1.01997 12.9599 4.5
      vertex 2.03365 12.8399 4.5
    endloop
  endfacet
  facet normal 0.11756 0.993066 0
    outer loop
      vertex 1.01997 12.9599 4.5
      vertex 2.03365 12.8399 0
      vertex 1.01997 12.9599 0
    endloop
  endfacet
  facet normal 0.488651 0.872479 -0
    outer loop
      vertex 6.79248 11.0843 0
      vertex 5.90188 11.5831 4.5
      vertex 6.79248 11.0843 4.5
    endloop
  endfacet
  facet normal 0.488651 0.872479 0
    outer loop
      vertex 5.90188 11.5831 4.5
      vertex 6.79248 11.0843 0
      vertex 5.90188 11.5831 0
    endloop
  endfacet
  facet normal 0.619083 0.785326 -0
    outer loop
      vertex 8.44282 9.88528 0
      vertex 7.64121 10.5172 4.5
      vertex 8.44282 9.88528 4.5
    endloop
  endfacet
  facet normal 0.619083 0.785326 0
    outer loop
      vertex 7.64121 10.5172 4.5
      vertex 8.44282 9.88528 0
      vertex 7.64121 10.5172 0
    endloop
  endfacet
  facet normal -0.962449 0.271464 0
    outer loop
      vertex -12.6408 3.03479 0
      vertex -12.3637 4.01722 4.5
      vertex -12.3637 4.01722 0
    endloop
  endfacet
  facet normal -0.962449 0.271464 0
    outer loop
      vertex -12.3637 4.01722 4.5
      vertex -12.6408 3.03479 0
      vertex -12.6408 3.03479 4.5
    endloop
  endfacet
  facet normal -0.831471 0.555568 0
    outer loop
      vertex -11.0843 6.79248 0
      vertex -10.5172 7.64121 4.5
      vertex -10.5172 7.64121 0
    endloop
  endfacet
  facet normal -0.831471 0.555568 0
    outer loop
      vertex -10.5172 7.64121 4.5
      vertex -11.0843 6.79248 0
      vertex -11.0843 6.79248 4.5
    endloop
  endfacet
  facet normal -0.872479 0.488651 0
    outer loop
      vertex -11.5831 5.90188 0
      vertex -11.0843 6.79248 4.5
      vertex -11.0843 6.79248 0
    endloop
  endfacet
  facet normal -0.872479 0.488651 0
    outer loop
      vertex -11.0843 6.79248 4.5
      vertex -11.5831 5.90188 0
      vertex -11.5831 5.90188 4.5
    endloop
  endfacet
  facet normal -0.938191 0.346118 0
    outer loop
      vertex -12.3637 4.01722 0
      vertex -12.0104 4.97488 4.5
      vertex -12.0104 4.97488 0
    endloop
  endfacet
  facet normal -0.938191 0.346118 0
    outer loop
      vertex -12.0104 4.97488 4.5
      vertex -12.3637 4.01722 0
      vertex -12.3637 4.01722 4.5
    endloop
  endfacet
  facet normal -0.980793 0.195053 0
    outer loop
      vertex -12.8399 2.03365 0
      vertex -12.6408 3.03479 4.5
      vertex -12.6408 3.03479 0
    endloop
  endfacet
  facet normal -0.980793 0.195053 0
    outer loop
      vertex -12.6408 3.03479 4.5
      vertex -12.8399 2.03365 0
      vertex -12.8399 2.03365 4.5
    endloop
  endfacet
  facet normal -0.488651 0.872479 0
    outer loop
      vertex -5.90188 11.5831 0
      vertex -6.79248 11.0843 4.5
      vertex -5.90188 11.5831 4.5
    endloop
  endfacet
  facet normal -0.488651 0.872479 0
    outer loop
      vertex -6.79248 11.0843 4.5
      vertex -5.90188 11.5831 0
      vertex -6.79248 11.0843 0
    endloop
  endfacet
  facet normal -0.418617 0.908163 0
    outer loop
      vertex -4.97488 12.0104 0
      vertex -5.90188 11.5831 4.5
      vertex -4.97488 12.0104 4.5
    endloop
  endfacet
  facet normal -0.418617 0.908163 0
    outer loop
      vertex -5.90188 11.5831 4.5
      vertex -4.97488 12.0104 0
      vertex -5.90188 11.5831 0
    endloop
  endfacet
  facet normal -0.555568 0.831471 0
    outer loop
      vertex -6.79248 11.0843 0
      vertex -7.64121 10.5172 4.5
      vertex -6.79248 11.0843 4.5
    endloop
  endfacet
  facet normal -0.555568 0.831471 0
    outer loop
      vertex -7.64121 10.5172 4.5
      vertex -6.79248 11.0843 0
      vertex -7.64121 10.5172 0
    endloop
  endfacet
  facet normal -0.271464 0.962449 0
    outer loop
      vertex -3.03479 12.6408 0
      vertex -4.01722 12.3637 4.5
      vertex -3.03479 12.6408 4.5
    endloop
  endfacet
  facet normal -0.271464 0.962449 0
    outer loop
      vertex -4.01722 12.3637 4.5
      vertex -3.03479 12.6408 0
      vertex -4.01722 12.3637 0
    endloop
  endfacet
  facet normal -0.11756 0.993066 0
    outer loop
      vertex -1.01997 12.9599 0
      vertex -2.03365 12.8399 4.5
      vertex -1.01997 12.9599 4.5
    endloop
  endfacet
  facet normal -0.11756 0.993066 0
    outer loop
      vertex -2.03365 12.8399 4.5
      vertex -1.01997 12.9599 0
      vertex -2.03365 12.8399 0
    endloop
  endfacet
  facet normal 0.999228 -0.0392845 0
    outer loop
      vertex 12.9599 -1.01997 4.5
      vertex 13 0 0
      vertex 13 0 4.5
    endloop
  endfacet
  facet normal 0.999228 -0.0392845 0
    outer loop
      vertex 13 0 0
      vertex 12.9599 -1.01997 4.5
      vertex 12.9599 -1.01997 0
    endloop
  endfacet
  facet normal 0.271464 -0.962449 0
    outer loop
      vertex 3.03479 -12.6408 0
      vertex 4.01722 -12.3637 4.5
      vertex 3.03479 -12.6408 4.5
    endloop
  endfacet
  facet normal 0.271464 -0.962449 0
    outer loop
      vertex 4.01722 -12.3637 4.5
      vertex 3.03479 -12.6408 0
      vertex 4.01722 -12.3637 0
    endloop
  endfacet
  facet normal 0.619083 -0.785326 0
    outer loop
      vertex 7.64121 -10.5172 0
      vertex 8.44282 -9.88528 4.5
      vertex 7.64121 -10.5172 4.5
    endloop
  endfacet
  facet normal 0.619083 -0.785326 0
    outer loop
      vertex 8.44282 -9.88528 4.5
      vertex 7.64121 -10.5172 0
      vertex 8.44282 -9.88528 0
    endloop
  endfacet
  facet normal 0.488651 -0.872479 0
    outer loop
      vertex 5.90188 -11.5831 0
      vertex 6.79248 -11.0843 4.5
      vertex 5.90188 -11.5831 4.5
    endloop
  endfacet
  facet normal 0.488651 -0.872479 0
    outer loop
      vertex 6.79248 -11.0843 4.5
      vertex 5.90188 -11.5831 0
      vertex 6.79248 -11.0843 0
    endloop
  endfacet
  facet normal 0.785326 -0.619083 0
    outer loop
      vertex 9.88528 -8.44282 4.5
      vertex 10.5172 -7.64121 0
      vertex 10.5172 -7.64121 4.5
    endloop
  endfacet
  facet normal 0.785326 -0.619083 0
    outer loop
      vertex 10.5172 -7.64121 0
      vertex 9.88528 -8.44282 4.5
      vertex 9.88528 -8.44282 0
    endloop
  endfacet
  facet normal 0.872479 -0.488651 0
    outer loop
      vertex 11.0843 -6.79248 4.5
      vertex 11.5831 -5.90188 0
      vertex 11.5831 -5.90188 4.5
    endloop
  endfacet
  facet normal 0.872479 -0.488651 0
    outer loop
      vertex 11.5831 -5.90188 0
      vertex 11.0843 -6.79248 4.5
      vertex 11.0843 -6.79248 0
    endloop
  endfacet
  facet normal -0.488651 -0.872479 0
    outer loop
      vertex -6.79248 -11.0843 0
      vertex -5.90188 -11.5831 4.5
      vertex -6.79248 -11.0843 4.5
    endloop
  endfacet
  facet normal -0.488651 -0.872479 -0
    outer loop
      vertex -5.90188 -11.5831 4.5
      vertex -6.79248 -11.0843 0
      vertex -5.90188 -11.5831 0
    endloop
  endfacet
  facet normal -0.346118 -0.938191 0
    outer loop
      vertex -4.97488 -12.0104 0
      vertex -4.01722 -12.3637 4.5
      vertex -4.97488 -12.0104 4.5
    endloop
  endfacet
  facet normal -0.346118 -0.938191 -0
    outer loop
      vertex -4.01722 -12.3637 4.5
      vertex -4.97488 -12.0104 0
      vertex -4.01722 -12.3637 0
    endloop
  endfacet
  facet normal -0.195053 -0.980793 0
    outer loop
      vertex -3.03479 -12.6408 0
      vertex -2.03365 -12.8399 4.5
      vertex -3.03479 -12.6408 4.5
    endloop
  endfacet
  facet normal -0.195053 -0.980793 -0
    outer loop
      vertex -2.03365 -12.8399 4.5
      vertex -3.03479 -12.6408 0
      vertex -2.03365 -12.8399 0
    endloop
  endfacet
  facet normal -0.908163 -0.418617 0
    outer loop
      vertex -11.5831 -5.90188 0
      vertex -12.0104 -4.97488 4.5
      vertex -12.0104 -4.97488 0
    endloop
  endfacet
  facet normal -0.908163 -0.418617 0
    outer loop
      vertex -12.0104 -4.97488 4.5
      vertex -11.5831 -5.90188 0
      vertex -11.5831 -5.90188 4.5
    endloop
  endfacet
  facet normal -0.831471 -0.555568 0
    outer loop
      vertex -10.5172 -7.64121 0
      vertex -11.0843 -6.79248 4.5
      vertex -11.0843 -6.79248 0
    endloop
  endfacet
  facet normal -0.831471 -0.555568 0
    outer loop
      vertex -11.0843 -6.79248 4.5
      vertex -10.5172 -7.64121 0
      vertex -10.5172 -7.64121 4.5
    endloop
  endfacet
  facet normal -0.962449 -0.271464 0
    outer loop
      vertex -12.3637 -4.01722 0
      vertex -12.6408 -3.03479 4.5
      vertex -12.6408 -3.03479 0
    endloop
  endfacet
  facet normal -0.962449 -0.271464 0
    outer loop
      vertex -12.6408 -3.03479 4.5
      vertex -12.3637 -4.01722 0
      vertex -12.3637 -4.01722 4.5
    endloop
  endfacet
  facet normal 0 0 -1
    outer loop
      vertex 12 0 0
      vertex 13 0 0
      vertex 12.9599 -1.01997 0
    endloop
  endfacet
  facet normal 0 0 -1
    outer loop
      vertex 11.963 -0.941508 0
      vertex 12.9599 -1.01997 0
      vertex 12.8399 -2.03365 0
    endloop
  endfacet
  facet normal 0 0 -1
    outer loop
      vertex 13 0 0
      vertex 12 0 0
      vertex 12.9599 1.01997 0
    endloop
  endfacet
  facet normal 0 0 -1
    outer loop
      vertex 11.8523 -1.87721 0
      vertex 12.8399 -2.03365 0
      vertex 12.6408 -3.03479 0
    endloop
  endfacet
  facet normal 0 0 -1
    outer loop
      vertex 11.963 0.941508 0
      vertex 12.9599 1.01997 0
      vertex 12 0 0
    endloop
  endfacet
  facet normal 0 0 -1
    outer loop
      vertex 11.6684 -2.80134 0
      vertex 12.6408 -3.03479 0
      vertex 12.3637 -4.01722 0
    endloop
  endfacet
  facet normal -0 0 -1
    outer loop
      vertex 12.9599 1.01997 0
      vertex 11.963 0.941508 0
      vertex 12.8399 2.03365 0
    endloop
  endfacet
  facet normal 0 0 -1
    outer loop
      vertex 11.4127 -3.7082 0
      vertex 12.3637 -4.01722 0
      vertex 12.0104 -4.97488 0
    endloop
  endfacet
  facet normal 0 0 -1
    outer loop
      vertex 11.8523 1.87721 0
      vertex 12.8399 2.03365 0
      vertex 11.963 0.941508 0
    endloop
  endfacet
  facet normal -0 0 -1
    outer loop
      vertex 12.8399 2.03365 0
      vertex 11.8523 1.87721 0
      vertex 12.6408 3.03479 0
    endloop
  endfacet
  facet normal 0 0 -1
    outer loop
      vertex 12.9599 -1.01997 0
      vertex 11.963 -0.941508 0
      vertex 12 0 0
    endloop
  endfacet
  facet normal 0 0 -1
    outer loop
      vertex 12.8399 -2.03365 0
      vertex 11.8523 -1.87721 0
      vertex 11.963 -0.941508 0
    endloop
  endfacet
  facet normal 0 0 -1
    outer loop
      vertex 12.6408 -3.03479 0
      vertex 11.6684 -2.80134 0
      vertex 11.8523 -1.87721 0
    endloop
  endfacet
  facet normal 0 0 -1
    outer loop
      vertex 11.0866 -4.5922 0
      vertex 12.0104 -4.97488 0
      vertex 11.5831 -5.90188 0
    endloop
  endfacet
  facet normal 0 0 -1
    outer loop
      vertex 12.3637 -4.01722 0
      vertex 11.4127 -3.7082 0
      vertex 11.6684 -2.80134 0
    endloop
  endfacet
  facet normal 0 0 -1
    outer loop
      vertex 12.0104 -4.97488 0
      vertex 11.0866 -4.5922 0
      vertex 11.4127 -3.7082 0
    endloop
  endfacet
  facet normal 0 0 -1
    outer loop
      vertex 10.6921 -5.44789 0
      vertex 11.5831 -5.90188 0
      vertex 11.0843 -6.79248 0
    endloop
  endfacet
  facet normal 0 0 -1
    outer loop
      vertex 11.5831 -5.90188 0
      vertex 10.6921 -5.44789 0
      vertex 11.0866 -4.5922 0
    endloop
  endfacet
  facet normal 0 0 -1
    outer loop
      vertex 10.2317 -6.26998 0
      vertex 11.0843 -6.79248 0
      vertex 10.5172 -7.64121 0
    endloop
  endfacet
  facet normal 0 0 -1
    outer loop
      vertex 11.0843 -6.79248 0
      vertex 10.2317 -6.26998 0
      vertex 10.6921 -5.44789 0
    endloop
  endfacet
  facet normal 0 0 -1
    outer loop
      vertex 9.7082 -7.05342 0
      vertex 10.5172 -7.64121 0
      vertex 9.88528 -8.44282 0
    endloop
  endfacet
  facet normal 0 0 -1
    outer loop
      vertex 10.5172 -7.64121 0
      vertex 9.7082 -7.05342 0
      vertex 10.2317 -6.26998 0
    endloop
  endfacet
  facet normal 0 0 -1
    outer loop
      vertex 9.12487 -7.79338 0
      vertex 9.88528 -8.44282 0
      vertex 9.19239 -9.19239 0
    endloop
  endfacet
  facet normal 0 0 -1
    outer loop
      vertex 9.88528 -8.44282 0
      vertex 9.12487 -7.79338 0
      vertex 9.7082 -7.05342 0
    endloop
  endfacet
  facet normal 0 0 -1
    outer loop
      vertex 9.19239 -9.19239 0
      vertex 8.48528 -8.48528 0
      vertex 9.12487 -7.79338 0
    endloop
  endfacet
  facet normal 0 0 -1
    outer loop
      vertex 8.44282 -9.88528 0
      vertex 8.48528 -8.48528 0
      vertex 9.19239 -9.19239 0
    endloop
  endfacet
  facet normal 0 0 -1
    outer loop
      vertex 8.44282 -9.88528 0
      vertex 7.79338 -9.12487 0
      vertex 8.48528 -8.48528 0
    endloop
  endfacet
  facet normal 0 0 -1
    outer loop
      vertex 7.64121 -10.5172 0
      vertex 7.79338 -9.12487 0
      vertex 8.44282 -9.88528 0
    endloop
  endfacet
  facet normal 0 0 -1
    outer loop
      vertex 7.64121 -10.5172 0
      vertex 7.05342 -9.7082 0
      vertex 7.79338 -9.12487 0
    endloop
  endfacet
  facet normal 0 0 -1
    outer loop
      vertex 6.79248 -11.0843 0
      vertex 7.05342 -9.7082 0
      vertex 7.64121 -10.5172 0
    endloop
  endfacet
  facet normal 0 0 -1
    outer loop
      vertex 6.79248 -11.0843 0
      vertex 6.26998 -10.2317 0
      vertex 7.05342 -9.7082 0
    endloop
  endfacet
  facet normal 0 0 -1
    outer loop
      vertex 5.90188 -11.5831 0
      vertex 6.26998 -10.2317 0
      vertex 6.79248 -11.0843 0
    endloop
  endfacet
  facet normal 0 0 -1
    outer loop
      vertex 5.90188 -11.5831 0
      vertex 5.44789 -10.6921 0
      vertex 6.26998 -10.2317 0
    endloop
  endfacet
  facet normal 0 0 -1
    outer loop
      vertex 4.97488 -12.0104 0
      vertex 5.44789 -10.6921 0
      vertex 5.90188 -11.5831 0
    endloop
  endfacet
  facet normal 0 0 -1
    outer loop
      vertex 4.97488 -12.0104 0
      vertex 4.5922 -11.0866 0
      vertex 5.44789 -10.6921 0
    endloop
  endfacet
  facet normal 0 0 -1
    outer loop
      vertex 4.01722 -12.3637 0
      vertex 4.5922 -11.0866 0
      vertex 4.97488 -12.0104 0
    endloop
  endfacet
  facet normal 0 0 -1
    outer loop
      vertex 4.01722 -12.3637 0
      vertex 3.7082 -11.4127 0
      vertex 4.5922 -11.0866 0
    endloop
  endfacet
  facet normal 0 0 -1
    outer loop
      vertex 3.03479 -12.6408 0
      vertex 3.7082 -11.4127 0
      vertex 4.01722 -12.3637 0
    endloop
  endfacet
  facet normal 0 0 -1
    outer loop
      vertex 3.03479 -12.6408 0
      vertex 2.80134 -11.6684 0
      vertex 3.7082 -11.4127 0
    endloop
  endfacet
  facet normal 0 0 -1
    outer loop
      vertex 2.03365 -12.8399 0
      vertex 2.80134 -11.6684 0
      vertex 3.03479 -12.6408 0
    endloop
  endfacet
  facet normal 0 0 -1
    outer loop
      vertex 2.03365 -12.8399 0
      vertex 1.87721 -11.8523 0
      vertex 2.80134 -11.6684 0
    endloop
  endfacet
  facet normal 0 0 -1
    outer loop
      vertex 1.01997 -12.9599 0
      vertex 1.87721 -11.8523 0
      vertex 2.03365 -12.8399 0
    endloop
  endfacet
  facet normal 0 0 -1
    outer loop
      vertex 1.01997 -12.9599 0
      vertex 0.941508 -11.963 0
      vertex 1.87721 -11.8523 0
    endloop
  endfacet
  facet normal 0 0 -1
    outer loop
      vertex 0 -13 0
      vertex 0.941508 -11.963 0
      vertex 1.01997 -12.9599 0
    endloop
  endfacet
  facet normal 0 0 -1
    outer loop
      vertex 0 -13 0
      vertex 0 -12 0
      vertex 0.941508 -11.963 0
    endloop
  endfacet
  facet normal 0 0 -1
    outer loop
      vertex 0 -13 0
      vertex -0.941508 -11.963 0
      vertex 0 -12 0
    endloop
  endfacet
  facet normal 0 0 -1
    outer loop
      vertex -1.01997 -12.9599 0
      vertex -0.941508 -11.963 0
      vertex 0 -13 0
    endloop
  endfacet
  facet normal 0 0 -1
    outer loop
      vertex -1.01997 -12.9599 0
      vertex -1.87721 -11.8523 0
      vertex -0.941508 -11.963 0
    endloop
  endfacet
  facet normal 0 0 -1
    outer loop
      vertex -2.03365 -12.8399 0
      vertex -1.87721 -11.8523 0
      vertex -1.01997 -12.9599 0
    endloop
  endfacet
  facet normal 0 0 -1
    outer loop
      vertex -2.03365 -12.8399 0
      vertex -2.80134 -11.6684 0
      vertex -1.87721 -11.8523 0
    endloop
  endfacet
  facet normal 0 0 -1
    outer loop
      vertex -3.03479 -12.6408 0
      vertex -2.80134 -11.6684 0
      vertex -2.03365 -12.8399 0
    endloop
  endfacet
  facet normal 0 0 -1
    outer loop
      vertex -3.03479 -12.6408 0
      vertex -3.7082 -11.4127 0
      vertex -2.80134 -11.6684 0
    endloop
  endfacet
  facet normal 0 0 -1
    outer loop
      vertex -4.01722 -12.3637 0
      vertex -3.7082 -11.4127 0
      vertex -3.03479 -12.6408 0
    endloop
  endfacet
  facet normal 0 0 -1
    outer loop
      vertex -4.01722 -12.3637 0
      vertex -4.5922 -11.0866 0
      vertex -3.7082 -11.4127 0
    endloop
  endfacet
  facet normal 0 0 -1
    outer loop
      vertex -4.97488 -12.0104 0
      vertex -4.5922 -11.0866 0
      vertex -4.01722 -12.3637 0
    endloop
  endfacet
  facet normal 0 0 -1
    outer loop
      vertex -4.97488 -12.0104 0
      vertex -5.44789 -10.6921 0
      vertex -4.5922 -11.0866 0
    endloop
  endfacet
  facet normal 0 0 -1
    outer loop
      vertex -5.90188 -11.5831 0
      vertex -5.44789 -10.6921 0
      vertex -4.97488 -12.0104 0
    endloop
  endfacet
  facet normal 0 0 -1
    outer loop
      vertex -5.90188 -11.5831 0
      vertex -6.26998 -10.2317 0
      vertex -5.44789 -10.6921 0
    endloop
  endfacet
  facet normal 0 0 -1
    outer loop
      vertex -6.79248 -11.0843 0
      vertex -6.26998 -10.2317 0
      vertex -5.90188 -11.5831 0
    endloop
  endfacet
  facet normal 0 0 -1
    outer loop
      vertex -6.79248 -11.0843 0
      vertex -7.05342 -9.7082 0
      vertex -6.26998 -10.2317 0
    endloop
  endfacet
  facet normal 0 0 -1
    outer loop
      vertex -7.64121 -10.5172 0
      vertex -7.05342 -9.7082 0
      vertex -6.79248 -11.0843 0
    endloop
  endfacet
  facet normal 0 0 -1
    outer loop
      vertex -7.64121 -10.5172 0
      vertex -7.79338 -9.12487 0
      vertex -7.05342 -9.7082 0
    endloop
  endfacet
  facet normal 0 0 -1
    outer loop
      vertex -8.44282 -9.88528 0
      vertex -7.79338 -9.12487 0
      vertex -7.64121 -10.5172 0
    endloop
  endfacet
  facet normal 0 0 -1
    outer loop
      vertex -8.44282 -9.88528 0
      vertex -8.48528 -8.48528 0
      vertex -7.79338 -9.12487 0
    endloop
  endfacet
  facet normal 0 0 -1
    outer loop
      vertex -9.19239 -9.19239 0
      vertex -8.48528 -8.48528 0
      vertex -8.44282 -9.88528 0
    endloop
  endfacet
  facet normal -0 0 -1
    outer loop
      vertex -8.48528 -8.48528 0
      vertex -9.19239 -9.19239 0
      vertex -9.12487 -7.79338 0
    endloop
  endfacet
  facet normal 0 0 -1
    outer loop
      vertex -9.88528 -8.44282 0
      vertex -9.12487 -7.79338 0
      vertex -9.19239 -9.19239 0
    endloop
  endfacet
  facet normal -0 0 -1
    outer loop
      vertex -9.12487 -7.79338 0
      vertex -9.88528 -8.44282 0
      vertex -9.7082 -7.05342 0
    endloop
  endfacet
  facet normal 0 0 -1
    outer loop
      vertex -10.5172 -7.64121 0
      vertex -9.7082 -7.05342 0
      vertex -9.88528 -8.44282 0
    endloop
  endfacet
  facet normal -0 0 -1
    outer loop
      vertex -9.7082 -7.05342 0
      vertex -10.5172 -7.64121 0
      vertex -10.2317 -6.26998 0
    endloop
  endfacet
  facet normal 0 0 -1
    outer loop
      vertex -11.0843 -6.79248 0
      vertex -10.2317 -6.26998 0
      vertex -10.5172 -7.64121 0
    endloop
  endfacet
  facet normal -0 0 -1
    outer loop
      vertex -10.2317 -6.26998 0
      vertex -11.0843 -6.79248 0
      vertex -10.6921 -5.44789 0
    endloop
  endfacet
  facet normal 0 0 -1
    outer loop
      vertex -11.5831 -5.90188 0
      vertex -10.6921 -5.44789 0
      vertex -11.0843 -6.79248 0
    endloop
  endfacet
  facet normal -0 0 -1
    outer loop
      vertex -10.6921 -5.44789 0
      vertex -11.5831 -5.90188 0
      vertex -11.0866 -4.5922 0
    endloop
  endfacet
  facet normal 0 0 -1
    outer loop
      vertex -12.0104 -4.97488 0
      vertex -11.0866 -4.5922 0
      vertex -11.5831 -5.90188 0
    endloop
  endfacet
  facet normal -0 0 -1
    outer loop
      vertex -11.0866 -4.5922 0
      vertex -12.0104 -4.97488 0
      vertex -11.4127 -3.7082 0
    endloop
  endfacet
  facet normal 0 0 -1
    outer loop
      vertex -12.3637 -4.01722 0
      vertex -11.4127 -3.7082 0
      vertex -12.0104 -4.97488 0
    endloop
  endfacet
  facet normal -0 0 -1
    outer loop
      vertex -11.4127 -3.7082 0
      vertex -12.3637 -4.01722 0
      vertex -11.6684 -2.80134 0
    endloop
  endfacet
  facet normal -0 0 -1
    outer loop
      vertex -11.6684 -2.80134 0
      vertex -12.6408 -3.03479 0
      vertex -11.8523 -1.87721 0
    endloop
  endfacet
  facet normal 0 0 -1
    outer loop
      vertex -12.6408 -3.03479 0
      vertex -11.6684 -2.80134 0
      vertex -12.3637 -4.01722 0
    endloop
  endfacet
  facet normal 0 0 -1
    outer loop
      vertex 11.6684 2.80134 0
      vertex 12.6408 3.03479 0
      vertex 11.8523 1.87721 0
    endloop
  endfacet
  facet normal -0 0 -1
    outer loop
      vertex 12.6408 3.03479 0
      vertex 11.6684 2.80134 0
      vertex 12.3637 4.01722 0
    endloop
  endfacet
  facet normal 0 0 -1
    outer loop
      vertex 11.4127 3.7082 0
      vertex 12.3637 4.01722 0
      vertex 11.6684 2.80134 0
    endloop
  endfacet
  facet normal -0 0 -1
    outer loop
      vertex 12.3637 4.01722 0
      vertex 11.4127 3.7082 0
      vertex 12.0104 4.97488 0
    endloop
  endfacet
  facet normal 0 0 -1
    outer loop
      vertex 11.0866 4.5922 0
      vertex 12.0104 4.97488 0
      vertex 11.4127 3.7082 0
    endloop
  endfacet
  facet normal -0 0 -1
    outer loop
      vertex 12.0104 4.97488 0
      vertex 11.0866 4.5922 0
      vertex 11.5831 5.90188 0
    endloop
  endfacet
  facet normal 0 0 -1
    outer loop
      vertex 10.6921 5.44789 0
      vertex 11.5831 5.90188 0
      vertex 11.0866 4.5922 0
    endloop
  endfacet
  facet normal -0 0 -1
    outer loop
      vertex 11.5831 5.90188 0
      vertex 10.6921 5.44789 0
      vertex 11.0843 6.79248 0
    endloop
  endfacet
  facet normal 0 0 -1
    outer loop
      vertex 10.2317 6.26998 0
      vertex 11.0843 6.79248 0
      vertex 10.6921 5.44789 0
    endloop
  endfacet
  facet normal -0 0 -1
    outer loop
      vertex 11.0843 6.79248 0
      vertex 10.2317 6.26998 0
      vertex 10.5172 7.64121 0
    endloop
  endfacet
  facet normal 0 0 -1
    outer loop
      vertex 9.7082 7.05342 0
      vertex 10.5172 7.64121 0
      vertex 10.2317 6.26998 0
    endloop
  endfacet
  facet normal -0 0 -1
    outer loop
      vertex 10.5172 7.64121 0
      vertex 9.7082 7.05342 0
      vertex 9.88528 8.44282 0
    endloop
  endfacet
  facet normal 0 0 -1
    outer loop
      vertex 9.12487 7.79338 0
      vertex 9.88528 8.44282 0
      vertex 9.7082 7.05342 0
    endloop
  endfacet
  facet normal -0 0 -1
    outer loop
      vertex 9.88528 8.44282 0
      vertex 9.12487 7.79338 0
      vertex 9.19239 9.19239 0
    endloop
  endfacet
  facet normal 0 0 -1
    outer loop
      vertex 8.48528 8.48528 0
      vertex 9.19239 9.19239 0
      vertex 9.12487 7.79338 0
    endloop
  endfacet
  facet normal 0 0 -1
    outer loop
      vertex 8.48528 8.48528 0
      vertex 8.44282 9.88528 0
      vertex 9.19239 9.19239 0
    endloop
  endfacet
  facet normal 0 0 -1
    outer loop
      vertex 7.79338 9.12487 0
      vertex 8.44282 9.88528 0
      vertex 8.48528 8.48528 0
    endloop
  endfacet
  facet normal 0 0 -1
    outer loop
      vertex 7.79338 9.12487 0
      vertex 7.64121 10.5172 0
      vertex 8.44282 9.88528 0
    endloop
  endfacet
  facet normal 0 0 -1
    outer loop
      vertex 7.05342 9.7082 0
      vertex 7.64121 10.5172 0
      vertex 7.79338 9.12487 0
    endloop
  endfacet
  facet normal 0 0 -1
    outer loop
      vertex 7.05342 9.7082 0
      vertex 6.79248 11.0843 0
      vertex 7.64121 10.5172 0
    endloop
  endfacet
  facet normal 0 0 -1
    outer loop
      vertex 6.26998 10.2317 0
      vertex 6.79248 11.0843 0
      vertex 7.05342 9.7082 0
    endloop
  endfacet
  facet normal 0 0 -1
    outer loop
      vertex 6.26998 10.2317 0
      vertex 5.90188 11.5831 0
      vertex 6.79248 11.0843 0
    endloop
  endfacet
  facet normal 0 0 -1
    outer loop
      vertex 5.44789 10.6921 0
      vertex 5.90188 11.5831 0
      vertex 6.26998 10.2317 0
    endloop
  endfacet
  facet normal 0 0 -1
    outer loop
      vertex 5.44789 10.6921 0
      vertex 4.97488 12.0104 0
      vertex 5.90188 11.5831 0
    endloop
  endfacet
  facet normal 0 0 -1
    outer loop
      vertex 4.5922 11.0866 0
      vertex 4.97488 12.0104 0
      vertex 5.44789 10.6921 0
    endloop
  endfacet
  facet normal 0 0 -1
    outer loop
      vertex 4.5922 11.0866 0
      vertex 4.01722 12.3637 0
      vertex 4.97488 12.0104 0
    endloop
  endfacet
  facet normal 0 0 -1
    outer loop
      vertex 3.7082 11.4127 0
      vertex 4.01722 12.3637 0
      vertex 4.5922 11.0866 0
    endloop
  endfacet
  facet normal 0 0 -1
    outer loop
      vertex 3.7082 11.4127 0
      vertex 3.03479 12.6408 0
      vertex 4.01722 12.3637 0
    endloop
  endfacet
  facet normal 0 0 -1
    outer loop
      vertex 2.80134 11.6684 0
      vertex 3.03479 12.6408 0
      vertex 3.7082 11.4127 0
    endloop
  endfacet
  facet normal 0 0 -1
    outer loop
      vertex 2.80134 11.6684 0
      vertex 2.03365 12.8399 0
      vertex 3.03479 12.6408 0
    endloop
  endfacet
  facet normal 0 0 -1
    outer loop
      vertex 1.87721 11.8523 0
      vertex 2.03365 12.8399 0
      vertex 2.80134 11.6684 0
    endloop
  endfacet
  facet normal 0 0 -1
    outer loop
      vertex 1.87721 11.8523 0
      vertex 1.01997 12.9599 0
      vertex 2.03365 12.8399 0
    endloop
  endfacet
  facet normal 0 0 -1
    outer loop
      vertex 0.941508 11.963 0
      vertex 1.01997 12.9599 0
      vertex 1.87721 11.8523 0
    endloop
  endfacet
  facet normal 0 0 -1
    outer loop
      vertex 0 12 0
      vertex 1.01997 12.9599 0
      vertex 0.941508 11.963 0
    endloop
  endfacet
  facet normal 0 0 -1
    outer loop
      vertex 0 12 0
      vertex 0 13 0
      vertex 1.01997 12.9599 0
    endloop
  endfacet
  facet normal 0 0 -1
    outer loop
      vertex -0.941508 11.963 0
      vertex 0 13 0
      vertex 0 12 0
    endloop
  endfacet
  facet normal 0 0 -1
    outer loop
      vertex -0.941508 11.963 0
      vertex -1.01997 12.9599 0
      vertex 0 13 0
    endloop
  endfacet
  facet normal 0 0 -1
    outer loop
      vertex -1.87721 11.8523 0
      vertex -1.01997 12.9599 0
      vertex -0.941508 11.963 0
    endloop
  endfacet
  facet normal 0 0 -1
    outer loop
      vertex -1.87721 11.8523 0
      vertex -2.03365 12.8399 0
      vertex -1.01997 12.9599 0
    endloop
  endfacet
  facet normal 0 0 -1
    outer loop
      vertex -2.80134 11.6684 0
      vertex -2.03365 12.8399 0
      vertex -1.87721 11.8523 0
    endloop
  endfacet
  facet normal 0 0 -1
    outer loop
      vertex -2.80134 11.6684 0
      vertex -3.03479 12.6408 0
      vertex -2.03365 12.8399 0
    endloop
  endfacet
  facet normal 0 0 -1
    outer loop
      vertex -3.7082 11.4127 0
      vertex -3.03479 12.6408 0
      vertex -2.80134 11.6684 0
    endloop
  endfacet
  facet normal 0 0 -1
    outer loop
      vertex -3.7082 11.4127 0
      vertex -4.01722 12.3637 0
      vertex -3.03479 12.6408 0
    endloop
  endfacet
  facet normal 0 0 -1
    outer loop
      vertex -4.5922 11.0866 0
      vertex -4.01722 12.3637 0
      vertex -3.7082 11.4127 0
    endloop
  endfacet
  facet normal 0 0 -1
    outer loop
      vertex -4.5922 11.0866 0
      vertex -4.97488 12.0104 0
      vertex -4.01722 12.3637 0
    endloop
  endfacet
  facet normal 0 0 -1
    outer loop
      vertex -5.44789 10.6921 0
      vertex -4.97488 12.0104 0
      vertex -4.5922 11.0866 0
    endloop
  endfacet
  facet normal 0 0 -1
    outer loop
      vertex -5.44789 10.6921 0
      vertex -5.90188 11.5831 0
      vertex -4.97488 12.0104 0
    endloop
  endfacet
  facet normal 0 0 -1
    outer loop
      vertex -6.26998 10.2317 0
      vertex -5.90188 11.5831 0
      vertex -5.44789 10.6921 0
    endloop
  endfacet
  facet normal 0 0 -1
    outer loop
      vertex -6.26998 10.2317 0
      vertex -6.79248 11.0843 0
      vertex -5.90188 11.5831 0
    endloop
  endfacet
  facet normal 0 0 -1
    outer loop
      vertex -7.05342 9.7082 0
      vertex -6.79248 11.0843 0
      vertex -6.26998 10.2317 0
    endloop
  endfacet
  facet normal 0 0 -1
    outer loop
      vertex -7.05342 9.7082 0
      vertex -7.64121 10.5172 0
      vertex -6.79248 11.0843 0
    endloop
  endfacet
  facet normal 0 0 -1
    outer loop
      vertex -7.79338 9.12487 0
      vertex -7.64121 10.5172 0
      vertex -7.05342 9.7082 0
    endloop
  endfacet
  facet normal 0 0 -1
    outer loop
      vertex -7.79338 9.12487 0
      vertex -8.44282 9.88528 0
      vertex -7.64121 10.5172 0
    endloop
  endfacet
  facet normal 0 0 -1
    outer loop
      vertex -8.48528 8.48528 0
      vertex -8.44282 9.88528 0
      vertex -7.79338 9.12487 0
    endloop
  endfacet
  facet normal 0 0 -1
    outer loop
      vertex -9.19239 9.19239 0
      vertex -8.48528 8.48528 0
      vertex -9.12487 7.79338 0
    endloop
  endfacet
  facet normal 0 0 -1
    outer loop
      vertex -8.48528 8.48528 0
      vertex -9.19239 9.19239 0
      vertex -8.44282 9.88528 0
    endloop
  endfacet
  facet normal 0 0 -1
    outer loop
      vertex -9.88528 8.44282 0
      vertex -9.12487 7.79338 0
      vertex -9.7082 7.05342 0
    endloop
  endfacet
  facet normal 0 0 -1
    outer loop
      vertex -9.12487 7.79338 0
      vertex -9.88528 8.44282 0
      vertex -9.19239 9.19239 0
    endloop
  endfacet
  facet normal 0 0 -1
    outer loop
      vertex -10.5172 7.64121 0
      vertex -9.7082 7.05342 0
      vertex -10.2317 6.26998 0
    endloop
  endfacet
  facet normal 0 0 -1
    outer loop
      vertex -9.7082 7.05342 0
      vertex -10.5172 7.64121 0
      vertex -9.88528 8.44282 0
    endloop
  endfacet
  facet normal 0 0 -1
    outer loop
      vertex -11.0843 6.79248 0
      vertex -10.2317 6.26998 0
      vertex -10.6921 5.44789 0
    endloop
  endfacet
  facet normal 0 0 -1
    outer loop
      vertex -10.2317 6.26998 0
      vertex -11.0843 6.79248 0
      vertex -10.5172 7.64121 0
    endloop
  endfacet
  facet normal 0 0 -1
    outer loop
      vertex -11.5831 5.90188 0
      vertex -10.6921 5.44789 0
      vertex -11.0866 4.5922 0
    endloop
  endfacet
  facet normal 0 0 -1
    outer loop
      vertex -12.0104 4.97488 0
      vertex -11.0866 4.5922 0
      vertex -11.4127 3.7082 0
    endloop
  endfacet
  facet normal 0 0 -1
    outer loop
      vertex -10.6921 5.44789 0
      vertex -11.5831 5.90188 0
      vertex -11.0843 6.79248 0
    endloop
  endfacet
  facet normal 0 0 -1
    outer loop
      vertex -12.3637 4.01722 0
      vertex -11.4127 3.7082 0
      vertex -11.6684 2.80134 0
    endloop
  endfacet
  facet normal 0 0 -1
    outer loop
      vertex -12.6408 3.03479 0
      vertex -11.6684 2.80134 0
      vertex -11.8523 1.87721 0
    endloop
  endfacet
  facet normal 0 0 -1
    outer loop
      vertex -12.8399 2.03365 0
      vertex -11.8523 1.87721 0
      vertex -11.963 0.941508 0
    endloop
  endfacet
  facet normal 0 0 -1
    outer loop
      vertex -11.0866 4.5922 0
      vertex -12.0104 4.97488 0
      vertex -11.5831 5.90188 0
    endloop
  endfacet
  facet normal 0 0 -1
    outer loop
      vertex -12.9599 1.01997 0
      vertex -11.963 0.941508 0
      vertex -12 0 0
    endloop
  endfacet
  facet normal 0 0 -1
    outer loop
      vertex -12.8399 -2.03365 0
      vertex -11.8523 -1.87721 0
      vertex -12.6408 -3.03479 0
    endloop
  endfacet
  facet normal -0 0 -1
    outer loop
      vertex -11.8523 -1.87721 0
      vertex -12.8399 -2.03365 0
      vertex -11.963 -0.941508 0
    endloop
  endfacet
  facet normal 0 0 -1
    outer loop
      vertex -11.4127 3.7082 0
      vertex -12.3637 4.01722 0
      vertex -12.0104 4.97488 0
    endloop
  endfacet
  facet normal 0 0 -1
    outer loop
      vertex -12.9599 -1.01997 0
      vertex -11.963 -0.941508 0
      vertex -12.8399 -2.03365 0
    endloop
  endfacet
  facet normal 0 0 -1
    outer loop
      vertex -11.6684 2.80134 0
      vertex -12.6408 3.03479 0
      vertex -12.3637 4.01722 0
    endloop
  endfacet
  facet normal -0 0 -1
    outer loop
      vertex -11.963 -0.941508 0
      vertex -12.9599 -1.01997 0
      vertex -12 0 0
    endloop
  endfacet
  facet normal 0 0 -1
    outer loop
      vertex -11.8523 1.87721 0
      vertex -12.8399 2.03365 0
      vertex -12.6408 3.03479 0
    endloop
  endfacet
  facet normal 0 0 -1
    outer loop
      vertex -13 0 0
      vertex -12 0 0
      vertex -12.9599 -1.01997 0
    endloop
  endfacet
  facet normal 0 0 -1
    outer loop
      vertex -11.963 0.941508 0
      vertex -12.9599 1.01997 0
      vertex -12.8399 2.03365 0
    endloop
  endfacet
  facet normal 0 0 -1
    outer loop
      vertex -12 0 0
      vertex -13 0 0
      vertex -12.9599 1.01997 0
    endloop
  endfacet
  facet normal 0 0 -1
    outer loop
      vertex 6.1 0 0
      vertex 6.6 0 0
      vertex 6.57965 -0.51783 0
    endloop
  endfacet
  facet normal 0 0 -1
    outer loop
      vertex 6.08119 -0.4786 0
      vertex 6.57965 -0.51783 0
      vertex 6.51874 -1.03247 0
    endloop
  endfacet
  facet normal 0 0 -1
    outer loop
      vertex 6.6 0 0
      vertex 6.1 0 0
      vertex 6.57965 0.51783 0
    endloop
  endfacet
  facet normal 0 0 -1
    outer loop
      vertex 6.0249 -0.954249 0
      vertex 6.51874 -1.03247 0
      vertex 6.41764 -1.54074 0
    endloop
  endfacet
  facet normal 0 0 -1
    outer loop
      vertex 6.08119 0.4786 0
      vertex 6.57965 0.51783 0
      vertex 6.1 0 0
    endloop
  endfacet
  facet normal 0 0 -1
    outer loop
      vertex 5.93146 -1.42402 0
      vertex 6.41764 -1.54074 0
      vertex 6.27697 -2.03951 0
    endloop
  endfacet
  facet normal -0 0 -1
    outer loop
      vertex 6.57965 0.51783 0
      vertex 6.08119 0.4786 0
      vertex 6.51874 1.03247 0
    endloop
  endfacet
  facet normal 0 0 -1
    outer loop
      vertex 6.0249 0.954249 0
      vertex 6.51874 1.03247 0
      vertex 6.08119 0.4786 0
    endloop
  endfacet
  facet normal 0 0 -1
    outer loop
      vertex 5.80144 -1.885 0
      vertex 6.27697 -2.03951 0
      vertex 6.0976 -2.52571 0
    endloop
  endfacet
  facet normal 0 0 -1
    outer loop
      vertex 6.57965 -0.51783 0
      vertex 6.08119 -0.4786 0
      vertex 6.1 0 0
    endloop
  endfacet
  facet normal 0 0 -1
    outer loop
      vertex 6.51874 -1.03247 0
      vertex 6.0249 -0.954249 0
      vertex 6.08119 -0.4786 0
    endloop
  endfacet
  facet normal 0 0 -1
    outer loop
      vertex 6.41764 -1.54074 0
      vertex 5.93146 -1.42402 0
      vertex 6.0249 -0.954249 0
    endloop
  endfacet
  facet normal 0 0 -1
    outer loop
      vertex 5.63566 -2.33437 0
      vertex 6.0976 -2.52571 0
      vertex 5.88064 -2.99634 0
    endloop
  endfacet
  facet normal 0 0 -1
    outer loop
      vertex 6.27697 -2.03951 0
      vertex 5.80144 -1.885 0
      vertex 5.93146 -1.42402 0
    endloop
  endfacet
  facet normal 0 0 -1
    outer loop
      vertex 6.0976 -2.52571 0
      vertex 5.63566 -2.33437 0
      vertex 5.80144 -1.885 0
    endloop
  endfacet
  facet normal 0 0 -1
    outer loop
      vertex 5.43514 -2.76934 0
      vertex 5.88064 -2.99634 0
      vertex 5.62742 -3.44849 0
    endloop
  endfacet
  facet normal 0 0 -1
    outer loop
      vertex 5.88064 -2.99634 0
      vertex 5.43514 -2.76934 0
      vertex 5.63566 -2.33437 0
    endloop
  endfacet
  facet normal 0 0 -1
    outer loop
      vertex 5.2011 -3.18724 0
      vertex 5.62742 -3.44849 0
      vertex 5.33951 -3.87938 0
    endloop
  endfacet
  facet normal 0 0 -1
    outer loop
      vertex 5.62742 -3.44849 0
      vertex 5.2011 -3.18724 0
      vertex 5.43514 -2.76934 0
    endloop
  endfacet
  facet normal 0 0 -1
    outer loop
      vertex 4.935 -3.58549 0
      vertex 5.33951 -3.87938 0
      vertex 5.01868 -4.28636 0
    endloop
  endfacet
  facet normal 0 0 -1
    outer loop
      vertex 5.33951 -3.87938 0
      vertex 4.935 -3.58549 0
      vertex 5.2011 -3.18724 0
    endloop
  endfacet
  facet normal 0 0 -1
    outer loop
      vertex 4.63848 -3.96163 0
      vertex 5.01868 -4.28636 0
      vertex 4.6669 -4.6669 0
    endloop
  endfacet
  facet normal 0 0 -1
    outer loop
      vertex 5.01868 -4.28636 0
      vertex 4.63848 -3.96163 0
      vertex 4.935 -3.58549 0
    endloop
  endfacet
  facet normal 0 0 -1
    outer loop
      vertex 4.6669 -4.6669 0
      vertex 4.31335 -4.31335 0
      vertex 4.63848 -3.96163 0
    endloop
  endfacet
  facet normal 0 0 -1
    outer loop
      vertex 4.28636 -5.01868 0
      vertex 4.31335 -4.31335 0
      vertex 4.6669 -4.6669 0
    endloop
  endfacet
  facet normal 0 0 -1
    outer loop
      vertex 4.28636 -5.01868 0
      vertex 3.96163 -4.63848 0
      vertex 4.31335 -4.31335 0
    endloop
  endfacet
  facet normal 0 0 -1
    outer loop
      vertex 3.87938 -5.33951 0
      vertex 3.96163 -4.63848 0
      vertex 4.28636 -5.01868 0
    endloop
  endfacet
  facet normal 0 0 -1
    outer loop
      vertex 3.87938 -5.33951 0
      vertex 3.58549 -4.935 0
      vertex 3.96163 -4.63848 0
    endloop
  endfacet
  facet normal 0 0 -1
    outer loop
      vertex 3.44849 -5.62742 0
      vertex 3.58549 -4.935 0
      vertex 3.87938 -5.33951 0
    endloop
  endfacet
  facet normal 0 0 -1
    outer loop
      vertex 3.44849 -5.62742 0
      vertex 3.18724 -5.2011 0
      vertex 3.58549 -4.935 0
    endloop
  endfacet
  facet normal 0 0 -1
    outer loop
      vertex 2.99634 -5.88064 0
      vertex 3.18724 -5.2011 0
      vertex 3.44849 -5.62742 0
    endloop
  endfacet
  facet normal 0 0 -1
    outer loop
      vertex 2.99634 -5.88064 0
      vertex 2.76934 -5.43514 0
      vertex 3.18724 -5.2011 0
    endloop
  endfacet
  facet normal 0 0 -1
    outer loop
      vertex 2.52571 -6.0976 0
      vertex 2.76934 -5.43514 0
      vertex 2.99634 -5.88064 0
    endloop
  endfacet
  facet normal 0 0 -1
    outer loop
      vertex 2.52571 -6.0976 0
      vertex 2.33437 -5.63566 0
      vertex 2.76934 -5.43514 0
    endloop
  endfacet
  facet normal 0 0 -1
    outer loop
      vertex 2.03951 -6.27697 0
      vertex 2.33437 -5.63566 0
      vertex 2.52571 -6.0976 0
    endloop
  endfacet
  facet normal 0 0 -1
    outer loop
      vertex 2.03951 -6.27697 0
      vertex 1.885 -5.80144 0
      vertex 2.33437 -5.63566 0
    endloop
  endfacet
  facet normal 0 0 -1
    outer loop
      vertex 1.54074 -6.41764 0
      vertex 1.885 -5.80144 0
      vertex 2.03951 -6.27697 0
    endloop
  endfacet
  facet normal 0 0 -1
    outer loop
      vertex 1.54074 -6.41764 0
      vertex 1.42402 -5.93146 0
      vertex 1.885 -5.80144 0
    endloop
  endfacet
  facet normal 0 0 -1
    outer loop
      vertex 1.03247 -6.51874 0
      vertex 1.42402 -5.93146 0
      vertex 1.54074 -6.41764 0
    endloop
  endfacet
  facet normal 0 0 -1
    outer loop
      vertex 1.03247 -6.51874 0
      vertex 0.954249 -6.0249 0
      vertex 1.42402 -5.93146 0
    endloop
  endfacet
  facet normal 0 0 -1
    outer loop
      vertex 0.51783 -6.57965 0
      vertex 0.954249 -6.0249 0
      vertex 1.03247 -6.51874 0
    endloop
  endfacet
  facet normal 0 0 -1
    outer loop
      vertex 0.51783 -6.57965 0
      vertex 0.4786 -6.08119 0
      vertex 0.954249 -6.0249 0
    endloop
  endfacet
  facet normal 0 0 -1
    outer loop
      vertex 0 -6.6 0
      vertex 0.4786 -6.08119 0
      vertex 0.51783 -6.57965 0
    endloop
  endfacet
  facet normal 0 0 -1
    outer loop
      vertex 0 -6.6 0
      vertex 0 -6.1 0
      vertex 0.4786 -6.08119 0
    endloop
  endfacet
  facet normal 0 0 -1
    outer loop
      vertex 0 -6.6 0
      vertex -0.4786 -6.08119 0
      vertex 0 -6.1 0
    endloop
  endfacet
  facet normal 0 0 -1
    outer loop
      vertex -0.51783 -6.57965 0
      vertex -0.4786 -6.08119 0
      vertex 0 -6.6 0
    endloop
  endfacet
  facet normal 0 0 -1
    outer loop
      vertex -0.51783 -6.57965 0
      vertex -0.954249 -6.0249 0
      vertex -0.4786 -6.08119 0
    endloop
  endfacet
  facet normal 0 0 -1
    outer loop
      vertex -1.03247 -6.51874 0
      vertex -0.954249 -6.0249 0
      vertex -0.51783 -6.57965 0
    endloop
  endfacet
  facet normal 0 0 -1
    outer loop
      vertex -1.03247 -6.51874 0
      vertex -1.42402 -5.93146 0
      vertex -0.954249 -6.0249 0
    endloop
  endfacet
  facet normal 0 0 -1
    outer loop
      vertex -1.54074 -6.41764 0
      vertex -1.42402 -5.93146 0
      vertex -1.03247 -6.51874 0
    endloop
  endfacet
  facet normal 0 0 -1
    outer loop
      vertex -1.54074 -6.41764 0
      vertex -1.885 -5.80144 0
      vertex -1.42402 -5.93146 0
    endloop
  endfacet
  facet normal 0 0 -1
    outer loop
      vertex -2.03951 -6.27697 0
      vertex -1.885 -5.80144 0
      vertex -1.54074 -6.41764 0
    endloop
  endfacet
  facet normal 0 0 -1
    outer loop
      vertex -2.03951 -6.27697 0
      vertex -2.33437 -5.63566 0
      vertex -1.885 -5.80144 0
    endloop
  endfacet
  facet normal 0 0 -1
    outer loop
      vertex -2.52571 -6.0976 0
      vertex -2.33437 -5.63566 0
      vertex -2.03951 -6.27697 0
    endloop
  endfacet
  facet normal 0 0 -1
    outer loop
      vertex -2.52571 -6.0976 0
      vertex -2.76934 -5.43514 0
      vertex -2.33437 -5.63566 0
    endloop
  endfacet
  facet normal 0 0 -1
    outer loop
      vertex -2.99634 -5.88064 0
      vertex -2.76934 -5.43514 0
      vertex -2.52571 -6.0976 0
    endloop
  endfacet
  facet normal 0 0 -1
    outer loop
      vertex -2.99634 -5.88064 0
      vertex -3.18724 -5.2011 0
      vertex -2.76934 -5.43514 0
    endloop
  endfacet
  facet normal 0 0 -1
    outer loop
      vertex -3.44849 -5.62742 0
      vertex -3.18724 -5.2011 0
      vertex -2.99634 -5.88064 0
    endloop
  endfacet
  facet normal 0 0 -1
    outer loop
      vertex -3.44849 -5.62742 0
      vertex -3.58549 -4.935 0
      vertex -3.18724 -5.2011 0
    endloop
  endfacet
  facet normal 0 0 -1
    outer loop
      vertex -3.87938 -5.33951 0
      vertex -3.58549 -4.935 0
      vertex -3.44849 -5.62742 0
    endloop
  endfacet
  facet normal 0 0 -1
    outer loop
      vertex -3.87938 -5.33951 0
      vertex -3.96163 -4.63848 0
      vertex -3.58549 -4.935 0
    endloop
  endfacet
  facet normal 0 0 -1
    outer loop
      vertex -4.28636 -5.01868 0
      vertex -3.96163 -4.63848 0
      vertex -3.87938 -5.33951 0
    endloop
  endfacet
  facet normal 0 0 -1
    outer loop
      vertex -4.28636 -5.01868 0
      vertex -4.31335 -4.31335 0
      vertex -3.96163 -4.63848 0
    endloop
  endfacet
  facet normal 0 0 -1
    outer loop
      vertex -4.6669 -4.6669 0
      vertex -4.31335 -4.31335 0
      vertex -4.28636 -5.01868 0
    endloop
  endfacet
  facet normal -0 0 -1
    outer loop
      vertex -4.31335 -4.31335 0
      vertex -4.6669 -4.6669 0
      vertex -4.63848 -3.96163 0
    endloop
  endfacet
  facet normal 0 0 -1
    outer loop
      vertex -5.01868 -4.28636 0
      vertex -4.63848 -3.96163 0
      vertex -4.6669 -4.6669 0
    endloop
  endfacet
  facet normal -0 0 -1
    outer loop
      vertex -4.63848 -3.96163 0
      vertex -5.01868 -4.28636 0
      vertex -4.935 -3.58549 0
    endloop
  endfacet
  facet normal 0 0 -1
    outer loop
      vertex -5.33951 -3.87938 0
      vertex -4.935 -3.58549 0
      vertex -5.01868 -4.28636 0
    endloop
  endfacet
  facet normal -0 0 -1
    outer loop
      vertex -4.935 -3.58549 0
      vertex -5.33951 -3.87938 0
      vertex -5.2011 -3.18724 0
    endloop
  endfacet
  facet normal 0 0 -1
    outer loop
      vertex -5.62742 -3.44849 0
      vertex -5.2011 -3.18724 0
      vertex -5.33951 -3.87938 0
    endloop
  endfacet
  facet normal -0 0 -1
    outer loop
      vertex -5.2011 -3.18724 0
      vertex -5.62742 -3.44849 0
      vertex -5.43514 -2.76934 0
    endloop
  endfacet
  facet normal 0 0 -1
    outer loop
      vertex -5.88064 -2.99634 0
      vertex -5.43514 -2.76934 0
      vertex -5.62742 -3.44849 0
    endloop
  endfacet
  facet normal -0 0 -1
    outer loop
      vertex -5.43514 -2.76934 0
      vertex -5.88064 -2.99634 0
      vertex -5.63566 -2.33437 0
    endloop
  endfacet
  facet normal 0 0 -1
    outer loop
      vertex -6.0976 -2.52571 0
      vertex -5.63566 -2.33437 0
      vertex -5.88064 -2.99634 0
    endloop
  endfacet
  facet normal -0 0 -1
    outer loop
      vertex -5.63566 -2.33437 0
      vertex -6.0976 -2.52571 0
      vertex -5.80144 -1.885 0
    endloop
  endfacet
  facet normal 0 0 -1
    outer loop
      vertex -6.27697 -2.03951 0
      vertex -5.80144 -1.885 0
      vertex -6.0976 -2.52571 0
    endloop
  endfacet
  facet normal -0 0 -1
    outer loop
      vertex -5.80144 -1.885 0
      vertex -6.27697 -2.03951 0
      vertex -5.93146 -1.42402 0
    endloop
  endfacet
  facet normal 0 0 -1
    outer loop
      vertex -6.41764 -1.54074 0
      vertex -5.93146 -1.42402 0
      vertex -6.27697 -2.03951 0
    endloop
  endfacet
  facet normal -0 0 -1
    outer loop
      vertex -5.93146 -1.42402 0
      vertex -6.41764 -1.54074 0
      vertex -6.0249 -0.954249 0
    endloop
  endfacet
  facet normal 0 0 -1
    outer loop
      vertex -6.51874 -1.03247 0
      vertex -6.0249 -0.954249 0
      vertex -6.41764 -1.54074 0
    endloop
  endfacet
  facet normal -0 0 -1
    outer loop
      vertex 6.51874 1.03247 0
      vertex 6.0249 0.954249 0
      vertex 6.41764 1.54074 0
    endloop
  endfacet
  facet normal 0 0 -1
    outer loop
      vertex 5.93146 1.42402 0
      vertex 6.41764 1.54074 0
      vertex 6.0249 0.954249 0
    endloop
  endfacet
  facet normal -0 0 -1
    outer loop
      vertex 6.41764 1.54074 0
      vertex 5.93146 1.42402 0
      vertex 6.27697 2.03951 0
    endloop
  endfacet
  facet normal 0 0 -1
    outer loop
      vertex 5.80144 1.885 0
      vertex 6.27697 2.03951 0
      vertex 5.93146 1.42402 0
    endloop
  endfacet
  facet normal -0 0 -1
    outer loop
      vertex 6.27697 2.03951 0
      vertex 5.80144 1.885 0
      vertex 6.0976 2.52571 0
    endloop
  endfacet
  facet normal 0 0 -1
    outer loop
      vertex 5.63566 2.33437 0
      vertex 6.0976 2.52571 0
      vertex 5.80144 1.885 0
    endloop
  endfacet
  facet normal -0 0 -1
    outer loop
      vertex 6.0976 2.52571 0
      vertex 5.63566 2.33437 0
      vertex 5.88064 2.99634 0
    endloop
  endfacet
  facet normal 0 0 -1
    outer loop
      vertex 5.43514 2.76934 0
      vertex 5.88064 2.99634 0
      vertex 5.63566 2.33437 0
    endloop
  endfacet
  facet normal -0 0 -1
    outer loop
      vertex 5.88064 2.99634 0
      vertex 5.43514 2.76934 0
      vertex 5.62742 3.44849 0
    endloop
  endfacet
  facet normal 0 0 -1
    outer loop
      vertex 5.2011 3.18724 0
      vertex 5.62742 3.44849 0
      vertex 5.43514 2.76934 0
    endloop
  endfacet
  facet normal -0 0 -1
    outer loop
      vertex 5.62742 3.44849 0
      vertex 5.2011 3.18724 0
      vertex 5.33951 3.87938 0
    endloop
  endfacet
  facet normal 0 0 -1
    outer loop
      vertex 4.935 3.58549 0
      vertex 5.33951 3.87938 0
      vertex 5.2011 3.18724 0
    endloop
  endfacet
  facet normal -0 0 -1
    outer loop
      vertex 5.33951 3.87938 0
      vertex 4.935 3.58549 0
      vertex 5.01868 4.28636 0
    endloop
  endfacet
  facet normal 0 0 -1
    outer loop
      vertex 4.63848 3.96163 0
      vertex 5.01868 4.28636 0
      vertex 4.935 3.58549 0
    endloop
  endfacet
  facet normal -0 0 -1
    outer loop
      vertex 5.01868 4.28636 0
      vertex 4.63848 3.96163 0
      vertex 4.6669 4.6669 0
    endloop
  endfacet
  facet normal 0 0 -1
    outer loop
      vertex 4.31335 4.31335 0
      vertex 4.6669 4.6669 0
      vertex 4.63848 3.96163 0
    endloop
  endfacet
  facet normal 0 0 -1
    outer loop
      vertex 4.31335 4.31335 0
      vertex 4.28636 5.01868 0
      vertex 4.6669 4.6669 0
    endloop
  endfacet
  facet normal 0 0 -1
    outer loop
      vertex 3.96163 4.63848 0
      vertex 4.28636 5.01868 0
      vertex 4.31335 4.31335 0
    endloop
  endfacet
  facet normal 0 0 -1
    outer loop
      vertex 3.96163 4.63848 0
      vertex 3.87938 5.33951 0
      vertex 4.28636 5.01868 0
    endloop
  endfacet
  facet normal 0 0 -1
    outer loop
      vertex 3.58549 4.935 0
      vertex 3.87938 5.33951 0
      vertex 3.96163 4.63848 0
    endloop
  endfacet
  facet normal 0 0 -1
    outer loop
      vertex 3.58549 4.935 0
      vertex 3.44849 5.62742 0
      vertex 3.87938 5.33951 0
    endloop
  endfacet
  facet normal 0 0 -1
    outer loop
      vertex 3.18724 5.2011 0
      vertex 3.44849 5.62742 0
      vertex 3.58549 4.935 0
    endloop
  endfacet
  facet normal 0 0 -1
    outer loop
      vertex 3.18724 5.2011 0
      vertex 2.99634 5.88064 0
      vertex 3.44849 5.62742 0
    endloop
  endfacet
  facet normal 0 0 -1
    outer loop
      vertex 2.76934 5.43514 0
      vertex 2.99634 5.88064 0
      vertex 3.18724 5.2011 0
    endloop
  endfacet
  facet normal 0 0 -1
    outer loop
      vertex 2.76934 5.43514 0
      vertex 2.52571 6.0976 0
      vertex 2.99634 5.88064 0
    endloop
  endfacet
  facet normal 0 0 -1
    outer loop
      vertex 2.33437 5.63566 0
      vertex 2.52571 6.0976 0
      vertex 2.76934 5.43514 0
    endloop
  endfacet
  facet normal 0 0 -1
    outer loop
      vertex 2.33437 5.63566 0
      vertex 2.03951 6.27697 0
      vertex 2.52571 6.0976 0
    endloop
  endfacet
  facet normal 0 0 -1
    outer loop
      vertex 1.885 5.80144 0
      vertex 2.03951 6.27697 0
      vertex 2.33437 5.63566 0
    endloop
  endfacet
  facet normal 0 0 -1
    outer loop
      vertex 1.885 5.80144 0
      vertex 1.54074 6.41764 0
      vertex 2.03951 6.27697 0
    endloop
  endfacet
  facet normal 0 0 -1
    outer loop
      vertex 1.42402 5.93146 0
      vertex 1.54074 6.41764 0
      vertex 1.885 5.80144 0
    endloop
  endfacet
  facet normal 0 0 -1
    outer loop
      vertex 1.42402 5.93146 0
      vertex 1.03247 6.51874 0
      vertex 1.54074 6.41764 0
    endloop
  endfacet
  facet normal 0 0 -1
    outer loop
      vertex 0.954249 6.0249 0
      vertex 1.03247 6.51874 0
      vertex 1.42402 5.93146 0
    endloop
  endfacet
  facet normal 0 0 -1
    outer loop
      vertex 0.954249 6.0249 0
      vertex 0.51783 6.57965 0
      vertex 1.03247 6.51874 0
    endloop
  endfacet
  facet normal 0 0 -1
    outer loop
      vertex 0.4786 6.08119 0
      vertex 0.51783 6.57965 0
      vertex 0.954249 6.0249 0
    endloop
  endfacet
  facet normal 0 0 -1
    outer loop
      vertex 0 6.1 0
      vertex 0.51783 6.57965 0
      vertex 0.4786 6.08119 0
    endloop
  endfacet
  facet normal 0 0 -1
    outer loop
      vertex 0 6.1 0
      vertex 0 6.6 0
      vertex 0.51783 6.57965 0
    endloop
  endfacet
  facet normal 0 0 -1
    outer loop
      vertex -0.4786 6.08119 0
      vertex 0 6.6 0
      vertex 0 6.1 0
    endloop
  endfacet
  facet normal 0 0 -1
    outer loop
      vertex -0.4786 6.08119 0
      vertex -0.51783 6.57965 0
      vertex 0 6.6 0
    endloop
  endfacet
  facet normal 0 0 -1
    outer loop
      vertex -0.954249 6.0249 0
      vertex -0.51783 6.57965 0
      vertex -0.4786 6.08119 0
    endloop
  endfacet
  facet normal 0 0 -1
    outer loop
      vertex -0.954249 6.0249 0
      vertex -1.03247 6.51874 0
      vertex -0.51783 6.57965 0
    endloop
  endfacet
  facet normal 0 0 -1
    outer loop
      vertex -1.42402 5.93146 0
      vertex -1.03247 6.51874 0
      vertex -0.954249 6.0249 0
    endloop
  endfacet
  facet normal 0 0 -1
    outer loop
      vertex -1.42402 5.93146 0
      vertex -1.54074 6.41764 0
      vertex -1.03247 6.51874 0
    endloop
  endfacet
  facet normal 0 0 -1
    outer loop
      vertex -1.885 5.80144 0
      vertex -1.54074 6.41764 0
      vertex -1.42402 5.93146 0
    endloop
  endfacet
  facet normal 0 0 -1
    outer loop
      vertex -1.885 5.80144 0
      vertex -2.03951 6.27697 0
      vertex -1.54074 6.41764 0
    endloop
  endfacet
  facet normal 0 0 -1
    outer loop
      vertex -2.33437 5.63566 0
      vertex -2.03951 6.27697 0
      vertex -1.885 5.80144 0
    endloop
  endfacet
  facet normal 0 0 -1
    outer loop
      vertex -2.33437 5.63566 0
      vertex -2.52571 6.0976 0
      vertex -2.03951 6.27697 0
    endloop
  endfacet
  facet normal 0 0 -1
    outer loop
      vertex -2.76934 5.43514 0
      vertex -2.52571 6.0976 0
      vertex -2.33437 5.63566 0
    endloop
  endfacet
  facet normal 0 0 -1
    outer loop
      vertex -2.76934 5.43514 0
      vertex -2.99634 5.88064 0
      vertex -2.52571 6.0976 0
    endloop
  endfacet
  facet normal 0 0 -1
    outer loop
      vertex -3.18724 5.2011 0
      vertex -2.99634 5.88064 0
      vertex -2.76934 5.43514 0
    endloop
  endfacet
  facet normal 0 0 -1
    outer loop
      vertex -3.18724 5.2011 0
      vertex -3.44849 5.62742 0
      vertex -2.99634 5.88064 0
    endloop
  endfacet
  facet normal 0 0 -1
    outer loop
      vertex -3.58549 4.935 0
      vertex -3.44849 5.62742 0
      vertex -3.18724 5.2011 0
    endloop
  endfacet
  facet normal 0 0 -1
    outer loop
      vertex -3.58549 4.935 0
      vertex -3.87938 5.33951 0
      vertex -3.44849 5.62742 0
    endloop
  endfacet
  facet normal 0 0 -1
    outer loop
      vertex -3.96163 4.63848 0
      vertex -3.87938 5.33951 0
      vertex -3.58549 4.935 0
    endloop
  endfacet
  facet normal 0 0 -1
    outer loop
      vertex -3.96163 4.63848 0
      vertex -4.28636 5.01868 0
      vertex -3.87938 5.33951 0
    endloop
  endfacet
  facet normal 0 0 -1
    outer loop
      vertex -4.31335 4.31335 0
      vertex -4.28636 5.01868 0
      vertex -3.96163 4.63848 0
    endloop
  endfacet
  facet normal 0 0 -1
    outer loop
      vertex -4.6669 4.6669 0
      vertex -4.31335 4.31335 0
      vertex -4.63848 3.96163 0
    endloop
  endfacet
  facet normal 0 0 -1
    outer loop
      vertex -4.31335 4.31335 0
      vertex -4.6669 4.6669 0
      vertex -4.28636 5.01868 0
    endloop
  endfacet
  facet normal 0 0 -1
    outer loop
      vertex -5.01868 4.28636 0
      vertex -4.63848 3.96163 0
      vertex -4.935 3.58549 0
    endloop
  endfacet
  facet normal 0 0 -1
    outer loop
      vertex -4.63848 3.96163 0
      vertex -5.01868 4.28636 0
      vertex -4.6669 4.6669 0
    endloop
  endfacet
  facet normal 0 0 -1
    outer loop
      vertex -5.33951 3.87938 0
      vertex -4.935 3.58549 0
      vertex -5.2011 3.18724 0
    endloop
  endfacet
  facet normal 0 0 -1
    outer loop
      vertex -4.935 3.58549 0
      vertex -5.33951 3.87938 0
      vertex -5.01868 4.28636 0
    endloop
  endfacet
  facet normal 0 0 -1
    outer loop
      vertex -5.62742 3.44849 0
      vertex -5.2011 3.18724 0
      vertex -5.43514 2.76934 0
    endloop
  endfacet
  facet normal 0 0 -1
    outer loop
      vertex -5.2011 3.18724 0
      vertex -5.62742 3.44849 0
      vertex -5.33951 3.87938 0
    endloop
  endfacet
  facet normal 0 0 -1
    outer loop
      vertex -5.88064 2.99634 0
      vertex -5.43514 2.76934 0
      vertex -5.63566 2.33437 0
    endloop
  endfacet
  facet normal 0 0 -1
    outer loop
      vertex -6.0976 2.52571 0
      vertex -5.63566 2.33437 0
      vertex -5.80144 1.885 0
    endloop
  endfacet
  facet normal 0 0 -1
    outer loop
      vertex -5.43514 2.76934 0
      vertex -5.88064 2.99634 0
      vertex -5.62742 3.44849 0
    endloop
  endfacet
  facet normal 0 0 -1
    outer loop
      vertex -6.27697 2.03951 0
      vertex -5.80144 1.885 0
      vertex -5.93146 1.42402 0
    endloop
  endfacet
  facet normal 0 0 -1
    outer loop
      vertex -6.41764 1.54074 0
      vertex -5.93146 1.42402 0
      vertex -6.0249 0.954249 0
    endloop
  endfacet
  facet normal 0 0 -1
    outer loop
      vertex -6.51874 1.03247 0
      vertex -6.0249 0.954249 0
      vertex -6.08119 0.4786 0
    endloop
  endfacet
  facet normal 0 0 -1
    outer loop
      vertex -5.63566 2.33437 0
      vertex -6.0976 2.52571 0
      vertex -5.88064 2.99634 0
    endloop
  endfacet
  facet normal 0 0 -1
    outer loop
      vertex -6.57965 0.51783 0
      vertex -6.08119 0.4786 0
      vertex -6.1 0 0
    endloop
  endfacet
  facet normal -0 0 -1
    outer loop
      vertex -6.0249 -0.954249 0
      vertex -6.51874 -1.03247 0
      vertex -6.08119 -0.4786 0
    endloop
  endfacet
  facet normal 0 0 -1
    outer loop
      vertex -5.80144 1.885 0
      vertex -6.27697 2.03951 0
      vertex -6.0976 2.52571 0
    endloop
  endfacet
  facet normal 0 0 -1
    outer loop
      vertex -6.57965 -0.51783 0
      vertex -6.08119 -0.4786 0
      vertex -6.51874 -1.03247 0
    endloop
  endfacet
  facet normal 0 0 -1
    outer loop
      vertex -5.93146 1.42402 0
      vertex -6.41764 1.54074 0
      vertex -6.27697 2.03951 0
    endloop
  endfacet
  facet normal -0 0 -1
    outer loop
      vertex -6.08119 -0.4786 0
      vertex -6.57965 -0.51783 0
      vertex -6.1 0 0
    endloop
  endfacet
  facet normal 0 0 -1
    outer loop
      vertex -6.0249 0.954249 0
      vertex -6.51874 1.03247 0
      vertex -6.41764 1.54074 0
    endloop
  endfacet
  facet normal 0 0 -1
    outer loop
      vertex -6.6 0 0
      vertex -6.1 0 0
      vertex -6.57965 -0.51783 0
    endloop
  endfacet
  facet normal 0 0 -1
    outer loop
      vertex -6.08119 0.4786 0
      vertex -6.57965 0.51783 0
      vertex -6.51874 1.03247 0
    endloop
  endfacet
  facet normal 0 0 -1
    outer loop
      vertex -6.1 0 0
      vertex -6.6 0 0
      vertex -6.57965 0.51783 0
    endloop
  endfacet
  facet normal 0.980793 0.195053 0
    outer loop
      vertex 12.8399 2.03365 4.5
      vertex 12.6408 3.03479 0
      vertex 12.6408 3.03479 4.5
    endloop
  endfacet
  facet normal 0.980793 0.195053 0
    outer loop
      vertex 12.6408 3.03479 0
      vertex 12.8399 2.03365 4.5
      vertex 12.8399 2.03365 0
    endloop
  endfacet
  facet normal 0.734325 0.678798 0
    outer loop
      vertex 9.88528 8.44282 4.5
      vertex 9.19239 9.19239 0
      vertex 9.19239 9.19239 4.5
    endloop
  endfacet
  facet normal 0.734325 0.678798 0
    outer loop
      vertex 9.19239 9.19239 0
      vertex 9.88528 8.44282 4.5
      vertex 9.88528 8.44282 0
    endloop
  endfacet
  facet normal 0.418617 0.908163 -0
    outer loop
      vertex 5.90188 11.5831 0
      vertex 4.97488 12.0104 4.5
      vertex 5.90188 11.5831 4.5
    endloop
  endfacet
  facet normal 0.418617 0.908163 0
    outer loop
      vertex 4.97488 12.0104 4.5
      vertex 5.90188 11.5831 0
      vertex 4.97488 12.0104 0
    endloop
  endfacet
  facet normal -0.785326 0.619083 0
    outer loop
      vertex -10.5172 7.64121 0
      vertex -9.88528 8.44282 4.5
      vertex -9.88528 8.44282 0
    endloop
  endfacet
  facet normal -0.785326 0.619083 0
    outer loop
      vertex -9.88528 8.44282 4.5
      vertex -10.5172 7.64121 0
      vertex -10.5172 7.64121 4.5
    endloop
  endfacet
  facet normal -0.734325 0.678798 0
    outer loop
      vertex -9.88528 8.44282 0
      vertex -9.19239 9.19239 4.5
      vertex -9.19239 9.19239 0
    endloop
  endfacet
  facet normal -0.734325 0.678798 0
    outer loop
      vertex -9.19239 9.19239 4.5
      vertex -9.88528 8.44282 0
      vertex -9.88528 8.44282 4.5
    endloop
  endfacet
  facet normal -0.993066 0.11756 0
    outer loop
      vertex -12.9599 1.01997 0
      vertex -12.8399 2.03365 4.5
      vertex -12.8399 2.03365 0
    endloop
  endfacet
  facet normal -0.993066 0.11756 0
    outer loop
      vertex -12.8399 2.03365 4.5
      vertex -12.9599 1.01997 0
      vertex -12.9599 1.01997 4.5
    endloop
  endfacet
  facet normal -0.619083 0.785326 0
    outer loop
      vertex -7.64121 10.5172 0
      vertex -8.44282 9.88528 4.5
      vertex -7.64121 10.5172 4.5
    endloop
  endfacet
  facet normal -0.619083 0.785326 0
    outer loop
      vertex -8.44282 9.88528 4.5
      vertex -7.64121 10.5172 0
      vertex -8.44282 9.88528 0
    endloop
  endfacet
  facet normal -0.0392845 0.999228 0
    outer loop
      vertex 0 13 0
      vertex -1.01997 12.9599 4.5
      vertex 0 13 4.5
    endloop
  endfacet
  facet normal -0.0392845 0.999228 0
    outer loop
      vertex -1.01997 12.9599 4.5
      vertex 0 13 0
      vertex -1.01997 12.9599 0
    endloop
  endfacet
  facet normal 0.0392845 -0.999228 0
    outer loop
      vertex 0 -13 0
      vertex 1.01997 -12.9599 4.5
      vertex 0 -13 4.5
    endloop
  endfacet
  facet normal 0.0392845 -0.999228 0
    outer loop
      vertex 1.01997 -12.9599 4.5
      vertex 0 -13 0
      vertex 1.01997 -12.9599 0
    endloop
  endfacet
  facet normal 0.195053 -0.980793 0
    outer loop
      vertex 2.03365 -12.8399 0
      vertex 3.03479 -12.6408 4.5
      vertex 2.03365 -12.8399 4.5
    endloop
  endfacet
  facet normal 0.195053 -0.980793 0
    outer loop
      vertex 3.03479 -12.6408 4.5
      vertex 2.03365 -12.8399 0
      vertex 3.03479 -12.6408 0
    endloop
  endfacet
  facet normal 0.346118 -0.938191 0
    outer loop
      vertex 4.01722 -12.3637 0
      vertex 4.97488 -12.0104 4.5
      vertex 4.01722 -12.3637 4.5
    endloop
  endfacet
  facet normal 0.346118 -0.938191 0
    outer loop
      vertex 4.97488 -12.0104 4.5
      vertex 4.01722 -12.3637 0
      vertex 4.97488 -12.0104 0
    endloop
  endfacet
  facet normal 0.678798 -0.734325 0
    outer loop
      vertex 8.44282 -9.88528 0
      vertex 9.19239 -9.19239 4.5
      vertex 8.44282 -9.88528 4.5
    endloop
  endfacet
  facet normal 0.678798 -0.734325 0
    outer loop
      vertex 9.19239 -9.19239 4.5
      vertex 8.44282 -9.88528 0
      vertex 9.19239 -9.19239 0
    endloop
  endfacet
  facet normal 0.555568 -0.831471 0
    outer loop
      vertex 6.79248 -11.0843 0
      vertex 7.64121 -10.5172 4.5
      vertex 6.79248 -11.0843 4.5
    endloop
  endfacet
  facet normal 0.555568 -0.831471 0
    outer loop
      vertex 7.64121 -10.5172 4.5
      vertex 6.79248 -11.0843 0
      vertex 7.64121 -10.5172 0
    endloop
  endfacet
  facet normal 0.831471 -0.555568 0
    outer loop
      vertex 10.5172 -7.64121 4.5
      vertex 11.0843 -6.79248 0
      vertex 11.0843 -6.79248 4.5
    endloop
  endfacet
  facet normal 0.831471 -0.555568 0
    outer loop
      vertex 11.0843 -6.79248 0
      vertex 10.5172 -7.64121 4.5
      vertex 10.5172 -7.64121 0
    endloop
  endfacet
  facet normal 0.908163 -0.418617 0
    outer loop
      vertex 11.5831 -5.90188 4.5
      vertex 12.0104 -4.97488 0
      vertex 12.0104 -4.97488 4.5
    endloop
  endfacet
  facet normal 0.908163 -0.418617 0
    outer loop
      vertex 12.0104 -4.97488 0
      vertex 11.5831 -5.90188 4.5
      vertex 11.5831 -5.90188 0
    endloop
  endfacet
  facet normal 0.993066 -0.11756 0
    outer loop
      vertex 12.8399 -2.03365 4.5
      vertex 12.9599 -1.01997 0
      vertex 12.9599 -1.01997 4.5
    endloop
  endfacet
  facet normal 0.993066 -0.11756 0
    outer loop
      vertex 12.9599 -1.01997 0
      vertex 12.8399 -2.03365 4.5
      vertex 12.8399 -2.03365 0
    endloop
  endfacet
  facet normal 0.962449 -0.271464 0
    outer loop
      vertex 12.3637 -4.01722 4.5
      vertex 12.6408 -3.03479 0
      vertex 12.6408 -3.03479 4.5
    endloop
  endfacet
  facet normal 0.962449 -0.271464 0
    outer loop
      vertex 12.6408 -3.03479 0
      vertex 12.3637 -4.01722 4.5
      vertex 12.3637 -4.01722 0
    endloop
  endfacet
  facet normal -0.678798 -0.734325 0
    outer loop
      vertex -9.19239 -9.19239 0
      vertex -8.44282 -9.88528 4.5
      vertex -9.19239 -9.19239 4.5
    endloop
  endfacet
  facet normal -0.678798 -0.734325 -0
    outer loop
      vertex -8.44282 -9.88528 4.5
      vertex -9.19239 -9.19239 0
      vertex -8.44282 -9.88528 0
    endloop
  endfacet
  facet normal -0.555568 -0.831471 0
    outer loop
      vertex -7.64121 -10.5172 0
      vertex -6.79248 -11.0843 4.5
      vertex -7.64121 -10.5172 4.5
    endloop
  endfacet
  facet normal -0.555568 -0.831471 -0
    outer loop
      vertex -6.79248 -11.0843 4.5
      vertex -7.64121 -10.5172 0
      vertex -6.79248 -11.0843 0
    endloop
  endfacet
  facet normal -0.418617 -0.908163 0
    outer loop
      vertex -5.90188 -11.5831 0
      vertex -4.97488 -12.0104 4.5
      vertex -5.90188 -11.5831 4.5
    endloop
  endfacet
  facet normal -0.418617 -0.908163 -0
    outer loop
      vertex -4.97488 -12.0104 4.5
      vertex -5.90188 -11.5831 0
      vertex -4.97488 -12.0104 0
    endloop
  endfacet
  facet normal -0.271464 -0.962449 0
    outer loop
      vertex -4.01722 -12.3637 0
      vertex -3.03479 -12.6408 4.5
      vertex -4.01722 -12.3637 4.5
    endloop
  endfacet
  facet normal -0.271464 -0.962449 -0
    outer loop
      vertex -3.03479 -12.6408 4.5
      vertex -4.01722 -12.3637 0
      vertex -3.03479 -12.6408 0
    endloop
  endfacet
  facet normal -0.11756 -0.993066 0
    outer loop
      vertex -2.03365 -12.8399 0
      vertex -1.01997 -12.9599 4.5
      vertex -2.03365 -12.8399 4.5
    endloop
  endfacet
  facet normal -0.11756 -0.993066 -0
    outer loop
      vertex -1.01997 -12.9599 4.5
      vertex -2.03365 -12.8399 0
      vertex -1.01997 -12.9599 0
    endloop
  endfacet
  facet normal -0.872479 -0.488651 0
    outer loop
      vertex -11.0843 -6.79248 0
      vertex -11.5831 -5.90188 4.5
      vertex -11.5831 -5.90188 0
    endloop
  endfacet
  facet normal -0.872479 -0.488651 0
    outer loop
      vertex -11.5831 -5.90188 4.5
      vertex -11.0843 -6.79248 0
      vertex -11.0843 -6.79248 4.5
    endloop
  endfacet
  facet normal -0.785326 -0.619083 0
    outer loop
      vertex -9.88528 -8.44282 0
      vertex -10.5172 -7.64121 4.5
      vertex -10.5172 -7.64121 0
    endloop
  endfacet
  facet normal -0.785326 -0.619083 0
    outer loop
      vertex -10.5172 -7.64121 4.5
      vertex -9.88528 -8.44282 0
      vertex -9.88528 -8.44282 4.5
    endloop
  endfacet
  facet normal -0.938191 -0.346118 0
    outer loop
      vertex -12.0104 -4.97488 0
      vertex -12.3637 -4.01722 4.5
      vertex -12.3637 -4.01722 0
    endloop
  endfacet
  facet normal -0.938191 -0.346118 0
    outer loop
      vertex -12.3637 -4.01722 4.5
      vertex -12.0104 -4.97488 0
      vertex -12.0104 -4.97488 4.5
    endloop
  endfacet
  facet normal -0.980793 -0.195053 0
    outer loop
      vertex -12.6408 -3.03479 0
      vertex -12.8399 -2.03365 4.5
      vertex -12.8399 -2.03365 0
    endloop
  endfacet
  facet normal -0.980793 -0.195053 0
    outer loop
      vertex -12.8399 -2.03365 4.5
      vertex -12.6408 -3.03479 0
      vertex -12.6408 -3.03479 4.5
    endloop
  endfacet
  facet normal -0.999228 -0.0392845 0
    outer loop
      vertex -12.9599 -1.01997 0
      vertex -13 0 4.5
      vertex -13 0 0
    endloop
  endfacet
  facet normal -0.999228 -0.0392845 0
    outer loop
      vertex -13 0 4.5
      vertex -12.9599 -1.01997 0
      vertex -12.9599 -1.01997 4.5
    endloop
  endfacet
  facet normal 0.11756 -0.993066 0
    outer loop
      vertex 1.01997 -12.9599 0
      vertex 2.03365 -12.8399 4.5
      vertex 1.01997 -12.9599 4.5
    endloop
  endfacet
  facet normal 0.11756 -0.993066 0
    outer loop
      vertex 2.03365 -12.8399 4.5
      vertex 1.01997 -12.9599 0
      vertex 2.03365 -12.8399 0
    endloop
  endfacet
  facet normal 0.418617 -0.908163 0
    outer loop
      vertex 4.97488 -12.0104 0
      vertex 5.90188 -11.5831 4.5
      vertex 4.97488 -12.0104 4.5
    endloop
  endfacet
  facet normal 0.418617 -0.908163 0
    outer loop
      vertex 5.90188 -11.5831 4.5
      vertex 4.97488 -12.0104 0
      vertex 5.90188 -11.5831 0
    endloop
  endfacet
  facet normal 0.734325 -0.678798 0
    outer loop
      vertex 9.19239 -9.19239 4.5
      vertex 9.88528 -8.44282 0
      vertex 9.88528 -8.44282 4.5
    endloop
  endfacet
  facet normal 0.734325 -0.678798 0
    outer loop
      vertex 9.88528 -8.44282 0
      vertex 9.19239 -9.19239 4.5
      vertex 9.19239 -9.19239 0
    endloop
  endfacet
  facet normal 0.938191 -0.346118 0
    outer loop
      vertex 12.0104 -4.97488 4.5
      vertex 12.3637 -4.01722 0
      vertex 12.3637 -4.01722 4.5
    endloop
  endfacet
  facet normal 0.938191 -0.346118 0
    outer loop
      vertex 12.3637 -4.01722 0
      vertex 12.0104 -4.97488 4.5
      vertex 12.0104 -4.97488 0
    endloop
  endfacet
  facet normal 0.980793 -0.195053 0
    outer loop
      vertex 12.6408 -3.03479 4.5
      vertex 12.8399 -2.03365 0
      vertex 12.8399 -2.03365 4.5
    endloop
  endfacet
  facet normal 0.980793 -0.195053 0
    outer loop
      vertex 12.8399 -2.03365 0
      vertex 12.6408 -3.03479 4.5
      vertex 12.6408 -3.03479 0
    endloop
  endfacet
  facet normal -0.619083 -0.785326 0
    outer loop
      vertex -8.44282 -9.88528 0
      vertex -7.64121 -10.5172 4.5
      vertex -8.44282 -9.88528 4.5
    endloop
  endfacet
  facet normal -0.619083 -0.785326 -0
    outer loop
      vertex -7.64121 -10.5172 4.5
      vertex -8.44282 -9.88528 0
      vertex -7.64121 -10.5172 0
    endloop
  endfacet
  facet normal -0.0392845 -0.999228 0
    outer loop
      vertex -1.01997 -12.9599 0
      vertex 0 -13 4.5
      vertex -1.01997 -12.9599 4.5
    endloop
  endfacet
  facet normal -0.0392845 -0.999228 -0
    outer loop
      vertex 0 -13 4.5
      vertex -1.01997 -12.9599 0
      vertex 0 -13 0
    endloop
  endfacet
  facet normal -0.734325 -0.678798 0
    outer loop
      vertex -9.19239 -9.19239 0
      vertex -9.88528 -8.44282 4.5
      vertex -9.88528 -8.44282 0
    endloop
  endfacet
  facet normal -0.734325 -0.678798 0
    outer loop
      vertex -9.88528 -8.44282 4.5
      vertex -9.19239 -9.19239 0
      vertex -9.19239 -9.19239 4.5
    endloop
  endfacet
  facet normal -0.993066 -0.11756 0
    outer loop
      vertex -12.8399 -2.03365 0
      vertex -12.9599 -1.01997 4.5
      vertex -12.9599 -1.01997 0
    endloop
  endfacet
  facet normal -0.993066 -0.11756 0
    outer loop
      vertex -12.9599 -1.01997 4.5
      vertex -12.8399 -2.03365 0
      vertex -12.8399 -2.03365 4.5
    endloop
  endfacet
  facet normal 0.706833 0.0278102 0.706833
    outer loop
      vertex 13 0 4.5
      vertex 11.4645 0.902279 6
      vertex 11.5 0 6
    endloop
  endfacet
  facet normal 0.706827 0.0277888 0.70684
    outer loop
      vertex 12.9599 1.01997 4.5
      vertex 11.4645 0.902279 6
      vertex 13 0 4.5
    endloop
  endfacet
  facet normal -0.480168 -0.519447 0.706834
    outer loop
      vertex -7.46865 -8.74467 6
      vertex -9.19239 -9.19239 4.5
      vertex -8.44282 -9.88528 4.5
    endloop
  endfacet
  facet normal 0.437932 0.555519 0.706834
    outer loop
      vertex 8.44282 9.88528 4.5
      vertex 6.75953 9.30369 6
      vertex 7.46865 8.74467 6
    endloop
  endfacet
  facet normal -0.296123 0.642419 0.70683
    outer loop
      vertex -4.97488 12.0104 4.5
      vertex -5.90188 11.5831 4.5
      vertex -4.40086 10.6246 6
    endloop
  endfacet
  facet normal -0.617177 -0.345663 0.706831
    outer loop
      vertex -9.80536 -6.00873 6
      vertex -11.5831 -5.90188 4.5
      vertex -11.0843 -6.79248 4.5
    endloop
  endfacet
  facet normal 0.555525 -0.437928 0.706832
    outer loop
      vertex 10.5172 -7.64121 4.5
      vertex 9.30369 -6.75953 6
      vertex 9.88528 -8.44282 4.5
    endloop
  endfacet
  facet normal 0.617177 0.345663 0.706831
    outer loop
      vertex 11.0843 6.79248 4.5
      vertex 9.80536 6.00873 6
      vertex 11.5831 5.90188 4.5
    endloop
  endfacet
  facet normal 0.393001 0.588166 0.706831
    outer loop
      vertex 7.64121 10.5172 4.5
      vertex 6.00873 9.80536 6
      vertex 6.75953 9.30369 6
    endloop
  endfacet
  facet normal 0.642415 0.296127 0.706832
    outer loop
      vertex 11.5831 5.90188 4.5
      vertex 10.2466 5.22089 6
      vertex 10.6246 4.40086 6
    endloop
  endfacet
  facet normal 0.663663 0.244809 0.706838
    outer loop
      vertex 12.3637 4.01722 4.5
      vertex 10.6246 4.40086 6
      vertex 10.9371 3.55369 6
    endloop
  endfacet
  facet normal -0.437928 -0.555525 0.706832
    outer loop
      vertex -6.75953 -9.30369 6
      vertex -8.44282 -9.88528 4.5
      vertex -7.64121 -10.5172 4.5
    endloop
  endfacet
  facet normal 0.192032 -0.680828 0.706821
    outer loop
      vertex 4.01722 -12.3637 4.5
      vertex 2.68462 -11.1823 6
      vertex 3.03479 -12.6408 4.5
    endloop
  endfacet
  facet normal 0.480168 -0.519447 0.706834
    outer loop
      vertex 9.19239 -9.19239 4.5
      vertex 7.46865 -8.74467 6
      vertex 8.44282 -9.88528 4.5
    endloop
  endfacet
  facet normal 0.588169 -0.392999 0.70683
    outer loop
      vertex 11.0843 -6.79248 4.5
      vertex 9.80536 -6.00873 6
      vertex 10.5172 -7.64121 4.5
    endloop
  endfacet
  facet normal 0.19208 -0.680796 0.706839
    outer loop
      vertex 3.55369 -10.9371 6
      vertex 2.68462 -11.1823 6
      vertex 4.01722 -12.3637 4.5
    endloop
  endfacet
  facet normal 0.244809 -0.663663 0.706838
    outer loop
      vertex 4.40086 -10.6246 6
      vertex 3.55369 -10.9371 6
      vertex 4.01722 -12.3637 4.5
    endloop
  endfacet
  facet normal 0.693805 -0.137979 0.706821
    outer loop
      vertex 12.8399 -2.03365 4.5
      vertex 11.1823 -2.68462 6
      vertex 12.6408 -3.03479 4.5
    endloop
  endfacet
  facet normal 0.706833 -0.0278102 0.706833
    outer loop
      vertex 11.5 0 6
      vertex 11.4645 -0.902279 6
      vertex 13 0 4.5
    endloop
  endfacet
  facet normal -0.137979 0.693805 0.706821
    outer loop
      vertex -2.03365 12.8399 4.5
      vertex -3.03479 12.6408 4.5
      vertex -2.68462 11.1823 6
    endloop
  endfacet
  facet normal 0.588169 0.392999 0.70683
    outer loop
      vertex 10.5172 7.64121 4.5
      vertex 9.80536 6.00873 6
      vertex 11.0843 6.79248 4.5
    endloop
  endfacet
  facet normal 0.588166 0.393001 0.706831
    outer loop
      vertex 10.5172 7.64121 4.5
      vertex 9.30369 6.75953 6
      vertex 9.80536 6.00873 6
    endloop
  endfacet
  facet normal 0.693803 0.137958 0.706827
    outer loop
      vertex 12.8399 2.03365 4.5
      vertex 11.1823 2.68462 6
      vertex 11.3584 1.799 6
    endloop
  endfacet
  facet normal 0.680828 0.192032 0.706821
    outer loop
      vertex 12.3637 4.01722 4.5
      vertex 11.1823 2.68462 6
      vertex 12.6408 3.03479 4.5
    endloop
  endfacet
  facet normal -0.680828 -0.192032 0.706821
    outer loop
      vertex -11.1823 -2.68462 6
      vertex -12.6408 -3.03479 4.5
      vertex -12.3637 -4.01722 4.5
    endloop
  endfacet
  facet normal -0.702473 -0.0831166 0.70684
    outer loop
      vertex -11.4645 -0.902279 6
      vertex -12.9599 -1.01997 4.5
      vertex -11.3584 -1.799 6
    endloop
  endfacet
  facet normal -0.588169 -0.392999 0.70683
    outer loop
      vertex -9.80536 -6.00873 6
      vertex -11.0843 -6.79248 4.5
      vertex -10.5172 -7.64121 4.5
    endloop
  endfacet
  facet normal -0.392999 -0.588169 0.70683
    outer loop
      vertex -6.00873 -9.80536 6
      vertex -7.64121 -10.5172 4.5
      vertex -6.79248 -11.0843 4.5
    endloop
  endfacet
  facet normal 0.345663 -0.617177 0.706831
    outer loop
      vertex 6.00873 -9.80536 6
      vertex 5.90188 -11.5831 4.5
      vertex 6.79248 -11.0843 4.5
    endloop
  endfacet
  facet normal 0.617177 -0.345663 0.706831
    outer loop
      vertex 11.5831 -5.90188 4.5
      vertex 9.80536 -6.00873 6
      vertex 11.0843 -6.79248 4.5
    endloop
  endfacet
  facet normal 0.642419 -0.296123 0.70683
    outer loop
      vertex 12.0104 -4.97488 4.5
      vertex 10.6246 -4.40086 6
      vertex 11.5831 -5.90188 4.5
    endloop
  endfacet
  facet normal 0.663663 -0.244809 0.706838
    outer loop
      vertex 10.9371 -3.55369 6
      vertex 10.6246 -4.40086 6
      vertex 12.3637 -4.01722 4.5
    endloop
  endfacet
  facet normal 0.296127 -0.642415 0.706832
    outer loop
      vertex 5.22089 -10.2466 6
      vertex 4.40086 -10.6246 6
      vertex 5.90188 -11.5831 4.5
    endloop
  endfacet
  facet normal 0.706827 -0.0277888 0.70684
    outer loop
      vertex 13 0 4.5
      vertex 11.4645 -0.902279 6
      vertex 12.9599 -1.01997 4.5
    endloop
  endfacet
  facet normal 0.680796 -0.19208 0.706839
    outer loop
      vertex 11.1823 -2.68462 6
      vertex 10.9371 -3.55369 6
      vertex 12.3637 -4.01722 4.5
    endloop
  endfacet
  facet normal 0.680828 -0.192032 0.706821
    outer loop
      vertex 12.6408 -3.03479 4.5
      vertex 11.1823 -2.68462 6
      vertex 12.3637 -4.01722 4.5
    endloop
  endfacet
  facet normal -0.519447 0.480168 0.706834
    outer loop
      vertex -9.19239 9.19239 4.5
      vertex -9.88528 8.44282 4.5
      vertex -8.74467 7.46865 6
    endloop
  endfacet
  facet normal -0.693803 0.137958 0.706827
    outer loop
      vertex -11.1823 2.68462 6
      vertex -12.8399 2.03365 4.5
      vertex -11.3584 1.799 6
    endloop
  endfacet
  facet normal -0.617177 0.345663 0.706831
    outer loop
      vertex -11.0843 6.79248 4.5
      vertex -11.5831 5.90188 4.5
      vertex -9.80536 6.00873 6
    endloop
  endfacet
  facet normal -0.706833 -0.0278102 0.706833
    outer loop
      vertex -11.5 0 6
      vertex -13 0 4.5
      vertex -11.4645 -0.902279 6
    endloop
  endfacet
  facet normal -0.0831166 0.702473 0.70684
    outer loop
      vertex -1.01997 12.9599 4.5
      vertex -1.799 11.3584 6
      vertex -0.902279 11.4645 6
    endloop
  endfacet
  facet normal 0.555525 0.437928 0.706832
    outer loop
      vertex 9.88528 8.44282 4.5
      vertex 9.30369 6.75953 6
      vertex 10.5172 7.64121 4.5
    endloop
  endfacet
  facet normal 0.555519 0.437932 0.706834
    outer loop
      vertex 9.88528 8.44282 4.5
      vertex 8.74467 7.46865 6
      vertex 9.30369 6.75953 6
    endloop
  endfacet
  facet normal 0.480168 0.519447 0.706834
    outer loop
      vertex 8.44282 9.88528 4.5
      vertex 7.46865 8.74467 6
      vertex 9.19239 9.19239 4.5
    endloop
  endfacet
  facet normal 0.437928 0.555525 0.706832
    outer loop
      vertex 7.64121 10.5172 4.5
      vertex 6.75953 9.30369 6
      vertex 8.44282 9.88528 4.5
    endloop
  endfacet
  facet normal 0.0831602 0.702482 0.706827
    outer loop
      vertex 2.03365 12.8399 4.5
      vertex 1.01997 12.9599 4.5
      vertex 1.799 11.3584 6
    endloop
  endfacet
  facet normal 0.19208 0.680796 0.706839
    outer loop
      vertex 4.01722 12.3637 4.5
      vertex 2.68462 11.1823 6
      vertex 3.55369 10.9371 6
    endloop
  endfacet
  facet normal -0.0278102 0.706833 0.706833
    outer loop
      vertex 0 13 4.5
      vertex -0.902279 11.4645 6
      vertex 0 11.5 6
    endloop
  endfacet
  facet normal 0.663661 0.244838 0.706829
    outer loop
      vertex 12.0104 4.97488 4.5
      vertex 10.6246 4.40086 6
      vertex 12.3637 4.01722 4.5
    endloop
  endfacet
  facet normal 0.642419 0.296123 0.70683
    outer loop
      vertex 11.5831 5.90188 4.5
      vertex 10.6246 4.40086 6
      vertex 12.0104 4.97488 4.5
    endloop
  endfacet
  facet normal 0.702473 0.0831166 0.70684
    outer loop
      vertex 12.9599 1.01997 4.5
      vertex 11.3584 1.799 6
      vertex 11.4645 0.902279 6
    endloop
  endfacet
  facet normal 0.702482 0.0831602 0.706827
    outer loop
      vertex 12.8399 2.03365 4.5
      vertex 11.3584 1.799 6
      vertex 12.9599 1.01997 4.5
    endloop
  endfacet
  facet normal 0.693805 0.137979 0.706821
    outer loop
      vertex 12.6408 3.03479 4.5
      vertex 11.1823 2.68462 6
      vertex 12.8399 2.03365 4.5
    endloop
  endfacet
  facet normal -0.680796 -0.19208 0.706839
    outer loop
      vertex -11.1823 -2.68462 6
      vertex -12.3637 -4.01722 4.5
      vertex -10.9371 -3.55369 6
    endloop
  endfacet
  facet normal -0.663661 -0.244838 0.706829
    outer loop
      vertex -10.6246 -4.40086 6
      vertex -12.3637 -4.01722 4.5
      vertex -12.0104 -4.97488 4.5
    endloop
  endfacet
  facet normal -0.706827 -0.0277888 0.70684
    outer loop
      vertex -11.4645 -0.902279 6
      vertex -13 0 4.5
      vertex -12.9599 -1.01997 4.5
    endloop
  endfacet
  facet normal -0.642419 -0.296123 0.70683
    outer loop
      vertex -10.6246 -4.40086 6
      vertex -12.0104 -4.97488 4.5
      vertex -11.5831 -5.90188 4.5
    endloop
  endfacet
  facet normal -0.555519 -0.437932 0.706834
    outer loop
      vertex -9.30369 -6.75953 6
      vertex -9.88528 -8.44282 4.5
      vertex -8.74467 -7.46865 6
    endloop
  endfacet
  facet normal -0.519447 -0.480168 0.706834
    outer loop
      vertex -8.74467 -7.46865 6
      vertex -9.19239 -9.19239 4.5
      vertex -8.13173 -8.13173 6
    endloop
  endfacet
  facet normal -0.480168 -0.519447 0.706834
    outer loop
      vertex -8.13173 -8.13173 6
      vertex -9.19239 -9.19239 4.5
      vertex -7.46865 -8.74467 6
    endloop
  endfacet
  facet normal -0.296123 -0.642419 0.70683
    outer loop
      vertex -4.40086 -10.6246 6
      vertex -5.90188 -11.5831 4.5
      vertex -4.97488 -12.0104 4.5
    endloop
  endfacet
  facet normal -0.137979 -0.693805 0.706821
    outer loop
      vertex -2.68462 -11.1823 6
      vertex -3.03479 -12.6408 4.5
      vertex -2.03365 -12.8399 4.5
    endloop
  endfacet
  facet normal -0.296127 -0.642415 0.706832
    outer loop
      vertex -5.22089 -10.2466 6
      vertex -5.90188 -11.5831 4.5
      vertex -4.40086 -10.6246 6
    endloop
  endfacet
  facet normal -0.244838 -0.663661 0.706829
    outer loop
      vertex -4.40086 -10.6246 6
      vertex -4.97488 -12.0104 4.5
      vertex -4.01722 -12.3637 4.5
    endloop
  endfacet
  facet normal 0.137958 -0.693803 0.706827
    outer loop
      vertex 2.68462 -11.1823 6
      vertex 1.799 -11.3584 6
      vertex 2.03365 -12.8399 4.5
    endloop
  endfacet
  facet normal 0.137979 -0.693805 0.706821
    outer loop
      vertex 2.68462 -11.1823 6
      vertex 2.03365 -12.8399 4.5
      vertex 3.03479 -12.6408 4.5
    endloop
  endfacet
  facet normal 0.0278102 -0.706833 0.706833
    outer loop
      vertex 0 -11.5 6
      vertex 0 -13 4.5
      vertex 0.902279 -11.4645 6
    endloop
  endfacet
  facet normal 0.480168 -0.519447 0.706834
    outer loop
      vertex 8.13173 -8.13173 6
      vertex 7.46865 -8.74467 6
      vertex 9.19239 -9.19239 4.5
    endloop
  endfacet
  facet normal 0.588166 -0.393001 0.706831
    outer loop
      vertex 9.80536 -6.00873 6
      vertex 9.30369 -6.75953 6
      vertex 10.5172 -7.64121 4.5
    endloop
  endfacet
  facet normal 0.663661 -0.244838 0.706829
    outer loop
      vertex 12.3637 -4.01722 4.5
      vertex 10.6246 -4.40086 6
      vertex 12.0104 -4.97488 4.5
    endloop
  endfacet
  facet normal 0.617178 -0.345658 0.706832
    outer loop
      vertex 10.2466 -5.22089 6
      vertex 9.80536 -6.00873 6
      vertex 11.5831 -5.90188 4.5
    endloop
  endfacet
  facet normal 0.642415 -0.296127 0.706832
    outer loop
      vertex 10.6246 -4.40086 6
      vertex 10.2466 -5.22089 6
      vertex 11.5831 -5.90188 4.5
    endloop
  endfacet
  facet normal 0.345658 -0.617178 0.706832
    outer loop
      vertex 6.00873 -9.80536 6
      vertex 5.22089 -10.2466 6
      vertex 5.90188 -11.5831 4.5
    endloop
  endfacet
  facet normal 0.392999 -0.588169 0.70683
    outer loop
      vertex 7.64121 -10.5172 4.5
      vertex 6.00873 -9.80536 6
      vertex 6.79248 -11.0843 4.5
    endloop
  endfacet
  facet normal 0.244838 -0.663661 0.706829
    outer loop
      vertex 4.40086 -10.6246 6
      vertex 4.01722 -12.3637 4.5
      vertex 4.97488 -12.0104 4.5
    endloop
  endfacet
  facet normal 0.296123 -0.642419 0.70683
    outer loop
      vertex 5.90188 -11.5831 4.5
      vertex 4.40086 -10.6246 6
      vertex 4.97488 -12.0104 4.5
    endloop
  endfacet
  facet normal 0.693803 -0.137958 0.706827
    outer loop
      vertex 11.3584 -1.799 6
      vertex 11.1823 -2.68462 6
      vertex 12.8399 -2.03365 4.5
    endloop
  endfacet
  facet normal -0.345658 0.617178 0.706832
    outer loop
      vertex -5.90188 11.5831 4.5
      vertex -6.00873 9.80536 6
      vertex -5.22089 10.2466 6
    endloop
  endfacet
  facet normal -0.437932 0.555519 0.706834
    outer loop
      vertex -6.75953 9.30369 6
      vertex -8.44282 9.88528 4.5
      vertex -7.46865 8.74467 6
    endloop
  endfacet
  facet normal -0.588169 0.392999 0.70683
    outer loop
      vertex -10.5172 7.64121 4.5
      vertex -11.0843 6.79248 4.5
      vertex -9.80536 6.00873 6
    endloop
  endfacet
  facet normal -0.706833 0.0278102 0.706833
    outer loop
      vertex -11.4645 0.902279 6
      vertex -13 0 4.5
      vertex -11.5 0 6
    endloop
  endfacet
  facet normal -0.680796 0.19208 0.706839
    outer loop
      vertex -10.9371 3.55369 6
      vertex -12.3637 4.01722 4.5
      vertex -11.1823 2.68462 6
    endloop
  endfacet
  facet normal -0.693805 0.137979 0.706821
    outer loop
      vertex -12.6408 3.03479 4.5
      vertex -12.8399 2.03365 4.5
      vertex -11.1823 2.68462 6
    endloop
  endfacet
  facet normal -0.663663 0.244809 0.706838
    outer loop
      vertex -10.6246 4.40086 6
      vertex -12.3637 4.01722 4.5
      vertex -10.9371 3.55369 6
    endloop
  endfacet
  facet normal 0 0 1
    outer loop
      vertex 10 0 6
      vertex 11.5 0 6
      vertex 11.4645 0.902279 6
    endloop
  endfacet
  facet normal 0 0 1
    outer loop
      vertex 9.96917 0.784591 6
      vertex 11.4645 0.902279 6
      vertex 11.3584 1.799 6
    endloop
  endfacet
  facet normal 0 0 1
    outer loop
      vertex 11.5 0 6
      vertex 10 0 6
      vertex 11.4645 -0.902279 6
    endloop
  endfacet
  facet normal 0 0 1
    outer loop
      vertex 9.87688 1.56434 6
      vertex 11.3584 1.799 6
      vertex 11.1823 2.68462 6
    endloop
  endfacet
  facet normal -0 0 1
    outer loop
      vertex 9.96917 -0.784591 6
      vertex 11.4645 -0.902279 6
      vertex 10 0 6
    endloop
  endfacet
  facet normal 0 0 1
    outer loop
      vertex 9.7237 2.33445 6
      vertex 11.1823 2.68462 6
      vertex 10.9371 3.55369 6
    endloop
  endfacet
  facet normal 0 0 1
    outer loop
      vertex 11.4645 -0.902279 6
      vertex 9.96917 -0.784591 6
      vertex 11.3584 -1.799 6
    endloop
  endfacet
  facet normal 0 0 1
    outer loop
      vertex 9.51056 3.09017 6
      vertex 10.9371 3.55369 6
      vertex 10.6246 4.40086 6
    endloop
  endfacet
  facet normal -0 0 1
    outer loop
      vertex 9.87688 -1.56434 6
      vertex 11.3584 -1.799 6
      vertex 9.96917 -0.784591 6
    endloop
  endfacet
  facet normal 0 0 1
    outer loop
      vertex 9.2388 3.82683 6
      vertex 10.6246 4.40086 6
      vertex 10.2466 5.22089 6
    endloop
  endfacet
  facet normal 0 0 1
    outer loop
      vertex 11.3584 -1.799 6
      vertex 9.87688 -1.56434 6
      vertex 11.1823 -2.68462 6
    endloop
  endfacet
  facet normal -0 0 1
    outer loop
      vertex 9.7237 -2.33445 6
      vertex 11.1823 -2.68462 6
      vertex 9.87688 -1.56434 6
    endloop
  endfacet
  facet normal 0 0 1
    outer loop
      vertex 11.4645 0.902279 6
      vertex 9.96917 0.784591 6
      vertex 10 0 6
    endloop
  endfacet
  facet normal 0 0 1
    outer loop
      vertex 11.3584 1.799 6
      vertex 9.87688 1.56434 6
      vertex 9.96917 0.784591 6
    endloop
  endfacet
  facet normal 0 0 1
    outer loop
      vertex 8.91006 4.5399 6
      vertex 10.2466 5.22089 6
      vertex 9.80536 6.00873 6
    endloop
  endfacet
  facet normal 0 0 1
    outer loop
      vertex 11.1823 2.68462 6
      vertex 9.7237 2.33445 6
      vertex 9.87688 1.56434 6
    endloop
  endfacet
  facet normal 0 0 1
    outer loop
      vertex 10.9371 3.55369 6
      vertex 9.51056 3.09017 6
      vertex 9.7237 2.33445 6
    endloop
  endfacet
  facet normal 0 0 1
    outer loop
      vertex 8.5264 5.22499 6
      vertex 9.80536 6.00873 6
      vertex 9.30369 6.75953 6
    endloop
  endfacet
  facet normal 0 0 1
    outer loop
      vertex 10.6246 4.40086 6
      vertex 9.2388 3.82683 6
      vertex 9.51056 3.09017 6
    endloop
  endfacet
  facet normal 0 0 1
    outer loop
      vertex 10.2466 5.22089 6
      vertex 8.91006 4.5399 6
      vertex 9.2388 3.82683 6
    endloop
  endfacet
  facet normal 0 0 1
    outer loop
      vertex 8.09017 5.87785 6
      vertex 9.30369 6.75953 6
      vertex 8.74467 7.46865 6
    endloop
  endfacet
  facet normal 0 0 1
    outer loop
      vertex 9.80536 6.00873 6
      vertex 8.5264 5.22499 6
      vertex 8.91006 4.5399 6
    endloop
  endfacet
  facet normal 0 0 1
    outer loop
      vertex 7.60406 6.49448 6
      vertex 8.74467 7.46865 6
      vertex 8.13173 8.13173 6
    endloop
  endfacet
  facet normal 0 0 1
    outer loop
      vertex 9.30369 6.75953 6
      vertex 8.09017 5.87785 6
      vertex 8.5264 5.22499 6
    endloop
  endfacet
  facet normal 0 0 1
    outer loop
      vertex 8.74467 7.46865 6
      vertex 7.60406 6.49448 6
      vertex 8.09017 5.87785 6
    endloop
  endfacet
  facet normal 0 0 1
    outer loop
      vertex 7.07107 7.07107 6
      vertex 8.13173 8.13173 6
      vertex 7.46865 8.74467 6
    endloop
  endfacet
  facet normal 0 0 1
    outer loop
      vertex 8.13173 8.13173 6
      vertex 7.07107 7.07107 6
      vertex 7.60406 6.49448 6
    endloop
  endfacet
  facet normal 0 0 1
    outer loop
      vertex 6.49448 7.60406 6
      vertex 7.46865 8.74467 6
      vertex 6.75953 9.30369 6
    endloop
  endfacet
  facet normal 0 0 1
    outer loop
      vertex 7.46865 8.74467 6
      vertex 6.49448 7.60406 6
      vertex 7.07107 7.07107 6
    endloop
  endfacet
  facet normal 0 0 1
    outer loop
      vertex 5.87785 8.09017 6
      vertex 6.75953 9.30369 6
      vertex 6.00873 9.80536 6
    endloop
  endfacet
  facet normal 0 0 1
    outer loop
      vertex 6.75953 9.30369 6
      vertex 5.87785 8.09017 6
      vertex 6.49448 7.60406 6
    endloop
  endfacet
  facet normal 0 0 1
    outer loop
      vertex 6.00873 9.80536 6
      vertex 5.22499 8.5264 6
      vertex 5.87785 8.09017 6
    endloop
  endfacet
  facet normal 0 0 1
    outer loop
      vertex 5.22089 10.2466 6
      vertex 5.22499 8.5264 6
      vertex 6.00873 9.80536 6
    endloop
  endfacet
  facet normal 0 0 1
    outer loop
      vertex 5.22089 10.2466 6
      vertex 4.5399 8.91006 6
      vertex 5.22499 8.5264 6
    endloop
  endfacet
  facet normal 0 0 1
    outer loop
      vertex 4.40086 10.6246 6
      vertex 4.5399 8.91006 6
      vertex 5.22089 10.2466 6
    endloop
  endfacet
  facet normal 0 0 1
    outer loop
      vertex 4.40086 10.6246 6
      vertex 3.82683 9.2388 6
      vertex 4.5399 8.91006 6
    endloop
  endfacet
  facet normal 0 0 1
    outer loop
      vertex 3.55369 10.9371 6
      vertex 3.82683 9.2388 6
      vertex 4.40086 10.6246 6
    endloop
  endfacet
  facet normal 0 0 1
    outer loop
      vertex 3.55369 10.9371 6
      vertex 3.09017 9.51056 6
      vertex 3.82683 9.2388 6
    endloop
  endfacet
  facet normal 0 0 1
    outer loop
      vertex 2.68462 11.1823 6
      vertex 3.09017 9.51056 6
      vertex 3.55369 10.9371 6
    endloop
  endfacet
  facet normal 0 0 1
    outer loop
      vertex 2.68462 11.1823 6
      vertex 2.33445 9.7237 6
      vertex 3.09017 9.51056 6
    endloop
  endfacet
  facet normal 0 0 1
    outer loop
      vertex 1.799 11.3584 6
      vertex 2.33445 9.7237 6
      vertex 2.68462 11.1823 6
    endloop
  endfacet
  facet normal 0 0 1
    outer loop
      vertex 1.799 11.3584 6
      vertex 1.56434 9.87688 6
      vertex 2.33445 9.7237 6
    endloop
  endfacet
  facet normal 0 0 1
    outer loop
      vertex 0.902279 11.4645 6
      vertex 1.56434 9.87688 6
      vertex 1.799 11.3584 6
    endloop
  endfacet
  facet normal 0 0 1
    outer loop
      vertex 0.902279 11.4645 6
      vertex 0.784591 9.96917 6
      vertex 1.56434 9.87688 6
    endloop
  endfacet
  facet normal 0 0 1
    outer loop
      vertex 0 11.5 6
      vertex 0.784591 9.96917 6
      vertex 0.902279 11.4645 6
    endloop
  endfacet
  facet normal 0 0 1
    outer loop
      vertex 0 11.5 6
      vertex 0 10 6
      vertex 0.784591 9.96917 6
    endloop
  endfacet
  facet normal 0 0 1
    outer loop
      vertex 0 11.5 6
      vertex -0.784591 9.96917 6
      vertex 0 10 6
    endloop
  endfacet
  facet normal -0 0 1
    outer loop
      vertex -0.902279 11.4645 6
      vertex -0.784591 9.96917 6
      vertex 0 11.5 6
    endloop
  endfacet
  facet normal 0 0 1
    outer loop
      vertex -0.902279 11.4645 6
      vertex -1.56434 9.87688 6
      vertex -0.784591 9.96917 6
    endloop
  endfacet
  facet normal -0 0 1
    outer loop
      vertex -1.799 11.3584 6
      vertex -1.56434 9.87688 6
      vertex -0.902279 11.4645 6
    endloop
  endfacet
  facet normal 0 0 1
    outer loop
      vertex -1.799 11.3584 6
      vertex -2.33445 9.7237 6
      vertex -1.56434 9.87688 6
    endloop
  endfacet
  facet normal -0 0 1
    outer loop
      vertex -2.68462 11.1823 6
      vertex -2.33445 9.7237 6
      vertex -1.799 11.3584 6
    endloop
  endfacet
  facet normal 0 0 1
    outer loop
      vertex -2.68462 11.1823 6
      vertex -3.09017 9.51056 6
      vertex -2.33445 9.7237 6
    endloop
  endfacet
  facet normal -0 0 1
    outer loop
      vertex -3.55369 10.9371 6
      vertex -3.09017 9.51056 6
      vertex -2.68462 11.1823 6
    endloop
  endfacet
  facet normal 0 0 1
    outer loop
      vertex -3.55369 10.9371 6
      vertex -3.82683 9.2388 6
      vertex -3.09017 9.51056 6
    endloop
  endfacet
  facet normal -0 0 1
    outer loop
      vertex -4.40086 10.6246 6
      vertex -3.82683 9.2388 6
      vertex -3.55369 10.9371 6
    endloop
  endfacet
  facet normal 0 0 1
    outer loop
      vertex -4.40086 10.6246 6
      vertex -4.5399 8.91006 6
      vertex -3.82683 9.2388 6
    endloop
  endfacet
  facet normal -0 0 1
    outer loop
      vertex -5.22089 10.2466 6
      vertex -4.5399 8.91006 6
      vertex -4.40086 10.6246 6
    endloop
  endfacet
  facet normal 0 0 1
    outer loop
      vertex -5.22089 10.2466 6
      vertex -5.22499 8.5264 6
      vertex -4.5399 8.91006 6
    endloop
  endfacet
  facet normal -0 0 1
    outer loop
      vertex -6.00873 9.80536 6
      vertex -5.22499 8.5264 6
      vertex -5.22089 10.2466 6
    endloop
  endfacet
  facet normal 0 0 1
    outer loop
      vertex -5.22499 8.5264 6
      vertex -6.00873 9.80536 6
      vertex -5.87785 8.09017 6
    endloop
  endfacet
  facet normal -0 0 1
    outer loop
      vertex -6.75953 9.30369 6
      vertex -5.87785 8.09017 6
      vertex -6.00873 9.80536 6
    endloop
  endfacet
  facet normal 0 0 1
    outer loop
      vertex -5.87785 8.09017 6
      vertex -6.75953 9.30369 6
      vertex -6.49448 7.60406 6
    endloop
  endfacet
  facet normal -0 0 1
    outer loop
      vertex -7.46865 8.74467 6
      vertex -6.49448 7.60406 6
      vertex -6.75953 9.30369 6
    endloop
  endfacet
  facet normal 0 0 1
    outer loop
      vertex -6.49448 7.60406 6
      vertex -7.46865 8.74467 6
      vertex -7.07107 7.07107 6
    endloop
  endfacet
  facet normal -0 0 1
    outer loop
      vertex -8.13173 8.13173 6
      vertex -7.07107 7.07107 6
      vertex -7.46865 8.74467 6
    endloop
  endfacet
  facet normal 0 0 1
    outer loop
      vertex -7.07107 7.07107 6
      vertex -8.13173 8.13173 6
      vertex -7.60406 6.49448 6
    endloop
  endfacet
  facet normal -0 0 1
    outer loop
      vertex -8.74467 7.46865 6
      vertex -7.60406 6.49448 6
      vertex -8.13173 8.13173 6
    endloop
  endfacet
  facet normal 0 0 1
    outer loop
      vertex -7.60406 6.49448 6
      vertex -8.74467 7.46865 6
      vertex -8.09017 5.87785 6
    endloop
  endfacet
  facet normal -0 0 1
    outer loop
      vertex -9.30369 6.75953 6
      vertex -8.09017 5.87785 6
      vertex -8.74467 7.46865 6
    endloop
  endfacet
  facet normal 0 0 1
    outer loop
      vertex -8.09017 5.87785 6
      vertex -9.30369 6.75953 6
      vertex -8.5264 5.22499 6
    endloop
  endfacet
  facet normal -0 0 1
    outer loop
      vertex -9.80536 6.00873 6
      vertex -8.5264 5.22499 6
      vertex -9.30369 6.75953 6
    endloop
  endfacet
  facet normal 0 0 1
    outer loop
      vertex -8.5264 5.22499 6
      vertex -9.80536 6.00873 6
      vertex -8.91006 4.5399 6
    endloop
  endfacet
  facet normal -0 0 1
    outer loop
      vertex -10.2466 5.22089 6
      vertex -8.91006 4.5399 6
      vertex -9.80536 6.00873 6
    endloop
  endfacet
  facet normal 0 0 1
    outer loop
      vertex -8.91006 4.5399 6
      vertex -10.2466 5.22089 6
      vertex -9.2388 3.82683 6
    endloop
  endfacet
  facet normal -0 0 1
    outer loop
      vertex -10.6246 4.40086 6
      vertex -9.2388 3.82683 6
      vertex -10.2466 5.22089 6
    endloop
  endfacet
  facet normal 0 0 1
    outer loop
      vertex -9.2388 3.82683 6
      vertex -10.6246 4.40086 6
      vertex -9.51056 3.09017 6
    endloop
  endfacet
  facet normal -0 0 1
    outer loop
      vertex -10.9371 3.55369 6
      vertex -9.51056 3.09017 6
      vertex -10.6246 4.40086 6
    endloop
  endfacet
  facet normal 0 0 1
    outer loop
      vertex -9.51056 3.09017 6
      vertex -10.9371 3.55369 6
      vertex -9.7237 2.33445 6
    endloop
  endfacet
  facet normal -0 0 1
    outer loop
      vertex -11.1823 2.68462 6
      vertex -9.7237 2.33445 6
      vertex -10.9371 3.55369 6
    endloop
  endfacet
  facet normal 0 0 1
    outer loop
      vertex 11.1823 -2.68462 6
      vertex 9.7237 -2.33445 6
      vertex 10.9371 -3.55369 6
    endloop
  endfacet
  facet normal -0 0 1
    outer loop
      vertex 9.51056 -3.09017 6
      vertex 10.9371 -3.55369 6
      vertex 9.7237 -2.33445 6
    endloop
  endfacet
  facet normal 0 0 1
    outer loop
      vertex 10.9371 -3.55369 6
      vertex 9.51056 -3.09017 6
      vertex 10.6246 -4.40086 6
    endloop
  endfacet
  facet normal -0 0 1
    outer loop
      vertex 9.2388 -3.82683 6
      vertex 10.6246 -4.40086 6
      vertex 9.51056 -3.09017 6
    endloop
  endfacet
  facet normal 0 0 1
    outer loop
      vertex 10.6246 -4.40086 6
      vertex 9.2388 -3.82683 6
      vertex 10.2466 -5.22089 6
    endloop
  endfacet
  facet normal -0 0 1
    outer loop
      vertex 8.91006 -4.5399 6
      vertex 10.2466 -5.22089 6
      vertex 9.2388 -3.82683 6
    endloop
  endfacet
  facet normal 0 0 1
    outer loop
      vertex 10.2466 -5.22089 6
      vertex 8.91006 -4.5399 6
      vertex 9.80536 -6.00873 6
    endloop
  endfacet
  facet normal -0 0 1
    outer loop
      vertex 8.5264 -5.22499 6
      vertex 9.80536 -6.00873 6
      vertex 8.91006 -4.5399 6
    endloop
  endfacet
  facet normal 0 0 1
    outer loop
      vertex 9.80536 -6.00873 6
      vertex 8.5264 -5.22499 6
      vertex 9.30369 -6.75953 6
    endloop
  endfacet
  facet normal -0 0 1
    outer loop
      vertex 8.09017 -5.87785 6
      vertex 9.30369 -6.75953 6
      vertex 8.5264 -5.22499 6
    endloop
  endfacet
  facet normal 0 0 1
    outer loop
      vertex 9.30369 -6.75953 6
      vertex 8.09017 -5.87785 6
      vertex 8.74467 -7.46865 6
    endloop
  endfacet
  facet normal -0 0 1
    outer loop
      vertex 7.60406 -6.49448 6
      vertex 8.74467 -7.46865 6
      vertex 8.09017 -5.87785 6
    endloop
  endfacet
  facet normal 0 0 1
    outer loop
      vertex 8.74467 -7.46865 6
      vertex 7.60406 -6.49448 6
      vertex 8.13173 -8.13173 6
    endloop
  endfacet
  facet normal -0 0 1
    outer loop
      vertex 7.07107 -7.07107 6
      vertex 8.13173 -8.13173 6
      vertex 7.60406 -6.49448 6
    endloop
  endfacet
  facet normal 0 0 1
    outer loop
      vertex 8.13173 -8.13173 6
      vertex 7.07107 -7.07107 6
      vertex 7.46865 -8.74467 6
    endloop
  endfacet
  facet normal -0 0 1
    outer loop
      vertex 6.49448 -7.60406 6
      vertex 7.46865 -8.74467 6
      vertex 7.07107 -7.07107 6
    endloop
  endfacet
  facet normal 0 0 1
    outer loop
      vertex 7.46865 -8.74467 6
      vertex 6.49448 -7.60406 6
      vertex 6.75953 -9.30369 6
    endloop
  endfacet
  facet normal -0 0 1
    outer loop
      vertex 5.87785 -8.09017 6
      vertex 6.75953 -9.30369 6
      vertex 6.49448 -7.60406 6
    endloop
  endfacet
  facet normal 0 0 1
    outer loop
      vertex 6.75953 -9.30369 6
      vertex 5.87785 -8.09017 6
      vertex 6.00873 -9.80536 6
    endloop
  endfacet
  facet normal -0 0 1
    outer loop
      vertex 5.22499 -8.5264 6
      vertex 6.00873 -9.80536 6
      vertex 5.87785 -8.09017 6
    endloop
  endfacet
  facet normal 0 0 1
    outer loop
      vertex 5.22499 -8.5264 6
      vertex 5.22089 -10.2466 6
      vertex 6.00873 -9.80536 6
    endloop
  endfacet
  facet normal -0 0 1
    outer loop
      vertex 4.5399 -8.91006 6
      vertex 5.22089 -10.2466 6
      vertex 5.22499 -8.5264 6
    endloop
  endfacet
  facet normal 0 0 1
    outer loop
      vertex 4.5399 -8.91006 6
      vertex 4.40086 -10.6246 6
      vertex 5.22089 -10.2466 6
    endloop
  endfacet
  facet normal -0 0 1
    outer loop
      vertex 3.82683 -9.2388 6
      vertex 4.40086 -10.6246 6
      vertex 4.5399 -8.91006 6
    endloop
  endfacet
  facet normal 0 0 1
    outer loop
      vertex 3.82683 -9.2388 6
      vertex 3.55369 -10.9371 6
      vertex 4.40086 -10.6246 6
    endloop
  endfacet
  facet normal -0 0 1
    outer loop
      vertex 3.09017 -9.51056 6
      vertex 3.55369 -10.9371 6
      vertex 3.82683 -9.2388 6
    endloop
  endfacet
  facet normal 0 0 1
    outer loop
      vertex 3.09017 -9.51056 6
      vertex 2.68462 -11.1823 6
      vertex 3.55369 -10.9371 6
    endloop
  endfacet
  facet normal -0 0 1
    outer loop
      vertex 2.33445 -9.7237 6
      vertex 2.68462 -11.1823 6
      vertex 3.09017 -9.51056 6
    endloop
  endfacet
  facet normal 0 0 1
    outer loop
      vertex 2.33445 -9.7237 6
      vertex 1.799 -11.3584 6
      vertex 2.68462 -11.1823 6
    endloop
  endfacet
  facet normal -0 0 1
    outer loop
      vertex 1.56434 -9.87688 6
      vertex 1.799 -11.3584 6
      vertex 2.33445 -9.7237 6
    endloop
  endfacet
  facet normal 0 0 1
    outer loop
      vertex 1.56434 -9.87688 6
      vertex 0.902279 -11.4645 6
      vertex 1.799 -11.3584 6
    endloop
  endfacet
  facet normal -0 0 1
    outer loop
      vertex 0.784591 -9.96917 6
      vertex 0.902279 -11.4645 6
      vertex 1.56434 -9.87688 6
    endloop
  endfacet
  facet normal -0 0 1
    outer loop
      vertex 0 -10 6
      vertex 0.902279 -11.4645 6
      vertex 0.784591 -9.96917 6
    endloop
  endfacet
  facet normal 0 0 1
    outer loop
      vertex 0 -10 6
      vertex 0 -11.5 6
      vertex 0.902279 -11.4645 6
    endloop
  endfacet
  facet normal 0 0 1
    outer loop
      vertex -0.784591 -9.96917 6
      vertex 0 -11.5 6
      vertex 0 -10 6
    endloop
  endfacet
  facet normal 0 0 1
    outer loop
      vertex -0.784591 -9.96917 6
      vertex -0.902279 -11.4645 6
      vertex 0 -11.5 6
    endloop
  endfacet
  facet normal 0 0 1
    outer loop
      vertex -1.56434 -9.87688 6
      vertex -0.902279 -11.4645 6
      vertex -0.784591 -9.96917 6
    endloop
  endfacet
  facet normal 0 0 1
    outer loop
      vertex -1.56434 -9.87688 6
      vertex -1.799 -11.3584 6
      vertex -0.902279 -11.4645 6
    endloop
  endfacet
  facet normal 0 0 1
    outer loop
      vertex -2.33445 -9.7237 6
      vertex -1.799 -11.3584 6
      vertex -1.56434 -9.87688 6
    endloop
  endfacet
  facet normal 0 0 1
    outer loop
      vertex -2.33445 -9.7237 6
      vertex -2.68462 -11.1823 6
      vertex -1.799 -11.3584 6
    endloop
  endfacet
  facet normal 0 0 1
    outer loop
      vertex -3.09017 -9.51056 6
      vertex -2.68462 -11.1823 6
      vertex -2.33445 -9.7237 6
    endloop
  endfacet
  facet normal 0 0 1
    outer loop
      vertex -3.09017 -9.51056 6
      vertex -3.55369 -10.9371 6
      vertex -2.68462 -11.1823 6
    endloop
  endfacet
  facet normal 0 0 1
    outer loop
      vertex -3.82683 -9.2388 6
      vertex -3.55369 -10.9371 6
      vertex -3.09017 -9.51056 6
    endloop
  endfacet
  facet normal 0 0 1
    outer loop
      vertex -3.82683 -9.2388 6
      vertex -4.40086 -10.6246 6
      vertex -3.55369 -10.9371 6
    endloop
  endfacet
  facet normal 0 0 1
    outer loop
      vertex -4.5399 -8.91006 6
      vertex -4.40086 -10.6246 6
      vertex -3.82683 -9.2388 6
    endloop
  endfacet
  facet normal 0 0 1
    outer loop
      vertex -4.5399 -8.91006 6
      vertex -5.22089 -10.2466 6
      vertex -4.40086 -10.6246 6
    endloop
  endfacet
  facet normal 0 0 1
    outer loop
      vertex -5.22499 -8.5264 6
      vertex -5.22089 -10.2466 6
      vertex -4.5399 -8.91006 6
    endloop
  endfacet
  facet normal 0 0 1
    outer loop
      vertex -6.00873 -9.80536 6
      vertex -5.22499 -8.5264 6
      vertex -5.87785 -8.09017 6
    endloop
  endfacet
  facet normal 0 0 1
    outer loop
      vertex -5.22499 -8.5264 6
      vertex -6.00873 -9.80536 6
      vertex -5.22089 -10.2466 6
    endloop
  endfacet
  facet normal 0 0 1
    outer loop
      vertex -6.75953 -9.30369 6
      vertex -5.87785 -8.09017 6
      vertex -6.49448 -7.60406 6
    endloop
  endfacet
  facet normal 0 0 1
    outer loop
      vertex -5.87785 -8.09017 6
      vertex -6.75953 -9.30369 6
      vertex -6.00873 -9.80536 6
    endloop
  endfacet
  facet normal 0 0 1
    outer loop
      vertex -7.46865 -8.74467 6
      vertex -6.49448 -7.60406 6
      vertex -7.07107 -7.07107 6
    endloop
  endfacet
  facet normal 0 0 1
    outer loop
      vertex -6.49448 -7.60406 6
      vertex -7.46865 -8.74467 6
      vertex -6.75953 -9.30369 6
    endloop
  endfacet
  facet normal 0 0 1
    outer loop
      vertex -8.13173 -8.13173 6
      vertex -7.07107 -7.07107 6
      vertex -7.60406 -6.49448 6
    endloop
  endfacet
  facet normal 0 0 1
    outer loop
      vertex -8.74467 -7.46865 6
      vertex -7.60406 -6.49448 6
      vertex -8.09017 -5.87785 6
    endloop
  endfacet
  facet normal 0 0 1
    outer loop
      vertex -7.07107 -7.07107 6
      vertex -8.13173 -8.13173 6
      vertex -7.46865 -8.74467 6
    endloop
  endfacet
  facet normal 0 0 1
    outer loop
      vertex -9.30369 -6.75953 6
      vertex -8.09017 -5.87785 6
      vertex -8.5264 -5.22499 6
    endloop
  endfacet
  facet normal 0 0 1
    outer loop
      vertex -7.60406 -6.49448 6
      vertex -8.74467 -7.46865 6
      vertex -8.13173 -8.13173 6
    endloop
  endfacet
  facet normal 0 0 1
    outer loop
      vertex -9.80536 -6.00873 6
      vertex -8.5264 -5.22499 6
      vertex -8.91006 -4.5399 6
    endloop
  endfacet
  facet normal 0 0 1
    outer loop
      vertex -10.2466 -5.22089 6
      vertex -8.91006 -4.5399 6
      vertex -9.2388 -3.82683 6
    endloop
  endfacet
  facet normal 0 0 1
    outer loop
      vertex -8.09017 -5.87785 6
      vertex -9.30369 -6.75953 6
      vertex -8.74467 -7.46865 6
    endloop
  endfacet
  facet normal 0 0 1
    outer loop
      vertex -10.6246 -4.40086 6
      vertex -9.2388 -3.82683 6
      vertex -9.51056 -3.09017 6
    endloop
  endfacet
  facet normal 0 0 1
    outer loop
      vertex -10.9371 -3.55369 6
      vertex -9.51056 -3.09017 6
      vertex -9.7237 -2.33445 6
    endloop
  endfacet
  facet normal 0 0 1
    outer loop
      vertex -8.5264 -5.22499 6
      vertex -9.80536 -6.00873 6
      vertex -9.30369 -6.75953 6
    endloop
  endfacet
  facet normal 0 0 1
    outer loop
      vertex -11.1823 -2.68462 6
      vertex -9.7237 -2.33445 6
      vertex -9.87688 -1.56434 6
    endloop
  endfacet
  facet normal 0 0 1
    outer loop
      vertex -11.3584 -1.799 6
      vertex -9.87688 -1.56434 6
      vertex -9.96917 -0.784591 6
    endloop
  endfacet
  facet normal 0 0 1
    outer loop
      vertex -11.4645 -0.902279 6
      vertex -9.96917 -0.784591 6
      vertex -10 0 6
    endloop
  endfacet
  facet normal 0 0 1
    outer loop
      vertex -9.7237 2.33445 6
      vertex -11.1823 2.68462 6
      vertex -9.87688 1.56434 6
    endloop
  endfacet
  facet normal 0 0 1
    outer loop
      vertex -8.91006 -4.5399 6
      vertex -10.2466 -5.22089 6
      vertex -9.80536 -6.00873 6
    endloop
  endfacet
  facet normal -0 0 1
    outer loop
      vertex -11.3584 1.799 6
      vertex -9.87688 1.56434 6
      vertex -11.1823 2.68462 6
    endloop
  endfacet
  facet normal 0 0 1
    outer loop
      vertex -9.2388 -3.82683 6
      vertex -10.6246 -4.40086 6
      vertex -10.2466 -5.22089 6
    endloop
  endfacet
  facet normal 0 0 1
    outer loop
      vertex -9.87688 1.56434 6
      vertex -11.3584 1.799 6
      vertex -9.96917 0.784591 6
    endloop
  endfacet
  facet normal 0 0 1
    outer loop
      vertex -9.51056 -3.09017 6
      vertex -10.9371 -3.55369 6
      vertex -10.6246 -4.40086 6
    endloop
  endfacet
  facet normal -0 0 1
    outer loop
      vertex -11.4645 0.902279 6
      vertex -9.96917 0.784591 6
      vertex -11.3584 1.799 6
    endloop
  endfacet
  facet normal 0 0 1
    outer loop
      vertex -9.7237 -2.33445 6
      vertex -11.1823 -2.68462 6
      vertex -10.9371 -3.55369 6
    endloop
  endfacet
  facet normal 0 0 1
    outer loop
      vertex -9.96917 0.784591 6
      vertex -11.4645 0.902279 6
      vertex -10 0 6
    endloop
  endfacet
  facet normal 0 0 1
    outer loop
      vertex -9.87688 -1.56434 6
      vertex -11.3584 -1.799 6
      vertex -11.1823 -2.68462 6
    endloop
  endfacet
  facet normal 0 0 1
    outer loop
      vertex -11.5 0 6
      vertex -10 0 6
      vertex -11.4645 0.902279 6
    endloop
  endfacet
  facet normal 0 0 1
    outer loop
      vertex -9.96917 -0.784591 6
      vertex -11.4645 -0.902279 6
      vertex -11.3584 -1.799 6
    endloop
  endfacet
  facet normal 0 0 1
    outer loop
      vertex -10 0 6
      vertex -11.5 0 6
      vertex -11.4645 -0.902279 6
    endloop
  endfacet
  facet normal -0.706827 0.0277888 0.70684
    outer loop
      vertex -12.9599 1.01997 4.5
      vertex -13 0 4.5
      vertex -11.4645 0.902279 6
    endloop
  endfacet
  facet normal -0.296127 0.642415 0.706832
    outer loop
      vertex -4.40086 10.6246 6
      vertex -5.90188 11.5831 4.5
      vertex -5.22089 10.2466 6
    endloop
  endfacet
  facet normal -0.192032 0.680828 0.706821
    outer loop
      vertex -3.03479 12.6408 4.5
      vertex -4.01722 12.3637 4.5
      vertex -2.68462 11.1823 6
    endloop
  endfacet
  facet normal -0.0277888 0.706827 0.70684
    outer loop
      vertex 0 13 4.5
      vertex -1.01997 12.9599 4.5
      vertex -0.902279 11.4645 6
    endloop
  endfacet
  facet normal 0.617178 0.345658 0.706832
    outer loop
      vertex 11.5831 5.90188 4.5
      vertex 9.80536 6.00873 6
      vertex 10.2466 5.22089 6
    endloop
  endfacet
  facet normal 0.519447 0.480168 0.706834
    outer loop
      vertex 9.19239 9.19239 4.5
      vertex 8.74467 7.46865 6
      vertex 9.88528 8.44282 4.5
    endloop
  endfacet
  facet normal 0.519447 0.480168 0.706834
    outer loop
      vertex 9.19239 9.19239 4.5
      vertex 8.13173 8.13173 6
      vertex 8.74467 7.46865 6
    endloop
  endfacet
  facet normal 0.392999 0.588169 0.70683
    outer loop
      vertex 6.79248 11.0843 4.5
      vertex 6.00873 9.80536 6
      vertex 7.64121 10.5172 4.5
    endloop
  endfacet
  facet normal 0.345663 0.617177 0.706831
    outer loop
      vertex 6.79248 11.0843 4.5
      vertex 5.90188 11.5831 4.5
      vertex 6.00873 9.80536 6
    endloop
  endfacet
  facet normal 0.296123 0.642419 0.70683
    outer loop
      vertex 4.97488 12.0104 4.5
      vertex 4.40086 10.6246 6
      vertex 5.90188 11.5831 4.5
    endloop
  endfacet
  facet normal 0.0277888 0.706827 0.70684
    outer loop
      vertex 1.01997 12.9599 4.5
      vertex 0 13 4.5
      vertex 0.902279 11.4645 6
    endloop
  endfacet
  facet normal 0.0278102 0.706833 0.706833
    outer loop
      vertex 0 13 4.5
      vertex 0 11.5 6
      vertex 0.902279 11.4645 6
    endloop
  endfacet
  facet normal 0.137979 0.693805 0.706821
    outer loop
      vertex 3.03479 12.6408 4.5
      vertex 2.03365 12.8399 4.5
      vertex 2.68462 11.1823 6
    endloop
  endfacet
  facet normal 0.192032 0.680828 0.706821
    outer loop
      vertex 3.03479 12.6408 4.5
      vertex 2.68462 11.1823 6
      vertex 4.01722 12.3637 4.5
    endloop
  endfacet
  facet normal 0.680796 0.19208 0.706839
    outer loop
      vertex 12.3637 4.01722 4.5
      vertex 10.9371 3.55369 6
      vertex 11.1823 2.68462 6
    endloop
  endfacet
  facet normal -0.693805 -0.137979 0.706821
    outer loop
      vertex -11.1823 -2.68462 6
      vertex -12.8399 -2.03365 4.5
      vertex -12.6408 -3.03479 4.5
    endloop
  endfacet
  facet normal -0.642415 -0.296127 0.706832
    outer loop
      vertex -10.6246 -4.40086 6
      vertex -11.5831 -5.90188 4.5
      vertex -10.2466 -5.22089 6
    endloop
  endfacet
  facet normal -0.617178 -0.345658 0.706832
    outer loop
      vertex -10.2466 -5.22089 6
      vertex -11.5831 -5.90188 4.5
      vertex -9.80536 -6.00873 6
    endloop
  endfacet
  facet normal -0.519447 -0.480168 0.706834
    outer loop
      vertex -8.74467 -7.46865 6
      vertex -9.88528 -8.44282 4.5
      vertex -9.19239 -9.19239 4.5
    endloop
  endfacet
  facet normal -0.588166 -0.393001 0.706831
    outer loop
      vertex -9.80536 -6.00873 6
      vertex -10.5172 -7.64121 4.5
      vertex -9.30369 -6.75953 6
    endloop
  endfacet
  facet normal -0.555525 -0.437928 0.706832
    outer loop
      vertex -9.30369 -6.75953 6
      vertex -10.5172 -7.64121 4.5
      vertex -9.88528 -8.44282 4.5
    endloop
  endfacet
  facet normal -0.393001 -0.588166 0.706831
    outer loop
      vertex -6.75953 -9.30369 6
      vertex -7.64121 -10.5172 4.5
      vertex -6.00873 -9.80536 6
    endloop
  endfacet
  facet normal -0.0277888 -0.706827 0.70684
    outer loop
      vertex -0.902279 -11.4645 6
      vertex -1.01997 -12.9599 4.5
      vertex 0 -13 4.5
    endloop
  endfacet
  facet normal -0.0278102 -0.706833 0.706833
    outer loop
      vertex 0 -11.5 6
      vertex -0.902279 -11.4645 6
      vertex 0 -13 4.5
    endloop
  endfacet
  facet normal -0.192032 -0.680828 0.706821
    outer loop
      vertex -2.68462 -11.1823 6
      vertex -4.01722 -12.3637 4.5
      vertex -3.03479 -12.6408 4.5
    endloop
  endfacet
  facet normal -0.437932 -0.555519 0.706834
    outer loop
      vertex -7.46865 -8.74467 6
      vertex -8.44282 -9.88528 4.5
      vertex -6.75953 -9.30369 6
    endloop
  endfacet
  facet normal -0.345663 -0.617177 0.706831
    outer loop
      vertex -6.00873 -9.80536 6
      vertex -6.79248 -11.0843 4.5
      vertex -5.90188 -11.5831 4.5
    endloop
  endfacet
  facet normal 0.0831602 -0.702482 0.706827
    outer loop
      vertex 1.799 -11.3584 6
      vertex 1.01997 -12.9599 4.5
      vertex 2.03365 -12.8399 4.5
    endloop
  endfacet
  facet normal 0.519447 -0.480168 0.706834
    outer loop
      vertex 8.74467 -7.46865 6
      vertex 8.13173 -8.13173 6
      vertex 9.19239 -9.19239 4.5
    endloop
  endfacet
  facet normal 0.519447 -0.480168 0.706834
    outer loop
      vertex 9.88528 -8.44282 4.5
      vertex 8.74467 -7.46865 6
      vertex 9.19239 -9.19239 4.5
    endloop
  endfacet
  facet normal 0.393001 -0.588166 0.706831
    outer loop
      vertex 6.75953 -9.30369 6
      vertex 6.00873 -9.80536 6
      vertex 7.64121 -10.5172 4.5
    endloop
  endfacet
  facet normal 0.437928 -0.555525 0.706832
    outer loop
      vertex 8.44282 -9.88528 4.5
      vertex 6.75953 -9.30369 6
      vertex 7.64121 -10.5172 4.5
    endloop
  endfacet
  facet normal 0.702482 -0.0831602 0.706827
    outer loop
      vertex 12.9599 -1.01997 4.5
      vertex 11.3584 -1.799 6
      vertex 12.8399 -2.03365 4.5
    endloop
  endfacet
  facet normal 0.702473 -0.0831166 0.70684
    outer loop
      vertex 11.4645 -0.902279 6
      vertex 11.3584 -1.799 6
      vertex 12.9599 -1.01997 4.5
    endloop
  endfacet
  facet normal -0.393001 0.588166 0.706831
    outer loop
      vertex -6.00873 9.80536 6
      vertex -7.64121 10.5172 4.5
      vertex -6.75953 9.30369 6
    endloop
  endfacet
  facet normal -0.480168 0.519447 0.706834
    outer loop
      vertex -7.46865 8.74467 6
      vertex -9.19239 9.19239 4.5
      vertex -8.13173 8.13173 6
    endloop
  endfacet
  facet normal -0.480168 0.519447 0.706834
    outer loop
      vertex -8.44282 9.88528 4.5
      vertex -9.19239 9.19239 4.5
      vertex -7.46865 8.74467 6
    endloop
  endfacet
  facet normal -0.555525 0.437928 0.706832
    outer loop
      vertex -9.88528 8.44282 4.5
      vertex -10.5172 7.64121 4.5
      vertex -9.30369 6.75953 6
    endloop
  endfacet
  facet normal -0.588166 0.393001 0.706831
    outer loop
      vertex -9.30369 6.75953 6
      vertex -10.5172 7.64121 4.5
      vertex -9.80536 6.00873 6
    endloop
  endfacet
  facet normal -0.680828 0.192032 0.706821
    outer loop
      vertex -12.3637 4.01722 4.5
      vertex -12.6408 3.03479 4.5
      vertex -11.1823 2.68462 6
    endloop
  endfacet
  facet normal -0.642415 0.296127 0.706832
    outer loop
      vertex -10.2466 5.22089 6
      vertex -11.5831 5.90188 4.5
      vertex -10.6246 4.40086 6
    endloop
  endfacet
  facet normal -0.702473 0.0831166 0.70684
    outer loop
      vertex -11.3584 1.799 6
      vertex -12.9599 1.01997 4.5
      vertex -11.4645 0.902279 6
    endloop
  endfacet
  facet normal -0.702482 0.0831602 0.706827
    outer loop
      vertex -12.8399 2.03365 4.5
      vertex -12.9599 1.01997 4.5
      vertex -11.3584 1.799 6
    endloop
  endfacet
  facet normal -0.19208 0.680796 0.706839
    outer loop
      vertex -2.68462 11.1823 6
      vertex -4.01722 12.3637 4.5
      vertex -3.55369 10.9371 6
    endloop
  endfacet
  facet normal -0.244838 0.663661 0.706829
    outer loop
      vertex -4.01722 12.3637 4.5
      vertex -4.97488 12.0104 4.5
      vertex -4.40086 10.6246 6
    endloop
  endfacet
  facet normal -0.0831602 0.702482 0.706827
    outer loop
      vertex -1.01997 12.9599 4.5
      vertex -2.03365 12.8399 4.5
      vertex -1.799 11.3584 6
    endloop
  endfacet
  facet normal -0.137958 0.693803 0.706827
    outer loop
      vertex -2.03365 12.8399 4.5
      vertex -2.68462 11.1823 6
      vertex -1.799 11.3584 6
    endloop
  endfacet
  facet normal 0.480168 0.519447 0.706834
    outer loop
      vertex 9.19239 9.19239 4.5
      vertex 7.46865 8.74467 6
      vertex 8.13173 8.13173 6
    endloop
  endfacet
  facet normal 0.345658 0.617178 0.706832
    outer loop
      vertex 5.90188 11.5831 4.5
      vertex 5.22089 10.2466 6
      vertex 6.00873 9.80536 6
    endloop
  endfacet
  facet normal 0.244838 0.663661 0.706829
    outer loop
      vertex 4.97488 12.0104 4.5
      vertex 4.01722 12.3637 4.5
      vertex 4.40086 10.6246 6
    endloop
  endfacet
  facet normal 0.244809 0.663663 0.706838
    outer loop
      vertex 4.01722 12.3637 4.5
      vertex 3.55369 10.9371 6
      vertex 4.40086 10.6246 6
    endloop
  endfacet
  facet normal 0.0831166 0.702473 0.70684
    outer loop
      vertex 1.01997 12.9599 4.5
      vertex 0.902279 11.4645 6
      vertex 1.799 11.3584 6
    endloop
  endfacet
  facet normal 0.137958 0.693803 0.706827
    outer loop
      vertex 2.03365 12.8399 4.5
      vertex 1.799 11.3584 6
      vertex 2.68462 11.1823 6
    endloop
  endfacet
  facet normal -0.663663 -0.244809 0.706838
    outer loop
      vertex -10.9371 -3.55369 6
      vertex -12.3637 -4.01722 4.5
      vertex -10.6246 -4.40086 6
    endloop
  endfacet
  facet normal -0.702482 -0.0831602 0.706827
    outer loop
      vertex -11.3584 -1.799 6
      vertex -12.9599 -1.01997 4.5
      vertex -12.8399 -2.03365 4.5
    endloop
  endfacet
  facet normal -0.693803 -0.137958 0.706827
    outer loop
      vertex -11.3584 -1.799 6
      vertex -12.8399 -2.03365 4.5
      vertex -11.1823 -2.68462 6
    endloop
  endfacet
  facet normal -0.0831166 -0.702473 0.70684
    outer loop
      vertex -0.902279 -11.4645 6
      vertex -1.799 -11.3584 6
      vertex -1.01997 -12.9599 4.5
    endloop
  endfacet
  facet normal -0.244809 -0.663663 0.706838
    outer loop
      vertex -3.55369 -10.9371 6
      vertex -4.40086 -10.6246 6
      vertex -4.01722 -12.3637 4.5
    endloop
  endfacet
  facet normal -0.19208 -0.680796 0.706839
    outer loop
      vertex -3.55369 -10.9371 6
      vertex -4.01722 -12.3637 4.5
      vertex -2.68462 -11.1823 6
    endloop
  endfacet
  facet normal -0.345658 -0.617178 0.706832
    outer loop
      vertex -5.22089 -10.2466 6
      vertex -6.00873 -9.80536 6
      vertex -5.90188 -11.5831 4.5
    endloop
  endfacet
  facet normal 0.0277888 -0.706827 0.70684
    outer loop
      vertex 0.902279 -11.4645 6
      vertex 0 -13 4.5
      vertex 1.01997 -12.9599 4.5
    endloop
  endfacet
  facet normal 0.0831166 -0.702473 0.70684
    outer loop
      vertex 1.799 -11.3584 6
      vertex 0.902279 -11.4645 6
      vertex 1.01997 -12.9599 4.5
    endloop
  endfacet
  facet normal 0.555519 -0.437932 0.706834
    outer loop
      vertex 9.30369 -6.75953 6
      vertex 8.74467 -7.46865 6
      vertex 9.88528 -8.44282 4.5
    endloop
  endfacet
  facet normal 0.437932 -0.555519 0.706834
    outer loop
      vertex 7.46865 -8.74467 6
      vertex 6.75953 -9.30369 6
      vertex 8.44282 -9.88528 4.5
    endloop
  endfacet
  facet normal -0.345663 0.617177 0.706831
    outer loop
      vertex -5.90188 11.5831 4.5
      vertex -6.79248 11.0843 4.5
      vertex -6.00873 9.80536 6
    endloop
  endfacet
  facet normal -0.392999 0.588169 0.70683
    outer loop
      vertex -6.79248 11.0843 4.5
      vertex -7.64121 10.5172 4.5
      vertex -6.00873 9.80536 6
    endloop
  endfacet
  facet normal -0.437928 0.555525 0.706832
    outer loop
      vertex -7.64121 10.5172 4.5
      vertex -8.44282 9.88528 4.5
      vertex -6.75953 9.30369 6
    endloop
  endfacet
  facet normal -0.519447 0.480168 0.706834
    outer loop
      vertex -8.13173 8.13173 6
      vertex -9.19239 9.19239 4.5
      vertex -8.74467 7.46865 6
    endloop
  endfacet
  facet normal -0.555519 0.437932 0.706834
    outer loop
      vertex -8.74467 7.46865 6
      vertex -9.88528 8.44282 4.5
      vertex -9.30369 6.75953 6
    endloop
  endfacet
  facet normal -0.663661 0.244838 0.706829
    outer loop
      vertex -12.0104 4.97488 4.5
      vertex -12.3637 4.01722 4.5
      vertex -10.6246 4.40086 6
    endloop
  endfacet
  facet normal -0.642419 0.296123 0.70683
    outer loop
      vertex -11.5831 5.90188 4.5
      vertex -12.0104 4.97488 4.5
      vertex -10.6246 4.40086 6
    endloop
  endfacet
  facet normal -0.617178 0.345658 0.706832
    outer loop
      vertex -9.80536 6.00873 6
      vertex -11.5831 5.90188 4.5
      vertex -10.2466 5.22089 6
    endloop
  endfacet
  facet normal -0.244809 0.663663 0.706838
    outer loop
      vertex -4.01722 12.3637 4.5
      vertex -4.40086 10.6246 6
      vertex -3.55369 10.9371 6
    endloop
  endfacet
  facet normal 0.296127 0.642415 0.706832
    outer loop
      vertex 5.90188 11.5831 4.5
      vertex 4.40086 10.6246 6
      vertex 5.22089 10.2466 6
    endloop
  endfacet
  facet normal -0.137958 -0.693803 0.706827
    outer loop
      vertex -1.799 -11.3584 6
      vertex -2.68462 -11.1823 6
      vertex -2.03365 -12.8399 4.5
    endloop
  endfacet
  facet normal -0.0831602 -0.702482 0.706827
    outer loop
      vertex -1.799 -11.3584 6
      vertex -2.03365 -12.8399 4.5
      vertex -1.01997 -12.9599 4.5
    endloop
  endfacet
  facet normal -0.555586 -0.831459 0
    outer loop
      vertex 6.26998 10.2317 0
      vertex 7.05342 9.7082 0.499999
      vertex 6.26998 10.2317 0.499999
    endloop
  endfacet
  facet normal -0.555586 -0.831459 -0
    outer loop
      vertex 7.05342 9.7082 0.499999
      vertex 6.26998 10.2317 0
      vertex 7.05342 9.7082 0
    endloop
  endfacet
  facet normal 0.346094 -0.9382 0
    outer loop
      vertex -4.5922 11.0866 0
      vertex -3.7082 11.4127 0.499999
      vertex -4.5922 11.0866 0.499999
    endloop
  endfacet
  facet normal 0.346094 -0.9382 0
    outer loop
      vertex -3.7082 11.4127 0.499999
      vertex -4.5922 11.0866 0
      vertex -3.7082 11.4127 0
    endloop
  endfacet
  facet normal 0.908134 -0.418679 0
    outer loop
      vertex -11.0866 4.5922 0.499999
      vertex -10.6921 5.44789 0
      vertex -10.6921 5.44789 0.499999
    endloop
  endfacet
  facet normal 0.908134 -0.418679 0
    outer loop
      vertex -10.6921 5.44789 0
      vertex -11.0866 4.5922 0.499999
      vertex -11.0866 4.5922 0
    endloop
  endfacet
  facet normal 0.908134 0.418679 0
    outer loop
      vertex -10.6921 -5.44789 0.499999
      vertex -11.0866 -4.5922 0
      vertex -11.0866 -4.5922 0.499999
    endloop
  endfacet
  facet normal 0.908134 0.418679 0
    outer loop
      vertex -11.0866 -4.5922 0
      vertex -10.6921 -5.44789 0.499999
      vertex -10.6921 -5.44789 0
    endloop
  endfacet
  facet normal -0.980769 -0.195171 0
    outer loop
      vertex 11.8523 1.87721 0
      vertex 11.6684 2.80134 0.499999
      vertex 11.6684 2.80134 0
    endloop
  endfacet
  facet normal -0.980769 -0.195171 0
    outer loop
      vertex 11.6684 2.80134 0.499999
      vertex 11.8523 1.87721 0
      vertex 11.8523 1.87721 0.499999
    endloop
  endfacet
  facet normal -0.962472 -0.271381 0
    outer loop
      vertex 11.6684 2.80134 0
      vertex 11.4127 3.7082 0.499999
      vertex 11.4127 3.7082 0
    endloop
  endfacet
  facet normal -0.962472 -0.271381 0
    outer loop
      vertex 11.4127 3.7082 0.499999
      vertex 11.6684 2.80134 0
      vertex 11.6684 2.80134 0.499999
    endloop
  endfacet
  facet normal -0.785321 -0.619089 0
    outer loop
      vertex 9.7082 7.05342 0
      vertex 9.12487 7.79338 0.499999
      vertex 9.12487 7.79338 0
    endloop
  endfacet
  facet normal -0.785321 -0.619089 0
    outer loop
      vertex 9.12487 7.79338 0.499999
      vertex 9.7082 7.05342 0
      vertex 9.7082 7.05342 0.499999
    endloop
  endfacet
  facet normal -0.488627 -0.872493 0
    outer loop
      vertex 5.44789 10.6921 0
      vertex 6.26998 10.2317 0.499999
      vertex 5.44789 10.6921 0.499999
    endloop
  endfacet
  facet normal -0.488627 -0.872493 -0
    outer loop
      vertex 6.26998 10.2317 0.499999
      vertex 5.44789 10.6921 0
      vertex 6.26998 10.2317 0
    endloop
  endfacet
  facet normal 0.555586 -0.831459 0
    outer loop
      vertex -7.05342 9.7082 0
      vertex -6.26998 10.2317 0.499999
      vertex -7.05342 9.7082 0.499999
    endloop
  endfacet
  facet normal 0.555586 -0.831459 0
    outer loop
      vertex -6.26998 10.2317 0.499999
      vertex -7.05342 9.7082 0
      vertex -6.26998 10.2317 0
    endloop
  endfacet
  facet normal -0.73432 0.678803 0
    outer loop
      vertex 8.48528 -8.48528 0
      vertex 9.12487 -7.79338 0.499999
      vertex 9.12487 -7.79338 0
    endloop
  endfacet
  facet normal -0.73432 0.678803 0
    outer loop
      vertex 9.12487 -7.79338 0.499999
      vertex 8.48528 -8.48528 0
      vertex 8.48528 -8.48528 0.499999
    endloop
  endfacet
  facet normal -0.271381 0.962472 0
    outer loop
      vertex 3.7082 -11.4127 0
      vertex 2.80134 -11.6684 0.499999
      vertex 3.7082 -11.4127 0.499999
    endloop
  endfacet
  facet normal -0.271381 0.962472 0
    outer loop
      vertex 2.80134 -11.6684 0.499999
      vertex 3.7082 -11.4127 0
      vertex 2.80134 -11.6684 0
    endloop
  endfacet
  facet normal -0.619089 0.785321 0
    outer loop
      vertex 7.79338 -9.12487 0
      vertex 7.05342 -9.7082 0.499999
      vertex 7.79338 -9.12487 0.499999
    endloop
  endfacet
  facet normal -0.619089 0.785321 0
    outer loop
      vertex 7.05342 -9.7082 0.499999
      vertex 7.79338 -9.12487 0
      vertex 7.05342 -9.7082 0
    endloop
  endfacet
  facet normal 0.0392683 0.999229 -0
    outer loop
      vertex 0 -12 0
      vertex -0.941508 -11.963 0.499999
      vertex 0 -12 0.499999
    endloop
  endfacet
  facet normal 0.0392683 0.999229 0
    outer loop
      vertex -0.941508 -11.963 0.499999
      vertex 0 -12 0
      vertex -0.941508 -11.963 0
    endloop
  endfacet
  facet normal 0.488627 0.872493 -0
    outer loop
      vertex -5.44789 -10.6921 0
      vertex -6.26998 -10.2317 0.499999
      vertex -5.44789 -10.6921 0.499999
    endloop
  endfacet
  facet normal 0.488627 0.872493 0
    outer loop
      vertex -6.26998 -10.2317 0.499999
      vertex -5.44789 -10.6921 0
      vertex -6.26998 -10.2317 0
    endloop
  endfacet
  facet normal 0.555586 0.831459 -0
    outer loop
      vertex -6.26998 -10.2317 0
      vertex -7.05342 -9.7082 0.499999
      vertex -6.26998 -10.2317 0.499999
    endloop
  endfacet
  facet normal 0.555586 0.831459 0
    outer loop
      vertex -7.05342 -9.7082 0.499999
      vertex -6.26998 -10.2317 0
      vertex -7.05342 -9.7082 0
    endloop
  endfacet
  facet normal 0.980769 0.195171 0
    outer loop
      vertex -11.6684 -2.80134 0.499999
      vertex -11.8523 -1.87721 0
      vertex -11.8523 -1.87721 0.499999
    endloop
  endfacet
  facet normal 0.980769 0.195171 0
    outer loop
      vertex -11.8523 -1.87721 0
      vertex -11.6684 -2.80134 0.499999
      vertex -11.6684 -2.80134 0
    endloop
  endfacet
  facet normal -0.872493 -0.488627 0
    outer loop
      vertex 10.6921 5.44789 0
      vertex 10.2317 6.26998 0.499999
      vertex 10.2317 6.26998 0
    endloop
  endfacet
  facet normal -0.872493 -0.488627 0
    outer loop
      vertex 10.2317 6.26998 0.499999
      vertex 10.6921 5.44789 0
      vertex 10.6921 5.44789 0.499999
    endloop
  endfacet
  facet normal -0.831459 -0.555586 0
    outer loop
      vertex 10.2317 6.26998 0
      vertex 9.7082 7.05342 0.499999
      vertex 9.7082 7.05342 0
    endloop
  endfacet
  facet normal -0.831459 -0.555586 0
    outer loop
      vertex 9.7082 7.05342 0.499999
      vertex 10.2317 6.26998 0
      vertex 10.2317 6.26998 0.499999
    endloop
  endfacet
  facet normal -0.73432 -0.678803 0
    outer loop
      vertex 9.12487 7.79338 0
      vertex 8.48528 8.48528 0.499999
      vertex 8.48528 8.48528 0
    endloop
  endfacet
  facet normal -0.73432 -0.678803 0
    outer loop
      vertex 8.48528 8.48528 0.499999
      vertex 9.12487 7.79338 0
      vertex 9.12487 7.79338 0.499999
    endloop
  endfacet
  facet normal -0.0392683 -0.999229 0
    outer loop
      vertex 0 12 0
      vertex 0.941508 11.963 0.499999
      vertex 0 12 0.499999
    endloop
  endfacet
  facet normal -0.0392683 -0.999229 -0
    outer loop
      vertex 0.941508 11.963 0.499999
      vertex 0 12 0
      vertex 0.941508 11.963 0
    endloop
  endfacet
  facet normal -0.418679 -0.908134 0
    outer loop
      vertex 4.5922 11.0866 0
      vertex 5.44789 10.6921 0.499999
      vertex 4.5922 11.0866 0.499999
    endloop
  endfacet
  facet normal -0.418679 -0.908134 -0
    outer loop
      vertex 5.44789 10.6921 0.499999
      vertex 4.5922 11.0866 0
      vertex 5.44789 10.6921 0
    endloop
  endfacet
  facet normal -0.271381 -0.962472 0
    outer loop
      vertex 2.80134 11.6684 0
      vertex 3.7082 11.4127 0.499999
      vertex 2.80134 11.6684 0.499999
    endloop
  endfacet
  facet normal -0.271381 -0.962472 -0
    outer loop
      vertex 3.7082 11.4127 0.499999
      vertex 2.80134 11.6684 0
      vertex 3.7082 11.4127 0
    endloop
  endfacet
  facet normal -0.117488 -0.993074 0
    outer loop
      vertex 0.941508 11.963 0
      vertex 1.87721 11.8523 0.499999
      vertex 0.941508 11.963 0.499999
    endloop
  endfacet
  facet normal -0.117488 -0.993074 -0
    outer loop
      vertex 1.87721 11.8523 0.499999
      vertex 0.941508 11.963 0
      vertex 1.87721 11.8523 0
    endloop
  endfacet
  facet normal 0.999229 -0.0392683 0
    outer loop
      vertex -12 0 0.499999
      vertex -11.963 0.941508 0
      vertex -11.963 0.941508 0.499999
    endloop
  endfacet
  facet normal 0.999229 -0.0392683 0
    outer loop
      vertex -11.963 0.941508 0
      vertex -12 0 0.499999
      vertex -12 0 0
    endloop
  endfacet
  facet normal 0.9382 -0.346094 0
    outer loop
      vertex -11.4127 3.7082 0.499999
      vertex -11.0866 4.5922 0
      vertex -11.0866 4.5922 0.499999
    endloop
  endfacet
  facet normal 0.9382 -0.346094 0
    outer loop
      vertex -11.0866 4.5922 0
      vertex -11.4127 3.7082 0.499999
      vertex -11.4127 3.7082 0
    endloop
  endfacet
  facet normal 0.962472 -0.271381 0
    outer loop
      vertex -11.6684 2.80134 0.499999
      vertex -11.4127 3.7082 0
      vertex -11.4127 3.7082 0.499999
    endloop
  endfacet
  facet normal 0.962472 -0.271381 0
    outer loop
      vertex -11.4127 3.7082 0
      vertex -11.6684 2.80134 0.499999
      vertex -11.6684 2.80134 0
    endloop
  endfacet
  facet normal 0.993074 -0.117488 0
    outer loop
      vertex -11.963 0.941508 0.499999
      vertex -11.8523 1.87721 0
      vertex -11.8523 1.87721 0.499999
    endloop
  endfacet
  facet normal 0.993074 -0.117488 0
    outer loop
      vertex -11.8523 1.87721 0
      vertex -11.963 0.941508 0.499999
      vertex -11.963 0.941508 0
    endloop
  endfacet
  facet normal 0.785321 -0.619089 0
    outer loop
      vertex -9.7082 7.05342 0.499999
      vertex -9.12487 7.79338 0
      vertex -9.12487 7.79338 0.499999
    endloop
  endfacet
  facet normal 0.785321 -0.619089 0
    outer loop
      vertex -9.12487 7.79338 0
      vertex -9.7082 7.05342 0.499999
      vertex -9.7082 7.05342 0
    endloop
  endfacet
  facet normal 0.872493 -0.488627 0
    outer loop
      vertex -10.6921 5.44789 0.499999
      vertex -10.2317 6.26998 0
      vertex -10.2317 6.26998 0.499999
    endloop
  endfacet
  facet normal 0.872493 -0.488627 0
    outer loop
      vertex -10.2317 6.26998 0
      vertex -10.6921 5.44789 0.499999
      vertex -10.6921 5.44789 0
    endloop
  endfacet
  facet normal 0.831459 -0.555586 0
    outer loop
      vertex -10.2317 6.26998 0.499999
      vertex -9.7082 7.05342 0
      vertex -9.7082 7.05342 0.499999
    endloop
  endfacet
  facet normal 0.831459 -0.555586 0
    outer loop
      vertex -9.7082 7.05342 0
      vertex -10.2317 6.26998 0.499999
      vertex -10.2317 6.26998 0
    endloop
  endfacet
  facet normal 0.0392683 -0.999229 0
    outer loop
      vertex -0.941508 11.963 0
      vertex 0 12 0.499999
      vertex -0.941508 11.963 0.499999
    endloop
  endfacet
  facet normal 0.0392683 -0.999229 0
    outer loop
      vertex 0 12 0.499999
      vertex -0.941508 11.963 0
      vertex 0 12 0
    endloop
  endfacet
  facet normal 0.271381 -0.962472 0
    outer loop
      vertex -3.7082 11.4127 0
      vertex -2.80134 11.6684 0.499999
      vertex -3.7082 11.4127 0.499999
    endloop
  endfacet
  facet normal 0.271381 -0.962472 0
    outer loop
      vertex -2.80134 11.6684 0.499999
      vertex -3.7082 11.4127 0
      vertex -2.80134 11.6684 0
    endloop
  endfacet
  facet normal 0.418679 -0.908134 0
    outer loop
      vertex -5.44789 10.6921 0
      vertex -4.5922 11.0866 0.499999
      vertex -5.44789 10.6921 0.499999
    endloop
  endfacet
  facet normal 0.418679 -0.908134 0
    outer loop
      vertex -4.5922 11.0866 0.499999
      vertex -5.44789 10.6921 0
      vertex -4.5922 11.0866 0
    endloop
  endfacet
  facet normal 0.488627 -0.872493 0
    outer loop
      vertex -6.26998 10.2317 0
      vertex -5.44789 10.6921 0.499999
      vertex -6.26998 10.2317 0.499999
    endloop
  endfacet
  facet normal 0.488627 -0.872493 0
    outer loop
      vertex -5.44789 10.6921 0.499999
      vertex -6.26998 10.2317 0
      vertex -5.44789 10.6921 0
    endloop
  endfacet
  facet normal -0.999229 -0.0392683 0
    outer loop
      vertex 12 0 0
      vertex 11.963 0.941508 0.499999
      vertex 11.963 0.941508 0
    endloop
  endfacet
  facet normal -0.999229 -0.0392683 0
    outer loop
      vertex 11.963 0.941508 0.499999
      vertex 12 0 0
      vertex 12 0 0.499999
    endloop
  endfacet
  facet normal -0.0392683 0.999229 0
    outer loop
      vertex 0.941508 -11.963 0
      vertex 0 -12 0.499999
      vertex 0.941508 -11.963 0.499999
    endloop
  endfacet
  facet normal -0.0392683 0.999229 0
    outer loop
      vertex 0 -12 0.499999
      vertex 0.941508 -11.963 0
      vertex 0 -12 0
    endloop
  endfacet
  facet normal -0.418679 0.908134 0
    outer loop
      vertex 5.44789 -10.6921 0
      vertex 4.5922 -11.0866 0.499999
      vertex 5.44789 -10.6921 0.499999
    endloop
  endfacet
  facet normal -0.418679 0.908134 0
    outer loop
      vertex 4.5922 -11.0866 0.499999
      vertex 5.44789 -10.6921 0
      vertex 4.5922 -11.0866 0
    endloop
  endfacet
  facet normal -0.555586 0.831459 0
    outer loop
      vertex 7.05342 -9.7082 0
      vertex 6.26998 -10.2317 0.499999
      vertex 7.05342 -9.7082 0.499999
    endloop
  endfacet
  facet normal -0.555586 0.831459 0
    outer loop
      vertex 6.26998 -10.2317 0.499999
      vertex 7.05342 -9.7082 0
      vertex 6.26998 -10.2317 0
    endloop
  endfacet
  facet normal 0.271381 0.962472 -0
    outer loop
      vertex -2.80134 -11.6684 0
      vertex -3.7082 -11.4127 0.499999
      vertex -2.80134 -11.6684 0.499999
    endloop
  endfacet
  facet normal 0.271381 0.962472 0
    outer loop
      vertex -3.7082 -11.4127 0.499999
      vertex -2.80134 -11.6684 0
      vertex -3.7082 -11.4127 0
    endloop
  endfacet
  facet normal 0.346094 0.9382 -0
    outer loop
      vertex -3.7082 -11.4127 0
      vertex -4.5922 -11.0866 0.499999
      vertex -3.7082 -11.4127 0.499999
    endloop
  endfacet
  facet normal 0.346094 0.9382 0
    outer loop
      vertex -4.5922 -11.0866 0.499999
      vertex -3.7082 -11.4127 0
      vertex -4.5922 -11.0866 0
    endloop
  endfacet
  facet normal 0.418679 0.908134 -0
    outer loop
      vertex -4.5922 -11.0866 0
      vertex -5.44789 -10.6921 0.499999
      vertex -4.5922 -11.0866 0.499999
    endloop
  endfacet
  facet normal 0.418679 0.908134 0
    outer loop
      vertex -5.44789 -10.6921 0.499999
      vertex -4.5922 -11.0866 0
      vertex -5.44789 -10.6921 0
    endloop
  endfacet
  facet normal 0.962472 0.271381 0
    outer loop
      vertex -11.4127 -3.7082 0.499999
      vertex -11.6684 -2.80134 0
      vertex -11.6684 -2.80134 0.499999
    endloop
  endfacet
  facet normal 0.962472 0.271381 0
    outer loop
      vertex -11.6684 -2.80134 0
      vertex -11.4127 -3.7082 0.499999
      vertex -11.4127 -3.7082 0
    endloop
  endfacet
  facet normal 0.999229 0.0392683 0
    outer loop
      vertex -11.963 -0.941508 0.499999
      vertex -12 0 0
      vertex -12 0 0.499999
    endloop
  endfacet
  facet normal 0.999229 0.0392683 0
    outer loop
      vertex -12 0 0
      vertex -11.963 -0.941508 0.499999
      vertex -11.963 -0.941508 0
    endloop
  endfacet
  facet normal 0.831459 0.555586 0
    outer loop
      vertex -9.7082 -7.05342 0.499999
      vertex -10.2317 -6.26998 0
      vertex -10.2317 -6.26998 0.499999
    endloop
  endfacet
  facet normal 0.831459 0.555586 0
    outer loop
      vertex -10.2317 -6.26998 0
      vertex -9.7082 -7.05342 0.499999
      vertex -9.7082 -7.05342 0
    endloop
  endfacet
  facet normal -0.993074 -0.117488 0
    outer loop
      vertex 11.963 0.941508 0
      vertex 11.8523 1.87721 0.499999
      vertex 11.8523 1.87721 0
    endloop
  endfacet
  facet normal -0.993074 -0.117488 0
    outer loop
      vertex 11.8523 1.87721 0.499999
      vertex 11.963 0.941508 0
      vertex 11.963 0.941508 0.499999
    endloop
  endfacet
  facet normal -0.908134 -0.418679 0
    outer loop
      vertex 11.0866 4.5922 0
      vertex 10.6921 5.44789 0.499999
      vertex 10.6921 5.44789 0
    endloop
  endfacet
  facet normal -0.908134 -0.418679 0
    outer loop
      vertex 10.6921 5.44789 0.499999
      vertex 11.0866 4.5922 0
      vertex 11.0866 4.5922 0.499999
    endloop
  endfacet
  facet normal -0.9382 -0.346094 0
    outer loop
      vertex 11.4127 3.7082 0
      vertex 11.0866 4.5922 0.499999
      vertex 11.0866 4.5922 0
    endloop
  endfacet
  facet normal -0.9382 -0.346094 0
    outer loop
      vertex 11.0866 4.5922 0.499999
      vertex 11.4127 3.7082 0
      vertex 11.4127 3.7082 0.499999
    endloop
  endfacet
  facet normal -0.678803 -0.73432 0
    outer loop
      vertex 7.79338 9.12487 0
      vertex 8.48528 8.48528 0.499999
      vertex 7.79338 9.12487 0.499999
    endloop
  endfacet
  facet normal -0.678803 -0.73432 -0
    outer loop
      vertex 8.48528 8.48528 0.499999
      vertex 7.79338 9.12487 0
      vertex 8.48528 8.48528 0
    endloop
  endfacet
  facet normal -0.619089 -0.785321 0
    outer loop
      vertex 7.05342 9.7082 0
      vertex 7.79338 9.12487 0.499999
      vertex 7.05342 9.7082 0.499999
    endloop
  endfacet
  facet normal -0.619089 -0.785321 -0
    outer loop
      vertex 7.79338 9.12487 0.499999
      vertex 7.05342 9.7082 0
      vertex 7.79338 9.12487 0
    endloop
  endfacet
  facet normal -0.346094 -0.9382 0
    outer loop
      vertex 3.7082 11.4127 0
      vertex 4.5922 11.0866 0.499999
      vertex 3.7082 11.4127 0.499999
    endloop
  endfacet
  facet normal -0.346094 -0.9382 -0
    outer loop
      vertex 4.5922 11.0866 0.499999
      vertex 3.7082 11.4127 0
      vertex 4.5922 11.0866 0
    endloop
  endfacet
  facet normal -0.195171 -0.980769 0
    outer loop
      vertex 1.87721 11.8523 0
      vertex 2.80134 11.6684 0.499999
      vertex 1.87721 11.8523 0.499999
    endloop
  endfacet
  facet normal -0.195171 -0.980769 -0
    outer loop
      vertex 2.80134 11.6684 0.499999
      vertex 1.87721 11.8523 0
      vertex 2.80134 11.6684 0
    endloop
  endfacet
  facet normal 0 0 -1
    outer loop
      vertex 6.6 0 0.499999
      vertex 12 0 0.499999
      vertex 11.963 -0.941508 0.499999
    endloop
  endfacet
  facet normal 0 0 -1
    outer loop
      vertex 6.57965 -0.51783 0.499999
      vertex 11.963 -0.941508 0.499999
      vertex 11.8523 -1.87721 0.499999
    endloop
  endfacet
  facet normal 0 0 -1
    outer loop
      vertex 12 0 0.499999
      vertex 6.6 0 0.499999
      vertex 11.963 0.941508 0.499999
    endloop
  endfacet
  facet normal 0 0 -1
    outer loop
      vertex 6.51874 -1.03247 0.499999
      vertex 11.8523 -1.87721 0.499999
      vertex 11.6684 -2.80134 0.499999
    endloop
  endfacet
  facet normal 0 0 -1
    outer loop
      vertex 6.57965 0.51783 0.499999
      vertex 11.963 0.941508 0.499999
      vertex 6.6 0 0.499999
    endloop
  endfacet
  facet normal 0 0 -1
    outer loop
      vertex 6.41764 -1.54074 0.499999
      vertex 11.6684 -2.80134 0.499999
      vertex 11.4127 -3.7082 0.499999
    endloop
  endfacet
  facet normal -0 0 -1
    outer loop
      vertex 11.963 0.941508 0.499999
      vertex 6.57965 0.51783 0.499999
      vertex 11.8523 1.87721 0.499999
    endloop
  endfacet
  facet normal 0 0 -1
    outer loop
      vertex 6.27697 -2.03951 0.499999
      vertex 11.4127 -3.7082 0.499999
      vertex 11.0866 -4.5922 0.499999
    endloop
  endfacet
  facet normal 0 0 -1
    outer loop
      vertex 6.51874 1.03247 0.499999
      vertex 11.8523 1.87721 0.499999
      vertex 6.57965 0.51783 0.499999
    endloop
  endfacet
  facet normal 0 0 -1
    outer loop
      vertex 6.0976 -2.52571 0.499999
      vertex 11.0866 -4.5922 0.499999
      vertex 10.6921 -5.44789 0.499999
    endloop
  endfacet
  facet normal -0 0 -1
    outer loop
      vertex 11.8523 1.87721 0.499999
      vertex 6.51874 1.03247 0.499999
      vertex 11.6684 2.80134 0.499999
    endloop
  endfacet
  facet normal 0 0 -1
    outer loop
      vertex 5.88064 -2.99634 0.499999
      vertex 10.6921 -5.44789 0.499999
      vertex 10.2317 -6.26998 0.499999
    endloop
  endfacet
  facet normal 0 0 -1
    outer loop
      vertex 6.41764 1.54074 0.499999
      vertex 11.6684 2.80134 0.499999
      vertex 6.51874 1.03247 0.499999
    endloop
  endfacet
  facet normal 0 0 -1
    outer loop
      vertex 5.62742 -3.44849 0.499999
      vertex 10.2317 -6.26998 0.499999
      vertex 9.7082 -7.05342 0.499999
    endloop
  endfacet
  facet normal -0 0 -1
    outer loop
      vertex 11.6684 2.80134 0.499999
      vertex 6.41764 1.54074 0.499999
      vertex 11.4127 3.7082 0.499999
    endloop
  endfacet
  facet normal 0 0 -1
    outer loop
      vertex 5.33951 -3.87938 0.499999
      vertex 9.7082 -7.05342 0.499999
      vertex 9.12487 -7.79338 0.499999
    endloop
  endfacet
  facet normal 0 0 -1
    outer loop
      vertex 6.27697 2.03951 0.499999
      vertex 11.4127 3.7082 0.499999
      vertex 6.41764 1.54074 0.499999
    endloop
  endfacet
  facet normal 0 0 -1
    outer loop
      vertex 5.01868 -4.28636 0.499999
      vertex 9.12487 -7.79338 0.499999
      vertex 8.48528 -8.48528 0.499999
    endloop
  endfacet
  facet normal -0 0 -1
    outer loop
      vertex 11.4127 3.7082 0.499999
      vertex 6.27697 2.03951 0.499999
      vertex 11.0866 4.5922 0.499999
    endloop
  endfacet
  facet normal 0 0 -1
    outer loop
      vertex 4.6669 -4.6669 0.499999
      vertex 8.48528 -8.48528 0.499999
      vertex 7.79338 -9.12487 0.499999
    endloop
  endfacet
  facet normal 0 0 -1
    outer loop
      vertex 6.0976 2.52571 0.499999
      vertex 11.0866 4.5922 0.499999
      vertex 6.27697 2.03951 0.499999
    endloop
  endfacet
  facet normal 0 0 -1
    outer loop
      vertex 4.28636 -5.01868 0.499999
      vertex 7.79338 -9.12487 0.499999
      vertex 7.05342 -9.7082 0.499999
    endloop
  endfacet
  facet normal -0 0 -1
    outer loop
      vertex 11.0866 4.5922 0.499999
      vertex 6.0976 2.52571 0.499999
      vertex 10.6921 5.44789 0.499999
    endloop
  endfacet
  facet normal 0 0 -1
    outer loop
      vertex 5.88064 2.99634 0.499999
      vertex 10.6921 5.44789 0.499999
      vertex 6.0976 2.52571 0.499999
    endloop
  endfacet
  facet normal 0 0 -1
    outer loop
      vertex 11.963 -0.941508 0.499999
      vertex 6.57965 -0.51783 0.499999
      vertex 6.6 0 0.499999
    endloop
  endfacet
  facet normal 0 0 -1
    outer loop
      vertex 11.8523 -1.87721 0.499999
      vertex 6.51874 -1.03247 0.499999
      vertex 6.57965 -0.51783 0.499999
    endloop
  endfacet
  facet normal 0 0 -1
    outer loop
      vertex 11.6684 -2.80134 0.499999
      vertex 6.41764 -1.54074 0.499999
      vertex 6.51874 -1.03247 0.499999
    endloop
  endfacet
  facet normal 0 0 -1
    outer loop
      vertex 11.4127 -3.7082 0.499999
      vertex 6.27697 -2.03951 0.499999
      vertex 6.41764 -1.54074 0.499999
    endloop
  endfacet
  facet normal 0 0 -1
    outer loop
      vertex 3.87938 -5.33951 0.499999
      vertex 7.05342 -9.7082 0.499999
      vertex 6.26998 -10.2317 0.499999
    endloop
  endfacet
  facet normal 0 0 -1
    outer loop
      vertex 11.0866 -4.5922 0.499999
      vertex 6.0976 -2.52571 0.499999
      vertex 6.27697 -2.03951 0.499999
    endloop
  endfacet
  facet normal 0 0 -1
    outer loop
      vertex 10.6921 -5.44789 0.499999
      vertex 5.88064 -2.99634 0.499999
      vertex 6.0976 -2.52571 0.499999
    endloop
  endfacet
  facet normal 0 0 -1
    outer loop
      vertex 10.2317 -6.26998 0.499999
      vertex 5.62742 -3.44849 0.499999
      vertex 5.88064 -2.99634 0.499999
    endloop
  endfacet
  facet normal 0 0 -1
    outer loop
      vertex 3.44849 -5.62742 0.499999
      vertex 6.26998 -10.2317 0.499999
      vertex 5.44789 -10.6921 0.499999
    endloop
  endfacet
  facet normal 0 0 -1
    outer loop
      vertex 9.7082 -7.05342 0.499999
      vertex 5.33951 -3.87938 0.499999
      vertex 5.62742 -3.44849 0.499999
    endloop
  endfacet
  facet normal 0 0 -1
    outer loop
      vertex 9.12487 -7.79338 0.499999
      vertex 5.01868 -4.28636 0.499999
      vertex 5.33951 -3.87938 0.499999
    endloop
  endfacet
  facet normal 0 0 -1
    outer loop
      vertex 8.48528 -8.48528 0.499999
      vertex 4.6669 -4.6669 0.499999
      vertex 5.01868 -4.28636 0.499999
    endloop
  endfacet
  facet normal 0 0 -1
    outer loop
      vertex 2.99634 -5.88064 0.499999
      vertex 5.44789 -10.6921 0.499999
      vertex 4.5922 -11.0866 0.499999
    endloop
  endfacet
  facet normal 0 0 -1
    outer loop
      vertex 7.79338 -9.12487 0.499999
      vertex 4.28636 -5.01868 0.499999
      vertex 4.6669 -4.6669 0.499999
    endloop
  endfacet
  facet normal 0 0 -1
    outer loop
      vertex 7.05342 -9.7082 0.499999
      vertex 3.87938 -5.33951 0.499999
      vertex 4.28636 -5.01868 0.499999
    endloop
  endfacet
  facet normal 0 0 -1
    outer loop
      vertex 2.52571 -6.0976 0.499999
      vertex 4.5922 -11.0866 0.499999
      vertex 3.7082 -11.4127 0.499999
    endloop
  endfacet
  facet normal 0 0 -1
    outer loop
      vertex 6.26998 -10.2317 0.499999
      vertex 3.44849 -5.62742 0.499999
      vertex 3.87938 -5.33951 0.499999
    endloop
  endfacet
  facet normal 0 0 -1
    outer loop
      vertex 5.44789 -10.6921 0.499999
      vertex 2.99634 -5.88064 0.499999
      vertex 3.44849 -5.62742 0.499999
    endloop
  endfacet
  facet normal 0 0 -1
    outer loop
      vertex 2.03951 -6.27697 0.499999
      vertex 3.7082 -11.4127 0.499999
      vertex 2.80134 -11.6684 0.499999
    endloop
  endfacet
  facet normal 0 0 -1
    outer loop
      vertex 4.5922 -11.0866 0.499999
      vertex 2.52571 -6.0976 0.499999
      vertex 2.99634 -5.88064 0.499999
    endloop
  endfacet
  facet normal 0 0 -1
    outer loop
      vertex 3.7082 -11.4127 0.499999
      vertex 2.03951 -6.27697 0.499999
      vertex 2.52571 -6.0976 0.499999
    endloop
  endfacet
  facet normal 0 0 -1
    outer loop
      vertex 1.54074 -6.41764 0.499999
      vertex 2.80134 -11.6684 0.499999
      vertex 1.87721 -11.8523 0.499999
    endloop
  endfacet
  facet normal 0 0 -1
    outer loop
      vertex 2.80134 -11.6684 0.499999
      vertex 1.54074 -6.41764 0.499999
      vertex 2.03951 -6.27697 0.499999
    endloop
  endfacet
  facet normal 0 0 -1
    outer loop
      vertex 1.87721 -11.8523 0.499999
      vertex 1.03247 -6.51874 0.499999
      vertex 1.54074 -6.41764 0.499999
    endloop
  endfacet
  facet normal 0 0 -1
    outer loop
      vertex 0.941508 -11.963 0.499999
      vertex 1.03247 -6.51874 0.499999
      vertex 1.87721 -11.8523 0.499999
    endloop
  endfacet
  facet normal 0 0 -1
    outer loop
      vertex 0.941508 -11.963 0.499999
      vertex 0.51783 -6.57965 0.499999
      vertex 1.03247 -6.51874 0.499999
    endloop
  endfacet
  facet normal 0 0 -1
    outer loop
      vertex 0 -12 0.499999
      vertex 0.51783 -6.57965 0.499999
      vertex 0.941508 -11.963 0.499999
    endloop
  endfacet
  facet normal 0 0 -1
    outer loop
      vertex 0 -12 0.499999
      vertex 0 -6.6 0.499999
      vertex 0.51783 -6.57965 0.499999
    endloop
  endfacet
  facet normal 0 0 -1
    outer loop
      vertex 0 -12 0.499999
      vertex -0.51783 -6.57965 0.499999
      vertex 0 -6.6 0.499999
    endloop
  endfacet
  facet normal 0 0 -1
    outer loop
      vertex -0.941508 -11.963 0.499999
      vertex -0.51783 -6.57965 0.499999
      vertex 0 -12 0.499999
    endloop
  endfacet
  facet normal 0 0 -1
    outer loop
      vertex -0.941508 -11.963 0.499999
      vertex -1.03247 -6.51874 0.499999
      vertex -0.51783 -6.57965 0.499999
    endloop
  endfacet
  facet normal 0 0 -1
    outer loop
      vertex -1.87721 -11.8523 0.499999
      vertex -1.03247 -6.51874 0.499999
      vertex -0.941508 -11.963 0.499999
    endloop
  endfacet
  facet normal -0 0 -1
    outer loop
      vertex -1.03247 -6.51874 0.499999
      vertex -1.87721 -11.8523 0.499999
      vertex -1.54074 -6.41764 0.499999
    endloop
  endfacet
  facet normal 0 0 -1
    outer loop
      vertex -2.80134 -11.6684 0.499999
      vertex -1.54074 -6.41764 0.499999
      vertex -1.87721 -11.8523 0.499999
    endloop
  endfacet
  facet normal -0 0 -1
    outer loop
      vertex -1.54074 -6.41764 0.499999
      vertex -2.80134 -11.6684 0.499999
      vertex -2.03951 -6.27697 0.499999
    endloop
  endfacet
  facet normal 0 0 -1
    outer loop
      vertex -3.7082 -11.4127 0.499999
      vertex -2.03951 -6.27697 0.499999
      vertex -2.80134 -11.6684 0.499999
    endloop
  endfacet
  facet normal -0 0 -1
    outer loop
      vertex -2.03951 -6.27697 0.499999
      vertex -3.7082 -11.4127 0.499999
      vertex -2.52571 -6.0976 0.499999
    endloop
  endfacet
  facet normal 0 0 -1
    outer loop
      vertex -4.5922 -11.0866 0.499999
      vertex -2.52571 -6.0976 0.499999
      vertex -3.7082 -11.4127 0.499999
    endloop
  endfacet
  facet normal -0 0 -1
    outer loop
      vertex -2.52571 -6.0976 0.499999
      vertex -4.5922 -11.0866 0.499999
      vertex -2.99634 -5.88064 0.499999
    endloop
  endfacet
  facet normal 0 0 -1
    outer loop
      vertex -5.44789 -10.6921 0.499999
      vertex -2.99634 -5.88064 0.499999
      vertex -4.5922 -11.0866 0.499999
    endloop
  endfacet
  facet normal -0 0 -1
    outer loop
      vertex -2.99634 -5.88064 0.499999
      vertex -5.44789 -10.6921 0.499999
      vertex -3.44849 -5.62742 0.499999
    endloop
  endfacet
  facet normal 0 0 -1
    outer loop
      vertex -6.26998 -10.2317 0.499999
      vertex -3.44849 -5.62742 0.499999
      vertex -5.44789 -10.6921 0.499999
    endloop
  endfacet
  facet normal -0 0 -1
    outer loop
      vertex -3.44849 -5.62742 0.499999
      vertex -6.26998 -10.2317 0.499999
      vertex -3.87938 -5.33951 0.499999
    endloop
  endfacet
  facet normal 0 0 -1
    outer loop
      vertex -7.05342 -9.7082 0.499999
      vertex -3.87938 -5.33951 0.499999
      vertex -6.26998 -10.2317 0.499999
    endloop
  endfacet
  facet normal -0 0 -1
    outer loop
      vertex -3.87938 -5.33951 0.499999
      vertex -7.05342 -9.7082 0.499999
      vertex -4.28636 -5.01868 0.499999
    endloop
  endfacet
  facet normal 0 0 -1
    outer loop
      vertex -7.79338 -9.12487 0.499999
      vertex -4.28636 -5.01868 0.499999
      vertex -7.05342 -9.7082 0.499999
    endloop
  endfacet
  facet normal -0 0 -1
    outer loop
      vertex -4.28636 -5.01868 0.499999
      vertex -7.79338 -9.12487 0.499999
      vertex -4.6669 -4.6669 0.499999
    endloop
  endfacet
  facet normal 0 0 -1
    outer loop
      vertex -8.48528 -8.48528 0.499999
      vertex -4.6669 -4.6669 0.499999
      vertex -7.79338 -9.12487 0.499999
    endloop
  endfacet
  facet normal -0 0 -1
    outer loop
      vertex -4.6669 -4.6669 0.499999
      vertex -8.48528 -8.48528 0.499999
      vertex -5.01868 -4.28636 0.499999
    endloop
  endfacet
  facet normal 0 0 -1
    outer loop
      vertex -9.12487 -7.79338 0.499999
      vertex -5.01868 -4.28636 0.499999
      vertex -8.48528 -8.48528 0.499999
    endloop
  endfacet
  facet normal -0 0 -1
    outer loop
      vertex -5.01868 -4.28636 0.499999
      vertex -9.12487 -7.79338 0.499999
      vertex -5.33951 -3.87938 0.499999
    endloop
  endfacet
  facet normal 0 0 -1
    outer loop
      vertex -9.7082 -7.05342 0.499999
      vertex -5.33951 -3.87938 0.499999
      vertex -9.12487 -7.79338 0.499999
    endloop
  endfacet
  facet normal -0 0 -1
    outer loop
      vertex -5.33951 -3.87938 0.499999
      vertex -9.7082 -7.05342 0.499999
      vertex -5.62742 -3.44849 0.499999
    endloop
  endfacet
  facet normal 0 0 -1
    outer loop
      vertex -10.2317 -6.26998 0.499999
      vertex -5.62742 -3.44849 0.499999
      vertex -9.7082 -7.05342 0.499999
    endloop
  endfacet
  facet normal -0 0 -1
    outer loop
      vertex -5.62742 -3.44849 0.499999
      vertex -10.2317 -6.26998 0.499999
      vertex -5.88064 -2.99634 0.499999
    endloop
  endfacet
  facet normal 0 0 -1
    outer loop
      vertex -10.6921 -5.44789 0.499999
      vertex -5.88064 -2.99634 0.499999
      vertex -10.2317 -6.26998 0.499999
    endloop
  endfacet
  facet normal -0 0 -1
    outer loop
      vertex 10.6921 5.44789 0.499999
      vertex 5.88064 2.99634 0.499999
      vertex 10.2317 6.26998 0.499999
    endloop
  endfacet
  facet normal 0 0 -1
    outer loop
      vertex 5.62742 3.44849 0.499999
      vertex 10.2317 6.26998 0.499999
      vertex 5.88064 2.99634 0.499999
    endloop
  endfacet
  facet normal -0 0 -1
    outer loop
      vertex 10.2317 6.26998 0.499999
      vertex 5.62742 3.44849 0.499999
      vertex 9.7082 7.05342 0.499999
    endloop
  endfacet
  facet normal 0 0 -1
    outer loop
      vertex 5.33951 3.87938 0.499999
      vertex 9.7082 7.05342 0.499999
      vertex 5.62742 3.44849 0.499999
    endloop
  endfacet
  facet normal -0 0 -1
    outer loop
      vertex 9.7082 7.05342 0.499999
      vertex 5.33951 3.87938 0.499999
      vertex 9.12487 7.79338 0.499999
    endloop
  endfacet
  facet normal 0 0 -1
    outer loop
      vertex 5.01868 4.28636 0.499999
      vertex 9.12487 7.79338 0.499999
      vertex 5.33951 3.87938 0.499999
    endloop
  endfacet
  facet normal -0 0 -1
    outer loop
      vertex 9.12487 7.79338 0.499999
      vertex 5.01868 4.28636 0.499999
      vertex 8.48528 8.48528 0.499999
    endloop
  endfacet
  facet normal 0 0 -1
    outer loop
      vertex 4.6669 4.6669 0.499999
      vertex 8.48528 8.48528 0.499999
      vertex 5.01868 4.28636 0.499999
    endloop
  endfacet
  facet normal -0 0 -1
    outer loop
      vertex 8.48528 8.48528 0.499999
      vertex 4.6669 4.6669 0.499999
      vertex 7.79338 9.12487 0.499999
    endloop
  endfacet
  facet normal 0 0 -1
    outer loop
      vertex 4.28636 5.01868 0.499999
      vertex 7.79338 9.12487 0.499999
      vertex 4.6669 4.6669 0.499999
    endloop
  endfacet
  facet normal -0 0 -1
    outer loop
      vertex 7.79338 9.12487 0.499999
      vertex 4.28636 5.01868 0.499999
      vertex 7.05342 9.7082 0.499999
    endloop
  endfacet
  facet normal 0 0 -1
    outer loop
      vertex 3.87938 5.33951 0.499999
      vertex 7.05342 9.7082 0.499999
      vertex 4.28636 5.01868 0.499999
    endloop
  endfacet
  facet normal -0 0 -1
    outer loop
      vertex 7.05342 9.7082 0.499999
      vertex 3.87938 5.33951 0.499999
      vertex 6.26998 10.2317 0.499999
    endloop
  endfacet
  facet normal 0 0 -1
    outer loop
      vertex 3.44849 5.62742 0.499999
      vertex 6.26998 10.2317 0.499999
      vertex 3.87938 5.33951 0.499999
    endloop
  endfacet
  facet normal -0 0 -1
    outer loop
      vertex 6.26998 10.2317 0.499999
      vertex 3.44849 5.62742 0.499999
      vertex 5.44789 10.6921 0.499999
    endloop
  endfacet
  facet normal 0 0 -1
    outer loop
      vertex 2.99634 5.88064 0.499999
      vertex 5.44789 10.6921 0.499999
      vertex 3.44849 5.62742 0.499999
    endloop
  endfacet
  facet normal -0 0 -1
    outer loop
      vertex 5.44789 10.6921 0.499999
      vertex 2.99634 5.88064 0.499999
      vertex 4.5922 11.0866 0.499999
    endloop
  endfacet
  facet normal 0 0 -1
    outer loop
      vertex 2.52571 6.0976 0.499999
      vertex 4.5922 11.0866 0.499999
      vertex 2.99634 5.88064 0.499999
    endloop
  endfacet
  facet normal -0 0 -1
    outer loop
      vertex 4.5922 11.0866 0.499999
      vertex 2.52571 6.0976 0.499999
      vertex 3.7082 11.4127 0.499999
    endloop
  endfacet
  facet normal 0 0 -1
    outer loop
      vertex 2.03951 6.27697 0.499999
      vertex 3.7082 11.4127 0.499999
      vertex 2.52571 6.0976 0.499999
    endloop
  endfacet
  facet normal -0 0 -1
    outer loop
      vertex 3.7082 11.4127 0.499999
      vertex 2.03951 6.27697 0.499999
      vertex 2.80134 11.6684 0.499999
    endloop
  endfacet
  facet normal 0 0 -1
    outer loop
      vertex 1.54074 6.41764 0.499999
      vertex 2.80134 11.6684 0.499999
      vertex 2.03951 6.27697 0.499999
    endloop
  endfacet
  facet normal -0 0 -1
    outer loop
      vertex 2.80134 11.6684 0.499999
      vertex 1.54074 6.41764 0.499999
      vertex 1.87721 11.8523 0.499999
    endloop
  endfacet
  facet normal 0 0 -1
    outer loop
      vertex 1.03247 6.51874 0.499999
      vertex 1.87721 11.8523 0.499999
      vertex 1.54074 6.41764 0.499999
    endloop
  endfacet
  facet normal 0 0 -1
    outer loop
      vertex 1.03247 6.51874 0.499999
      vertex 0.941508 11.963 0.499999
      vertex 1.87721 11.8523 0.499999
    endloop
  endfacet
  facet normal 0 0 -1
    outer loop
      vertex 0.51783 6.57965 0.499999
      vertex 0.941508 11.963 0.499999
      vertex 1.03247 6.51874 0.499999
    endloop
  endfacet
  facet normal 0 0 -1
    outer loop
      vertex 0 6.6 0.499999
      vertex 0.941508 11.963 0.499999
      vertex 0.51783 6.57965 0.499999
    endloop
  endfacet
  facet normal 0 0 -1
    outer loop
      vertex 0 6.6 0.499999
      vertex 0 12 0.499999
      vertex 0.941508 11.963 0.499999
    endloop
  endfacet
  facet normal 0 0 -1
    outer loop
      vertex -0.51783 6.57965 0.499999
      vertex 0 12 0.499999
      vertex 0 6.6 0.499999
    endloop
  endfacet
  facet normal 0 0 -1
    outer loop
      vertex -0.51783 6.57965 0.499999
      vertex -0.941508 11.963 0.499999
      vertex 0 12 0.499999
    endloop
  endfacet
  facet normal 0 0 -1
    outer loop
      vertex -1.03247 6.51874 0.499999
      vertex -0.941508 11.963 0.499999
      vertex -0.51783 6.57965 0.499999
    endloop
  endfacet
  facet normal 0 0 -1
    outer loop
      vertex -1.87721 11.8523 0.499999
      vertex -1.03247 6.51874 0.499999
      vertex -1.54074 6.41764 0.499999
    endloop
  endfacet
  facet normal 0 0 -1
    outer loop
      vertex -1.03247 6.51874 0.499999
      vertex -1.87721 11.8523 0.499999
      vertex -0.941508 11.963 0.499999
    endloop
  endfacet
  facet normal 0 0 -1
    outer loop
      vertex -2.80134 11.6684 0.499999
      vertex -1.54074 6.41764 0.499999
      vertex -2.03951 6.27697 0.499999
    endloop
  endfacet
  facet normal 0 0 -1
    outer loop
      vertex -3.7082 11.4127 0.499999
      vertex -2.03951 6.27697 0.499999
      vertex -2.52571 6.0976 0.499999
    endloop
  endfacet
  facet normal 0 0 -1
    outer loop
      vertex -1.54074 6.41764 0.499999
      vertex -2.80134 11.6684 0.499999
      vertex -1.87721 11.8523 0.499999
    endloop
  endfacet
  facet normal 0 0 -1
    outer loop
      vertex -4.5922 11.0866 0.499999
      vertex -2.52571 6.0976 0.499999
      vertex -2.99634 5.88064 0.499999
    endloop
  endfacet
  facet normal 0 0 -1
    outer loop
      vertex -5.44789 10.6921 0.499999
      vertex -2.99634 5.88064 0.499999
      vertex -3.44849 5.62742 0.499999
    endloop
  endfacet
  facet normal 0 0 -1
    outer loop
      vertex -2.03951 6.27697 0.499999
      vertex -3.7082 11.4127 0.499999
      vertex -2.80134 11.6684 0.499999
    endloop
  endfacet
  facet normal 0 0 -1
    outer loop
      vertex -6.26998 10.2317 0.499999
      vertex -3.44849 5.62742 0.499999
      vertex -3.87938 5.33951 0.499999
    endloop
  endfacet
  facet normal 0 0 -1
    outer loop
      vertex -7.05342 9.7082 0.499999
      vertex -3.87938 5.33951 0.499999
      vertex -4.28636 5.01868 0.499999
    endloop
  endfacet
  facet normal 0 0 -1
    outer loop
      vertex -2.52571 6.0976 0.499999
      vertex -4.5922 11.0866 0.499999
      vertex -3.7082 11.4127 0.499999
    endloop
  endfacet
  facet normal 0 0 -1
    outer loop
      vertex -7.79338 9.12487 0.499999
      vertex -4.28636 5.01868 0.499999
      vertex -4.6669 4.6669 0.499999
    endloop
  endfacet
  facet normal 0 0 -1
    outer loop
      vertex -8.48528 8.48528 0.499999
      vertex -4.6669 4.6669 0.499999
      vertex -5.01868 4.28636 0.499999
    endloop
  endfacet
  facet normal 0 0 -1
    outer loop
      vertex -9.12487 7.79338 0.499999
      vertex -5.01868 4.28636 0.499999
      vertex -5.33951 3.87938 0.499999
    endloop
  endfacet
  facet normal 0 0 -1
    outer loop
      vertex -2.99634 5.88064 0.499999
      vertex -5.44789 10.6921 0.499999
      vertex -4.5922 11.0866 0.499999
    endloop
  endfacet
  facet normal 0 0 -1
    outer loop
      vertex -9.7082 7.05342 0.499999
      vertex -5.33951 3.87938 0.499999
      vertex -5.62742 3.44849 0.499999
    endloop
  endfacet
  facet normal 0 0 -1
    outer loop
      vertex -10.2317 6.26998 0.499999
      vertex -5.62742 3.44849 0.499999
      vertex -5.88064 2.99634 0.499999
    endloop
  endfacet
  facet normal 0 0 -1
    outer loop
      vertex -10.6921 5.44789 0.499999
      vertex -5.88064 2.99634 0.499999
      vertex -6.0976 2.52571 0.499999
    endloop
  endfacet
  facet normal 0 0 -1
    outer loop
      vertex -3.44849 5.62742 0.499999
      vertex -6.26998 10.2317 0.499999
      vertex -5.44789 10.6921 0.499999
    endloop
  endfacet
  facet normal 0 0 -1
    outer loop
      vertex -11.0866 4.5922 0.499999
      vertex -6.0976 2.52571 0.499999
      vertex -6.27697 2.03951 0.499999
    endloop
  endfacet
  facet normal 0 0 -1
    outer loop
      vertex -11.4127 3.7082 0.499999
      vertex -6.27697 2.03951 0.499999
      vertex -6.41764 1.54074 0.499999
    endloop
  endfacet
  facet normal 0 0 -1
    outer loop
      vertex -11.6684 2.80134 0.499999
      vertex -6.41764 1.54074 0.499999
      vertex -6.51874 1.03247 0.499999
    endloop
  endfacet
  facet normal 0 0 -1
    outer loop
      vertex -11.8523 1.87721 0.499999
      vertex -6.51874 1.03247 0.499999
      vertex -6.57965 0.51783 0.499999
    endloop
  endfacet
  facet normal 0 0 -1
    outer loop
      vertex -11.963 0.941508 0.499999
      vertex -6.57965 0.51783 0.499999
      vertex -6.6 0 0.499999
    endloop
  endfacet
  facet normal -0 0 -1
    outer loop
      vertex -5.88064 -2.99634 0.499999
      vertex -10.6921 -5.44789 0.499999
      vertex -6.0976 -2.52571 0.499999
    endloop
  endfacet
  facet normal 0 0 -1
    outer loop
      vertex -3.87938 5.33951 0.499999
      vertex -7.05342 9.7082 0.499999
      vertex -6.26998 10.2317 0.499999
    endloop
  endfacet
  facet normal 0 0 -1
    outer loop
      vertex -11.0866 -4.5922 0.499999
      vertex -6.0976 -2.52571 0.499999
      vertex -10.6921 -5.44789 0.499999
    endloop
  endfacet
  facet normal 0 0 -1
    outer loop
      vertex -4.28636 5.01868 0.499999
      vertex -7.79338 9.12487 0.499999
      vertex -7.05342 9.7082 0.499999
    endloop
  endfacet
  facet normal -0 0 -1
    outer loop
      vertex -6.0976 -2.52571 0.499999
      vertex -11.0866 -4.5922 0.499999
      vertex -6.27697 -2.03951 0.499999
    endloop
  endfacet
  facet normal 0 0 -1
    outer loop
      vertex -4.6669 4.6669 0.499999
      vertex -8.48528 8.48528 0.499999
      vertex -7.79338 9.12487 0.499999
    endloop
  endfacet
  facet normal 0 0 -1
    outer loop
      vertex -11.4127 -3.7082 0.499999
      vertex -6.27697 -2.03951 0.499999
      vertex -11.0866 -4.5922 0.499999
    endloop
  endfacet
  facet normal 0 0 -1
    outer loop
      vertex -5.01868 4.28636 0.499999
      vertex -9.12487 7.79338 0.499999
      vertex -8.48528 8.48528 0.499999
    endloop
  endfacet
  facet normal -0 0 -1
    outer loop
      vertex -6.27697 -2.03951 0.499999
      vertex -11.4127 -3.7082 0.499999
      vertex -6.41764 -1.54074 0.499999
    endloop
  endfacet
  facet normal 0 0 -1
    outer loop
      vertex -5.33951 3.87938 0.499999
      vertex -9.7082 7.05342 0.499999
      vertex -9.12487 7.79338 0.499999
    endloop
  endfacet
  facet normal 0 0 -1
    outer loop
      vertex -11.6684 -2.80134 0.499999
      vertex -6.41764 -1.54074 0.499999
      vertex -11.4127 -3.7082 0.499999
    endloop
  endfacet
  facet normal 0 0 -1
    outer loop
      vertex -5.62742 3.44849 0.499999
      vertex -10.2317 6.26998 0.499999
      vertex -9.7082 7.05342 0.499999
    endloop
  endfacet
  facet normal -0 0 -1
    outer loop
      vertex -6.41764 -1.54074 0.499999
      vertex -11.6684 -2.80134 0.499999
      vertex -6.51874 -1.03247 0.499999
    endloop
  endfacet
  facet normal 0 0 -1
    outer loop
      vertex -5.88064 2.99634 0.499999
      vertex -10.6921 5.44789 0.499999
      vertex -10.2317 6.26998 0.499999
    endloop
  endfacet
  facet normal 0 0 -1
    outer loop
      vertex -11.8523 -1.87721 0.499999
      vertex -6.51874 -1.03247 0.499999
      vertex -11.6684 -2.80134 0.499999
    endloop
  endfacet
  facet normal 0 0 -1
    outer loop
      vertex -6.0976 2.52571 0.499999
      vertex -11.0866 4.5922 0.499999
      vertex -10.6921 5.44789 0.499999
    endloop
  endfacet
  facet normal -0 0 -1
    outer loop
      vertex -6.51874 -1.03247 0.499999
      vertex -11.8523 -1.87721 0.499999
      vertex -6.57965 -0.51783 0.499999
    endloop
  endfacet
  facet normal 0 0 -1
    outer loop
      vertex -6.27697 2.03951 0.499999
      vertex -11.4127 3.7082 0.499999
      vertex -11.0866 4.5922 0.499999
    endloop
  endfacet
  facet normal 0 0 -1
    outer loop
      vertex -11.963 -0.941508 0.499999
      vertex -6.57965 -0.51783 0.499999
      vertex -11.8523 -1.87721 0.499999
    endloop
  endfacet
  facet normal 0 0 -1
    outer loop
      vertex -6.41764 1.54074 0.499999
      vertex -11.6684 2.80134 0.499999
      vertex -11.4127 3.7082 0.499999
    endloop
  endfacet
  facet normal -0 0 -1
    outer loop
      vertex -6.57965 -0.51783 0.499999
      vertex -11.963 -0.941508 0.499999
      vertex -6.6 0 0.499999
    endloop
  endfacet
  facet normal 0 0 -1
    outer loop
      vertex -6.51874 1.03247 0.499999
      vertex -11.8523 1.87721 0.499999
      vertex -11.6684 2.80134 0.499999
    endloop
  endfacet
  facet normal 0 0 -1
    outer loop
      vertex -12 0 0.499999
      vertex -6.6 0 0.499999
      vertex -11.963 -0.941508 0.499999
    endloop
  endfacet
  facet normal 0 0 -1
    outer loop
      vertex -6.57965 0.51783 0.499999
      vertex -11.963 0.941508 0.499999
      vertex -11.8523 1.87721 0.499999
    endloop
  endfacet
  facet normal 0 0 -1
    outer loop
      vertex -6.6 0 0.499999
      vertex -12 0 0.499999
      vertex -11.963 0.941508 0.499999
    endloop
  endfacet
  facet normal 0.980769 -0.195171 0
    outer loop
      vertex -11.8523 1.87721 0.499999
      vertex -11.6684 2.80134 0
      vertex -11.6684 2.80134 0.499999
    endloop
  endfacet
  facet normal 0.980769 -0.195171 0
    outer loop
      vertex -11.6684 2.80134 0
      vertex -11.8523 1.87721 0.499999
      vertex -11.8523 1.87721 0
    endloop
  endfacet
  facet normal 0.73432 -0.678803 0
    outer loop
      vertex -9.12487 7.79338 0.499999
      vertex -8.48528 8.48528 0
      vertex -8.48528 8.48528 0.499999
    endloop
  endfacet
  facet normal 0.73432 -0.678803 0
    outer loop
      vertex -8.48528 8.48528 0
      vertex -9.12487 7.79338 0.499999
      vertex -9.12487 7.79338 0
    endloop
  endfacet
  facet normal 0.117488 -0.993074 0
    outer loop
      vertex -1.87721 11.8523 0
      vertex -0.941508 11.963 0.499999
      vertex -1.87721 11.8523 0.499999
    endloop
  endfacet
  facet normal 0.117488 -0.993074 0
    outer loop
      vertex -0.941508 11.963 0.499999
      vertex -1.87721 11.8523 0
      vertex -0.941508 11.963 0
    endloop
  endfacet
  facet normal 0.195171 -0.980769 0
    outer loop
      vertex -2.80134 11.6684 0
      vertex -1.87721 11.8523 0.499999
      vertex -2.80134 11.6684 0.499999
    endloop
  endfacet
  facet normal 0.195171 -0.980769 0
    outer loop
      vertex -1.87721 11.8523 0.499999
      vertex -2.80134 11.6684 0
      vertex -1.87721 11.8523 0
    endloop
  endfacet
  facet normal 0.678803 -0.73432 0
    outer loop
      vertex -8.48528 8.48528 0
      vertex -7.79338 9.12487 0.499999
      vertex -8.48528 8.48528 0.499999
    endloop
  endfacet
  facet normal 0.678803 -0.73432 0
    outer loop
      vertex -7.79338 9.12487 0.499999
      vertex -8.48528 8.48528 0
      vertex -7.79338 9.12487 0
    endloop
  endfacet
  facet normal 0.619089 -0.785321 0
    outer loop
      vertex -7.79338 9.12487 0
      vertex -7.05342 9.7082 0.499999
      vertex -7.79338 9.12487 0.499999
    endloop
  endfacet
  facet normal 0.619089 -0.785321 0
    outer loop
      vertex -7.05342 9.7082 0.499999
      vertex -7.79338 9.12487 0
      vertex -7.05342 9.7082 0
    endloop
  endfacet
  facet normal -0.980769 0.195171 0
    outer loop
      vertex 11.6684 -2.80134 0
      vertex 11.8523 -1.87721 0.499999
      vertex 11.8523 -1.87721 0
    endloop
  endfacet
  facet normal -0.980769 0.195171 0
    outer loop
      vertex 11.8523 -1.87721 0.499999
      vertex 11.6684 -2.80134 0
      vertex 11.6684 -2.80134 0.499999
    endloop
  endfacet
  facet normal -0.999229 0.0392683 0
    outer loop
      vertex 11.963 -0.941508 0
      vertex 12 0 0.499999
      vertex 12 0 0
    endloop
  endfacet
  facet normal -0.999229 0.0392683 0
    outer loop
      vertex 12 0 0.499999
      vertex 11.963 -0.941508 0
      vertex 11.963 -0.941508 0.499999
    endloop
  endfacet
  facet normal -0.962472 0.271381 0
    outer loop
      vertex 11.4127 -3.7082 0
      vertex 11.6684 -2.80134 0.499999
      vertex 11.6684 -2.80134 0
    endloop
  endfacet
  facet normal -0.962472 0.271381 0
    outer loop
      vertex 11.6684 -2.80134 0.499999
      vertex 11.4127 -3.7082 0
      vertex 11.4127 -3.7082 0.499999
    endloop
  endfacet
  facet normal -0.9382 0.346094 0
    outer loop
      vertex 11.0866 -4.5922 0
      vertex 11.4127 -3.7082 0.499999
      vertex 11.4127 -3.7082 0
    endloop
  endfacet
  facet normal -0.9382 0.346094 0
    outer loop
      vertex 11.4127 -3.7082 0.499999
      vertex 11.0866 -4.5922 0
      vertex 11.0866 -4.5922 0.499999
    endloop
  endfacet
  facet normal -0.831459 0.555586 0
    outer loop
      vertex 9.7082 -7.05342 0
      vertex 10.2317 -6.26998 0.499999
      vertex 10.2317 -6.26998 0
    endloop
  endfacet
  facet normal -0.831459 0.555586 0
    outer loop
      vertex 10.2317 -6.26998 0.499999
      vertex 9.7082 -7.05342 0
      vertex 9.7082 -7.05342 0.499999
    endloop
  endfacet
  facet normal -0.117488 0.993074 0
    outer loop
      vertex 1.87721 -11.8523 0
      vertex 0.941508 -11.963 0.499999
      vertex 1.87721 -11.8523 0.499999
    endloop
  endfacet
  facet normal -0.117488 0.993074 0
    outer loop
      vertex 0.941508 -11.963 0.499999
      vertex 1.87721 -11.8523 0
      vertex 0.941508 -11.963 0
    endloop
  endfacet
  facet normal -0.346094 0.9382 0
    outer loop
      vertex 4.5922 -11.0866 0
      vertex 3.7082 -11.4127 0.499999
      vertex 4.5922 -11.0866 0.499999
    endloop
  endfacet
  facet normal -0.346094 0.9382 0
    outer loop
      vertex 3.7082 -11.4127 0.499999
      vertex 4.5922 -11.0866 0
      vertex 3.7082 -11.4127 0
    endloop
  endfacet
  facet normal -0.678803 0.73432 0
    outer loop
      vertex 8.48528 -8.48528 0
      vertex 7.79338 -9.12487 0.499999
      vertex 8.48528 -8.48528 0.499999
    endloop
  endfacet
  facet normal -0.678803 0.73432 0
    outer loop
      vertex 7.79338 -9.12487 0.499999
      vertex 8.48528 -8.48528 0
      vertex 7.79338 -9.12487 0
    endloop
  endfacet
  facet normal -0.488627 0.872493 0
    outer loop
      vertex 6.26998 -10.2317 0
      vertex 5.44789 -10.6921 0.499999
      vertex 6.26998 -10.2317 0.499999
    endloop
  endfacet
  facet normal -0.488627 0.872493 0
    outer loop
      vertex 5.44789 -10.6921 0.499999
      vertex 6.26998 -10.2317 0
      vertex 5.44789 -10.6921 0
    endloop
  endfacet
  facet normal 0.195171 0.980769 -0
    outer loop
      vertex -1.87721 -11.8523 0
      vertex -2.80134 -11.6684 0.499999
      vertex -1.87721 -11.8523 0.499999
    endloop
  endfacet
  facet normal 0.195171 0.980769 0
    outer loop
      vertex -2.80134 -11.6684 0.499999
      vertex -1.87721 -11.8523 0
      vertex -2.80134 -11.6684 0
    endloop
  endfacet
  facet normal 0.678803 0.73432 -0
    outer loop
      vertex -7.79338 -9.12487 0
      vertex -8.48528 -8.48528 0.499999
      vertex -7.79338 -9.12487 0.499999
    endloop
  endfacet
  facet normal 0.678803 0.73432 0
    outer loop
      vertex -8.48528 -8.48528 0.499999
      vertex -7.79338 -9.12487 0
      vertex -8.48528 -8.48528 0
    endloop
  endfacet
  facet normal 0.993074 0.117488 0
    outer loop
      vertex -11.8523 -1.87721 0.499999
      vertex -11.963 -0.941508 0
      vertex -11.963 -0.941508 0.499999
    endloop
  endfacet
  facet normal 0.993074 0.117488 0
    outer loop
      vertex -11.963 -0.941508 0
      vertex -11.8523 -1.87721 0.499999
      vertex -11.8523 -1.87721 0
    endloop
  endfacet
  facet normal 0.9382 0.346094 0
    outer loop
      vertex -11.0866 -4.5922 0.499999
      vertex -11.4127 -3.7082 0
      vertex -11.4127 -3.7082 0.499999
    endloop
  endfacet
  facet normal 0.9382 0.346094 0
    outer loop
      vertex -11.4127 -3.7082 0
      vertex -11.0866 -4.5922 0.499999
      vertex -11.0866 -4.5922 0
    endloop
  endfacet
  facet normal 0.73432 0.678803 0
    outer loop
      vertex -8.48528 -8.48528 0.499999
      vertex -9.12487 -7.79338 0
      vertex -9.12487 -7.79338 0.499999
    endloop
  endfacet
  facet normal 0.73432 0.678803 0
    outer loop
      vertex -9.12487 -7.79338 0
      vertex -8.48528 -8.48528 0.499999
      vertex -8.48528 -8.48528 0
    endloop
  endfacet
  facet normal 0.872493 0.488627 0
    outer loop
      vertex -10.2317 -6.26998 0.499999
      vertex -10.6921 -5.44789 0
      vertex -10.6921 -5.44789 0.499999
    endloop
  endfacet
  facet normal 0.872493 0.488627 0
    outer loop
      vertex -10.6921 -5.44789 0
      vertex -10.2317 -6.26998 0.499999
      vertex -10.2317 -6.26998 0
    endloop
  endfacet
  facet normal 0.785321 0.619089 0
    outer loop
      vertex -9.12487 -7.79338 0.499999
      vertex -9.7082 -7.05342 0
      vertex -9.7082 -7.05342 0.499999
    endloop
  endfacet
  facet normal 0.785321 0.619089 0
    outer loop
      vertex -9.7082 -7.05342 0
      vertex -9.12487 -7.79338 0.499999
      vertex -9.12487 -7.79338 0
    endloop
  endfacet
  facet normal -0.908134 0.418679 0
    outer loop
      vertex 10.6921 -5.44789 0
      vertex 11.0866 -4.5922 0.499999
      vertex 11.0866 -4.5922 0
    endloop
  endfacet
  facet normal -0.908134 0.418679 0
    outer loop
      vertex 11.0866 -4.5922 0.499999
      vertex 10.6921 -5.44789 0
      vertex 10.6921 -5.44789 0.499999
    endloop
  endfacet
  facet normal -0.195171 0.980769 0
    outer loop
      vertex 2.80134 -11.6684 0
      vertex 1.87721 -11.8523 0.499999
      vertex 2.80134 -11.6684 0.499999
    endloop
  endfacet
  facet normal -0.195171 0.980769 0
    outer loop
      vertex 1.87721 -11.8523 0.499999
      vertex 2.80134 -11.6684 0
      vertex 1.87721 -11.8523 0
    endloop
  endfacet
  facet normal 0.117488 0.993074 -0
    outer loop
      vertex -0.941508 -11.963 0
      vertex -1.87721 -11.8523 0.499999
      vertex -0.941508 -11.963 0.499999
    endloop
  endfacet
  facet normal 0.117488 0.993074 0
    outer loop
      vertex -1.87721 -11.8523 0.499999
      vertex -0.941508 -11.963 0
      vertex -1.87721 -11.8523 0
    endloop
  endfacet
  facet normal 0.619089 0.785321 -0
    outer loop
      vertex -7.05342 -9.7082 0
      vertex -7.79338 -9.12487 0.499999
      vertex -7.05342 -9.7082 0.499999
    endloop
  endfacet
  facet normal 0.619089 0.785321 0
    outer loop
      vertex -7.79338 -9.12487 0.499999
      vertex -7.05342 -9.7082 0
      vertex -7.79338 -9.12487 0
    endloop
  endfacet
  facet normal -0.993074 0.117488 0
    outer loop
      vertex 11.8523 -1.87721 0
      vertex 11.963 -0.941508 0.499999
      vertex 11.963 -0.941508 0
    endloop
  endfacet
  facet normal -0.993074 0.117488 0
    outer loop
      vertex 11.963 -0.941508 0.499999
      vertex 11.8523 -1.87721 0
      vertex 11.8523 -1.87721 0.499999
    endloop
  endfacet
  facet normal -0.785321 0.619089 0
    outer loop
      vertex 9.12487 -7.79338 0
      vertex 9.7082 -7.05342 0.499999
      vertex 9.7082 -7.05342 0
    endloop
  endfacet
  facet normal -0.785321 0.619089 0
    outer loop
      vertex 9.7082 -7.05342 0.499999
      vertex 9.12487 -7.79338 0
      vertex 9.12487 -7.79338 0.499999
    endloop
  endfacet
  facet normal -0.872493 0.488627 0
    outer loop
      vertex 10.2317 -6.26998 0
      vertex 10.6921 -5.44789 0.499999
      vertex 10.6921 -5.44789 0
    endloop
  endfacet
  facet normal -0.872493 0.488627 0
    outer loop
      vertex 10.6921 -5.44789 0.499999
      vertex 10.2317 -6.26998 0
      vertex 10.2317 -6.26998 0.499999
    endloop
  endfacet
  facet normal -0.346119 -0.93819 0
    outer loop
      vertex -2.52571 -6.0976 0
      vertex -2.03951 -6.27697 0.499999
      vertex -2.52571 -6.0976 0.499999
    endloop
  endfacet
  facet normal -0.346119 -0.93819 -0
    outer loop
      vertex -2.03951 -6.27697 0.499999
      vertex -2.52571 -6.0976 0
      vertex -2.03951 -6.27697 0
    endloop
  endfacet
  facet normal 0.619085 0.785324 -0
    outer loop
      vertex 4.28636 5.01868 0
      vertex 3.87938 5.33951 0.499999
      vertex 4.28636 5.01868 0.499999
    endloop
  endfacet
  facet normal 0.619085 0.785324 0
    outer loop
      vertex 3.87938 5.33951 0.499999
      vertex 4.28636 5.01868 0
      vertex 3.87938 5.33951 0
    endloop
  endfacet
  facet normal -0.346119 0.93819 0
    outer loop
      vertex -2.03951 6.27697 0
      vertex -2.52571 6.0976 0.499999
      vertex -2.03951 6.27697 0.499999
    endloop
  endfacet
  facet normal -0.346119 0.93819 0
    outer loop
      vertex -2.52571 6.0976 0.499999
      vertex -2.03951 6.27697 0
      vertex -2.52571 6.0976 0
    endloop
  endfacet
  facet normal -0.908146 0.418654 0
    outer loop
      vertex -6.0976 2.52571 0
      vertex -5.88064 2.99634 0.499999
      vertex -5.88064 2.99634 0
    endloop
  endfacet
  facet normal -0.908146 0.418654 0
    outer loop
      vertex -5.88064 2.99634 0.499999
      vertex -6.0976 2.52571 0
      vertex -6.0976 2.52571 0.499999
    endloop
  endfacet
  facet normal -0.908146 -0.418654 0
    outer loop
      vertex -5.88064 -2.99634 0
      vertex -6.0976 -2.52571 0.499999
      vertex -6.0976 -2.52571 0
    endloop
  endfacet
  facet normal -0.908146 -0.418654 0
    outer loop
      vertex -6.0976 -2.52571 0.499999
      vertex -5.88064 -2.99634 0
      vertex -5.88064 -2.99634 0.499999
    endloop
  endfacet
  facet normal 0.93819 0.346119 0
    outer loop
      vertex 6.27697 2.03951 0.499999
      vertex 6.0976 2.52571 0
      vertex 6.0976 2.52571 0.499999
    endloop
  endfacet
  facet normal 0.93819 0.346119 0
    outer loop
      vertex 6.0976 2.52571 0
      vertex 6.27697 2.03951 0.499999
      vertex 6.27697 2.03951 0
    endloop
  endfacet
  facet normal 0.785324 0.619085 0
    outer loop
      vertex 5.33951 3.87938 0.499999
      vertex 5.01868 4.28636 0
      vertex 5.01868 4.28636 0.499999
    endloop
  endfacet
  facet normal 0.785324 0.619085 0
    outer loop
      vertex 5.01868 4.28636 0
      vertex 5.33951 3.87938 0.499999
      vertex 5.33951 3.87938 0
    endloop
  endfacet
  facet normal 0.555568 0.831471 -0
    outer loop
      vertex 3.87938 5.33951 0
      vertex 3.44849 5.62742 0.499999
      vertex 3.87938 5.33951 0.499999
    endloop
  endfacet
  facet normal 0.555568 0.831471 0
    outer loop
      vertex 3.44849 5.62742 0.499999
      vertex 3.87938 5.33951 0
      vertex 3.44849 5.62742 0
    endloop
  endfacet
  facet normal -0.619085 0.785324 0
    outer loop
      vertex -3.87938 5.33951 0
      vertex -4.28636 5.01868 0.499999
      vertex -3.87938 5.33951 0.499999
    endloop
  endfacet
  facet normal -0.619085 0.785324 0
    outer loop
      vertex -4.28636 5.01868 0.499999
      vertex -3.87938 5.33951 0
      vertex -4.28636 5.01868 0
    endloop
  endfacet
  facet normal 0.908146 -0.418654 0
    outer loop
      vertex 5.88064 -2.99634 0.499999
      vertex 6.0976 -2.52571 0
      vertex 6.0976 -2.52571 0.499999
    endloop
  endfacet
  facet normal 0.908146 -0.418654 0
    outer loop
      vertex 6.0976 -2.52571 0
      vertex 5.88064 -2.99634 0.499999
      vertex 5.88064 -2.99634 0
    endloop
  endfacet
  facet normal 0.195088 -0.980786 0
    outer loop
      vertex 1.03247 -6.51874 0
      vertex 1.54074 -6.41764 0.499999
      vertex 1.03247 -6.51874 0.499999
    endloop
  endfacet
  facet normal 0.195088 -0.980786 0
    outer loop
      vertex 1.54074 -6.41764 0.499999
      vertex 1.03247 -6.51874 0
      vertex 1.54074 -6.41764 0
    endloop
  endfacet
  facet normal 0.678814 -0.734311 0
    outer loop
      vertex 4.28636 -5.01868 0
      vertex 4.6669 -4.6669 0.499999
      vertex 4.28636 -5.01868 0.499999
    endloop
  endfacet
  facet normal 0.678814 -0.734311 0
    outer loop
      vertex 4.6669 -4.6669 0.499999
      vertex 4.28636 -5.01868 0
      vertex 4.6669 -4.6669 0
    endloop
  endfacet
  facet normal 0.908146 0.418654 0
    outer loop
      vertex 6.0976 2.52571 0.499999
      vertex 5.88064 2.99634 0
      vertex 5.88064 2.99634 0.499999
    endloop
  endfacet
  facet normal 0.908146 0.418654 0
    outer loop
      vertex 5.88064 2.99634 0
      vertex 6.0976 2.52571 0.499999
      vertex 6.0976 2.52571 0
    endloop
  endfacet
  facet normal 0.872493 0.488627 0
    outer loop
      vertex 5.88064 2.99634 0.499999
      vertex 5.62742 3.44849 0
      vertex 5.62742 3.44849 0.499999
    endloop
  endfacet
  facet normal 0.872493 0.488627 0
    outer loop
      vertex 5.62742 3.44849 0
      vertex 5.88064 2.99634 0.499999
      vertex 5.88064 2.99634 0
    endloop
  endfacet
  facet normal 0.831471 0.555568 0
    outer loop
      vertex 5.62742 3.44849 0.499999
      vertex 5.33951 3.87938 0
      vertex 5.33951 3.87938 0.499999
    endloop
  endfacet
  facet normal 0.831471 0.555568 0
    outer loop
      vertex 5.33951 3.87938 0
      vertex 5.62742 3.44849 0.499999
      vertex 5.62742 3.44849 0
    endloop
  endfacet
  facet normal 0.734311 0.678814 0
    outer loop
      vertex 5.01868 4.28636 0.499999
      vertex 4.6669 4.6669 0
      vertex 4.6669 4.6669 0.499999
    endloop
  endfacet
  facet normal 0.734311 0.678814 0
    outer loop
      vertex 4.6669 4.6669 0
      vertex 5.01868 4.28636 0.499999
      vertex 5.01868 4.28636 0
    endloop
  endfacet
  facet normal 0.0392683 0.999229 -0
    outer loop
      vertex 0.51783 6.57965 0
      vertex 0 6.6 0.499999
      vertex 0.51783 6.57965 0.499999
    endloop
  endfacet
  facet normal 0.0392683 0.999229 0
    outer loop
      vertex 0 6.6 0.499999
      vertex 0.51783 6.57965 0
      vertex 0 6.6 0
    endloop
  endfacet
  facet normal 0.195088 0.980786 -0
    outer loop
      vertex 1.54074 6.41764 0
      vertex 1.03247 6.51874 0.499999
      vertex 1.54074 6.41764 0.499999
    endloop
  endfacet
  facet normal 0.195088 0.980786 0
    outer loop
      vertex 1.03247 6.51874 0.499999
      vertex 1.54074 6.41764 0
      vertex 1.03247 6.51874 0
    endloop
  endfacet
  facet normal 0.418654 0.908146 -0
    outer loop
      vertex 2.99634 5.88064 0
      vertex 2.52571 6.0976 0.499999
      vertex 2.99634 5.88064 0.499999
    endloop
  endfacet
  facet normal 0.418654 0.908146 0
    outer loop
      vertex 2.52571 6.0976 0.499999
      vertex 2.99634 5.88064 0
      vertex 2.52571 6.0976 0
    endloop
  endfacet
  facet normal 0.346119 0.93819 -0
    outer loop
      vertex 2.52571 6.0976 0
      vertex 2.03951 6.27697 0.499999
      vertex 2.52571 6.0976 0.499999
    endloop
  endfacet
  facet normal 0.346119 0.93819 0
    outer loop
      vertex 2.03951 6.27697 0.499999
      vertex 2.52571 6.0976 0
      vertex 2.03951 6.27697 0
    endloop
  endfacet
  facet normal -0.999229 0.0392683 0
    outer loop
      vertex -6.6 0 0
      vertex -6.57965 0.51783 0.499999
      vertex -6.57965 0.51783 0
    endloop
  endfacet
  facet normal -0.999229 0.0392683 0
    outer loop
      vertex -6.57965 0.51783 0.499999
      vertex -6.6 0 0
      vertex -6.6 0 0.499999
    endloop
  endfacet
  facet normal -0.980786 0.195088 0
    outer loop
      vertex -6.51874 1.03247 0
      vertex -6.41764 1.54074 0.499999
      vertex -6.41764 1.54074 0
    endloop
  endfacet
  facet normal -0.980786 0.195088 0
    outer loop
      vertex -6.41764 1.54074 0.499999
      vertex -6.51874 1.03247 0
      vertex -6.51874 1.03247 0.499999
    endloop
  endfacet
  facet normal -0.93819 0.346119 0
    outer loop
      vertex -6.27697 2.03951 0
      vertex -6.0976 2.52571 0.499999
      vertex -6.0976 2.52571 0
    endloop
  endfacet
  facet normal -0.93819 0.346119 0
    outer loop
      vertex -6.0976 2.52571 0.499999
      vertex -6.27697 2.03951 0
      vertex -6.27697 2.03951 0.499999
    endloop
  endfacet
  facet normal -0.993069 0.117534 0
    outer loop
      vertex -6.57965 0.51783 0
      vertex -6.51874 1.03247 0.499999
      vertex -6.51874 1.03247 0
    endloop
  endfacet
  facet normal -0.993069 0.117534 0
    outer loop
      vertex -6.51874 1.03247 0.499999
      vertex -6.57965 0.51783 0
      vertex -6.57965 0.51783 0.499999
    endloop
  endfacet
  facet normal -0.734311 0.678814 0
    outer loop
      vertex -5.01868 4.28636 0
      vertex -4.6669 4.6669 0.499999
      vertex -4.6669 4.6669 0
    endloop
  endfacet
  facet normal -0.734311 0.678814 0
    outer loop
      vertex -4.6669 4.6669 0.499999
      vertex -5.01868 4.28636 0
      vertex -5.01868 4.28636 0.499999
    endloop
  endfacet
  facet normal -0.872493 0.488627 0
    outer loop
      vertex -5.88064 2.99634 0
      vertex -5.62742 3.44849 0.499999
      vertex -5.62742 3.44849 0
    endloop
  endfacet
  facet normal -0.872493 0.488627 0
    outer loop
      vertex -5.62742 3.44849 0.499999
      vertex -5.88064 2.99634 0
      vertex -5.88064 2.99634 0.499999
    endloop
  endfacet
  facet normal -0.785324 0.619085 0
    outer loop
      vertex -5.33951 3.87938 0
      vertex -5.01868 4.28636 0.499999
      vertex -5.01868 4.28636 0
    endloop
  endfacet
  facet normal -0.785324 0.619085 0
    outer loop
      vertex -5.01868 4.28636 0.499999
      vertex -5.33951 3.87938 0
      vertex -5.33951 3.87938 0.499999
    endloop
  endfacet
  facet normal -0.0392683 0.999229 0
    outer loop
      vertex 0 6.6 0
      vertex -0.51783 6.57965 0.499999
      vertex 0 6.6 0.499999
    endloop
  endfacet
  facet normal -0.0392683 0.999229 0
    outer loop
      vertex -0.51783 6.57965 0.499999
      vertex 0 6.6 0
      vertex -0.51783 6.57965 0
    endloop
  endfacet
  facet normal -0.271445 0.962454 0
    outer loop
      vertex -1.54074 6.41764 0
      vertex -2.03951 6.27697 0.499999
      vertex -1.54074 6.41764 0.499999
    endloop
  endfacet
  facet normal -0.271445 0.962454 0
    outer loop
      vertex -2.03951 6.27697 0.499999
      vertex -1.54074 6.41764 0
      vertex -2.03951 6.27697 0
    endloop
  endfacet
  facet normal -0.117534 0.993069 0
    outer loop
      vertex -0.51783 6.57965 0
      vertex -1.03247 6.51874 0.499999
      vertex -0.51783 6.57965 0.499999
    endloop
  endfacet
  facet normal -0.117534 0.993069 0
    outer loop
      vertex -1.03247 6.51874 0.499999
      vertex -0.51783 6.57965 0
      vertex -1.03247 6.51874 0
    endloop
  endfacet
  facet normal -0.418654 0.908146 0
    outer loop
      vertex -2.52571 6.0976 0
      vertex -2.99634 5.88064 0.499999
      vertex -2.52571 6.0976 0.499999
    endloop
  endfacet
  facet normal -0.418654 0.908146 0
    outer loop
      vertex -2.99634 5.88064 0.499999
      vertex -2.52571 6.0976 0
      vertex -2.99634 5.88064 0
    endloop
  endfacet
  facet normal -0.678814 0.734311 0
    outer loop
      vertex -4.28636 5.01868 0
      vertex -4.6669 4.6669 0.499999
      vertex -4.28636 5.01868 0.499999
    endloop
  endfacet
  facet normal -0.678814 0.734311 0
    outer loop
      vertex -4.6669 4.6669 0.499999
      vertex -4.28636 5.01868 0
      vertex -4.6669 4.6669 0
    endloop
  endfacet
  facet normal 0.999229 0.0392683 0
    outer loop
      vertex 6.6 0 0.499999
      vertex 6.57965 0.51783 0
      vertex 6.57965 0.51783 0.499999
    endloop
  endfacet
  facet normal 0.999229 0.0392683 0
    outer loop
      vertex 6.57965 0.51783 0
      vertex 6.6 0 0.499999
      vertex 6.6 0 0
    endloop
  endfacet
  facet normal 0.0392683 -0.999229 0
    outer loop
      vertex 0 -6.6 0
      vertex 0.51783 -6.57965 0.499999
      vertex 0 -6.6 0.499999
    endloop
  endfacet
  facet normal 0.0392683 -0.999229 0
    outer loop
      vertex 0.51783 -6.57965 0.499999
      vertex 0 -6.6 0
      vertex 0.51783 -6.57965 0
    endloop
  endfacet
  facet normal 0.93819 -0.346119 0
    outer loop
      vertex 6.0976 -2.52571 0.499999
      vertex 6.27697 -2.03951 0
      vertex 6.27697 -2.03951 0.499999
    endloop
  endfacet
  facet normal 0.93819 -0.346119 0
    outer loop
      vertex 6.27697 -2.03951 0
      vertex 6.0976 -2.52571 0.499999
      vertex 6.0976 -2.52571 0
    endloop
  endfacet
  facet normal 0.117534 -0.993069 0
    outer loop
      vertex 0.51783 -6.57965 0
      vertex 1.03247 -6.51874 0.499999
      vertex 0.51783 -6.57965 0.499999
    endloop
  endfacet
  facet normal 0.117534 -0.993069 0
    outer loop
      vertex 1.03247 -6.51874 0.499999
      vertex 0.51783 -6.57965 0
      vertex 1.03247 -6.51874 0
    endloop
  endfacet
  facet normal 0.418654 -0.908146 0
    outer loop
      vertex 2.52571 -6.0976 0
      vertex 2.99634 -5.88064 0.499999
      vertex 2.52571 -6.0976 0.499999
    endloop
  endfacet
  facet normal 0.418654 -0.908146 0
    outer loop
      vertex 2.99634 -5.88064 0.499999
      vertex 2.52571 -6.0976 0
      vertex 2.99634 -5.88064 0
    endloop
  endfacet
  facet normal 0.619085 -0.785324 0
    outer loop
      vertex 3.87938 -5.33951 0
      vertex 4.28636 -5.01868 0.499999
      vertex 3.87938 -5.33951 0.499999
    endloop
  endfacet
  facet normal 0.619085 -0.785324 0
    outer loop
      vertex 4.28636 -5.01868 0.499999
      vertex 3.87938 -5.33951 0
      vertex 4.28636 -5.01868 0
    endloop
  endfacet
  facet normal 0.734311 -0.678814 0
    outer loop
      vertex 4.6669 -4.6669 0.499999
      vertex 5.01868 -4.28636 0
      vertex 5.01868 -4.28636 0.499999
    endloop
  endfacet
  facet normal 0.734311 -0.678814 0
    outer loop
      vertex 5.01868 -4.28636 0
      vertex 4.6669 -4.6669 0.499999
      vertex 4.6669 -4.6669 0
    endloop
  endfacet
  facet normal -0.117534 -0.993069 0
    outer loop
      vertex -1.03247 -6.51874 0
      vertex -0.51783 -6.57965 0.499999
      vertex -1.03247 -6.51874 0.499999
    endloop
  endfacet
  facet normal -0.117534 -0.993069 -0
    outer loop
      vertex -0.51783 -6.57965 0.499999
      vertex -1.03247 -6.51874 0
      vertex -0.51783 -6.57965 0
    endloop
  endfacet
  facet normal -0.0392683 -0.999229 0
    outer loop
      vertex -0.51783 -6.57965 0
      vertex 0 -6.6 0.499999
      vertex -0.51783 -6.57965 0.499999
    endloop
  endfacet
  facet normal -0.0392683 -0.999229 -0
    outer loop
      vertex 0 -6.6 0.499999
      vertex -0.51783 -6.57965 0
      vertex 0 -6.6 0
    endloop
  endfacet
  facet normal -0.678814 -0.734311 0
    outer loop
      vertex -4.6669 -4.6669 0
      vertex -4.28636 -5.01868 0.499999
      vertex -4.6669 -4.6669 0.499999
    endloop
  endfacet
  facet normal -0.678814 -0.734311 -0
    outer loop
      vertex -4.28636 -5.01868 0.499999
      vertex -4.6669 -4.6669 0
      vertex -4.28636 -5.01868 0
    endloop
  endfacet
  facet normal -0.418654 -0.908146 0
    outer loop
      vertex -2.99634 -5.88064 0
      vertex -2.52571 -6.0976 0.499999
      vertex -2.99634 -5.88064 0.499999
    endloop
  endfacet
  facet normal -0.418654 -0.908146 -0
    outer loop
      vertex -2.52571 -6.0976 0.499999
      vertex -2.99634 -5.88064 0
      vertex -2.52571 -6.0976 0
    endloop
  endfacet
  facet normal -0.999229 -0.0392683 0
    outer loop
      vertex -6.57965 -0.51783 0
      vertex -6.6 0 0.499999
      vertex -6.6 0 0
    endloop
  endfacet
  facet normal -0.999229 -0.0392683 0
    outer loop
      vertex -6.6 0 0.499999
      vertex -6.57965 -0.51783 0
      vertex -6.57965 -0.51783 0.499999
    endloop
  endfacet
  facet normal -0.785324 -0.619085 0
    outer loop
      vertex -5.01868 -4.28636 0
      vertex -5.33951 -3.87938 0.499999
      vertex -5.33951 -3.87938 0
    endloop
  endfacet
  facet normal -0.785324 -0.619085 0
    outer loop
      vertex -5.33951 -3.87938 0.499999
      vertex -5.01868 -4.28636 0
      vertex -5.01868 -4.28636 0.499999
    endloop
  endfacet
  facet normal 0.678814 0.734311 -0
    outer loop
      vertex 4.6669 4.6669 0
      vertex 4.28636 5.01868 0.499999
      vertex 4.6669 4.6669 0.499999
    endloop
  endfacet
  facet normal 0.678814 0.734311 0
    outer loop
      vertex 4.28636 5.01868 0.499999
      vertex 4.6669 4.6669 0
      vertex 4.28636 5.01868 0
    endloop
  endfacet
  facet normal 0.488627 0.872493 -0
    outer loop
      vertex 3.44849 5.62742 0
      vertex 2.99634 5.88064 0.499999
      vertex 3.44849 5.62742 0.499999
    endloop
  endfacet
  facet normal 0.488627 0.872493 0
    outer loop
      vertex 2.99634 5.88064 0.499999
      vertex 3.44849 5.62742 0
      vertex 2.99634 5.88064 0
    endloop
  endfacet
  facet normal 0.117534 0.993069 -0
    outer loop
      vertex 1.03247 6.51874 0
      vertex 0.51783 6.57965 0.499999
      vertex 1.03247 6.51874 0.499999
    endloop
  endfacet
  facet normal 0.117534 0.993069 0
    outer loop
      vertex 0.51783 6.57965 0.499999
      vertex 1.03247 6.51874 0
      vertex 0.51783 6.57965 0
    endloop
  endfacet
  facet normal 0.271445 0.962454 -0
    outer loop
      vertex 2.03951 6.27697 0
      vertex 1.54074 6.41764 0.499999
      vertex 2.03951 6.27697 0.499999
    endloop
  endfacet
  facet normal 0.271445 0.962454 0
    outer loop
      vertex 1.54074 6.41764 0.499999
      vertex 2.03951 6.27697 0
      vertex 1.54074 6.41764 0
    endloop
  endfacet
  facet normal -0.962454 0.271445 0
    outer loop
      vertex -6.41764 1.54074 0
      vertex -6.27697 2.03951 0.499999
      vertex -6.27697 2.03951 0
    endloop
  endfacet
  facet normal -0.962454 0.271445 0
    outer loop
      vertex -6.27697 2.03951 0.499999
      vertex -6.41764 1.54074 0
      vertex -6.41764 1.54074 0.499999
    endloop
  endfacet
  facet normal -0.831471 0.555568 0
    outer loop
      vertex -5.62742 3.44849 0
      vertex -5.33951 3.87938 0.499999
      vertex -5.33951 3.87938 0
    endloop
  endfacet
  facet normal -0.831471 0.555568 0
    outer loop
      vertex -5.33951 3.87938 0.499999
      vertex -5.62742 3.44849 0
      vertex -5.62742 3.44849 0.499999
    endloop
  endfacet
  facet normal -0.195088 0.980786 0
    outer loop
      vertex -1.03247 6.51874 0
      vertex -1.54074 6.41764 0.499999
      vertex -1.03247 6.51874 0.499999
    endloop
  endfacet
  facet normal -0.195088 0.980786 0
    outer loop
      vertex -1.54074 6.41764 0.499999
      vertex -1.03247 6.51874 0
      vertex -1.54074 6.41764 0
    endloop
  endfacet
  facet normal -0.488627 0.872493 0
    outer loop
      vertex -2.99634 5.88064 0
      vertex -3.44849 5.62742 0.499999
      vertex -2.99634 5.88064 0.499999
    endloop
  endfacet
  facet normal -0.488627 0.872493 0
    outer loop
      vertex -3.44849 5.62742 0.499999
      vertex -2.99634 5.88064 0
      vertex -3.44849 5.62742 0
    endloop
  endfacet
  facet normal -0.555568 0.831471 0
    outer loop
      vertex -3.44849 5.62742 0
      vertex -3.87938 5.33951 0.499999
      vertex -3.44849 5.62742 0.499999
    endloop
  endfacet
  facet normal -0.555568 0.831471 0
    outer loop
      vertex -3.87938 5.33951 0.499999
      vertex -3.44849 5.62742 0
      vertex -3.87938 5.33951 0
    endloop
  endfacet
  facet normal 0.993069 -0.117534 0
    outer loop
      vertex 6.51874 -1.03247 0.499999
      vertex 6.57965 -0.51783 0
      vertex 6.57965 -0.51783 0.499999
    endloop
  endfacet
  facet normal 0.993069 -0.117534 0
    outer loop
      vertex 6.57965 -0.51783 0
      vertex 6.51874 -1.03247 0.499999
      vertex 6.51874 -1.03247 0
    endloop
  endfacet
  facet normal 0.962454 -0.271445 0
    outer loop
      vertex 6.27697 -2.03951 0.499999
      vertex 6.41764 -1.54074 0
      vertex 6.41764 -1.54074 0.499999
    endloop
  endfacet
  facet normal 0.962454 -0.271445 0
    outer loop
      vertex 6.41764 -1.54074 0
      vertex 6.27697 -2.03951 0.499999
      vertex 6.27697 -2.03951 0
    endloop
  endfacet
  facet normal 0.999229 -0.0392683 0
    outer loop
      vertex 6.57965 -0.51783 0.499999
      vertex 6.6 0 0
      vertex 6.6 0 0.499999
    endloop
  endfacet
  facet normal 0.999229 -0.0392683 0
    outer loop
      vertex 6.6 0 0
      vertex 6.57965 -0.51783 0.499999
      vertex 6.57965 -0.51783 0
    endloop
  endfacet
  facet normal 0.346119 -0.93819 0
    outer loop
      vertex 2.03951 -6.27697 0
      vertex 2.52571 -6.0976 0.499999
      vertex 2.03951 -6.27697 0.499999
    endloop
  endfacet
  facet normal 0.346119 -0.93819 0
    outer loop
      vertex 2.52571 -6.0976 0.499999
      vertex 2.03951 -6.27697 0
      vertex 2.52571 -6.0976 0
    endloop
  endfacet
  facet normal 0.488627 -0.872493 0
    outer loop
      vertex 2.99634 -5.88064 0
      vertex 3.44849 -5.62742 0.499999
      vertex 2.99634 -5.88064 0.499999
    endloop
  endfacet
  facet normal 0.488627 -0.872493 0
    outer loop
      vertex 3.44849 -5.62742 0.499999
      vertex 2.99634 -5.88064 0
      vertex 3.44849 -5.62742 0
    endloop
  endfacet
  facet normal 0.831471 -0.555568 0
    outer loop
      vertex 5.33951 -3.87938 0.499999
      vertex 5.62742 -3.44849 0
      vertex 5.62742 -3.44849 0.499999
    endloop
  endfacet
  facet normal 0.831471 -0.555568 0
    outer loop
      vertex 5.62742 -3.44849 0
      vertex 5.33951 -3.87938 0.499999
      vertex 5.33951 -3.87938 0
    endloop
  endfacet
  facet normal 0.785324 -0.619085 0
    outer loop
      vertex 5.01868 -4.28636 0.499999
      vertex 5.33951 -3.87938 0
      vertex 5.33951 -3.87938 0.499999
    endloop
  endfacet
  facet normal 0.785324 -0.619085 0
    outer loop
      vertex 5.33951 -3.87938 0
      vertex 5.01868 -4.28636 0.499999
      vertex 5.01868 -4.28636 0
    endloop
  endfacet
  facet normal -0.195088 -0.980786 0
    outer loop
      vertex -1.54074 -6.41764 0
      vertex -1.03247 -6.51874 0.499999
      vertex -1.54074 -6.41764 0.499999
    endloop
  endfacet
  facet normal -0.195088 -0.980786 -0
    outer loop
      vertex -1.03247 -6.51874 0.499999
      vertex -1.54074 -6.41764 0
      vertex -1.03247 -6.51874 0
    endloop
  endfacet
  facet normal -0.271445 -0.962454 0
    outer loop
      vertex -2.03951 -6.27697 0
      vertex -1.54074 -6.41764 0.499999
      vertex -2.03951 -6.27697 0.499999
    endloop
  endfacet
  facet normal -0.271445 -0.962454 -0
    outer loop
      vertex -1.54074 -6.41764 0.499999
      vertex -2.03951 -6.27697 0
      vertex -1.54074 -6.41764 0
    endloop
  endfacet
  facet normal -0.619085 -0.785324 0
    outer loop
      vertex -4.28636 -5.01868 0
      vertex -3.87938 -5.33951 0.499999
      vertex -4.28636 -5.01868 0.499999
    endloop
  endfacet
  facet normal -0.619085 -0.785324 -0
    outer loop
      vertex -3.87938 -5.33951 0.499999
      vertex -4.28636 -5.01868 0
      vertex -3.87938 -5.33951 0
    endloop
  endfacet
  facet normal -0.555568 -0.831471 0
    outer loop
      vertex -3.87938 -5.33951 0
      vertex -3.44849 -5.62742 0.499999
      vertex -3.87938 -5.33951 0.499999
    endloop
  endfacet
  facet normal -0.555568 -0.831471 -0
    outer loop
      vertex -3.44849 -5.62742 0.499999
      vertex -3.87938 -5.33951 0
      vertex -3.44849 -5.62742 0
    endloop
  endfacet
  facet normal -0.993069 -0.117534 0
    outer loop
      vertex -6.51874 -1.03247 0
      vertex -6.57965 -0.51783 0.499999
      vertex -6.57965 -0.51783 0
    endloop
  endfacet
  facet normal -0.993069 -0.117534 0
    outer loop
      vertex -6.57965 -0.51783 0.499999
      vertex -6.51874 -1.03247 0
      vertex -6.51874 -1.03247 0.499999
    endloop
  endfacet
  facet normal -0.93819 -0.346119 0
    outer loop
      vertex -6.0976 -2.52571 0
      vertex -6.27697 -2.03951 0.499999
      vertex -6.27697 -2.03951 0
    endloop
  endfacet
  facet normal -0.93819 -0.346119 0
    outer loop
      vertex -6.27697 -2.03951 0.499999
      vertex -6.0976 -2.52571 0
      vertex -6.0976 -2.52571 0.499999
    endloop
  endfacet
  facet normal -0.980786 -0.195088 0
    outer loop
      vertex -6.41764 -1.54074 0
      vertex -6.51874 -1.03247 0.499999
      vertex -6.51874 -1.03247 0
    endloop
  endfacet
  facet normal -0.980786 -0.195088 0
    outer loop
      vertex -6.51874 -1.03247 0.499999
      vertex -6.41764 -1.54074 0
      vertex -6.41764 -1.54074 0.499999
    endloop
  endfacet
  facet normal -0.872493 -0.488627 0
    outer loop
      vertex -5.62742 -3.44849 0
      vertex -5.88064 -2.99634 0.499999
      vertex -5.88064 -2.99634 0
    endloop
  endfacet
  facet normal -0.872493 -0.488627 0
    outer loop
      vertex -5.88064 -2.99634 0.499999
      vertex -5.62742 -3.44849 0
      vertex -5.62742 -3.44849 0.499999
    endloop
  endfacet
  facet normal -0.734311 -0.678814 0
    outer loop
      vertex -4.6669 -4.6669 0
      vertex -5.01868 -4.28636 0.499999
      vertex -5.01868 -4.28636 0
    endloop
  endfacet
  facet normal -0.734311 -0.678814 0
    outer loop
      vertex -5.01868 -4.28636 0.499999
      vertex -4.6669 -4.6669 0
      vertex -4.6669 -4.6669 0.499999
    endloop
  endfacet
  facet normal 0.962454 0.271445 0
    outer loop
      vertex 6.41764 1.54074 0.499999
      vertex 6.27697 2.03951 0
      vertex 6.27697 2.03951 0.499999
    endloop
  endfacet
  facet normal 0.962454 0.271445 0
    outer loop
      vertex 6.27697 2.03951 0
      vertex 6.41764 1.54074 0.499999
      vertex 6.41764 1.54074 0
    endloop
  endfacet
  facet normal 0.980786 0.195088 0
    outer loop
      vertex 6.51874 1.03247 0.499999
      vertex 6.41764 1.54074 0
      vertex 6.41764 1.54074 0.499999
    endloop
  endfacet
  facet normal 0.980786 0.195088 0
    outer loop
      vertex 6.41764 1.54074 0
      vertex 6.51874 1.03247 0.499999
      vertex 6.51874 1.03247 0
    endloop
  endfacet
  facet normal 0.993069 0.117534 0
    outer loop
      vertex 6.57965 0.51783 0.499999
      vertex 6.51874 1.03247 0
      vertex 6.51874 1.03247 0.499999
    endloop
  endfacet
  facet normal 0.993069 0.117534 0
    outer loop
      vertex 6.51874 1.03247 0
      vertex 6.57965 0.51783 0.499999
      vertex 6.57965 0.51783 0
    endloop
  endfacet
  facet normal 0.271445 -0.962454 0
    outer loop
      vertex 1.54074 -6.41764 0
      vertex 2.03951 -6.27697 0.499999
      vertex 1.54074 -6.41764 0.499999
    endloop
  endfacet
  facet normal 0.271445 -0.962454 0
    outer loop
      vertex 2.03951 -6.27697 0.499999
      vertex 1.54074 -6.41764 0
      vertex 2.03951 -6.27697 0
    endloop
  endfacet
  facet normal 0.555568 -0.831471 0
    outer loop
      vertex 3.44849 -5.62742 0
      vertex 3.87938 -5.33951 0.499999
      vertex 3.44849 -5.62742 0.499999
    endloop
  endfacet
  facet normal 0.555568 -0.831471 0
    outer loop
      vertex 3.87938 -5.33951 0.499999
      vertex 3.44849 -5.62742 0
      vertex 3.87938 -5.33951 0
    endloop
  endfacet
  facet normal 0.872493 -0.488627 0
    outer loop
      vertex 5.62742 -3.44849 0.499999
      vertex 5.88064 -2.99634 0
      vertex 5.88064 -2.99634 0.499999
    endloop
  endfacet
  facet normal 0.872493 -0.488627 0
    outer loop
      vertex 5.88064 -2.99634 0
      vertex 5.62742 -3.44849 0.499999
      vertex 5.62742 -3.44849 0
    endloop
  endfacet
  facet normal -0.488627 -0.872493 0
    outer loop
      vertex -3.44849 -5.62742 0
      vertex -2.99634 -5.88064 0.499999
      vertex -3.44849 -5.62742 0.499999
    endloop
  endfacet
  facet normal -0.488627 -0.872493 -0
    outer loop
      vertex -2.99634 -5.88064 0.499999
      vertex -3.44849 -5.62742 0
      vertex -2.99634 -5.88064 0
    endloop
  endfacet
  facet normal -0.962454 -0.271445 0
    outer loop
      vertex -6.27697 -2.03951 0
      vertex -6.41764 -1.54074 0.499999
      vertex -6.41764 -1.54074 0
    endloop
  endfacet
  facet normal -0.962454 -0.271445 0
    outer loop
      vertex -6.41764 -1.54074 0.499999
      vertex -6.27697 -2.03951 0
      vertex -6.27697 -2.03951 0.499999
    endloop
  endfacet
  facet normal -0.831471 -0.555568 0
    outer loop
      vertex -5.33951 -3.87938 0
      vertex -5.62742 -3.44849 0.499999
      vertex -5.62742 -3.44849 0
    endloop
  endfacet
  facet normal -0.831471 -0.555568 0
    outer loop
      vertex -5.62742 -3.44849 0.499999
      vertex -5.33951 -3.87938 0
      vertex -5.33951 -3.87938 0.499999
    endloop
  endfacet
  facet normal 0.980786 -0.195088 0
    outer loop
      vertex 6.41764 -1.54074 0.499999
      vertex 6.51874 -1.03247 0
      vertex 6.51874 -1.03247 0.499999
    endloop
  endfacet
  facet normal 0.980786 -0.195088 0
    outer loop
      vertex 6.51874 -1.03247 0
      vertex 6.41764 -1.54074 0.499999
      vertex 6.41764 -1.54074 0
    endloop
  endfacet
  facet normal -0.999229 -0.0392641 0
    outer loop
      vertex 10 0 4.2
      vertex 9.96917 0.784591 6
      vertex 9.96917 0.784591 4.2
    endloop
  endfacet
  facet normal -0.999229 -0.0392641 0
    outer loop
      vertex 9.96917 0.784591 6
      vertex 10 0 4.2
      vertex 10 0 6
    endloop
  endfacet
  facet normal 0.999229 -0.0392641 0
    outer loop
      vertex -10 0 6
      vertex -9.96917 0.784591 4.2
      vertex -9.96917 0.784591 6
    endloop
  endfacet
  facet normal 0.999229 -0.0392641 0
    outer loop
      vertex -9.96917 0.784591 4.2
      vertex -10 0 6
      vertex -10 0 4.2
    endloop
  endfacet
  facet normal -0.0392641 -0.999229 0
    outer loop
      vertex 0 10 4.2
      vertex 0.784591 9.96917 6
      vertex 0 10 6
    endloop
  endfacet
  facet normal -0.0392641 -0.999229 -0
    outer loop
      vertex 0.784591 9.96917 6
      vertex 0 10 4.2
      vertex 0.784591 9.96917 4.2
    endloop
  endfacet
  facet normal -0.734325 -0.678798 0
    outer loop
      vertex 7.60406 6.49448 4.2
      vertex 7.07107 7.07107 6
      vertex 7.07107 7.07107 4.2
    endloop
  endfacet
  facet normal -0.734325 -0.678798 0
    outer loop
      vertex 7.07107 7.07107 6
      vertex 7.60406 6.49448 4.2
      vertex 7.60406 6.49448 6
    endloop
  endfacet
  facet normal 0.678798 -0.734325 0
    outer loop
      vertex -7.07107 7.07107 4.2
      vertex -6.49448 7.60406 6
      vertex -7.07107 7.07107 6
    endloop
  endfacet
  facet normal 0.678798 -0.734325 0
    outer loop
      vertex -6.49448 7.60406 6
      vertex -7.07107 7.07107 4.2
      vertex -6.49448 7.60406 4.2
    endloop
  endfacet
  facet normal 0.346108 -0.938195 0
    outer loop
      vertex -3.82683 9.2388 4.2
      vertex -3.09017 9.51056 6
      vertex -3.82683 9.2388 6
    endloop
  endfacet
  facet normal 0.346108 -0.938195 0
    outer loop
      vertex -3.09017 9.51056 6
      vertex -3.82683 9.2388 4.2
      vertex -3.09017 9.51056 4.2
    endloop
  endfacet
  facet normal -0.938195 -0.346108 0
    outer loop
      vertex 9.51056 3.09017 4.2
      vertex 9.2388 3.82683 6
      vertex 9.2388 3.82683 4.2
    endloop
  endfacet
  facet normal -0.938195 -0.346108 0
    outer loop
      vertex 9.2388 3.82683 6
      vertex 9.51056 3.09017 4.2
      vertex 9.51056 3.09017 6
    endloop
  endfacet
  facet normal -0.41867 -0.908138 0
    outer loop
      vertex 3.82683 9.2388 4.2
      vertex 4.5399 8.91006 6
      vertex 3.82683 9.2388 6
    endloop
  endfacet
  facet normal -0.41867 -0.908138 -0
    outer loop
      vertex 4.5399 8.91006 6
      vertex 3.82683 9.2388 4.2
      vertex 4.5399 8.91006 4.2
    endloop
  endfacet
  facet normal -0.619092 -0.785318 0
    outer loop
      vertex 5.87785 8.09017 4.2
      vertex 6.49448 7.60406 6
      vertex 5.87785 8.09017 6
    endloop
  endfacet
  facet normal -0.619092 -0.785318 -0
    outer loop
      vertex 6.49448 7.60406 6
      vertex 5.87785 8.09017 4.2
      vertex 6.49448 7.60406 4.2
    endloop
  endfacet
  facet normal 0.908138 -0.41867 0
    outer loop
      vertex -9.2388 3.82683 6
      vertex -8.91006 4.5399 4.2
      vertex -8.91006 4.5399 6
    endloop
  endfacet
  facet normal 0.908138 -0.41867 0
    outer loop
      vertex -8.91006 4.5399 4.2
      vertex -9.2388 3.82683 6
      vertex -9.2388 3.82683 4.2
    endloop
  endfacet
  facet normal 0.195085 -0.980786 0
    outer loop
      vertex -2.33445 9.7237 4.2
      vertex -1.56434 9.87688 6
      vertex -2.33445 9.7237 6
    endloop
  endfacet
  facet normal 0.195085 -0.980786 0
    outer loop
      vertex -1.56434 9.87688 6
      vertex -2.33445 9.7237 4.2
      vertex -1.56434 9.87688 4.2
    endloop
  endfacet
  facet normal 0.734325 0.678798 0
    outer loop
      vertex -7.07107 -7.07107 6
      vertex -7.60406 -6.49448 4.2
      vertex -7.60406 -6.49448 6
    endloop
  endfacet
  facet normal 0.734325 0.678798 0
    outer loop
      vertex -7.60406 -6.49448 4.2
      vertex -7.07107 -7.07107 6
      vertex -7.07107 -7.07107 4.2
    endloop
  endfacet
  facet normal -0.980786 -0.195085 0
    outer loop
      vertex 9.87688 1.56434 4.2
      vertex 9.7237 2.33445 6
      vertex 9.7237 2.33445 4.2
    endloop
  endfacet
  facet normal -0.980786 -0.195085 0
    outer loop
      vertex 9.7237 2.33445 6
      vertex 9.87688 1.56434 4.2
      vertex 9.87688 1.56434 6
    endloop
  endfacet
  facet normal -0.993068 -0.117538 0
    outer loop
      vertex 9.96917 0.784591 4.2
      vertex 9.87688 1.56434 6
      vertex 9.87688 1.56434 4.2
    endloop
  endfacet
  facet normal -0.993068 -0.117538 0
    outer loop
      vertex 9.87688 1.56434 6
      vertex 9.96917 0.784591 4.2
      vertex 9.96917 0.784591 6
    endloop
  endfacet
  facet normal -0.962454 -0.271446 0
    outer loop
      vertex 9.7237 2.33445 4.2
      vertex 9.51056 3.09017 6
      vertex 9.51056 3.09017 4.2
    endloop
  endfacet
  facet normal -0.962454 -0.271446 0
    outer loop
      vertex 9.51056 3.09017 6
      vertex 9.7237 2.33445 4.2
      vertex 9.7237 2.33445 6
    endloop
  endfacet
  facet normal -0.831468 -0.555573 0
    outer loop
      vertex 8.5264 5.22499 4.2
      vertex 8.09017 5.87785 6
      vertex 8.09017 5.87785 4.2
    endloop
  endfacet
  facet normal -0.831468 -0.555573 0
    outer loop
      vertex 8.09017 5.87785 6
      vertex 8.5264 5.22499 4.2
      vertex 8.5264 5.22499 6
    endloop
  endfacet
  facet normal -0.785318 -0.619092 0
    outer loop
      vertex 8.09017 5.87785 4.2
      vertex 7.60406 6.49448 6
      vertex 7.60406 6.49448 4.2
    endloop
  endfacet
  facet normal -0.785318 -0.619092 0
    outer loop
      vertex 7.60406 6.49448 6
      vertex 8.09017 5.87785 4.2
      vertex 8.09017 5.87785 6
    endloop
  endfacet
  facet normal -0.872501 -0.488613 0
    outer loop
      vertex 8.91006 4.5399 4.2
      vertex 8.5264 5.22499 6
      vertex 8.5264 5.22499 4.2
    endloop
  endfacet
  facet normal -0.872501 -0.488613 0
    outer loop
      vertex 8.5264 5.22499 6
      vertex 8.91006 4.5399 4.2
      vertex 8.91006 4.5399 6
    endloop
  endfacet
  facet normal -0.271446 -0.962454 0
    outer loop
      vertex 2.33445 9.7237 4.2
      vertex 3.09017 9.51056 6
      vertex 2.33445 9.7237 6
    endloop
  endfacet
  facet normal -0.271446 -0.962454 -0
    outer loop
      vertex 3.09017 9.51056 6
      vertex 2.33445 9.7237 4.2
      vertex 3.09017 9.51056 4.2
    endloop
  endfacet
  facet normal -0.346108 -0.938195 0
    outer loop
      vertex 3.09017 9.51056 4.2
      vertex 3.82683 9.2388 6
      vertex 3.09017 9.51056 6
    endloop
  endfacet
  facet normal -0.346108 -0.938195 -0
    outer loop
      vertex 3.82683 9.2388 6
      vertex 3.09017 9.51056 4.2
      vertex 3.82683 9.2388 4.2
    endloop
  endfacet
  facet normal -0.195085 -0.980786 0
    outer loop
      vertex 1.56434 9.87688 4.2
      vertex 2.33445 9.7237 6
      vertex 1.56434 9.87688 6
    endloop
  endfacet
  facet normal -0.195085 -0.980786 -0
    outer loop
      vertex 2.33445 9.7237 6
      vertex 1.56434 9.87688 4.2
      vertex 2.33445 9.7237 4.2
    endloop
  endfacet
  facet normal -0.555573 -0.831468 0
    outer loop
      vertex 5.22499 8.5264 4.2
      vertex 5.87785 8.09017 6
      vertex 5.22499 8.5264 6
    endloop
  endfacet
  facet normal -0.555573 -0.831468 -0
    outer loop
      vertex 5.87785 8.09017 6
      vertex 5.22499 8.5264 4.2
      vertex 5.87785 8.09017 4.2
    endloop
  endfacet
  facet normal -0.678798 -0.734325 0
    outer loop
      vertex 6.49448 7.60406 4.2
      vertex 7.07107 7.07107 6
      vertex 6.49448 7.60406 6
    endloop
  endfacet
  facet normal -0.678798 -0.734325 -0
    outer loop
      vertex 7.07107 7.07107 6
      vertex 6.49448 7.60406 4.2
      vertex 7.07107 7.07107 4.2
    endloop
  endfacet
  facet normal 0.962454 -0.271446 0
    outer loop
      vertex -9.7237 2.33445 6
      vertex -9.51056 3.09017 4.2
      vertex -9.51056 3.09017 6
    endloop
  endfacet
  facet normal 0.962454 -0.271446 0
    outer loop
      vertex -9.51056 3.09017 4.2
      vertex -9.7237 2.33445 6
      vertex -9.7237 2.33445 4.2
    endloop
  endfacet
  facet normal 0.785318 -0.619092 0
    outer loop
      vertex -8.09017 5.87785 6
      vertex -7.60406 6.49448 4.2
      vertex -7.60406 6.49448 6
    endloop
  endfacet
  facet normal 0.785318 -0.619092 0
    outer loop
      vertex -7.60406 6.49448 4.2
      vertex -8.09017 5.87785 6
      vertex -8.09017 5.87785 4.2
    endloop
  endfacet
  facet normal 0.734325 -0.678798 0
    outer loop
      vertex -7.60406 6.49448 6
      vertex -7.07107 7.07107 4.2
      vertex -7.07107 7.07107 6
    endloop
  endfacet
  facet normal 0.734325 -0.678798 0
    outer loop
      vertex -7.07107 7.07107 4.2
      vertex -7.60406 6.49448 6
      vertex -7.60406 6.49448 4.2
    endloop
  endfacet
  facet normal 0.831468 -0.555573 0
    outer loop
      vertex -8.5264 5.22499 6
      vertex -8.09017 5.87785 4.2
      vertex -8.09017 5.87785 6
    endloop
  endfacet
  facet normal 0.831468 -0.555573 0
    outer loop
      vertex -8.09017 5.87785 4.2
      vertex -8.5264 5.22499 6
      vertex -8.5264 5.22499 4.2
    endloop
  endfacet
  facet normal 0.938195 -0.346108 0
    outer loop
      vertex -9.51056 3.09017 6
      vertex -9.2388 3.82683 4.2
      vertex -9.2388 3.82683 6
    endloop
  endfacet
  facet normal 0.938195 -0.346108 0
    outer loop
      vertex -9.2388 3.82683 4.2
      vertex -9.51056 3.09017 6
      vertex -9.51056 3.09017 4.2
    endloop
  endfacet
  facet normal 0.980786 -0.195085 0
    outer loop
      vertex -9.87688 1.56434 6
      vertex -9.7237 2.33445 4.2
      vertex -9.7237 2.33445 6
    endloop
  endfacet
  facet normal 0.980786 -0.195085 0
    outer loop
      vertex -9.7237 2.33445 4.2
      vertex -9.87688 1.56434 6
      vertex -9.87688 1.56434 4.2
    endloop
  endfacet
  facet normal 0.555573 -0.831468 0
    outer loop
      vertex -5.87785 8.09017 4.2
      vertex -5.22499 8.5264 6
      vertex -5.87785 8.09017 6
    endloop
  endfacet
  facet normal 0.555573 -0.831468 0
    outer loop
      vertex -5.22499 8.5264 6
      vertex -5.87785 8.09017 4.2
      vertex -5.22499 8.5264 4.2
    endloop
  endfacet
  facet normal 0.488613 -0.872501 0
    outer loop
      vertex -5.22499 8.5264 4.2
      vertex -4.5399 8.91006 6
      vertex -5.22499 8.5264 6
    endloop
  endfacet
  facet normal 0.488613 -0.872501 0
    outer loop
      vertex -4.5399 8.91006 6
      vertex -5.22499 8.5264 4.2
      vertex -4.5399 8.91006 4.2
    endloop
  endfacet
  facet normal 0.619092 -0.785318 0
    outer loop
      vertex -6.49448 7.60406 4.2
      vertex -5.87785 8.09017 6
      vertex -6.49448 7.60406 6
    endloop
  endfacet
  facet normal 0.619092 -0.785318 0
    outer loop
      vertex -5.87785 8.09017 6
      vertex -6.49448 7.60406 4.2
      vertex -5.87785 8.09017 4.2
    endloop
  endfacet
  facet normal 0.271446 -0.962454 0
    outer loop
      vertex -3.09017 9.51056 4.2
      vertex -2.33445 9.7237 6
      vertex -3.09017 9.51056 6
    endloop
  endfacet
  facet normal 0.271446 -0.962454 0
    outer loop
      vertex -2.33445 9.7237 6
      vertex -3.09017 9.51056 4.2
      vertex -2.33445 9.7237 4.2
    endloop
  endfacet
  facet normal 0.117538 -0.993068 0
    outer loop
      vertex -1.56434 9.87688 4.2
      vertex -0.784591 9.96917 6
      vertex -1.56434 9.87688 6
    endloop
  endfacet
  facet normal 0.117538 -0.993068 0
    outer loop
      vertex -0.784591 9.96917 6
      vertex -1.56434 9.87688 4.2
      vertex -0.784591 9.96917 4.2
    endloop
  endfacet
  facet normal -0.271446 0.962454 0
    outer loop
      vertex 3.09017 -9.51056 4.2
      vertex 2.33445 -9.7237 6
      vertex 3.09017 -9.51056 6
    endloop
  endfacet
  facet normal -0.271446 0.962454 0
    outer loop
      vertex 2.33445 -9.7237 6
      vertex 3.09017 -9.51056 4.2
      vertex 2.33445 -9.7237 4.2
    endloop
  endfacet
  facet normal -0.619092 0.785318 0
    outer loop
      vertex 6.49448 -7.60406 4.2
      vertex 5.87785 -8.09017 6
      vertex 6.49448 -7.60406 6
    endloop
  endfacet
  facet normal -0.619092 0.785318 0
    outer loop
      vertex 5.87785 -8.09017 6
      vertex 6.49448 -7.60406 4.2
      vertex 5.87785 -8.09017 4.2
    endloop
  endfacet
  facet normal -0.41867 0.908138 0
    outer loop
      vertex 4.5399 -8.91006 4.2
      vertex 3.82683 -9.2388 6
      vertex 4.5399 -8.91006 6
    endloop
  endfacet
  facet normal -0.41867 0.908138 0
    outer loop
      vertex 3.82683 -9.2388 6
      vertex 4.5399 -8.91006 4.2
      vertex 3.82683 -9.2388 4.2
    endloop
  endfacet
  facet normal -0.734325 0.678798 0
    outer loop
      vertex 7.07107 -7.07107 4.2
      vertex 7.60406 -6.49448 6
      vertex 7.60406 -6.49448 4.2
    endloop
  endfacet
  facet normal -0.734325 0.678798 0
    outer loop
      vertex 7.60406 -6.49448 6
      vertex 7.07107 -7.07107 4.2
      vertex 7.07107 -7.07107 6
    endloop
  endfacet
  facet normal -0.908138 0.41867 0
    outer loop
      vertex 8.91006 -4.5399 4.2
      vertex 9.2388 -3.82683 6
      vertex 9.2388 -3.82683 4.2
    endloop
  endfacet
  facet normal -0.908138 0.41867 0
    outer loop
      vertex 9.2388 -3.82683 6
      vertex 8.91006 -4.5399 4.2
      vertex 8.91006 -4.5399 6
    endloop
  endfacet
  facet normal -0.831468 0.555573 0
    outer loop
      vertex 8.09017 -5.87785 4.2
      vertex 8.5264 -5.22499 6
      vertex 8.5264 -5.22499 4.2
    endloop
  endfacet
  facet normal -0.831468 0.555573 0
    outer loop
      vertex 8.5264 -5.22499 6
      vertex 8.09017 -5.87785 4.2
      vertex 8.09017 -5.87785 6
    endloop
  endfacet
  facet normal -0.938195 0.346108 0
    outer loop
      vertex 9.2388 -3.82683 4.2
      vertex 9.51056 -3.09017 6
      vertex 9.51056 -3.09017 4.2
    endloop
  endfacet
  facet normal -0.938195 0.346108 0
    outer loop
      vertex 9.51056 -3.09017 6
      vertex 9.2388 -3.82683 4.2
      vertex 9.2388 -3.82683 6
    endloop
  endfacet
  facet normal 0.678798 0.734325 -0
    outer loop
      vertex -6.49448 -7.60406 4.2
      vertex -7.07107 -7.07107 6
      vertex -6.49448 -7.60406 6
    endloop
  endfacet
  facet normal 0.678798 0.734325 0
    outer loop
      vertex -7.07107 -7.07107 6
      vertex -6.49448 -7.60406 4.2
      vertex -7.07107 -7.07107 4.2
    endloop
  endfacet
  facet normal 0.41867 0.908138 -0
    outer loop
      vertex -3.82683 -9.2388 4.2
      vertex -4.5399 -8.91006 6
      vertex -3.82683 -9.2388 6
    endloop
  endfacet
  facet normal 0.41867 0.908138 0
    outer loop
      vertex -4.5399 -8.91006 6
      vertex -3.82683 -9.2388 4.2
      vertex -4.5399 -8.91006 4.2
    endloop
  endfacet
  facet normal 0.555573 0.831468 -0
    outer loop
      vertex -5.22499 -8.5264 4.2
      vertex -5.87785 -8.09017 6
      vertex -5.22499 -8.5264 6
    endloop
  endfacet
  facet normal 0.555573 0.831468 0
    outer loop
      vertex -5.87785 -8.09017 6
      vertex -5.22499 -8.5264 4.2
      vertex -5.87785 -8.09017 4.2
    endloop
  endfacet
  facet normal 0.346108 0.938195 -0
    outer loop
      vertex -3.09017 -9.51056 4.2
      vertex -3.82683 -9.2388 6
      vertex -3.09017 -9.51056 6
    endloop
  endfacet
  facet normal 0.346108 0.938195 0
    outer loop
      vertex -3.82683 -9.2388 6
      vertex -3.09017 -9.51056 4.2
      vertex -3.82683 -9.2388 4.2
    endloop
  endfacet
  facet normal 0.195085 0.980786 -0
    outer loop
      vertex -1.56434 -9.87688 4.2
      vertex -2.33445 -9.7237 6
      vertex -1.56434 -9.87688 6
    endloop
  endfacet
  facet normal 0.195085 0.980786 0
    outer loop
      vertex -2.33445 -9.7237 6
      vertex -1.56434 -9.87688 4.2
      vertex -2.33445 -9.7237 4.2
    endloop
  endfacet
  facet normal 0.831468 0.555573 0
    outer loop
      vertex -8.09017 -5.87785 6
      vertex -8.5264 -5.22499 4.2
      vertex -8.5264 -5.22499 6
    endloop
  endfacet
  facet normal 0.831468 0.555573 0
    outer loop
      vertex -8.5264 -5.22499 4.2
      vertex -8.09017 -5.87785 6
      vertex -8.09017 -5.87785 4.2
    endloop
  endfacet
  facet normal 0.785318 0.619092 0
    outer loop
      vertex -7.60406 -6.49448 6
      vertex -8.09017 -5.87785 4.2
      vertex -8.09017 -5.87785 6
    endloop
  endfacet
  facet normal 0.785318 0.619092 0
    outer loop
      vertex -8.09017 -5.87785 4.2
      vertex -7.60406 -6.49448 6
      vertex -7.60406 -6.49448 4.2
    endloop
  endfacet
  facet normal 0.962454 0.271446 0
    outer loop
      vertex -9.51056 -3.09017 6
      vertex -9.7237 -2.33445 4.2
      vertex -9.7237 -2.33445 6
    endloop
  endfacet
  facet normal 0.962454 0.271446 0
    outer loop
      vertex -9.7237 -2.33445 4.2
      vertex -9.51056 -3.09017 6
      vertex -9.51056 -3.09017 4.2
    endloop
  endfacet
  facet normal 0.938195 0.346108 0
    outer loop
      vertex -9.2388 -3.82683 6
      vertex -9.51056 -3.09017 4.2
      vertex -9.51056 -3.09017 6
    endloop
  endfacet
  facet normal 0.938195 0.346108 0
    outer loop
      vertex -9.51056 -3.09017 4.2
      vertex -9.2388 -3.82683 6
      vertex -9.2388 -3.82683 4.2
    endloop
  endfacet
  facet normal 0 0 1
    outer loop
      vertex 9.96917 0.784591 4.2
      vertex 9.96917 -0.784591 4.2
      vertex 10 0 4.2
    endloop
  endfacet
  facet normal 0 0 1
    outer loop
      vertex 9.87688 1.56434 4.2
      vertex 9.96917 -0.784591 4.2
      vertex 9.96917 0.784591 4.2
    endloop
  endfacet
  facet normal 0 0 1
    outer loop
      vertex 9.87688 1.56434 4.2
      vertex 9.87688 -1.56434 4.2
      vertex 9.96917 -0.784591 4.2
    endloop
  endfacet
  facet normal 0 0 1
    outer loop
      vertex 9.7237 2.33445 4.2
      vertex 9.87688 -1.56434 4.2
      vertex 9.87688 1.56434 4.2
    endloop
  endfacet
  facet normal 0 0 1
    outer loop
      vertex 9.7237 2.33445 4.2
      vertex 9.7237 -2.33445 4.2
      vertex 9.87688 -1.56434 4.2
    endloop
  endfacet
  facet normal 0 0 1
    outer loop
      vertex 9.51056 3.09017 4.2
      vertex 9.7237 -2.33445 4.2
      vertex 9.7237 2.33445 4.2
    endloop
  endfacet
  facet normal 0 0 1
    outer loop
      vertex 9.51056 3.09017 4.2
      vertex 9.51056 -3.09017 4.2
      vertex 9.7237 -2.33445 4.2
    endloop
  endfacet
  facet normal 0 0 1
    outer loop
      vertex 9.2388 3.82683 4.2
      vertex 9.51056 -3.09017 4.2
      vertex 9.51056 3.09017 4.2
    endloop
  endfacet
  facet normal 0 0 1
    outer loop
      vertex 9.2388 3.82683 4.2
      vertex 9.2388 -3.82683 4.2
      vertex 9.51056 -3.09017 4.2
    endloop
  endfacet
  facet normal 0 0 1
    outer loop
      vertex 8.91006 4.5399 4.2
      vertex 9.2388 -3.82683 4.2
      vertex 9.2388 3.82683 4.2
    endloop
  endfacet
  facet normal 0 0 1
    outer loop
      vertex 8.91006 4.5399 4.2
      vertex 8.91006 -4.5399 4.2
      vertex 9.2388 -3.82683 4.2
    endloop
  endfacet
  facet normal 0 0 1
    outer loop
      vertex 8.5264 5.22499 4.2
      vertex 8.91006 -4.5399 4.2
      vertex 8.91006 4.5399 4.2
    endloop
  endfacet
  facet normal 0 0 1
    outer loop
      vertex 8.5264 5.22499 4.2
      vertex 8.5264 -5.22499 4.2
      vertex 8.91006 -4.5399 4.2
    endloop
  endfacet
  facet normal 0 0 1
    outer loop
      vertex 8.09017 5.87785 4.2
      vertex 8.5264 -5.22499 4.2
      vertex 8.5264 5.22499 4.2
    endloop
  endfacet
  facet normal 0 0 1
    outer loop
      vertex 8.09017 5.87785 4.2
      vertex 8.09017 -5.87785 4.2
      vertex 8.5264 -5.22499 4.2
    endloop
  endfacet
  facet normal 0 0 1
    outer loop
      vertex 7.60406 6.49448 4.2
      vertex 8.09017 -5.87785 4.2
      vertex 8.09017 5.87785 4.2
    endloop
  endfacet
  facet normal 0 0 1
    outer loop
      vertex 7.60406 6.49448 4.2
      vertex 7.60406 -6.49448 4.2
      vertex 8.09017 -5.87785 4.2
    endloop
  endfacet
  facet normal 0 0 1
    outer loop
      vertex 7.07107 7.07107 4.2
      vertex 7.60406 -6.49448 4.2
      vertex 7.60406 6.49448 4.2
    endloop
  endfacet
  facet normal 0 0 1
    outer loop
      vertex 7.07107 7.07107 4.2
      vertex 7.07107 -7.07107 4.2
      vertex 7.60406 -6.49448 4.2
    endloop
  endfacet
  facet normal 0 0 1
    outer loop
      vertex 6.49448 7.60406 4.2
      vertex 7.07107 -7.07107 4.2
      vertex 7.07107 7.07107 4.2
    endloop
  endfacet
  facet normal 0 0 1
    outer loop
      vertex 6.49448 7.60406 4.2
      vertex 6.49448 -7.60406 4.2
      vertex 7.07107 -7.07107 4.2
    endloop
  endfacet
  facet normal 0 0 1
    outer loop
      vertex 5.87785 8.09017 4.2
      vertex 6.49448 -7.60406 4.2
      vertex 6.49448 7.60406 4.2
    endloop
  endfacet
  facet normal 0 0 1
    outer loop
      vertex 5.87785 8.09017 4.2
      vertex 5.87785 -8.09017 4.2
      vertex 6.49448 -7.60406 4.2
    endloop
  endfacet
  facet normal 0 0 1
    outer loop
      vertex 5.22499 8.5264 4.2
      vertex 5.87785 -8.09017 4.2
      vertex 5.87785 8.09017 4.2
    endloop
  endfacet
  facet normal 0 0 1
    outer loop
      vertex 5.22499 8.5264 4.2
      vertex 5.22499 -8.5264 4.2
      vertex 5.87785 -8.09017 4.2
    endloop
  endfacet
  facet normal 0 0 1
    outer loop
      vertex 4.5399 8.91006 4.2
      vertex 5.22499 -8.5264 4.2
      vertex 5.22499 8.5264 4.2
    endloop
  endfacet
  facet normal 0 0 1
    outer loop
      vertex 4.5399 8.91006 4.2
      vertex 4.5399 -8.91006 4.2
      vertex 5.22499 -8.5264 4.2
    endloop
  endfacet
  facet normal 0 0 1
    outer loop
      vertex 3.82683 9.2388 4.2
      vertex 4.5399 -8.91006 4.2
      vertex 4.5399 8.91006 4.2
    endloop
  endfacet
  facet normal 0 0 1
    outer loop
      vertex 3.82683 9.2388 4.2
      vertex 3.82683 -9.2388 4.2
      vertex 4.5399 -8.91006 4.2
    endloop
  endfacet
  facet normal 0 0 1
    outer loop
      vertex 3.09017 9.51056 4.2
      vertex 3.82683 -9.2388 4.2
      vertex 3.82683 9.2388 4.2
    endloop
  endfacet
  facet normal 0 0 1
    outer loop
      vertex 3.09017 9.51056 4.2
      vertex 3.09017 -9.51056 4.2
      vertex 3.82683 -9.2388 4.2
    endloop
  endfacet
  facet normal 0 0 1
    outer loop
      vertex 2.33445 9.7237 4.2
      vertex 3.09017 -9.51056 4.2
      vertex 3.09017 9.51056 4.2
    endloop
  endfacet
  facet normal 0 0 1
    outer loop
      vertex 2.33445 9.7237 4.2
      vertex 2.33445 -9.7237 4.2
      vertex 3.09017 -9.51056 4.2
    endloop
  endfacet
  facet normal 0 0 1
    outer loop
      vertex 1.56434 9.87688 4.2
      vertex 2.33445 -9.7237 4.2
      vertex 2.33445 9.7237 4.2
    endloop
  endfacet
  facet normal 0 0 1
    outer loop
      vertex 1.56434 9.87688 4.2
      vertex 1.56434 -9.87688 4.2
      vertex 2.33445 -9.7237 4.2
    endloop
  endfacet
  facet normal 0 0 1
    outer loop
      vertex 0.784591 9.96917 4.2
      vertex 1.56434 -9.87688 4.2
      vertex 1.56434 9.87688 4.2
    endloop
  endfacet
  facet normal 0 0 1
    outer loop
      vertex 0.784591 9.96917 4.2
      vertex 0.784591 -9.96917 4.2
      vertex 1.56434 -9.87688 4.2
    endloop
  endfacet
  facet normal 0 0 1
    outer loop
      vertex 0 10 4.2
      vertex 0.784591 -9.96917 4.2
      vertex 0.784591 9.96917 4.2
    endloop
  endfacet
  facet normal 0 0 1
    outer loop
      vertex 0 10 4.2
      vertex 0 -10 4.2
      vertex 0.784591 -9.96917 4.2
    endloop
  endfacet
  facet normal -0 0 1
    outer loop
      vertex -0.784591 9.96917 4.2
      vertex 0 -10 4.2
      vertex 0 10 4.2
    endloop
  endfacet
  facet normal 0 0 1
    outer loop
      vertex -0.784591 9.96917 4.2
      vertex -0.784591 -9.96917 4.2
      vertex 0 -10 4.2
    endloop
  endfacet
  facet normal -0 0 1
    outer loop
      vertex -1.56434 9.87688 4.2
      vertex -0.784591 -9.96917 4.2
      vertex -0.784591 9.96917 4.2
    endloop
  endfacet
  facet normal 0 0 1
    outer loop
      vertex -1.56434 9.87688 4.2
      vertex -1.56434 -9.87688 4.2
      vertex -0.784591 -9.96917 4.2
    endloop
  endfacet
  facet normal -0 0 1
    outer loop
      vertex -2.33445 9.7237 4.2
      vertex -1.56434 -9.87688 4.2
      vertex -1.56434 9.87688 4.2
    endloop
  endfacet
  facet normal 0 0 1
    outer loop
      vertex -2.33445 9.7237 4.2
      vertex -2.33445 -9.7237 4.2
      vertex -1.56434 -9.87688 4.2
    endloop
  endfacet
  facet normal -0 0 1
    outer loop
      vertex -3.09017 9.51056 4.2
      vertex -2.33445 -9.7237 4.2
      vertex -2.33445 9.7237 4.2
    endloop
  endfacet
  facet normal 0 0 1
    outer loop
      vertex -3.09017 9.51056 4.2
      vertex -3.09017 -9.51056 4.2
      vertex -2.33445 -9.7237 4.2
    endloop
  endfacet
  facet normal -0 0 1
    outer loop
      vertex -3.82683 9.2388 4.2
      vertex -3.09017 -9.51056 4.2
      vertex -3.09017 9.51056 4.2
    endloop
  endfacet
  facet normal 0 0 1
    outer loop
      vertex -3.82683 9.2388 4.2
      vertex -3.82683 -9.2388 4.2
      vertex -3.09017 -9.51056 4.2
    endloop
  endfacet
  facet normal -0 0 1
    outer loop
      vertex -4.5399 8.91006 4.2
      vertex -3.82683 -9.2388 4.2
      vertex -3.82683 9.2388 4.2
    endloop
  endfacet
  facet normal 0 0 1
    outer loop
      vertex -4.5399 8.91006 4.2
      vertex -4.5399 -8.91006 4.2
      vertex -3.82683 -9.2388 4.2
    endloop
  endfacet
  facet normal -0 0 1
    outer loop
      vertex -5.22499 8.5264 4.2
      vertex -4.5399 -8.91006 4.2
      vertex -4.5399 8.91006 4.2
    endloop
  endfacet
  facet normal 0 0 1
    outer loop
      vertex -5.22499 8.5264 4.2
      vertex -5.22499 -8.5264 4.2
      vertex -4.5399 -8.91006 4.2
    endloop
  endfacet
  facet normal -0 0 1
    outer loop
      vertex -5.87785 8.09017 4.2
      vertex -5.22499 -8.5264 4.2
      vertex -5.22499 8.5264 4.2
    endloop
  endfacet
  facet normal 0 0 1
    outer loop
      vertex -5.87785 8.09017 4.2
      vertex -5.87785 -8.09017 4.2
      vertex -5.22499 -8.5264 4.2
    endloop
  endfacet
  facet normal -0 0 1
    outer loop
      vertex -6.49448 7.60406 4.2
      vertex -5.87785 -8.09017 4.2
      vertex -5.87785 8.09017 4.2
    endloop
  endfacet
  facet normal 0 0 1
    outer loop
      vertex -6.49448 7.60406 4.2
      vertex -6.49448 -7.60406 4.2
      vertex -5.87785 -8.09017 4.2
    endloop
  endfacet
  facet normal -0 0 1
    outer loop
      vertex -7.07107 7.07107 4.2
      vertex -6.49448 -7.60406 4.2
      vertex -6.49448 7.60406 4.2
    endloop
  endfacet
  facet normal 0 0 1
    outer loop
      vertex -7.07107 7.07107 4.2
      vertex -7.07107 -7.07107 4.2
      vertex -6.49448 -7.60406 4.2
    endloop
  endfacet
  facet normal -0 0 1
    outer loop
      vertex -7.60406 6.49448 4.2
      vertex -7.07107 -7.07107 4.2
      vertex -7.07107 7.07107 4.2
    endloop
  endfacet
  facet normal 0 0 1
    outer loop
      vertex -7.60406 6.49448 4.2
      vertex -7.60406 -6.49448 4.2
      vertex -7.07107 -7.07107 4.2
    endloop
  endfacet
  facet normal -0 0 1
    outer loop
      vertex -8.09017 5.87785 4.2
      vertex -7.60406 -6.49448 4.2
      vertex -7.60406 6.49448 4.2
    endloop
  endfacet
  facet normal 0 0 1
    outer loop
      vertex -8.09017 5.87785 4.2
      vertex -8.09017 -5.87785 4.2
      vertex -7.60406 -6.49448 4.2
    endloop
  endfacet
  facet normal -0 0 1
    outer loop
      vertex -8.5264 5.22499 4.2
      vertex -8.09017 -5.87785 4.2
      vertex -8.09017 5.87785 4.2
    endloop
  endfacet
  facet normal 0 0 1
    outer loop
      vertex -8.5264 5.22499 4.2
      vertex -8.5264 -5.22499 4.2
      vertex -8.09017 -5.87785 4.2
    endloop
  endfacet
  facet normal -0 0 1
    outer loop
      vertex -8.91006 4.5399 4.2
      vertex -8.5264 -5.22499 4.2
      vertex -8.5264 5.22499 4.2
    endloop
  endfacet
  facet normal 0 0 1
    outer loop
      vertex -8.91006 4.5399 4.2
      vertex -8.91006 -4.5399 4.2
      vertex -8.5264 -5.22499 4.2
    endloop
  endfacet
  facet normal -0 0 1
    outer loop
      vertex -9.2388 3.82683 4.2
      vertex -8.91006 -4.5399 4.2
      vertex -8.91006 4.5399 4.2
    endloop
  endfacet
  facet normal 0 0 1
    outer loop
      vertex -9.2388 3.82683 4.2
      vertex -9.2388 -3.82683 4.2
      vertex -8.91006 -4.5399 4.2
    endloop
  endfacet
  facet normal -0 0 1
    outer loop
      vertex -9.51056 3.09017 4.2
      vertex -9.2388 -3.82683 4.2
      vertex -9.2388 3.82683 4.2
    endloop
  endfacet
  facet normal 0 0 1
    outer loop
      vertex -9.51056 3.09017 4.2
      vertex -9.51056 -3.09017 4.2
      vertex -9.2388 -3.82683 4.2
    endloop
  endfacet
  facet normal -0 0 1
    outer loop
      vertex -9.7237 2.33445 4.2
      vertex -9.51056 -3.09017 4.2
      vertex -9.51056 3.09017 4.2
    endloop
  endfacet
  facet normal 0 0 1
    outer loop
      vertex -9.7237 2.33445 4.2
      vertex -9.7237 -2.33445 4.2
      vertex -9.51056 -3.09017 4.2
    endloop
  endfacet
  facet normal -0 0 1
    outer loop
      vertex -9.87688 1.56434 4.2
      vertex -9.7237 -2.33445 4.2
      vertex -9.7237 2.33445 4.2
    endloop
  endfacet
  facet normal 0 0 1
    outer loop
      vertex -9.87688 1.56434 4.2
      vertex -9.87688 -1.56434 4.2
      vertex -9.7237 -2.33445 4.2
    endloop
  endfacet
  facet normal -0 0 1
    outer loop
      vertex -9.96917 0.784591 4.2
      vertex -9.87688 -1.56434 4.2
      vertex -9.87688 1.56434 4.2
    endloop
  endfacet
  facet normal 0 0 1
    outer loop
      vertex -9.96917 0.784591 4.2
      vertex -9.96917 -0.784591 4.2
      vertex -9.87688 -1.56434 4.2
    endloop
  endfacet
  facet normal 0 -0 1
    outer loop
      vertex -9.96917 -0.784591 4.2
      vertex -9.96917 0.784591 4.2
      vertex -10 0 4.2
    endloop
  endfacet
  facet normal -0.908138 -0.41867 0
    outer loop
      vertex 9.2388 3.82683 4.2
      vertex 8.91006 4.5399 6
      vertex 8.91006 4.5399 4.2
    endloop
  endfacet
  facet normal -0.908138 -0.41867 0
    outer loop
      vertex 8.91006 4.5399 6
      vertex 9.2388 3.82683 4.2
      vertex 9.2388 3.82683 6
    endloop
  endfacet
  facet normal -0.117538 -0.993068 0
    outer loop
      vertex 0.784591 9.96917 4.2
      vertex 1.56434 9.87688 6
      vertex 0.784591 9.96917 6
    endloop
  endfacet
  facet normal -0.117538 -0.993068 -0
    outer loop
      vertex 1.56434 9.87688 6
      vertex 0.784591 9.96917 4.2
      vertex 1.56434 9.87688 4.2
    endloop
  endfacet
  facet normal 0.993068 -0.117538 0
    outer loop
      vertex -9.96917 0.784591 6
      vertex -9.87688 1.56434 4.2
      vertex -9.87688 1.56434 6
    endloop
  endfacet
  facet normal 0.993068 -0.117538 0
    outer loop
      vertex -9.87688 1.56434 4.2
      vertex -9.96917 0.784591 6
      vertex -9.96917 0.784591 4.2
    endloop
  endfacet
  facet normal 0.0392641 -0.999229 0
    outer loop
      vertex -0.784591 9.96917 4.2
      vertex 0 10 6
      vertex -0.784591 9.96917 6
    endloop
  endfacet
  facet normal 0.0392641 -0.999229 0
    outer loop
      vertex 0 10 6
      vertex -0.784591 9.96917 4.2
      vertex 0 10 4.2
    endloop
  endfacet
  facet normal -0.0392641 0.999229 0
    outer loop
      vertex 0.784591 -9.96917 4.2
      vertex 0 -10 6
      vertex 0.784591 -9.96917 6
    endloop
  endfacet
  facet normal -0.0392641 0.999229 0
    outer loop
      vertex 0 -10 6
      vertex 0.784591 -9.96917 4.2
      vertex 0 -10 4.2
    endloop
  endfacet
  facet normal -0.195085 0.980786 0
    outer loop
      vertex 2.33445 -9.7237 4.2
      vertex 1.56434 -9.87688 6
      vertex 2.33445 -9.7237 6
    endloop
  endfacet
  facet normal -0.195085 0.980786 0
    outer loop
      vertex 1.56434 -9.87688 6
      vertex 2.33445 -9.7237 4.2
      vertex 1.56434 -9.87688 4.2
    endloop
  endfacet
  facet normal -0.346108 0.938195 0
    outer loop
      vertex 3.82683 -9.2388 4.2
      vertex 3.09017 -9.51056 6
      vertex 3.82683 -9.2388 6
    endloop
  endfacet
  facet normal -0.346108 0.938195 0
    outer loop
      vertex 3.09017 -9.51056 6
      vertex 3.82683 -9.2388 4.2
      vertex 3.09017 -9.51056 4.2
    endloop
  endfacet
  facet normal -0.678798 0.734325 0
    outer loop
      vertex 7.07107 -7.07107 4.2
      vertex 6.49448 -7.60406 6
      vertex 7.07107 -7.07107 6
    endloop
  endfacet
  facet normal -0.678798 0.734325 0
    outer loop
      vertex 6.49448 -7.60406 6
      vertex 7.07107 -7.07107 4.2
      vertex 6.49448 -7.60406 4.2
    endloop
  endfacet
  facet normal -0.555573 0.831468 0
    outer loop
      vertex 5.87785 -8.09017 4.2
      vertex 5.22499 -8.5264 6
      vertex 5.87785 -8.09017 6
    endloop
  endfacet
  facet normal -0.555573 0.831468 0
    outer loop
      vertex 5.22499 -8.5264 6
      vertex 5.87785 -8.09017 4.2
      vertex 5.22499 -8.5264 4.2
    endloop
  endfacet
  facet normal -0.488613 0.872501 0
    outer loop
      vertex 5.22499 -8.5264 4.2
      vertex 4.5399 -8.91006 6
      vertex 5.22499 -8.5264 6
    endloop
  endfacet
  facet normal -0.488613 0.872501 0
    outer loop
      vertex 4.5399 -8.91006 6
      vertex 5.22499 -8.5264 4.2
      vertex 4.5399 -8.91006 4.2
    endloop
  endfacet
  facet normal -0.785318 0.619092 0
    outer loop
      vertex 7.60406 -6.49448 4.2
      vertex 8.09017 -5.87785 6
      vertex 8.09017 -5.87785 4.2
    endloop
  endfacet
  facet normal -0.785318 0.619092 0
    outer loop
      vertex 8.09017 -5.87785 6
      vertex 7.60406 -6.49448 4.2
      vertex 7.60406 -6.49448 6
    endloop
  endfacet
  facet normal -0.872501 0.488613 0
    outer loop
      vertex 8.5264 -5.22499 4.2
      vertex 8.91006 -4.5399 6
      vertex 8.91006 -4.5399 4.2
    endloop
  endfacet
  facet normal -0.872501 0.488613 0
    outer loop
      vertex 8.91006 -4.5399 6
      vertex 8.5264 -5.22499 4.2
      vertex 8.5264 -5.22499 6
    endloop
  endfacet
  facet normal -0.980786 0.195085 0
    outer loop
      vertex 9.7237 -2.33445 4.2
      vertex 9.87688 -1.56434 6
      vertex 9.87688 -1.56434 4.2
    endloop
  endfacet
  facet normal -0.980786 0.195085 0
    outer loop
      vertex 9.87688 -1.56434 6
      vertex 9.7237 -2.33445 4.2
      vertex 9.7237 -2.33445 6
    endloop
  endfacet
  facet normal -0.962454 0.271446 0
    outer loop
      vertex 9.51056 -3.09017 4.2
      vertex 9.7237 -2.33445 6
      vertex 9.7237 -2.33445 4.2
    endloop
  endfacet
  facet normal -0.962454 0.271446 0
    outer loop
      vertex 9.7237 -2.33445 6
      vertex 9.51056 -3.09017 4.2
      vertex 9.51056 -3.09017 6
    endloop
  endfacet
  facet normal 0.619092 0.785318 -0
    outer loop
      vertex -5.87785 -8.09017 4.2
      vertex -6.49448 -7.60406 6
      vertex -5.87785 -8.09017 6
    endloop
  endfacet
  facet normal 0.619092 0.785318 0
    outer loop
      vertex -6.49448 -7.60406 6
      vertex -5.87785 -8.09017 4.2
      vertex -6.49448 -7.60406 4.2
    endloop
  endfacet
  facet normal 0.488613 0.872501 -0
    outer loop
      vertex -4.5399 -8.91006 4.2
      vertex -5.22499 -8.5264 6
      vertex -4.5399 -8.91006 6
    endloop
  endfacet
  facet normal 0.488613 0.872501 0
    outer loop
      vertex -5.22499 -8.5264 6
      vertex -4.5399 -8.91006 4.2
      vertex -5.22499 -8.5264 4.2
    endloop
  endfacet
  facet normal 0.271446 0.962454 -0
    outer loop
      vertex -2.33445 -9.7237 4.2
      vertex -3.09017 -9.51056 6
      vertex -2.33445 -9.7237 6
    endloop
  endfacet
  facet normal 0.271446 0.962454 0
    outer loop
      vertex -3.09017 -9.51056 6
      vertex -2.33445 -9.7237 4.2
      vertex -3.09017 -9.51056 4.2
    endloop
  endfacet
  facet normal 0.117538 0.993068 -0
    outer loop
      vertex -0.784591 -9.96917 4.2
      vertex -1.56434 -9.87688 6
      vertex -0.784591 -9.96917 6
    endloop
  endfacet
  facet normal 0.117538 0.993068 0
    outer loop
      vertex -1.56434 -9.87688 6
      vertex -0.784591 -9.96917 4.2
      vertex -1.56434 -9.87688 4.2
    endloop
  endfacet
  facet normal 0.908138 0.41867 0
    outer loop
      vertex -8.91006 -4.5399 6
      vertex -9.2388 -3.82683 4.2
      vertex -9.2388 -3.82683 6
    endloop
  endfacet
  facet normal 0.908138 0.41867 0
    outer loop
      vertex -9.2388 -3.82683 4.2
      vertex -8.91006 -4.5399 6
      vertex -8.91006 -4.5399 4.2
    endloop
  endfacet
  facet normal 0.872501 0.488613 0
    outer loop
      vertex -8.5264 -5.22499 6
      vertex -8.91006 -4.5399 4.2
      vertex -8.91006 -4.5399 6
    endloop
  endfacet
  facet normal 0.872501 0.488613 0
    outer loop
      vertex -8.91006 -4.5399 4.2
      vertex -8.5264 -5.22499 6
      vertex -8.5264 -5.22499 4.2
    endloop
  endfacet
  facet normal 0.980786 0.195085 0
    outer loop
      vertex -9.7237 -2.33445 6
      vertex -9.87688 -1.56434 4.2
      vertex -9.87688 -1.56434 6
    endloop
  endfacet
  facet normal 0.980786 0.195085 0
    outer loop
      vertex -9.87688 -1.56434 4.2
      vertex -9.7237 -2.33445 6
      vertex -9.7237 -2.33445 4.2
    endloop
  endfacet
  facet normal 0.999229 0.0392641 0
    outer loop
      vertex -9.96917 -0.784591 6
      vertex -10 0 4.2
      vertex -10 0 6
    endloop
  endfacet
  facet normal 0.999229 0.0392641 0
    outer loop
      vertex -10 0 4.2
      vertex -9.96917 -0.784591 6
      vertex -9.96917 -0.784591 4.2
    endloop
  endfacet
  facet normal -0.488613 -0.872501 0
    outer loop
      vertex 4.5399 8.91006 4.2
      vertex 5.22499 8.5264 6
      vertex 4.5399 8.91006 6
    endloop
  endfacet
  facet normal -0.488613 -0.872501 -0
    outer loop
      vertex 5.22499 8.5264 6
      vertex 4.5399 8.91006 4.2
      vertex 5.22499 8.5264 4.2
    endloop
  endfacet
  facet normal 0.872501 -0.488613 0
    outer loop
      vertex -8.91006 4.5399 6
      vertex -8.5264 5.22499 4.2
      vertex -8.5264 5.22499 6
    endloop
  endfacet
  facet normal 0.872501 -0.488613 0
    outer loop
      vertex -8.5264 5.22499 4.2
      vertex -8.91006 4.5399 6
      vertex -8.91006 4.5399 4.2
    endloop
  endfacet
  facet normal 0.41867 -0.908138 0
    outer loop
      vertex -4.5399 8.91006 4.2
      vertex -3.82683 9.2388 6
      vertex -4.5399 8.91006 6
    endloop
  endfacet
  facet normal 0.41867 -0.908138 0
    outer loop
      vertex -3.82683 9.2388 6
      vertex -4.5399 8.91006 4.2
      vertex -3.82683 9.2388 4.2
    endloop
  endfacet
  facet normal -0.117538 0.993068 0
    outer loop
      vertex 1.56434 -9.87688 4.2
      vertex 0.784591 -9.96917 6
      vertex 1.56434 -9.87688 6
    endloop
  endfacet
  facet normal -0.117538 0.993068 0
    outer loop
      vertex 0.784591 -9.96917 6
      vertex 1.56434 -9.87688 4.2
      vertex 0.784591 -9.96917 4.2
    endloop
  endfacet
  facet normal -0.993068 0.117538 0
    outer loop
      vertex 9.87688 -1.56434 4.2
      vertex 9.96917 -0.784591 6
      vertex 9.96917 -0.784591 4.2
    endloop
  endfacet
  facet normal -0.993068 0.117538 0
    outer loop
      vertex 9.96917 -0.784591 6
      vertex 9.87688 -1.56434 4.2
      vertex 9.87688 -1.56434 6
    endloop
  endfacet
  facet normal 0.0392641 0.999229 -0
    outer loop
      vertex 0 -10 4.2
      vertex -0.784591 -9.96917 6
      vertex 0 -10 6
    endloop
  endfacet
  facet normal 0.0392641 0.999229 0
    outer loop
      vertex -0.784591 -9.96917 6
      vertex 0 -10 4.2
      vertex -0.784591 -9.96917 4.2
    endloop
  endfacet
  facet normal 0.993068 0.117538 0
    outer loop
      vertex -9.87688 -1.56434 6
      vertex -9.96917 -0.784591 4.2
      vertex -9.96917 -0.784591 6
    endloop
  endfacet
  facet normal 0.993068 0.117538 0
    outer loop
      vertex -9.96917 -0.784591 4.2
      vertex -9.87688 -1.56434 6
      vertex -9.87688 -1.56434 4.2
    endloop
  endfacet
  facet normal -0.999229 0.0392641 0
    outer loop
      vertex 9.96917 -0.784591 4.2
      vertex 10 0 6
      vertex 10 0 4.2
    endloop
  endfacet
  facet normal -0.999229 0.0392641 0
    outer loop
      vertex 10 0 6
      vertex 9.96917 -0.784591 4.2
      vertex 9.96917 -0.784591 6
    endloop
  endfacet
  facet normal -0.980787 -0.195084 0
    outer loop
      vertex 6.0249 0.954249 0
      vertex 5.93146 1.42402 3.1
      vertex 5.93146 1.42402 0
    endloop
  endfacet
  facet normal -0.980787 -0.195084 0
    outer loop
      vertex 5.93146 1.42402 3.1
      vertex 6.0249 0.954249 0
      vertex 6.0249 0.954249 3.1
    endloop
  endfacet
  facet normal -0.999229 -0.0392718 0
    outer loop
      vertex 6.1 0 0
      vertex 6.08119 0.4786 3.1
      vertex 6.08119 0.4786 0
    endloop
  endfacet
  facet normal -0.999229 -0.0392718 0
    outer loop
      vertex 6.08119 0.4786 3.1
      vertex 6.1 0 0
      vertex 6.1 0 3.1
    endloop
  endfacet
  facet normal 0.999229 -0.0392718 0
    outer loop
      vertex -6.1 0 3.1
      vertex -6.08119 0.4786 0
      vertex -6.08119 0.4786 3.1
    endloop
  endfacet
  facet normal 0.999229 -0.0392718 0
    outer loop
      vertex -6.08119 0.4786 0
      vertex -6.1 0 3.1
      vertex -6.1 0 0
    endloop
  endfacet
  facet normal -0.0392718 -0.999229 0
    outer loop
      vertex 0 6.1 0
      vertex 0.4786 6.08119 3.1
      vertex 0 6.1 3.1
    endloop
  endfacet
  facet normal -0.0392718 -0.999229 -0
    outer loop
      vertex 0.4786 6.08119 3.1
      vertex 0 6.1 0
      vertex 0.4786 6.08119 0
    endloop
  endfacet
  facet normal -0.678805 -0.734319 0
    outer loop
      vertex 3.96163 4.63848 0
      vertex 4.31335 4.31335 3.1
      vertex 3.96163 4.63848 3.1
    endloop
  endfacet
  facet normal -0.678805 -0.734319 -0
    outer loop
      vertex 4.31335 4.31335 3.1
      vertex 3.96163 4.63848 0
      vertex 4.31335 4.31335 0
    endloop
  endfacet
  facet normal 0.678805 -0.734319 0
    outer loop
      vertex -4.31335 4.31335 0
      vertex -3.96163 4.63848 3.1
      vertex -4.31335 4.31335 3.1
    endloop
  endfacet
  facet normal 0.678805 -0.734319 0
    outer loop
      vertex -3.96163 4.63848 3.1
      vertex -4.31335 4.31335 0
      vertex -3.96163 4.63848 0
    endloop
  endfacet
  facet normal 0.346115 -0.938192 0
    outer loop
      vertex -2.33437 5.63566 0
      vertex -1.885 5.80144 3.1
      vertex -2.33437 5.63566 3.1
    endloop
  endfacet
  facet normal 0.346115 -0.938192 0
    outer loop
      vertex -1.885 5.80144 3.1
      vertex -2.33437 5.63566 0
      vertex -1.885 5.80144 0
    endloop
  endfacet
  facet normal 0.734319 0.678805 0
    outer loop
      vertex -4.31335 -4.31335 3.1
      vertex -4.63848 -3.96163 0
      vertex -4.63848 -3.96163 3.1
    endloop
  endfacet
  facet normal 0.734319 0.678805 0
    outer loop
      vertex -4.63848 -3.96163 0
      vertex -4.31335 -4.31335 3.1
      vertex -4.31335 -4.31335 0
    endloop
  endfacet
  facet normal -0.938192 -0.346115 0
    outer loop
      vertex 5.80144 1.885 0
      vertex 5.63566 2.33437 3.1
      vertex 5.63566 2.33437 0
    endloop
  endfacet
  facet normal -0.938192 -0.346115 0
    outer loop
      vertex 5.63566 2.33437 3.1
      vertex 5.80144 1.885 0
      vertex 5.80144 1.885 3.1
    endloop
  endfacet
  facet normal -0.418653 -0.908146 0
    outer loop
      vertex 2.33437 5.63566 0
      vertex 2.76934 5.43514 3.1
      vertex 2.33437 5.63566 3.1
    endloop
  endfacet
  facet normal -0.418653 -0.908146 -0
    outer loop
      vertex 2.76934 5.43514 3.1
      vertex 2.33437 5.63566 0
      vertex 2.76934 5.43514 0
    endloop
  endfacet
  facet normal 0.785322 -0.619088 0
    outer loop
      vertex -4.935 3.58549 3.1
      vertex -4.63848 3.96163 0
      vertex -4.63848 3.96163 3.1
    endloop
  endfacet
  facet normal 0.785322 -0.619088 0
    outer loop
      vertex -4.63848 3.96163 0
      vertex -4.935 3.58549 3.1
      vertex -4.935 3.58549 0
    endloop
  endfacet
  facet normal -0.908146 0.418653 0
    outer loop
      vertex 5.43514 -2.76934 0
      vertex 5.63566 -2.33437 3.1
      vertex 5.63566 -2.33437 0
    endloop
  endfacet
  facet normal -0.908146 0.418653 0
    outer loop
      vertex 5.63566 -2.33437 3.1
      vertex 5.43514 -2.76934 0
      vertex 5.43514 -2.76934 3.1
    endloop
  endfacet
  facet normal -0.195084 0.980787 0
    outer loop
      vertex 1.42402 -5.93146 0
      vertex 0.954249 -6.0249 3.1
      vertex 1.42402 -5.93146 3.1
    endloop
  endfacet
  facet normal -0.195084 0.980787 0
    outer loop
      vertex 0.954249 -6.0249 3.1
      vertex 1.42402 -5.93146 0
      vertex 0.954249 -6.0249 0
    endloop
  endfacet
  facet normal -0.734319 0.678805 0
    outer loop
      vertex 4.31335 -4.31335 0
      vertex 4.63848 -3.96163 3.1
      vertex 4.63848 -3.96163 0
    endloop
  endfacet
  facet normal -0.734319 0.678805 0
    outer loop
      vertex 4.63848 -3.96163 3.1
      vertex 4.31335 -4.31335 0
      vertex 4.31335 -4.31335 3.1
    endloop
  endfacet
  facet normal -0.96245 0.27146 0
    outer loop
      vertex 5.80144 -1.885 0
      vertex 5.93146 -1.42402 3.1
      vertex 5.93146 -1.42402 0
    endloop
  endfacet
  facet normal -0.96245 0.27146 0
    outer loop
      vertex 5.93146 -1.42402 3.1
      vertex 5.80144 -1.885 0
      vertex 5.80144 -1.885 3.1
    endloop
  endfacet
  facet normal 0.346115 0.938192 -0
    outer loop
      vertex -1.885 -5.80144 0
      vertex -2.33437 -5.63566 3.1
      vertex -1.885 -5.80144 3.1
    endloop
  endfacet
  facet normal 0.346115 0.938192 0
    outer loop
      vertex -2.33437 -5.63566 3.1
      vertex -1.885 -5.80144 0
      vertex -2.33437 -5.63566 0
    endloop
  endfacet
  facet normal 0.980787 0.195084 0
    outer loop
      vertex -5.93146 -1.42402 3.1
      vertex -6.0249 -0.954249 0
      vertex -6.0249 -0.954249 3.1
    endloop
  endfacet
  facet normal 0.980787 0.195084 0
    outer loop
      vertex -6.0249 -0.954249 0
      vertex -5.93146 -1.42402 3.1
      vertex -5.93146 -1.42402 0
    endloop
  endfacet
  facet normal -0.99307 -0.117523 0
    outer loop
      vertex 6.08119 0.4786 0
      vertex 6.0249 0.954249 3.1
      vertex 6.0249 0.954249 0
    endloop
  endfacet
  facet normal -0.99307 -0.117523 0
    outer loop
      vertex 6.0249 0.954249 3.1
      vertex 6.08119 0.4786 0
      vertex 6.08119 0.4786 3.1
    endloop
  endfacet
  facet normal -0.908146 -0.418653 0
    outer loop
      vertex 5.63566 2.33437 0
      vertex 5.43514 2.76934 3.1
      vertex 5.43514 2.76934 0
    endloop
  endfacet
  facet normal -0.908146 -0.418653 0
    outer loop
      vertex 5.43514 2.76934 3.1
      vertex 5.63566 2.33437 0
      vertex 5.63566 2.33437 3.1
    endloop
  endfacet
  facet normal -0.785322 -0.619088 0
    outer loop
      vertex 4.935 3.58549 0
      vertex 4.63848 3.96163 3.1
      vertex 4.63848 3.96163 0
    endloop
  endfacet
  facet normal -0.785322 -0.619088 0
    outer loop
      vertex 4.63848 3.96163 3.1
      vertex 4.935 3.58549 0
      vertex 4.935 3.58549 3.1
    endloop
  endfacet
  facet normal -0.346115 -0.938192 0
    outer loop
      vertex 1.885 5.80144 0
      vertex 2.33437 5.63566 3.1
      vertex 1.885 5.80144 3.1
    endloop
  endfacet
  facet normal -0.346115 -0.938192 -0
    outer loop
      vertex 2.33437 5.63566 3.1
      vertex 1.885 5.80144 0
      vertex 2.33437 5.63566 0
    endloop
  endfacet
  facet normal -0.27146 -0.96245 0
    outer loop
      vertex 1.42402 5.93146 0
      vertex 1.885 5.80144 3.1
      vertex 1.42402 5.93146 3.1
    endloop
  endfacet
  facet normal -0.27146 -0.96245 -0
    outer loop
      vertex 1.885 5.80144 3.1
      vertex 1.42402 5.93146 0
      vertex 1.885 5.80144 0
    endloop
  endfacet
  facet normal -0.619088 -0.785322 0
    outer loop
      vertex 3.58549 4.935 0
      vertex 3.96163 4.63848 3.1
      vertex 3.58549 4.935 3.1
    endloop
  endfacet
  facet normal -0.619088 -0.785322 -0
    outer loop
      vertex 3.96163 4.63848 3.1
      vertex 3.58549 4.935 0
      vertex 3.96163 4.63848 0
    endloop
  endfacet
  facet normal -0.555567 -0.831472 0
    outer loop
      vertex 3.18724 5.2011 0
      vertex 3.58549 4.935 3.1
      vertex 3.18724 5.2011 3.1
    endloop
  endfacet
  facet normal -0.555567 -0.831472 -0
    outer loop
      vertex 3.58549 4.935 3.1
      vertex 3.18724 5.2011 0
      vertex 3.58549 4.935 0
    endloop
  endfacet
  facet normal 0.734319 -0.678805 0
    outer loop
      vertex -4.63848 3.96163 3.1
      vertex -4.31335 4.31335 0
      vertex -4.31335 4.31335 3.1
    endloop
  endfacet
  facet normal 0.734319 -0.678805 0
    outer loop
      vertex -4.31335 4.31335 0
      vertex -4.63848 3.96163 3.1
      vertex -4.63848 3.96163 0
    endloop
  endfacet
  facet normal 0.908146 -0.418653 0
    outer loop
      vertex -5.63566 2.33437 3.1
      vertex -5.43514 2.76934 0
      vertex -5.43514 2.76934 3.1
    endloop
  endfacet
  facet normal 0.908146 -0.418653 0
    outer loop
      vertex -5.43514 2.76934 0
      vertex -5.63566 2.33437 3.1
      vertex -5.63566 2.33437 0
    endloop
  endfacet
  facet normal 0.872492 -0.488629 0
    outer loop
      vertex -5.43514 2.76934 3.1
      vertex -5.2011 3.18724 0
      vertex -5.2011 3.18724 3.1
    endloop
  endfacet
  facet normal 0.872492 -0.488629 0
    outer loop
      vertex -5.2011 3.18724 0
      vertex -5.43514 2.76934 3.1
      vertex -5.43514 2.76934 0
    endloop
  endfacet
  facet normal 0.938192 -0.346115 0
    outer loop
      vertex -5.80144 1.885 3.1
      vertex -5.63566 2.33437 0
      vertex -5.63566 2.33437 3.1
    endloop
  endfacet
  facet normal 0.938192 -0.346115 0
    outer loop
      vertex -5.63566 2.33437 0
      vertex -5.80144 1.885 3.1
      vertex -5.80144 1.885 0
    endloop
  endfacet
  facet normal 0.96245 -0.27146 0
    outer loop
      vertex -5.93146 1.42402 3.1
      vertex -5.80144 1.885 0
      vertex -5.80144 1.885 3.1
    endloop
  endfacet
  facet normal 0.96245 -0.27146 0
    outer loop
      vertex -5.80144 1.885 0
      vertex -5.93146 1.42402 3.1
      vertex -5.93146 1.42402 0
    endloop
  endfacet
  facet normal 0.418653 -0.908146 0
    outer loop
      vertex -2.76934 5.43514 0
      vertex -2.33437 5.63566 3.1
      vertex -2.76934 5.43514 3.1
    endloop
  endfacet
  facet normal 0.418653 -0.908146 0
    outer loop
      vertex -2.33437 5.63566 3.1
      vertex -2.76934 5.43514 0
      vertex -2.33437 5.63566 0
    endloop
  endfacet
  facet normal 0.488629 -0.872492 0
    outer loop
      vertex -3.18724 5.2011 0
      vertex -2.76934 5.43514 3.1
      vertex -3.18724 5.2011 3.1
    endloop
  endfacet
  facet normal 0.488629 -0.872492 0
    outer loop
      vertex -2.76934 5.43514 3.1
      vertex -3.18724 5.2011 0
      vertex -2.76934 5.43514 0
    endloop
  endfacet
  facet normal 0.0392718 -0.999229 0
    outer loop
      vertex -0.4786 6.08119 0
      vertex 0 6.1 3.1
      vertex -0.4786 6.08119 3.1
    endloop
  endfacet
  facet normal 0.0392718 -0.999229 0
    outer loop
      vertex 0 6.1 3.1
      vertex -0.4786 6.08119 0
      vertex 0 6.1 0
    endloop
  endfacet
  facet normal 0.117523 -0.99307 0
    outer loop
      vertex -0.954249 6.0249 0
      vertex -0.4786 6.08119 3.1
      vertex -0.954249 6.0249 3.1
    endloop
  endfacet
  facet normal 0.117523 -0.99307 0
    outer loop
      vertex -0.4786 6.08119 3.1
      vertex -0.954249 6.0249 0
      vertex -0.4786 6.08119 0
    endloop
  endfacet
  facet normal -0.0392718 0.999229 0
    outer loop
      vertex 0.4786 -6.08119 0
      vertex 0 -6.1 3.1
      vertex 0.4786 -6.08119 3.1
    endloop
  endfacet
  facet normal -0.0392718 0.999229 0
    outer loop
      vertex 0 -6.1 3.1
      vertex 0.4786 -6.08119 0
      vertex 0 -6.1 0
    endloop
  endfacet
  facet normal -0.117523 0.99307 0
    outer loop
      vertex 0.954249 -6.0249 0
      vertex 0.4786 -6.08119 3.1
      vertex 0.954249 -6.0249 3.1
    endloop
  endfacet
  facet normal -0.117523 0.99307 0
    outer loop
      vertex 0.4786 -6.08119 3.1
      vertex 0.954249 -6.0249 0
      vertex 0.4786 -6.08119 0
    endloop
  endfacet
  facet normal -0.418653 0.908146 0
    outer loop
      vertex 2.76934 -5.43514 0
      vertex 2.33437 -5.63566 3.1
      vertex 2.76934 -5.43514 3.1
    endloop
  endfacet
  facet normal -0.418653 0.908146 0
    outer loop
      vertex 2.33437 -5.63566 3.1
      vertex 2.76934 -5.43514 0
      vertex 2.33437 -5.63566 0
    endloop
  endfacet
  facet normal -0.619088 0.785322 0
    outer loop
      vertex 3.96163 -4.63848 0
      vertex 3.58549 -4.935 3.1
      vertex 3.96163 -4.63848 3.1
    endloop
  endfacet
  facet normal -0.619088 0.785322 0
    outer loop
      vertex 3.58549 -4.935 3.1
      vertex 3.96163 -4.63848 0
      vertex 3.58549 -4.935 0
    endloop
  endfacet
  facet normal -0.488629 0.872492 0
    outer loop
      vertex 3.18724 -5.2011 0
      vertex 2.76934 -5.43514 3.1
      vertex 3.18724 -5.2011 3.1
    endloop
  endfacet
  facet normal -0.488629 0.872492 0
    outer loop
      vertex 2.76934 -5.43514 3.1
      vertex 3.18724 -5.2011 0
      vertex 2.76934 -5.43514 0
    endloop
  endfacet
  facet normal -0.785322 0.619088 0
    outer loop
      vertex 4.63848 -3.96163 0
      vertex 4.935 -3.58549 3.1
      vertex 4.935 -3.58549 0
    endloop
  endfacet
  facet normal -0.785322 0.619088 0
    outer loop
      vertex 4.935 -3.58549 3.1
      vertex 4.63848 -3.96163 0
      vertex 4.63848 -3.96163 3.1
    endloop
  endfacet
  facet normal -0.999229 0.0392718 0
    outer loop
      vertex 6.08119 -0.4786 0
      vertex 6.1 0 3.1
      vertex 6.1 0 0
    endloop
  endfacet
  facet normal -0.999229 0.0392718 0
    outer loop
      vertex 6.1 0 3.1
      vertex 6.08119 -0.4786 0
      vertex 6.08119 -0.4786 3.1
    endloop
  endfacet
  facet normal 0.117523 0.99307 -0
    outer loop
      vertex -0.4786 -6.08119 0
      vertex -0.954249 -6.0249 3.1
      vertex -0.4786 -6.08119 3.1
    endloop
  endfacet
  facet normal 0.117523 0.99307 0
    outer loop
      vertex -0.954249 -6.0249 3.1
      vertex -0.4786 -6.08119 0
      vertex -0.954249 -6.0249 0
    endloop
  endfacet
  facet normal 0.678805 0.734319 -0
    outer loop
      vertex -3.96163 -4.63848 0
      vertex -4.31335 -4.31335 3.1
      vertex -3.96163 -4.63848 3.1
    endloop
  endfacet
  facet normal 0.678805 0.734319 0
    outer loop
      vertex -4.31335 -4.31335 3.1
      vertex -3.96163 -4.63848 0
      vertex -4.31335 -4.31335 0
    endloop
  endfacet
  facet normal 0.27146 0.96245 -0
    outer loop
      vertex -1.42402 -5.93146 0
      vertex -1.885 -5.80144 3.1
      vertex -1.42402 -5.93146 3.1
    endloop
  endfacet
  facet normal 0.27146 0.96245 0
    outer loop
      vertex -1.885 -5.80144 3.1
      vertex -1.42402 -5.93146 0
      vertex -1.885 -5.80144 0
    endloop
  endfacet
  facet normal 0.0392718 0.999229 -0
    outer loop
      vertex 0 -6.1 0
      vertex -0.4786 -6.08119 3.1
      vertex 0 -6.1 3.1
    endloop
  endfacet
  facet normal 0.0392718 0.999229 0
    outer loop
      vertex -0.4786 -6.08119 3.1
      vertex 0 -6.1 0
      vertex -0.4786 -6.08119 0
    endloop
  endfacet
  facet normal 0.619088 0.785322 -0
    outer loop
      vertex -3.58549 -4.935 0
      vertex -3.96163 -4.63848 3.1
      vertex -3.58549 -4.935 3.1
    endloop
  endfacet
  facet normal 0.619088 0.785322 0
    outer loop
      vertex -3.96163 -4.63848 3.1
      vertex -3.58549 -4.935 0
      vertex -3.96163 -4.63848 0
    endloop
  endfacet
  facet normal 0.908146 0.418653 0
    outer loop
      vertex -5.43514 -2.76934 3.1
      vertex -5.63566 -2.33437 0
      vertex -5.63566 -2.33437 3.1
    endloop
  endfacet
  facet normal 0.908146 0.418653 0
    outer loop
      vertex -5.63566 -2.33437 0
      vertex -5.43514 -2.76934 3.1
      vertex -5.43514 -2.76934 0
    endloop
  endfacet
  facet normal 0.785322 0.619088 0
    outer loop
      vertex -4.63848 -3.96163 3.1
      vertex -4.935 -3.58549 0
      vertex -4.935 -3.58549 3.1
    endloop
  endfacet
  facet normal 0.785322 0.619088 0
    outer loop
      vertex -4.935 -3.58549 0
      vertex -4.63848 -3.96163 3.1
      vertex -4.63848 -3.96163 0
    endloop
  endfacet
  facet normal 0.999229 0.0392718 0
    outer loop
      vertex -6.08119 -0.4786 3.1
      vertex -6.1 0 0
      vertex -6.1 0 3.1
    endloop
  endfacet
  facet normal 0.999229 0.0392718 0
    outer loop
      vertex -6.1 0 0
      vertex -6.08119 -0.4786 3.1
      vertex -6.08119 -0.4786 0
    endloop
  endfacet
  facet normal -0.734319 -0.678805 0
    outer loop
      vertex 4.63848 3.96163 0
      vertex 4.31335 4.31335 3.1
      vertex 4.31335 4.31335 0
    endloop
  endfacet
  facet normal -0.734319 -0.678805 0
    outer loop
      vertex 4.31335 4.31335 3.1
      vertex 4.63848 3.96163 0
      vertex 4.63848 3.96163 3.1
    endloop
  endfacet
  facet normal -0.872492 -0.488629 0
    outer loop
      vertex 5.43514 2.76934 0
      vertex 5.2011 3.18724 3.1
      vertex 5.2011 3.18724 0
    endloop
  endfacet
  facet normal -0.872492 -0.488629 0
    outer loop
      vertex 5.2011 3.18724 3.1
      vertex 5.43514 2.76934 0
      vertex 5.43514 2.76934 3.1
    endloop
  endfacet
  facet normal -0.831472 -0.555567 0
    outer loop
      vertex 5.2011 3.18724 0
      vertex 4.935 3.58549 3.1
      vertex 4.935 3.58549 0
    endloop
  endfacet
  facet normal -0.831472 -0.555567 0
    outer loop
      vertex 4.935 3.58549 3.1
      vertex 5.2011 3.18724 0
      vertex 5.2011 3.18724 3.1
    endloop
  endfacet
  facet normal -0.117523 -0.99307 0
    outer loop
      vertex 0.4786 6.08119 0
      vertex 0.954249 6.0249 3.1
      vertex 0.4786 6.08119 3.1
    endloop
  endfacet
  facet normal -0.117523 -0.99307 -0
    outer loop
      vertex 0.954249 6.0249 3.1
      vertex 0.4786 6.08119 0
      vertex 0.954249 6.0249 0
    endloop
  endfacet
  facet normal -0.195084 -0.980787 0
    outer loop
      vertex 0.954249 6.0249 0
      vertex 1.42402 5.93146 3.1
      vertex 0.954249 6.0249 3.1
    endloop
  endfacet
  facet normal -0.195084 -0.980787 -0
    outer loop
      vertex 1.42402 5.93146 3.1
      vertex 0.954249 6.0249 0
      vertex 1.42402 5.93146 0
    endloop
  endfacet
  facet normal -0.488629 -0.872492 0
    outer loop
      vertex 2.76934 5.43514 0
      vertex 3.18724 5.2011 3.1
      vertex 2.76934 5.43514 3.1
    endloop
  endfacet
  facet normal -0.488629 -0.872492 -0
    outer loop
      vertex 3.18724 5.2011 3.1
      vertex 2.76934 5.43514 0
      vertex 3.18724 5.2011 0
    endloop
  endfacet
  facet normal 0 0 -1
    outer loop
      vertex 6.08119 -0.4786 3.1
      vertex 6.08119 0.4786 3.1
      vertex 6.1 0 3.1
    endloop
  endfacet
  facet normal 0 0 -1
    outer loop
      vertex 6.0249 -0.954249 3.1
      vertex 6.08119 0.4786 3.1
      vertex 6.08119 -0.4786 3.1
    endloop
  endfacet
  facet normal 0 0 -1
    outer loop
      vertex 6.0249 -0.954249 3.1
      vertex 6.0249 0.954249 3.1
      vertex 6.08119 0.4786 3.1
    endloop
  endfacet
  facet normal 0 0 -1
    outer loop
      vertex 5.93146 -1.42402 3.1
      vertex 6.0249 0.954249 3.1
      vertex 6.0249 -0.954249 3.1
    endloop
  endfacet
  facet normal 0 0 -1
    outer loop
      vertex 5.93146 -1.42402 3.1
      vertex 5.93146 1.42402 3.1
      vertex 6.0249 0.954249 3.1
    endloop
  endfacet
  facet normal 0 0 -1
    outer loop
      vertex 5.80144 -1.885 3.1
      vertex 5.93146 1.42402 3.1
      vertex 5.93146 -1.42402 3.1
    endloop
  endfacet
  facet normal 0 0 -1
    outer loop
      vertex 5.80144 -1.885 3.1
      vertex 5.80144 1.885 3.1
      vertex 5.93146 1.42402 3.1
    endloop
  endfacet
  facet normal 0 0 -1
    outer loop
      vertex 5.63566 -2.33437 3.1
      vertex 5.80144 1.885 3.1
      vertex 5.80144 -1.885 3.1
    endloop
  endfacet
  facet normal 0 0 -1
    outer loop
      vertex 5.63566 -2.33437 3.1
      vertex 5.63566 2.33437 3.1
      vertex 5.80144 1.885 3.1
    endloop
  endfacet
  facet normal 0 0 -1
    outer loop
      vertex 5.43514 -2.76934 3.1
      vertex 5.63566 2.33437 3.1
      vertex 5.63566 -2.33437 3.1
    endloop
  endfacet
  facet normal 0 0 -1
    outer loop
      vertex 5.43514 -2.76934 3.1
      vertex 5.43514 2.76934 3.1
      vertex 5.63566 2.33437 3.1
    endloop
  endfacet
  facet normal 0 0 -1
    outer loop
      vertex 5.2011 -3.18724 3.1
      vertex 5.43514 2.76934 3.1
      vertex 5.43514 -2.76934 3.1
    endloop
  endfacet
  facet normal 0 0 -1
    outer loop
      vertex 5.2011 -3.18724 3.1
      vertex 5.2011 3.18724 3.1
      vertex 5.43514 2.76934 3.1
    endloop
  endfacet
  facet normal 0 0 -1
    outer loop
      vertex 4.935 -3.58549 3.1
      vertex 5.2011 3.18724 3.1
      vertex 5.2011 -3.18724 3.1
    endloop
  endfacet
  facet normal 0 0 -1
    outer loop
      vertex 4.935 -3.58549 3.1
      vertex 4.935 3.58549 3.1
      vertex 5.2011 3.18724 3.1
    endloop
  endfacet
  facet normal 0 0 -1
    outer loop
      vertex 4.63848 -3.96163 3.1
      vertex 4.935 3.58549 3.1
      vertex 4.935 -3.58549 3.1
    endloop
  endfacet
  facet normal 0 0 -1
    outer loop
      vertex 4.63848 -3.96163 3.1
      vertex 4.63848 3.96163 3.1
      vertex 4.935 3.58549 3.1
    endloop
  endfacet
  facet normal 0 0 -1
    outer loop
      vertex 4.31335 -4.31335 3.1
      vertex 4.63848 3.96163 3.1
      vertex 4.63848 -3.96163 3.1
    endloop
  endfacet
  facet normal 0 0 -1
    outer loop
      vertex 4.31335 -4.31335 3.1
      vertex 4.31335 4.31335 3.1
      vertex 4.63848 3.96163 3.1
    endloop
  endfacet
  facet normal 0 0 -1
    outer loop
      vertex 3.96163 -4.63848 3.1
      vertex 4.31335 4.31335 3.1
      vertex 4.31335 -4.31335 3.1
    endloop
  endfacet
  facet normal 0 0 -1
    outer loop
      vertex 3.96163 -4.63848 3.1
      vertex 3.96163 4.63848 3.1
      vertex 4.31335 4.31335 3.1
    endloop
  endfacet
  facet normal 0 0 -1
    outer loop
      vertex 3.58549 -4.935 3.1
      vertex 3.96163 4.63848 3.1
      vertex 3.96163 -4.63848 3.1
    endloop
  endfacet
  facet normal 0 0 -1
    outer loop
      vertex 3.58549 -4.935 3.1
      vertex 3.58549 4.935 3.1
      vertex 3.96163 4.63848 3.1
    endloop
  endfacet
  facet normal 0 0 -1
    outer loop
      vertex 3.18724 -5.2011 3.1
      vertex 3.58549 4.935 3.1
      vertex 3.58549 -4.935 3.1
    endloop
  endfacet
  facet normal 0 0 -1
    outer loop
      vertex 3.18724 -5.2011 3.1
      vertex 3.18724 5.2011 3.1
      vertex 3.58549 4.935 3.1
    endloop
  endfacet
  facet normal 0 0 -1
    outer loop
      vertex 2.76934 -5.43514 3.1
      vertex 3.18724 5.2011 3.1
      vertex 3.18724 -5.2011 3.1
    endloop
  endfacet
  facet normal 0 0 -1
    outer loop
      vertex 2.76934 -5.43514 3.1
      vertex 2.76934 5.43514 3.1
      vertex 3.18724 5.2011 3.1
    endloop
  endfacet
  facet normal 0 0 -1
    outer loop
      vertex 2.33437 -5.63566 3.1
      vertex 2.76934 5.43514 3.1
      vertex 2.76934 -5.43514 3.1
    endloop
  endfacet
  facet normal 0 0 -1
    outer loop
      vertex 2.33437 -5.63566 3.1
      vertex 2.33437 5.63566 3.1
      vertex 2.76934 5.43514 3.1
    endloop
  endfacet
  facet normal 0 0 -1
    outer loop
      vertex 1.885 -5.80144 3.1
      vertex 2.33437 5.63566 3.1
      vertex 2.33437 -5.63566 3.1
    endloop
  endfacet
  facet normal 0 0 -1
    outer loop
      vertex 1.885 -5.80144 3.1
      vertex 1.885 5.80144 3.1
      vertex 2.33437 5.63566 3.1
    endloop
  endfacet
  facet normal 0 0 -1
    outer loop
      vertex 1.42402 -5.93146 3.1
      vertex 1.885 5.80144 3.1
      vertex 1.885 -5.80144 3.1
    endloop
  endfacet
  facet normal 0 0 -1
    outer loop
      vertex 1.42402 -5.93146 3.1
      vertex 1.42402 5.93146 3.1
      vertex 1.885 5.80144 3.1
    endloop
  endfacet
  facet normal 0 0 -1
    outer loop
      vertex 0.954249 -6.0249 3.1
      vertex 1.42402 5.93146 3.1
      vertex 1.42402 -5.93146 3.1
    endloop
  endfacet
  facet normal 0 0 -1
    outer loop
      vertex 0.954249 -6.0249 3.1
      vertex 0.954249 6.0249 3.1
      vertex 1.42402 5.93146 3.1
    endloop
  endfacet
  facet normal 0 0 -1
    outer loop
      vertex 0.4786 -6.08119 3.1
      vertex 0.954249 6.0249 3.1
      vertex 0.954249 -6.0249 3.1
    endloop
  endfacet
  facet normal 0 0 -1
    outer loop
      vertex 0.4786 -6.08119 3.1
      vertex 0.4786 6.08119 3.1
      vertex 0.954249 6.0249 3.1
    endloop
  endfacet
  facet normal 0 0 -1
    outer loop
      vertex 0 -6.1 3.1
      vertex 0.4786 6.08119 3.1
      vertex 0.4786 -6.08119 3.1
    endloop
  endfacet
  facet normal 0 0 -1
    outer loop
      vertex 0 -6.1 3.1
      vertex 0 6.1 3.1
      vertex 0.4786 6.08119 3.1
    endloop
  endfacet
  facet normal 0 0 -1
    outer loop
      vertex -0.4786 -6.08119 3.1
      vertex 0 6.1 3.1
      vertex 0 -6.1 3.1
    endloop
  endfacet
  facet normal 0 0 -1
    outer loop
      vertex -0.4786 -6.08119 3.1
      vertex -0.4786 6.08119 3.1
      vertex 0 6.1 3.1
    endloop
  endfacet
  facet normal 0 0 -1
    outer loop
      vertex -0.954249 -6.0249 3.1
      vertex -0.4786 6.08119 3.1
      vertex -0.4786 -6.08119 3.1
    endloop
  endfacet
  facet normal 0 0 -1
    outer loop
      vertex -0.954249 -6.0249 3.1
      vertex -0.954249 6.0249 3.1
      vertex -0.4786 6.08119 3.1
    endloop
  endfacet
  facet normal 0 0 -1
    outer loop
      vertex -1.42402 -5.93146 3.1
      vertex -0.954249 6.0249 3.1
      vertex -0.954249 -6.0249 3.1
    endloop
  endfacet
  facet normal 0 0 -1
    outer loop
      vertex -1.42402 -5.93146 3.1
      vertex -1.42402 5.93146 3.1
      vertex -0.954249 6.0249 3.1
    endloop
  endfacet
  facet normal 0 0 -1
    outer loop
      vertex -1.885 -5.80144 3.1
      vertex -1.42402 5.93146 3.1
      vertex -1.42402 -5.93146 3.1
    endloop
  endfacet
  facet normal 0 0 -1
    outer loop
      vertex -1.885 -5.80144 3.1
      vertex -1.885 5.80144 3.1
      vertex -1.42402 5.93146 3.1
    endloop
  endfacet
  facet normal 0 0 -1
    outer loop
      vertex -2.33437 -5.63566 3.1
      vertex -1.885 5.80144 3.1
      vertex -1.885 -5.80144 3.1
    endloop
  endfacet
  facet normal 0 0 -1
    outer loop
      vertex -2.33437 -5.63566 3.1
      vertex -2.33437 5.63566 3.1
      vertex -1.885 5.80144 3.1
    endloop
  endfacet
  facet normal 0 0 -1
    outer loop
      vertex -2.76934 -5.43514 3.1
      vertex -2.33437 5.63566 3.1
      vertex -2.33437 -5.63566 3.1
    endloop
  endfacet
  facet normal 0 0 -1
    outer loop
      vertex -2.76934 -5.43514 3.1
      vertex -2.76934 5.43514 3.1
      vertex -2.33437 5.63566 3.1
    endloop
  endfacet
  facet normal 0 0 -1
    outer loop
      vertex -3.18724 -5.2011 3.1
      vertex -2.76934 5.43514 3.1
      vertex -2.76934 -5.43514 3.1
    endloop
  endfacet
  facet normal 0 0 -1
    outer loop
      vertex -3.18724 -5.2011 3.1
      vertex -3.18724 5.2011 3.1
      vertex -2.76934 5.43514 3.1
    endloop
  endfacet
  facet normal 0 0 -1
    outer loop
      vertex -3.58549 -4.935 3.1
      vertex -3.18724 5.2011 3.1
      vertex -3.18724 -5.2011 3.1
    endloop
  endfacet
  facet normal 0 0 -1
    outer loop
      vertex -3.58549 -4.935 3.1
      vertex -3.58549 4.935 3.1
      vertex -3.18724 5.2011 3.1
    endloop
  endfacet
  facet normal 0 0 -1
    outer loop
      vertex -3.96163 -4.63848 3.1
      vertex -3.58549 4.935 3.1
      vertex -3.58549 -4.935 3.1
    endloop
  endfacet
  facet normal 0 0 -1
    outer loop
      vertex -3.96163 -4.63848 3.1
      vertex -3.96163 4.63848 3.1
      vertex -3.58549 4.935 3.1
    endloop
  endfacet
  facet normal 0 0 -1
    outer loop
      vertex -4.31335 -4.31335 3.1
      vertex -3.96163 4.63848 3.1
      vertex -3.96163 -4.63848 3.1
    endloop
  endfacet
  facet normal 0 0 -1
    outer loop
      vertex -4.31335 -4.31335 3.1
      vertex -4.31335 4.31335 3.1
      vertex -3.96163 4.63848 3.1
    endloop
  endfacet
  facet normal 0 0 -1
    outer loop
      vertex -4.63848 -3.96163 3.1
      vertex -4.31335 4.31335 3.1
      vertex -4.31335 -4.31335 3.1
    endloop
  endfacet
  facet normal 0 0 -1
    outer loop
      vertex -4.63848 -3.96163 3.1
      vertex -4.63848 3.96163 3.1
      vertex -4.31335 4.31335 3.1
    endloop
  endfacet
  facet normal 0 0 -1
    outer loop
      vertex -4.935 -3.58549 3.1
      vertex -4.63848 3.96163 3.1
      vertex -4.63848 -3.96163 3.1
    endloop
  endfacet
  facet normal 0 0 -1
    outer loop
      vertex -4.935 -3.58549 3.1
      vertex -4.935 3.58549 3.1
      vertex -4.63848 3.96163 3.1
    endloop
  endfacet
  facet normal 0 0 -1
    outer loop
      vertex -5.2011 -3.18724 3.1
      vertex -4.935 3.58549 3.1
      vertex -4.935 -3.58549 3.1
    endloop
  endfacet
  facet normal 0 0 -1
    outer loop
      vertex -5.2011 -3.18724 3.1
      vertex -5.2011 3.18724 3.1
      vertex -4.935 3.58549 3.1
    endloop
  endfacet
  facet normal 0 0 -1
    outer loop
      vertex -5.43514 -2.76934 3.1
      vertex -5.2011 3.18724 3.1
      vertex -5.2011 -3.18724 3.1
    endloop
  endfacet
  facet normal 0 0 -1
    outer loop
      vertex -5.43514 -2.76934 3.1
      vertex -5.43514 2.76934 3.1
      vertex -5.2011 3.18724 3.1
    endloop
  endfacet
  facet normal 0 0 -1
    outer loop
      vertex -5.63566 -2.33437 3.1
      vertex -5.43514 2.76934 3.1
      vertex -5.43514 -2.76934 3.1
    endloop
  endfacet
  facet normal 0 0 -1
    outer loop
      vertex -5.63566 -2.33437 3.1
      vertex -5.63566 2.33437 3.1
      vertex -5.43514 2.76934 3.1
    endloop
  endfacet
  facet normal 0 0 -1
    outer loop
      vertex -5.80144 -1.885 3.1
      vertex -5.63566 2.33437 3.1
      vertex -5.63566 -2.33437 3.1
    endloop
  endfacet
  facet normal 0 0 -1
    outer loop
      vertex -5.80144 -1.885 3.1
      vertex -5.80144 1.885 3.1
      vertex -5.63566 2.33437 3.1
    endloop
  endfacet
  facet normal 0 0 -1
    outer loop
      vertex -5.93146 -1.42402 3.1
      vertex -5.80144 1.885 3.1
      vertex -5.80144 -1.885 3.1
    endloop
  endfacet
  facet normal 0 0 -1
    outer loop
      vertex -5.93146 -1.42402 3.1
      vertex -5.93146 1.42402 3.1
      vertex -5.80144 1.885 3.1
    endloop
  endfacet
  facet normal 0 0 -1
    outer loop
      vertex -6.0249 -0.954249 3.1
      vertex -5.93146 1.42402 3.1
      vertex -5.93146 -1.42402 3.1
    endloop
  endfacet
  facet normal 0 0 -1
    outer loop
      vertex -6.0249 -0.954249 3.1
      vertex -6.0249 0.954249 3.1
      vertex -5.93146 1.42402 3.1
    endloop
  endfacet
  facet normal 0 0 -1
    outer loop
      vertex -6.08119 -0.4786 3.1
      vertex -6.0249 0.954249 3.1
      vertex -6.0249 -0.954249 3.1
    endloop
  endfacet
  facet normal 0 0 -1
    outer loop
      vertex -6.08119 -0.4786 3.1
      vertex -6.08119 0.4786 3.1
      vertex -6.0249 0.954249 3.1
    endloop
  endfacet
  facet normal 0 -0 -1
    outer loop
      vertex -6.08119 0.4786 3.1
      vertex -6.08119 -0.4786 3.1
      vertex -6.1 0 3.1
    endloop
  endfacet
  facet normal 0.99307 -0.117523 0
    outer loop
      vertex -6.08119 0.4786 3.1
      vertex -6.0249 0.954249 0
      vertex -6.0249 0.954249 3.1
    endloop
  endfacet
  facet normal 0.99307 -0.117523 0
    outer loop
      vertex -6.0249 0.954249 0
      vertex -6.08119 0.4786 3.1
      vertex -6.08119 0.4786 0
    endloop
  endfacet
  facet normal 0.980787 -0.195084 0
    outer loop
      vertex -6.0249 0.954249 3.1
      vertex -5.93146 1.42402 0
      vertex -5.93146 1.42402 3.1
    endloop
  endfacet
  facet normal 0.980787 -0.195084 0
    outer loop
      vertex -5.93146 1.42402 0
      vertex -6.0249 0.954249 3.1
      vertex -6.0249 0.954249 0
    endloop
  endfacet
  facet normal 0.619088 -0.785322 0
    outer loop
      vertex -3.96163 4.63848 0
      vertex -3.58549 4.935 3.1
      vertex -3.96163 4.63848 3.1
    endloop
  endfacet
  facet normal 0.619088 -0.785322 0
    outer loop
      vertex -3.58549 4.935 3.1
      vertex -3.96163 4.63848 0
      vertex -3.58549 4.935 0
    endloop
  endfacet
  facet normal 0.555567 -0.831472 0
    outer loop
      vertex -3.58549 4.935 0
      vertex -3.18724 5.2011 3.1
      vertex -3.58549 4.935 3.1
    endloop
  endfacet
  facet normal 0.555567 -0.831472 0
    outer loop
      vertex -3.18724 5.2011 3.1
      vertex -3.58549 4.935 0
      vertex -3.18724 5.2011 0
    endloop
  endfacet
  facet normal 0.195084 -0.980787 0
    outer loop
      vertex -1.42402 5.93146 0
      vertex -0.954249 6.0249 3.1
      vertex -1.42402 5.93146 3.1
    endloop
  endfacet
  facet normal 0.195084 -0.980787 0
    outer loop
      vertex -0.954249 6.0249 3.1
      vertex -1.42402 5.93146 0
      vertex -0.954249 6.0249 0
    endloop
  endfacet
  facet normal 0.27146 -0.96245 0
    outer loop
      vertex -1.885 5.80144 0
      vertex -1.42402 5.93146 3.1
      vertex -1.885 5.80144 3.1
    endloop
  endfacet
  facet normal 0.27146 -0.96245 0
    outer loop
      vertex -1.42402 5.93146 3.1
      vertex -1.885 5.80144 0
      vertex -1.42402 5.93146 0
    endloop
  endfacet
  facet normal -0.346115 0.938192 0
    outer loop
      vertex 2.33437 -5.63566 0
      vertex 1.885 -5.80144 3.1
      vertex 2.33437 -5.63566 3.1
    endloop
  endfacet
  facet normal -0.346115 0.938192 0
    outer loop
      vertex 1.885 -5.80144 3.1
      vertex 2.33437 -5.63566 0
      vertex 1.885 -5.80144 0
    endloop
  endfacet
  facet normal -0.27146 0.96245 0
    outer loop
      vertex 1.885 -5.80144 0
      vertex 1.42402 -5.93146 3.1
      vertex 1.885 -5.80144 3.1
    endloop
  endfacet
  facet normal -0.27146 0.96245 0
    outer loop
      vertex 1.42402 -5.93146 3.1
      vertex 1.885 -5.80144 0
      vertex 1.42402 -5.93146 0
    endloop
  endfacet
  facet normal -0.678805 0.734319 0
    outer loop
      vertex 4.31335 -4.31335 0
      vertex 3.96163 -4.63848 3.1
      vertex 4.31335 -4.31335 3.1
    endloop
  endfacet
  facet normal -0.678805 0.734319 0
    outer loop
      vertex 3.96163 -4.63848 3.1
      vertex 4.31335 -4.31335 0
      vertex 3.96163 -4.63848 0
    endloop
  endfacet
  facet normal -0.938192 0.346115 0
    outer loop
      vertex 5.63566 -2.33437 0
      vertex 5.80144 -1.885 3.1
      vertex 5.80144 -1.885 0
    endloop
  endfacet
  facet normal -0.938192 0.346115 0
    outer loop
      vertex 5.80144 -1.885 3.1
      vertex 5.63566 -2.33437 0
      vertex 5.63566 -2.33437 3.1
    endloop
  endfacet
  facet normal -0.980787 0.195084 0
    outer loop
      vertex 5.93146 -1.42402 0
      vertex 6.0249 -0.954249 3.1
      vertex 6.0249 -0.954249 0
    endloop
  endfacet
  facet normal -0.980787 0.195084 0
    outer loop
      vertex 6.0249 -0.954249 3.1
      vertex 5.93146 -1.42402 0
      vertex 5.93146 -1.42402 3.1
    endloop
  endfacet
  facet normal -0.99307 0.117523 0
    outer loop
      vertex 6.0249 -0.954249 0
      vertex 6.08119 -0.4786 3.1
      vertex 6.08119 -0.4786 0
    endloop
  endfacet
  facet normal -0.99307 0.117523 0
    outer loop
      vertex 6.08119 -0.4786 3.1
      vertex 6.0249 -0.954249 0
      vertex 6.0249 -0.954249 3.1
    endloop
  endfacet
  facet normal 0.418653 0.908146 -0
    outer loop
      vertex -2.33437 -5.63566 0
      vertex -2.76934 -5.43514 3.1
      vertex -2.33437 -5.63566 3.1
    endloop
  endfacet
  facet normal 0.418653 0.908146 0
    outer loop
      vertex -2.76934 -5.43514 3.1
      vertex -2.33437 -5.63566 0
      vertex -2.76934 -5.43514 0
    endloop
  endfacet
  facet normal 0.555567 0.831472 -0
    outer loop
      vertex -3.18724 -5.2011 0
      vertex -3.58549 -4.935 3.1
      vertex -3.18724 -5.2011 3.1
    endloop
  endfacet
  facet normal 0.555567 0.831472 0
    outer loop
      vertex -3.58549 -4.935 3.1
      vertex -3.18724 -5.2011 0
      vertex -3.58549 -4.935 0
    endloop
  endfacet
  facet normal 0.488629 0.872492 -0
    outer loop
      vertex -2.76934 -5.43514 0
      vertex -3.18724 -5.2011 3.1
      vertex -2.76934 -5.43514 3.1
    endloop
  endfacet
  facet normal 0.488629 0.872492 0
    outer loop
      vertex -3.18724 -5.2011 3.1
      vertex -2.76934 -5.43514 0
      vertex -3.18724 -5.2011 0
    endloop
  endfacet
  facet normal 0.872492 0.488629 0
    outer loop
      vertex -5.2011 -3.18724 3.1
      vertex -5.43514 -2.76934 0
      vertex -5.43514 -2.76934 3.1
    endloop
  endfacet
  facet normal 0.872492 0.488629 0
    outer loop
      vertex -5.43514 -2.76934 0
      vertex -5.2011 -3.18724 3.1
      vertex -5.2011 -3.18724 0
    endloop
  endfacet
  facet normal 0.831472 0.555567 0
    outer loop
      vertex -4.935 -3.58549 3.1
      vertex -5.2011 -3.18724 0
      vertex -5.2011 -3.18724 3.1
    endloop
  endfacet
  facet normal 0.831472 0.555567 0
    outer loop
      vertex -5.2011 -3.18724 0
      vertex -4.935 -3.58549 3.1
      vertex -4.935 -3.58549 0
    endloop
  endfacet
  facet normal 0.99307 0.117523 0
    outer loop
      vertex -6.0249 -0.954249 3.1
      vertex -6.08119 -0.4786 0
      vertex -6.08119 -0.4786 3.1
    endloop
  endfacet
  facet normal 0.99307 0.117523 0
    outer loop
      vertex -6.08119 -0.4786 0
      vertex -6.0249 -0.954249 3.1
      vertex -6.0249 -0.954249 0
    endloop
  endfacet
  facet normal 0.938192 0.346115 0
    outer loop
      vertex -5.63566 -2.33437 3.1
      vertex -5.80144 -1.885 0
      vertex -5.80144 -1.885 3.1
    endloop
  endfacet
  facet normal 0.938192 0.346115 0
    outer loop
      vertex -5.80144 -1.885 0
      vertex -5.63566 -2.33437 3.1
      vertex -5.63566 -2.33437 0
    endloop
  endfacet
  facet normal -0.96245 -0.27146 0
    outer loop
      vertex 5.93146 1.42402 0
      vertex 5.80144 1.885 3.1
      vertex 5.80144 1.885 0
    endloop
  endfacet
  facet normal -0.96245 -0.27146 0
    outer loop
      vertex 5.80144 1.885 3.1
      vertex 5.93146 1.42402 0
      vertex 5.93146 1.42402 3.1
    endloop
  endfacet
  facet normal 0.831472 -0.555567 0
    outer loop
      vertex -5.2011 3.18724 3.1
      vertex -4.935 3.58549 0
      vertex -4.935 3.58549 3.1
    endloop
  endfacet
  facet normal 0.831472 -0.555567 0
    outer loop
      vertex -4.935 3.58549 0
      vertex -5.2011 3.18724 3.1
      vertex -5.2011 3.18724 0
    endloop
  endfacet
  facet normal -0.555567 0.831472 0
    outer loop
      vertex 3.58549 -4.935 0
      vertex 3.18724 -5.2011 3.1
      vertex 3.58549 -4.935 3.1
    endloop
  endfacet
  facet normal -0.555567 0.831472 0
    outer loop
      vertex 3.18724 -5.2011 3.1
      vertex 3.58549 -4.935 0
      vertex 3.18724 -5.2011 0
    endloop
  endfacet
  facet normal -0.872492 0.488629 0
    outer loop
      vertex 5.2011 -3.18724 0
      vertex 5.43514 -2.76934 3.1
      vertex 5.43514 -2.76934 0
    endloop
  endfacet
  facet normal -0.872492 0.488629 0
    outer loop
      vertex 5.43514 -2.76934 3.1
      vertex 5.2011 -3.18724 0
      vertex 5.2011 -3.18724 3.1
    endloop
  endfacet
  facet normal -0.831472 0.555567 0
    outer loop
      vertex 4.935 -3.58549 0
      vertex 5.2011 -3.18724 3.1
      vertex 5.2011 -3.18724 0
    endloop
  endfacet
  facet normal -0.831472 0.555567 0
    outer loop
      vertex 5.2011 -3.18724 3.1
      vertex 4.935 -3.58549 0
      vertex 4.935 -3.58549 3.1
    endloop
  endfacet
  facet normal 0.195084 0.980787 -0
    outer loop
      vertex -0.954249 -6.0249 0
      vertex -1.42402 -5.93146 3.1
      vertex -0.954249 -6.0249 3.1
    endloop
  endfacet
  facet normal 0.195084 0.980787 0
    outer loop
      vertex -1.42402 -5.93146 3.1
      vertex -0.954249 -6.0249 0
      vertex -1.42402 -5.93146 0
    endloop
  endfacet
  facet normal 0.96245 0.27146 0
    outer loop
      vertex -5.80144 -1.885 3.1
      vertex -5.93146 -1.42402 0
      vertex -5.93146 -1.42402 3.1
    endloop
  endfacet
  facet normal 0.96245 0.27146 0
    outer loop
      vertex -5.93146 -1.42402 0
      vertex -5.80144 -1.885 3.1
      vertex -5.80144 -1.885 0
    endloop
  endfacet
endsolid OpenSCAD_Model
