solid OpenSCAD_Model
  facet normal -1 0 0
    outer loop
      vertex -87.5 -84.5 0
      vertex -87.5 87.5 60
      vertex -87.5 87.5 0
    endloop
  endfacet
  facet normal -1 -0 0
    outer loop
      vertex -87.5 87.5 60
      vertex -87.5 -84.5 0
      vertex -87.5 -84.5 60
    endloop
  endfacet
  facet normal 0 0 1
    outer loop
      vertex 81.1297 81.6101 60
      vertex 77.9323 83.0337 60
      vertex 81.0734 81.4635 60
    endloop
  endfacet
  facet normal 0 0 1
    outer loop
      vertex 81 81 60
      vertex 79.1544 77.2843 60
      vertex 79.5611 76.9549 60
    endloop
  endfacet
  facet normal -0 0 1
    outer loop
      vertex 77.7447 82.5451 60
      vertex 81.0734 81.4635 60
      vertex 77.9323 83.0337 60
    endloop
  endfacet
  facet normal 0 0 1
    outer loop
      vertex 81 81 60
      vertex 78.7843 77.6544 60
      vertex 79.1544 77.2843 60
    endloop
  endfacet
  facet normal 0 0 1
    outer loop
      vertex 81.0734 81.4635 60
      vertex 77.7447 82.5451 60
      vertex 81.0328 81.3119 60
    endloop
  endfacet
  facet normal 0 0 1
    outer loop
      vertex 81 81 60
      vertex 78.4549 78.0611 60
      vertex 78.7843 77.6544 60
    endloop
  endfacet
  facet normal -0 0 1
    outer loop
      vertex 77.6093 82.0396 60
      vertex 81.0328 81.3119 60
      vertex 77.7447 82.5451 60
    endloop
  endfacet
  facet normal 0 0 1
    outer loop
      vertex 81 81 60
      vertex 78.1699 78.5 60
      vertex 78.4549 78.0611 60
    endloop
  endfacet
  facet normal 0 0 1
    outer loop
      vertex 81.0328 81.3119 60
      vertex 77.6093 82.0396 60
      vertex 81.0082 81.1568 60
    endloop
  endfacet
  facet normal 0 0 1
    outer loop
      vertex 81 81 60
      vertex 77.9323 78.9663 60
      vertex 78.1699 78.5 60
    endloop
  endfacet
  facet normal -0 0 1
    outer loop
      vertex 77.5274 81.5226 60
      vertex 81.0082 81.1568 60
      vertex 77.6093 82.0396 60
    endloop
  endfacet
  facet normal 0 0 1
    outer loop
      vertex 81 81 60
      vertex 77.7447 79.4549 60
      vertex 77.9323 78.9663 60
    endloop
  endfacet
  facet normal 0 0 1
    outer loop
      vertex 81.0082 81.1568 60
      vertex 77.5274 81.5226 60
      vertex 81 81 60
    endloop
  endfacet
  facet normal 0 0 1
    outer loop
      vertex 81 81 60
      vertex 77.6093 79.9604 60
      vertex 77.7447 79.4549 60
    endloop
  endfacet
  facet normal 0 0 1
    outer loop
      vertex 77.5 81 60
      vertex 81 81 60
      vertex 77.5274 81.5226 60
    endloop
  endfacet
  facet normal 0 0 1
    outer loop
      vertex 81 81 60
      vertex 77.5274 80.4774 60
      vertex 77.6093 79.9604 60
    endloop
  endfacet
  facet normal 0 0 1
    outer loop
      vertex 81 81 60
      vertex 77.5 81 60
      vertex 77.5274 80.4774 60
    endloop
  endfacet
  facet normal 0 0 1
    outer loop
      vertex -81 81 60
      vertex -77.5 81 60
      vertex -77.5274 81.5226 60
    endloop
  endfacet
  facet normal 0 0 1
    outer loop
      vertex -81.0082 81.1568 60
      vertex -77.5274 81.5226 60
      vertex -77.6093 82.0396 60
    endloop
  endfacet
  facet normal 0 0 1
    outer loop
      vertex -77.5 81 60
      vertex -81 81 60
      vertex -77.5274 80.4774 60
    endloop
  endfacet
  facet normal 0 0 1
    outer loop
      vertex -81.0328 81.3119 60
      vertex -77.6093 82.0396 60
      vertex -77.7447 82.5451 60
    endloop
  endfacet
  facet normal -0 0 1
    outer loop
      vertex -81.0082 80.8432 60
      vertex -77.5274 80.4774 60
      vertex -81 81 60
    endloop
  endfacet
  facet normal 0 0 1
    outer loop
      vertex -81.0734 81.4635 60
      vertex -77.7447 82.5451 60
      vertex -77.9323 83.0337 60
    endloop
  endfacet
  facet normal 0 0 1
    outer loop
      vertex -77.5274 80.4774 60
      vertex -81.0082 80.8432 60
      vertex -77.6093 79.9604 60
    endloop
  endfacet
  facet normal 0 0 1
    outer loop
      vertex -81.1297 81.6101 60
      vertex -77.9323 83.0337 60
      vertex -78.1699 83.5 60
    endloop
  endfacet
  facet normal -0 0 1
    outer loop
      vertex -81.0328 80.6881 60
      vertex -77.6093 79.9604 60
      vertex -81.0082 80.8432 60
    endloop
  endfacet
  facet normal 0 0 1
    outer loop
      vertex -81.201 81.75 60
      vertex -78.1699 83.5 60
      vertex -78.4549 83.9389 60
    endloop
  endfacet
  facet normal 0 0 1
    outer loop
      vertex -77.6093 79.9604 60
      vertex -81.0328 80.6881 60
      vertex -77.7447 79.4549 60
    endloop
  endfacet
  facet normal 0 0 1
    outer loop
      vertex -81.2865 81.8817 60
      vertex -78.4549 83.9389 60
      vertex -78.7843 84.3456 60
    endloop
  endfacet
  facet normal -0 0 1
    outer loop
      vertex -81.0734 80.5365 60
      vertex -77.7447 79.4549 60
      vertex -81.0328 80.6881 60
    endloop
  endfacet
  facet normal 0 0 1
    outer loop
      vertex -81.3853 82.0037 60
      vertex -78.7843 84.3456 60
      vertex -79.1544 84.7157 60
    endloop
  endfacet
  facet normal 0 0 1
    outer loop
      vertex -77.7447 79.4549 60
      vertex -81.0734 80.5365 60
      vertex -77.9323 78.9663 60
    endloop
  endfacet
  facet normal 0 0 1
    outer loop
      vertex -81.4963 82.1147 60
      vertex -79.1544 84.7157 60
      vertex -79.5054 85 60
    endloop
  endfacet
  facet normal -0 0 1
    outer loop
      vertex -81.1297 80.3899 60
      vertex -77.9323 78.9663 60
      vertex -81.0734 80.5365 60
    endloop
  endfacet
  facet normal 0 0 1
    outer loop
      vertex -78.4549 78.0611 60
      vertex -81.2865 80.1183 60
      vertex -78.7843 77.6544 60
    endloop
  endfacet
  facet normal -0 0 1
    outer loop
      vertex -81.3853 79.9963 60
      vertex -78.7843 77.6544 60
      vertex -81.2865 80.1183 60
    endloop
  endfacet
  facet normal 0 0 1
    outer loop
      vertex -78.7843 77.6544 60
      vertex -81.3853 79.9963 60
      vertex -79.1544 77.2843 60
    endloop
  endfacet
  facet normal -0 0 1
    outer loop
      vertex -81.4963 79.8853 60
      vertex -79.1544 77.2843 60
      vertex -81.3853 79.9963 60
    endloop
  endfacet
  facet normal 0 0 1
    outer loop
      vertex -79.1544 77.2843 60
      vertex -81.4963 79.8853 60
      vertex -79.5611 76.9549 60
    endloop
  endfacet
  facet normal -0 0 1
    outer loop
      vertex -81.6183 79.7865 60
      vertex -79.5611 76.9549 60
      vertex -81.4963 79.8853 60
    endloop
  endfacet
  facet normal 0 0 1
    outer loop
      vertex -79.5611 76.9549 60
      vertex -81.6183 79.7865 60
      vertex -80 76.6699 60
    endloop
  endfacet
  facet normal -0 0 1
    outer loop
      vertex -81.75 79.701 60
      vertex -80 76.6699 60
      vertex -81.6183 79.7865 60
    endloop
  endfacet
  facet normal 0 0 1
    outer loop
      vertex -80 76.6699 60
      vertex -81.75 79.701 60
      vertex -80.4663 76.4323 60
    endloop
  endfacet
  facet normal -0 0 1
    outer loop
      vertex -81.8899 79.6297 60
      vertex -80.4663 76.4323 60
      vertex -81.75 79.701 60
    endloop
  endfacet
  facet normal 0 0 1
    outer loop
      vertex -80.4663 76.4323 60
      vertex -81.8899 79.6297 60
      vertex -80.9549 76.2447 60
    endloop
  endfacet
  facet normal -0 0 1
    outer loop
      vertex -82.0365 79.5734 60
      vertex -80.9549 76.2447 60
      vertex -81.8899 79.6297 60
    endloop
  endfacet
  facet normal 0 0 1
    outer loop
      vertex -80.9549 76.2447 60
      vertex -82.0365 79.5734 60
      vertex -81.4604 76.1093 60
    endloop
  endfacet
  facet normal -0 0 1
    outer loop
      vertex -82.1881 79.5328 60
      vertex -81.4604 76.1093 60
      vertex -82.0365 79.5734 60
    endloop
  endfacet
  facet normal 0 0 1
    outer loop
      vertex -81.4604 76.1093 60
      vertex -82.1881 79.5328 60
      vertex -81.9774 76.0274 60
    endloop
  endfacet
  facet normal -0 0 1
    outer loop
      vertex -82.3432 79.5082 60
      vertex -81.9774 76.0274 60
      vertex -82.1881 79.5328 60
    endloop
  endfacet
  facet normal -0 0 1
    outer loop
      vertex -82.5 79.5 60
      vertex -81.9774 76.0274 60
      vertex -82.3432 79.5082 60
    endloop
  endfacet
  facet normal 0 0 1
    outer loop
      vertex -82.5 79.5 60
      vertex -82.5 76 60
      vertex -81.9774 76.0274 60
    endloop
  endfacet
  facet normal 0 0 1
    outer loop
      vertex -82.6568 79.5082 60
      vertex -82.5 76 60
      vertex -82.5 79.5 60
    endloop
  endfacet
  facet normal 0 0 1
    outer loop
      vertex -83.0226 76.0274 60
      vertex -82.6568 79.5082 60
      vertex -82.8119 79.5328 60
    endloop
  endfacet
  facet normal 0 0 1
    outer loop
      vertex -83.5396 76.1093 60
      vertex -82.8119 79.5328 60
      vertex -82.9635 79.5734 60
    endloop
  endfacet
  facet normal 0 0 1
    outer loop
      vertex -82.6568 79.5082 60
      vertex -83.0226 76.0274 60
      vertex -82.5 76 60
    endloop
  endfacet
  facet normal 0 0 1
    outer loop
      vertex -84.0451 76.2447 60
      vertex -82.9635 79.5734 60
      vertex -83.1101 79.6297 60
    endloop
  endfacet
  facet normal 0 0 1
    outer loop
      vertex -84.5337 76.4323 60
      vertex -83.1101 79.6297 60
      vertex -83.25 79.701 60
    endloop
  endfacet
  facet normal 0 0 1
    outer loop
      vertex -85 76.6699 60
      vertex -83.25 79.701 60
      vertex -83.3817 79.7865 60
    endloop
  endfacet
  facet normal 0 0 1
    outer loop
      vertex -85 76.6699 60
      vertex -83.3817 79.7865 60
      vertex -83.5037 79.8853 60
    endloop
  endfacet
  facet normal 0 0 1
    outer loop
      vertex -82.8119 79.5328 60
      vertex -83.5396 76.1093 60
      vertex -83.0226 76.0274 60
    endloop
  endfacet
  facet normal 0 0 1
    outer loop
      vertex -85 76.6699 60
      vertex -83.5037 79.8853 60
      vertex -83.6147 79.9963 60
    endloop
  endfacet
  facet normal 0 0 1
    outer loop
      vertex -85 76.6699 60
      vertex -83.6147 79.9963 60
      vertex -83.7135 80.1183 60
    endloop
  endfacet
  facet normal 0 0 1
    outer loop
      vertex -85 76.6699 60
      vertex -83.7135 80.1183 60
      vertex -83.799 80.25 60
    endloop
  endfacet
  facet normal 0 0 1
    outer loop
      vertex -85 76.6699 60
      vertex -83.799 80.25 60
      vertex -83.8703 80.3899 60
    endloop
  endfacet
  facet normal 0 0 1
    outer loop
      vertex -85 76.6699 60
      vertex -83.8703 80.3899 60
      vertex -83.9266 80.5365 60
    endloop
  endfacet
  facet normal 0 0 1
    outer loop
      vertex -85 76.6699 60
      vertex -83.9266 80.5365 60
      vertex -83.9672 80.6881 60
    endloop
  endfacet
  facet normal 0 0 1
    outer loop
      vertex -85 76.6699 60
      vertex -83.9672 80.6881 60
      vertex -83.9918 80.8432 60
    endloop
  endfacet
  facet normal 0 0 1
    outer loop
      vertex -82.9635 79.5734 60
      vertex -84.0451 76.2447 60
      vertex -83.5396 76.1093 60
    endloop
  endfacet
  facet normal 0 0 1
    outer loop
      vertex -85 76.6699 60
      vertex -83.9918 80.8432 60
      vertex -84 81 60
    endloop
  endfacet
  facet normal 0 0 1
    outer loop
      vertex -85 -86.8301 60
      vertex -86.25 -87.5 60
      vertex -85 -87.5 60
    endloop
  endfacet
  facet normal 0 0 1
    outer loop
      vertex -81 -82.5 60
      vertex -77.5 -82.5 60
      vertex -77.5274 -81.9774 60
    endloop
  endfacet
  facet normal 0 0 1
    outer loop
      vertex -81.0082 -82.3432 60
      vertex -77.5274 -81.9774 60
      vertex -77.6093 -81.4604 60
    endloop
  endfacet
  facet normal 0 0 1
    outer loop
      vertex -77.5 -82.5 60
      vertex -81 -82.5 60
      vertex -77.5274 -83.0226 60
    endloop
  endfacet
  facet normal 0 0 1
    outer loop
      vertex -81.0328 -82.1881 60
      vertex -77.6093 -81.4604 60
      vertex -77.7447 -80.9549 60
    endloop
  endfacet
  facet normal -0 0 1
    outer loop
      vertex -81.0082 -82.6568 60
      vertex -77.5274 -83.0226 60
      vertex -81 -82.5 60
    endloop
  endfacet
  facet normal 0 0 1
    outer loop
      vertex -81.0734 -82.0365 60
      vertex -77.7447 -80.9549 60
      vertex -77.9323 -80.4663 60
    endloop
  endfacet
  facet normal 0 0 1
    outer loop
      vertex -77.5274 -83.0226 60
      vertex -81.0082 -82.6568 60
      vertex -77.6093 -83.5396 60
    endloop
  endfacet
  facet normal 0 0 1
    outer loop
      vertex -81.1297 -81.8899 60
      vertex -77.9323 -80.4663 60
      vertex -78.1699 -80 60
    endloop
  endfacet
  facet normal -0 0 1
    outer loop
      vertex -81.0328 -82.8119 60
      vertex -77.6093 -83.5396 60
      vertex -81.0082 -82.6568 60
    endloop
  endfacet
  facet normal 0 0 1
    outer loop
      vertex -81.201 -81.75 60
      vertex -78.1699 -80 60
      vertex -78.4549 -79.5611 60
    endloop
  endfacet
  facet normal 0 0 1
    outer loop
      vertex -77.6093 -83.5396 60
      vertex -81.0328 -82.8119 60
      vertex -77.7447 -84.0451 60
    endloop
  endfacet
  facet normal 0 0 1
    outer loop
      vertex -81.2865 -81.6183 60
      vertex -78.4549 -79.5611 60
      vertex -78.7843 -79.1544 60
    endloop
  endfacet
  facet normal -0 0 1
    outer loop
      vertex -81.0734 -82.9635 60
      vertex -77.7447 -84.0451 60
      vertex -81.0328 -82.8119 60
    endloop
  endfacet
  facet normal 0 0 1
    outer loop
      vertex -81.3853 -81.4963 60
      vertex -78.7843 -79.1544 60
      vertex -79.1544 -78.7843 60
    endloop
  endfacet
  facet normal 0 0 1
    outer loop
      vertex -77.7447 -84.0451 60
      vertex -81.0734 -82.9635 60
      vertex -77.9323 -84.5337 60
    endloop
  endfacet
  facet normal 0 0 1
    outer loop
      vertex -81.4963 -81.3853 60
      vertex -79.1544 -78.7843 60
      vertex -79.5611 -78.4549 60
    endloop
  endfacet
  facet normal -0 0 1
    outer loop
      vertex -81.1297 -83.1101 60
      vertex -77.9323 -84.5337 60
      vertex -81.0734 -82.9635 60
    endloop
  endfacet
  facet normal 0 0 1
    outer loop
      vertex -81.6183 -81.2865 60
      vertex -79.5611 -78.4549 60
      vertex -80 -78.1699 60
    endloop
  endfacet
  facet normal 0 0 1
    outer loop
      vertex -77.9323 -84.5337 60
      vertex -81.1297 -83.1101 60
      vertex -78.1699 -85 60
    endloop
  endfacet
  facet normal 0 0 1
    outer loop
      vertex -81.75 -81.201 60
      vertex -80 -78.1699 60
      vertex -80.4663 -77.9323 60
    endloop
  endfacet
  facet normal -0 0 1
    outer loop
      vertex -81.201 -83.25 60
      vertex -78.1699 -85 60
      vertex -81.1297 -83.1101 60
    endloop
  endfacet
  facet normal 0 0 1
    outer loop
      vertex -81.8899 -81.1297 60
      vertex -80.4663 -77.9323 60
      vertex -80.9549 -77.7447 60
    endloop
  endfacet
  facet normal 0 0 1
    outer loop
      vertex -78.1699 -85 60
      vertex -81.201 -83.25 60
      vertex -78.4549 -85.4389 60
    endloop
  endfacet
  facet normal -0 0 1
    outer loop
      vertex -81.2865 -83.3817 60
      vertex -78.4549 -85.4389 60
      vertex -81.201 -83.25 60
    endloop
  endfacet
  facet normal 0 0 1
    outer loop
      vertex -77.5274 -81.9774 60
      vertex -81.0082 -82.3432 60
      vertex -81 -82.5 60
    endloop
  endfacet
  facet normal 0 0 1
    outer loop
      vertex -77.6093 -81.4604 60
      vertex -81.0328 -82.1881 60
      vertex -81.0082 -82.3432 60
    endloop
  endfacet
  facet normal 0 0 1
    outer loop
      vertex -77.7447 -80.9549 60
      vertex -81.0734 -82.0365 60
      vertex -81.0328 -82.1881 60
    endloop
  endfacet
  facet normal 0 0 1
    outer loop
      vertex -77.9323 -80.4663 60
      vertex -81.1297 -81.8899 60
      vertex -81.0734 -82.0365 60
    endloop
  endfacet
  facet normal 0 0 1
    outer loop
      vertex -78.1699 -80 60
      vertex -81.201 -81.75 60
      vertex -81.1297 -81.8899 60
    endloop
  endfacet
  facet normal 0 0 1
    outer loop
      vertex -78.4549 -79.5611 60
      vertex -81.2865 -81.6183 60
      vertex -81.201 -81.75 60
    endloop
  endfacet
  facet normal 0 0 1
    outer loop
      vertex -78.7843 -79.1544 60
      vertex -81.3853 -81.4963 60
      vertex -81.2865 -81.6183 60
    endloop
  endfacet
  facet normal 0 0 1
    outer loop
      vertex -82.0365 -81.0734 60
      vertex -80.9549 -77.7447 60
      vertex -81.4604 -77.6093 60
    endloop
  endfacet
  facet normal 0 0 1
    outer loop
      vertex -79.1544 -78.7843 60
      vertex -81.4963 -81.3853 60
      vertex -81.3853 -81.4963 60
    endloop
  endfacet
  facet normal 0 0 1
    outer loop
      vertex -79.5611 -78.4549 60
      vertex -81.6183 -81.2865 60
      vertex -81.4963 -81.3853 60
    endloop
  endfacet
  facet normal 0 0 1
    outer loop
      vertex -80 -78.1699 60
      vertex -81.75 -81.201 60
      vertex -81.6183 -81.2865 60
    endloop
  endfacet
  facet normal 0 0 1
    outer loop
      vertex -80.4663 -77.9323 60
      vertex -81.8899 -81.1297 60
      vertex -81.75 -81.201 60
    endloop
  endfacet
  facet normal 0 0 1
    outer loop
      vertex -82.1881 -81.0328 60
      vertex -81.4604 -77.6093 60
      vertex -81.9774 -77.5274 60
    endloop
  endfacet
  facet normal 0 0 1
    outer loop
      vertex -80.9549 -77.7447 60
      vertex -82.0365 -81.0734 60
      vertex -81.8899 -81.1297 60
    endloop
  endfacet
  facet normal 0 0 1
    outer loop
      vertex -81.4604 -77.6093 60
      vertex -82.1881 -81.0328 60
      vertex -82.0365 -81.0734 60
    endloop
  endfacet
  facet normal 0 0 1
    outer loop
      vertex -81.9774 -77.5274 60
      vertex -82.3432 -81.0082 60
      vertex -82.1881 -81.0328 60
    endloop
  endfacet
  facet normal 0 0 1
    outer loop
      vertex -82.5 -77.5 60
      vertex -82.3432 -81.0082 60
      vertex -81.9774 -77.5274 60
    endloop
  endfacet
  facet normal 0 0 1
    outer loop
      vertex -82.5 -77.5 60
      vertex -82.5 -81 60
      vertex -82.3432 -81.0082 60
    endloop
  endfacet
  facet normal 0 0 1
    outer loop
      vertex -82.5 -77.5 60
      vertex -82.6568 -81.0082 60
      vertex -82.5 -81 60
    endloop
  endfacet
  facet normal -0 0 1
    outer loop
      vertex -83.0226 -77.5274 60
      vertex -82.6568 -81.0082 60
      vertex -82.5 -77.5 60
    endloop
  endfacet
  facet normal 0 0 1
    outer loop
      vertex -82.6568 -81.0082 60
      vertex -83.0226 -77.5274 60
      vertex -82.8119 -81.0328 60
    endloop
  endfacet
  facet normal -0 0 1
    outer loop
      vertex -83.5396 -77.6093 60
      vertex -82.8119 -81.0328 60
      vertex -83.0226 -77.5274 60
    endloop
  endfacet
  facet normal 0 0 1
    outer loop
      vertex -82.8119 -81.0328 60
      vertex -83.5396 -77.6093 60
      vertex -82.9635 -81.0734 60
    endloop
  endfacet
  facet normal -0 0 1
    outer loop
      vertex -84.0451 -77.7447 60
      vertex -82.9635 -81.0734 60
      vertex -83.5396 -77.6093 60
    endloop
  endfacet
  facet normal 0 0 1
    outer loop
      vertex -82.9635 -81.0734 60
      vertex -84.0451 -77.7447 60
      vertex -83.1101 -81.1297 60
    endloop
  endfacet
  facet normal -0 0 1
    outer loop
      vertex -84.5337 -77.9323 60
      vertex -83.1101 -81.1297 60
      vertex -84.0451 -77.7447 60
    endloop
  endfacet
  facet normal 0 0 1
    outer loop
      vertex -83.1101 -81.1297 60
      vertex -84.5337 -77.9323 60
      vertex -83.25 -81.201 60
    endloop
  endfacet
  facet normal -0 0 1
    outer loop
      vertex -85 -78.1699 60
      vertex -83.25 -81.201 60
      vertex -84.5337 -77.9323 60
    endloop
  endfacet
  facet normal 0 0 1
    outer loop
      vertex -83.25 -81.201 60
      vertex -85 -78.1699 60
      vertex -83.3817 -81.2865 60
    endloop
  endfacet
  facet normal 0 0 1
    outer loop
      vertex -83.3817 -81.2865 60
      vertex -85 -78.1699 60
      vertex -83.5037 -81.3853 60
    endloop
  endfacet
  facet normal 0 0 1
    outer loop
      vertex -83.5037 -81.3853 60
      vertex -85 -78.1699 60
      vertex -83.6147 -81.4963 60
    endloop
  endfacet
  facet normal 0 0 1
    outer loop
      vertex -83.6147 -81.4963 60
      vertex -85 -78.1699 60
      vertex -83.7135 -81.6183 60
    endloop
  endfacet
  facet normal 0 0 1
    outer loop
      vertex -83.7135 -81.6183 60
      vertex -85 -78.1699 60
      vertex -83.799 -81.75 60
    endloop
  endfacet
  facet normal 0 0 1
    outer loop
      vertex -83.799 -81.75 60
      vertex -85 -78.1699 60
      vertex -83.8703 -81.8899 60
    endloop
  endfacet
  facet normal 0 0 1
    outer loop
      vertex -87.5 -84.5 60
      vertex -83.9266 -82.0365 60
      vertex -85 -78.1699 60
    endloop
  endfacet
  facet normal 0 0 1
    outer loop
      vertex -83.8703 -81.8899 60
      vertex -85 -78.1699 60
      vertex -83.9266 -82.0365 60
    endloop
  endfacet
  facet normal 0 0 1
    outer loop
      vertex -78.4549 -85.4389 60
      vertex -81.2865 -83.3817 60
      vertex -78.7843 -85.8456 60
    endloop
  endfacet
  facet normal -0 0 1
    outer loop
      vertex -81.3853 -83.5037 60
      vertex -78.7843 -85.8456 60
      vertex -81.2865 -83.3817 60
    endloop
  endfacet
  facet normal 0 0 1
    outer loop
      vertex -78.7843 -85.8456 60
      vertex -81.3853 -83.5037 60
      vertex -79.1544 -86.2157 60
    endloop
  endfacet
  facet normal -0 0 1
    outer loop
      vertex -81.4963 -83.6147 60
      vertex -79.1544 -86.2157 60
      vertex -81.3853 -83.5037 60
    endloop
  endfacet
  facet normal 0 0 1
    outer loop
      vertex -79.1544 -86.2157 60
      vertex -81.4963 -83.6147 60
      vertex -79.5611 -86.5451 60
    endloop
  endfacet
  facet normal -0 0 1
    outer loop
      vertex -81.6183 -83.7135 60
      vertex -79.5611 -86.5451 60
      vertex -81.4963 -83.6147 60
    endloop
  endfacet
  facet normal 0 0 1
    outer loop
      vertex -79.5611 -86.5451 60
      vertex -81.6183 -83.7135 60
      vertex -80 -86.8301 60
    endloop
  endfacet
  facet normal -0 0 1
    outer loop
      vertex -81.75 -83.799 60
      vertex -80 -86.8301 60
      vertex -81.6183 -83.7135 60
    endloop
  endfacet
  facet normal 0 0 1
    outer loop
      vertex -80 -86.8301 60
      vertex -81.75 -83.799 60
      vertex -80.4663 -87.0677 60
    endloop
  endfacet
  facet normal -0 0 1
    outer loop
      vertex -81.8899 -83.8703 60
      vertex -80.4663 -87.0677 60
      vertex -81.75 -83.799 60
    endloop
  endfacet
  facet normal 0 0 1
    outer loop
      vertex -80.4663 -87.0677 60
      vertex -81.8899 -83.8703 60
      vertex -80.9549 -87.2553 60
    endloop
  endfacet
  facet normal -0 0 1
    outer loop
      vertex -82.0365 -83.9266 60
      vertex -80.9549 -87.2553 60
      vertex -81.8899 -83.8703 60
    endloop
  endfacet
  facet normal 0 0 1
    outer loop
      vertex -80.9549 -87.2553 60
      vertex -82.0365 -83.9266 60
      vertex -81.4604 -87.3907 60
    endloop
  endfacet
  facet normal -0 0 1
    outer loop
      vertex -82.1881 -83.9672 60
      vertex -81.4604 -87.3907 60
      vertex -82.0365 -83.9266 60
    endloop
  endfacet
  facet normal 0 0 1
    outer loop
      vertex -81.4604 -87.3907 60
      vertex -82.1881 -83.9672 60
      vertex -81.9774 -87.4726 60
    endloop
  endfacet
  facet normal -0 0 1
    outer loop
      vertex -82.3432 -83.9918 60
      vertex -81.9774 -87.4726 60
      vertex -82.1881 -83.9672 60
    endloop
  endfacet
  facet normal -0 0 1
    outer loop
      vertex -82.5 -84 60
      vertex -81.9774 -87.4726 60
      vertex -82.3432 -83.9918 60
    endloop
  endfacet
  facet normal 0 0 1
    outer loop
      vertex -82.5 -84 60
      vertex -82.5 -87.5 60
      vertex -81.9774 -87.4726 60
    endloop
  endfacet
  facet normal 0 0 1
    outer loop
      vertex -82.6568 -83.9918 60
      vertex -82.5 -87.5 60
      vertex -82.5 -84 60
    endloop
  endfacet
  facet normal 0 0 1
    outer loop
      vertex -83.0226 -87.4726 60
      vertex -82.6568 -83.9918 60
      vertex -82.8119 -83.9672 60
    endloop
  endfacet
  facet normal 0 0 1
    outer loop
      vertex -83.5396 -87.3907 60
      vertex -82.8119 -83.9672 60
      vertex -82.9635 -83.9266 60
    endloop
  endfacet
  facet normal 0 0 1
    outer loop
      vertex -82.6568 -83.9918 60
      vertex -83.0226 -87.4726 60
      vertex -82.5 -87.5 60
    endloop
  endfacet
  facet normal 0 0 1
    outer loop
      vertex -84.0451 -87.2553 60
      vertex -82.9635 -83.9266 60
      vertex -83.1101 -83.8703 60
    endloop
  endfacet
  facet normal 0 0 1
    outer loop
      vertex -84.5337 -87.0677 60
      vertex -83.1101 -83.8703 60
      vertex -83.25 -83.799 60
    endloop
  endfacet
  facet normal 0 0 1
    outer loop
      vertex -85 -86.8301 60
      vertex -83.25 -83.799 60
      vertex -83.3817 -83.7135 60
    endloop
  endfacet
  facet normal 0 0 1
    outer loop
      vertex -86.25 -84.5 60
      vertex -83.3817 -83.7135 60
      vertex -83.5037 -83.6147 60
    endloop
  endfacet
  facet normal 0 0 1
    outer loop
      vertex -82.8119 -83.9672 60
      vertex -83.5396 -87.3907 60
      vertex -83.0226 -87.4726 60
    endloop
  endfacet
  facet normal 0 0 1
    outer loop
      vertex -86.25 -84.5 60
      vertex -83.5037 -83.6147 60
      vertex -83.6147 -83.5037 60
    endloop
  endfacet
  facet normal 0 0 1
    outer loop
      vertex -86.25 -84.5 60
      vertex -83.6147 -83.5037 60
      vertex -83.7135 -83.3817 60
    endloop
  endfacet
  facet normal 0 0 1
    outer loop
      vertex -86.25 -84.5 60
      vertex -83.7135 -83.3817 60
      vertex -83.799 -83.25 60
    endloop
  endfacet
  facet normal 0 0 1
    outer loop
      vertex -86.25 -84.5 60
      vertex -83.799 -83.25 60
      vertex -83.8703 -83.1101 60
    endloop
  endfacet
  facet normal 0 0 1
    outer loop
      vertex -86.25 -84.5 60
      vertex -83.8703 -83.1101 60
      vertex -83.9266 -82.9635 60
    endloop
  endfacet
  facet normal 0 0 1
    outer loop
      vertex -86.25 -84.5 60
      vertex -83.9266 -82.9635 60
      vertex -83.9672 -82.8119 60
    endloop
  endfacet
  facet normal 0 0 1
    outer loop
      vertex -86.25 -84.5 60
      vertex -83.9672 -82.8119 60
      vertex -83.9918 -82.6568 60
    endloop
  endfacet
  facet normal 0 0 1
    outer loop
      vertex -82.9635 -83.9266 60
      vertex -84.0451 -87.2553 60
      vertex -83.5396 -87.3907 60
    endloop
  endfacet
  facet normal 0 0 1
    outer loop
      vertex -86.25 -84.5 60
      vertex -83.9918 -82.6568 60
      vertex -84 -82.5 60
    endloop
  endfacet
  facet normal 0 0 1
    outer loop
      vertex -83.9266 -82.0365 60
      vertex -87.5 -84.5 60
      vertex -83.9672 -82.1881 60
    endloop
  endfacet
  facet normal 0 -0 1
    outer loop
      vertex -86.25 -84.5 60
      vertex -83.9672 -82.1881 60
      vertex -87.5 -84.5 60
    endloop
  endfacet
  facet normal 0 0 1
    outer loop
      vertex -83.3817 -83.7135 60
      vertex -86.25 -84.5 60
      vertex -85 -86.8301 60
    endloop
  endfacet
  facet normal 0 0 1
    outer loop
      vertex -83.9672 -82.1881 60
      vertex -86.25 -84.5 60
      vertex -83.9918 -82.3432 60
    endloop
  endfacet
  facet normal 0 0 1
    outer loop
      vertex -83.1101 -83.8703 60
      vertex -84.5337 -87.0677 60
      vertex -84.0451 -87.2553 60
    endloop
  endfacet
  facet normal -0 -0 1
    outer loop
      vertex 83.9672 -82.1881 60
      vertex 87.5 -84.5 60
      vertex 83.9266 -82.0365 60
    endloop
  endfacet
  facet normal -0 0 1
    outer loop
      vertex 83.9918 -82.6568 60
      vertex 86.25 -84.5 60
      vertex 84 -82.5 60
    endloop
  endfacet
  facet normal 0 0 1
    outer loop
      vertex 83.1101 -81.1297 60
      vertex 84.5337 -77.9323 60
      vertex 84.0451 -77.7447 60
    endloop
  endfacet
  facet normal -0 0 1
    outer loop
      vertex 83.9672 -82.8119 60
      vertex 86.25 -84.5 60
      vertex 83.9918 -82.6568 60
    endloop
  endfacet
  facet normal -0 0 1
    outer loop
      vertex 83.9266 -82.9635 60
      vertex 86.25 -84.5 60
      vertex 83.9672 -82.8119 60
    endloop
  endfacet
  facet normal 0 0 1
    outer loop
      vertex 86.25 -84.5 60
      vertex 83.9918 -82.3432 60
      vertex 84 -82.5 60
    endloop
  endfacet
  facet normal 0 0 1
    outer loop
      vertex 86.25 -84.5 60
      vertex 83.9672 -82.1881 60
      vertex 83.9918 -82.3432 60
    endloop
  endfacet
  facet normal 0 0 1
    outer loop
      vertex 87.5 -84.5 60
      vertex 83.9672 -82.1881 60
      vertex 86.25 -84.5 60
    endloop
  endfacet
  facet normal 0 0 1
    outer loop
      vertex 84.5337 -77.9323 60
      vertex 83.8703 -81.8899 60
      vertex 83.9266 -82.0365 60
    endloop
  endfacet
  facet normal 0 0 1
    outer loop
      vertex 84.5337 -77.9323 60
      vertex 83.799 -81.75 60
      vertex 83.8703 -81.8899 60
    endloop
  endfacet
  facet normal 0 0 1
    outer loop
      vertex 84.5337 -77.9323 60
      vertex 83.7135 -81.6183 60
      vertex 83.799 -81.75 60
    endloop
  endfacet
  facet normal 0 0 1
    outer loop
      vertex 84.5337 -77.9323 60
      vertex 83.6147 -81.4963 60
      vertex 83.7135 -81.6183 60
    endloop
  endfacet
  facet normal 0 0 1
    outer loop
      vertex 82.9635 -81.0734 60
      vertex 84.0451 -77.7447 60
      vertex 83.5396 -77.6093 60
    endloop
  endfacet
  facet normal 0 0 1
    outer loop
      vertex 84.5337 -77.9323 60
      vertex 83.5037 -81.3853 60
      vertex 83.6147 -81.4963 60
    endloop
  endfacet
  facet normal 0 0 1
    outer loop
      vertex 84.5337 -77.9323 60
      vertex 83.3817 -81.2865 60
      vertex 83.5037 -81.3853 60
    endloop
  endfacet
  facet normal 0 0 1
    outer loop
      vertex 84.5337 -77.9323 60
      vertex 83.25 -81.201 60
      vertex 83.3817 -81.2865 60
    endloop
  endfacet
  facet normal 0 0 1
    outer loop
      vertex 84.5337 -77.9323 60
      vertex 83.1101 -81.1297 60
      vertex 83.25 -81.201 60
    endloop
  endfacet
  facet normal 0 0 1
    outer loop
      vertex 82.8119 -81.0328 60
      vertex 83.5396 -77.6093 60
      vertex 83.0226 -77.5274 60
    endloop
  endfacet
  facet normal 0 0 1
    outer loop
      vertex 84.0451 -77.7447 60
      vertex 82.9635 -81.0734 60
      vertex 83.1101 -81.1297 60
    endloop
  endfacet
  facet normal 0 0 1
    outer loop
      vertex 83.5396 -77.6093 60
      vertex 82.8119 -81.0328 60
      vertex 82.9635 -81.0734 60
    endloop
  endfacet
  facet normal 0 0 1
    outer loop
      vertex 83.0226 -77.5274 60
      vertex 82.6568 -81.0082 60
      vertex 82.8119 -81.0328 60
    endloop
  endfacet
  facet normal 0 0 1
    outer loop
      vertex 82.5 -77.5 60
      vertex 82.6568 -81.0082 60
      vertex 83.0226 -77.5274 60
    endloop
  endfacet
  facet normal 0 0 1
    outer loop
      vertex 82.5 -77.5 60
      vertex 82.5 -81 60
      vertex 82.6568 -81.0082 60
    endloop
  endfacet
  facet normal 0 0 1
    outer loop
      vertex 82.5 -77.5 60
      vertex 82.3432 -81.0082 60
      vertex 82.5 -81 60
    endloop
  endfacet
  facet normal -0 0 1
    outer loop
      vertex 81.9774 -77.5274 60
      vertex 82.3432 -81.0082 60
      vertex 82.5 -77.5 60
    endloop
  endfacet
  facet normal 0 0 1
    outer loop
      vertex 82.3432 -81.0082 60
      vertex 81.9774 -77.5274 60
      vertex 82.1881 -81.0328 60
    endloop
  endfacet
  facet normal -0 0 1
    outer loop
      vertex 81.4604 -77.6093 60
      vertex 82.1881 -81.0328 60
      vertex 81.9774 -77.5274 60
    endloop
  endfacet
  facet normal 0 0 1
    outer loop
      vertex 82.1881 -81.0328 60
      vertex 81.4604 -77.6093 60
      vertex 82.0365 -81.0734 60
    endloop
  endfacet
  facet normal -0 0 1
    outer loop
      vertex 80.9549 -77.7447 60
      vertex 82.0365 -81.0734 60
      vertex 81.4604 -77.6093 60
    endloop
  endfacet
  facet normal 0 0 1
    outer loop
      vertex 82.0365 -81.0734 60
      vertex 80.9549 -77.7447 60
      vertex 81.8899 -81.1297 60
    endloop
  endfacet
  facet normal -0 0 1
    outer loop
      vertex 80.4663 -77.9323 60
      vertex 81.8899 -81.1297 60
      vertex 80.9549 -77.7447 60
    endloop
  endfacet
  facet normal 0 0 1
    outer loop
      vertex 81.8899 -81.1297 60
      vertex 80.4663 -77.9323 60
      vertex 81.75 -81.201 60
    endloop
  endfacet
  facet normal -0 0 1
    outer loop
      vertex 80 -78.1699 60
      vertex 81.75 -81.201 60
      vertex 80.4663 -77.9323 60
    endloop
  endfacet
  facet normal 0 0 1
    outer loop
      vertex 81.75 -81.201 60
      vertex 80 -78.1699 60
      vertex 81.6183 -81.2865 60
    endloop
  endfacet
  facet normal -0 0 1
    outer loop
      vertex 79.5611 -78.4549 60
      vertex 81.6183 -81.2865 60
      vertex 80 -78.1699 60
    endloop
  endfacet
  facet normal 0 0 1
    outer loop
      vertex 81.6183 -81.2865 60
      vertex 79.5611 -78.4549 60
      vertex 81.4963 -81.3853 60
    endloop
  endfacet
  facet normal -0 0 1
    outer loop
      vertex 79.1544 -78.7843 60
      vertex 81.4963 -81.3853 60
      vertex 79.5611 -78.4549 60
    endloop
  endfacet
  facet normal 0 0 1
    outer loop
      vertex 81.4963 -81.3853 60
      vertex 79.1544 -78.7843 60
      vertex 81.3853 -81.4963 60
    endloop
  endfacet
  facet normal -0 0 1
    outer loop
      vertex 78.7843 -79.1544 60
      vertex 81.3853 -81.4963 60
      vertex 79.1544 -78.7843 60
    endloop
  endfacet
  facet normal -0 0 1
    outer loop
      vertex 78.4549 -79.5611 60
      vertex 81.2865 -81.6183 60
      vertex 78.7843 -79.1544 60
    endloop
  endfacet
  facet normal 0 0 1
    outer loop
      vertex 81.3853 -81.4963 60
      vertex 78.7843 -79.1544 60
      vertex 81.2865 -81.6183 60
    endloop
  endfacet
  facet normal -0 0 1
    outer loop
      vertex 85 76.6699 60
      vertex 87.5 -84.5 60
      vertex 87.5 87.5 60
    endloop
  endfacet
  facet normal -0 0 1
    outer loop
      vertex 83.9266 -82.0365 60
      vertex 87.5 -84.5 60
      vertex 85 -78.1699 60
    endloop
  endfacet
  facet normal 0 0 1
    outer loop
      vertex 87.5 -84.5 60
      vertex 85 76.6699 60
      vertex 85 -78.1699 60
    endloop
  endfacet
  facet normal -0 0 1
    outer loop
      vertex 84 81 60
      vertex 85 76.6699 60
      vertex 87.5 87.5 60
    endloop
  endfacet
  facet normal -0 0 1
    outer loop
      vertex 83.9672 80.6881 60
      vertex 85 76.6699 60
      vertex 83.9918 80.8432 60
    endloop
  endfacet
  facet normal 0 0 1
    outer loop
      vertex 85 76.6699 60
      vertex 84 81 60
      vertex 83.9918 80.8432 60
    endloop
  endfacet
  facet normal 0 0 1
    outer loop
      vertex 87.5 87.5 60
      vertex 83.9918 81.1568 60
      vertex 84 81 60
    endloop
  endfacet
  facet normal 0 0 1
    outer loop
      vertex 87.5 87.5 60
      vertex 83.9672 81.3119 60
      vertex 83.9918 81.1568 60
    endloop
  endfacet
  facet normal 0 0 1
    outer loop
      vertex 87.5 87.5 60
      vertex 83.9266 81.4635 60
      vertex 83.9672 81.3119 60
    endloop
  endfacet
  facet normal 0 0 1
    outer loop
      vertex 87.5 87.5 60
      vertex 83.8703 81.6101 60
      vertex 83.9266 81.4635 60
    endloop
  endfacet
  facet normal 0 0 1
    outer loop
      vertex 87.5 87.5 60
      vertex 83.799 81.75 60
      vertex 83.8703 81.6101 60
    endloop
  endfacet
  facet normal 0 0 1
    outer loop
      vertex 87.5 87.5 60
      vertex 83.7135 81.8817 60
      vertex 83.799 81.75 60
    endloop
  endfacet
  facet normal 0 0 1
    outer loop
      vertex 87.5 87.5 60
      vertex 83.6147 82.0037 60
      vertex 83.7135 81.8817 60
    endloop
  endfacet
  facet normal 0 0 1
    outer loop
      vertex 87.5 87.5 60
      vertex 83.5037 82.1147 60
      vertex 83.6147 82.0037 60
    endloop
  endfacet
  facet normal 0 0 1
    outer loop
      vertex 87.5 87.5 60
      vertex 83.3817 82.2135 60
      vertex 83.5037 82.1147 60
    endloop
  endfacet
  facet normal 0 0 1
    outer loop
      vertex 87.5 87.5 60
      vertex 83.25 82.299 60
      vertex 83.3817 82.2135 60
    endloop
  endfacet
  facet normal 0 0 1
    outer loop
      vertex 87.5 87.5 60
      vertex 83.1101 82.3703 60
      vertex 83.25 82.299 60
    endloop
  endfacet
  facet normal 0 0 1
    outer loop
      vertex 87.5 87.5 60
      vertex 82.9635 82.4266 60
      vertex 83.1101 82.3703 60
    endloop
  endfacet
  facet normal 0 0 1
    outer loop
      vertex 87.5 87.5 60
      vertex 82.8119 82.4672 60
      vertex 82.9635 82.4266 60
    endloop
  endfacet
  facet normal 0 0 1
    outer loop
      vertex 87.5 87.5 60
      vertex 82.6568 82.4918 60
      vertex 82.8119 82.4672 60
    endloop
  endfacet
  facet normal -0 0 1
    outer loop
      vertex 79.5054 85 60
      vertex 82.6568 82.4918 60
      vertex 87.5 87.5 60
    endloop
  endfacet
  facet normal 0 0 1
    outer loop
      vertex 82.6568 82.4918 60
      vertex 79.5054 85 60
      vertex 82.5 82.5 60
    endloop
  endfacet
  facet normal 0 0 1
    outer loop
      vertex 82.5 82.5 60
      vertex 79.5054 85 60
      vertex 82.3432 82.4918 60
    endloop
  endfacet
  facet normal 0 0 1
    outer loop
      vertex 82.3432 82.4918 60
      vertex 79.5054 85 60
      vertex 82.1881 82.4672 60
    endloop
  endfacet
  facet normal 0 0 1
    outer loop
      vertex 82.1881 82.4672 60
      vertex 79.5054 85 60
      vertex 82.0365 82.4266 60
    endloop
  endfacet
  facet normal 0 0 1
    outer loop
      vertex 82.0365 82.4266 60
      vertex 79.5054 85 60
      vertex 81.8899 82.3703 60
    endloop
  endfacet
  facet normal 0 0 1
    outer loop
      vertex 81.8899 82.3703 60
      vertex 79.5054 85 60
      vertex 81.75 82.299 60
    endloop
  endfacet
  facet normal 0 0 1
    outer loop
      vertex 81.75 82.299 60
      vertex 79.5054 85 60
      vertex 81.6183 82.2135 60
    endloop
  endfacet
  facet normal 0 0 1
    outer loop
      vertex 81.8899 79.6297 60
      vertex 80.4663 76.4323 60
      vertex 80.9549 76.2447 60
    endloop
  endfacet
  facet normal 0 0 1
    outer loop
      vertex 81.201 81.75 60
      vertex 78.1699 83.5 60
      vertex 81.1297 81.6101 60
    endloop
  endfacet
  facet normal 0 0 1
    outer loop
      vertex 81.0082 80.8432 60
      vertex 80 76.6699 60
      vertex 80.4663 76.4323 60
    endloop
  endfacet
  facet normal -0 0 1
    outer loop
      vertex 78.1699 83.5 60
      vertex 81.201 81.75 60
      vertex 78.4549 83.9389 60
    endloop
  endfacet
  facet normal 0 0 1
    outer loop
      vertex 81.0082 80.8432 60
      vertex 79.5611 76.9549 60
      vertex 80 76.6699 60
    endloop
  endfacet
  facet normal 0 0 1
    outer loop
      vertex 81.2865 81.8817 60
      vertex 78.4549 83.9389 60
      vertex 81.201 81.75 60
    endloop
  endfacet
  facet normal -0 0 1
    outer loop
      vertex 77.9323 83.0337 60
      vertex 81.1297 81.6101 60
      vertex 78.1699 83.5 60
    endloop
  endfacet
  facet normal -0 0 1
    outer loop
      vertex 78.4549 83.9389 60
      vertex 81.2865 81.8817 60
      vertex 78.7843 84.3456 60
    endloop
  endfacet
  facet normal 0 0 1
    outer loop
      vertex 81.3853 82.0037 60
      vertex 78.7843 84.3456 60
      vertex 81.2865 81.8817 60
    endloop
  endfacet
  facet normal -0 0 1
    outer loop
      vertex 78.7843 84.3456 60
      vertex 81.3853 82.0037 60
      vertex 79.1544 84.7157 60
    endloop
  endfacet
  facet normal 0 0 1
    outer loop
      vertex 81.4963 82.1147 60
      vertex 79.1544 84.7157 60
      vertex 81.3853 82.0037 60
    endloop
  endfacet
  facet normal -0 0 1
    outer loop
      vertex 79.1544 84.7157 60
      vertex 81.4963 82.1147 60
      vertex 79.5054 85 60
    endloop
  endfacet
  facet normal 0 0 1
    outer loop
      vertex 81.6183 82.2135 60
      vertex 79.5054 85 60
      vertex 81.4963 82.1147 60
    endloop
  endfacet
  facet normal 0 0 1
    outer loop
      vertex 87.5 87.5 60
      vertex -79.5054 85 60
      vertex 79.5054 85 60
    endloop
  endfacet
  facet normal 0 0 1
    outer loop
      vertex -77.9323 78.9663 60
      vertex -81.1297 80.3899 60
      vertex -78.1699 78.5 60
    endloop
  endfacet
  facet normal -0 0 1
    outer loop
      vertex -81.201 80.25 60
      vertex -78.1699 78.5 60
      vertex -81.1297 80.3899 60
    endloop
  endfacet
  facet normal 0 0 1
    outer loop
      vertex -78.1699 78.5 60
      vertex -81.201 80.25 60
      vertex -78.4549 78.0611 60
    endloop
  endfacet
  facet normal -0 0 1
    outer loop
      vertex -81.2865 80.1183 60
      vertex -78.4549 78.0611 60
      vertex -81.201 80.25 60
    endloop
  endfacet
  facet normal 0 0 1
    outer loop
      vertex -77.5274 81.5226 60
      vertex -81.0082 81.1568 60
      vertex -81 81 60
    endloop
  endfacet
  facet normal 0 0 1
    outer loop
      vertex -77.6093 82.0396 60
      vertex -81.0328 81.3119 60
      vertex -81.0082 81.1568 60
    endloop
  endfacet
  facet normal 0 0 1
    outer loop
      vertex -77.7447 82.5451 60
      vertex -81.0734 81.4635 60
      vertex -81.0328 81.3119 60
    endloop
  endfacet
  facet normal 0 0 1
    outer loop
      vertex -77.9323 83.0337 60
      vertex -81.1297 81.6101 60
      vertex -81.0734 81.4635 60
    endloop
  endfacet
  facet normal 0 0 1
    outer loop
      vertex -78.1699 83.5 60
      vertex -81.201 81.75 60
      vertex -81.1297 81.6101 60
    endloop
  endfacet
  facet normal 0 0 1
    outer loop
      vertex -78.4549 83.9389 60
      vertex -81.2865 81.8817 60
      vertex -81.201 81.75 60
    endloop
  endfacet
  facet normal 0 0 1
    outer loop
      vertex -78.7843 84.3456 60
      vertex -81.3853 82.0037 60
      vertex -81.2865 81.8817 60
    endloop
  endfacet
  facet normal 0 0 1
    outer loop
      vertex -79.1544 84.7157 60
      vertex -81.4963 82.1147 60
      vertex -81.3853 82.0037 60
    endloop
  endfacet
  facet normal 0 0 1
    outer loop
      vertex -79.5054 85 60
      vertex -81.6183 82.2135 60
      vertex -81.4963 82.1147 60
    endloop
  endfacet
  facet normal 0 0 1
    outer loop
      vertex -79.5054 85 60
      vertex -81.75 82.299 60
      vertex -81.6183 82.2135 60
    endloop
  endfacet
  facet normal 0 0 1
    outer loop
      vertex -79.5054 85 60
      vertex -81.8899 82.3703 60
      vertex -81.75 82.299 60
    endloop
  endfacet
  facet normal 0 0 1
    outer loop
      vertex -79.5054 85 60
      vertex -82.0365 82.4266 60
      vertex -81.8899 82.3703 60
    endloop
  endfacet
  facet normal 0 0 1
    outer loop
      vertex -79.5054 85 60
      vertex -82.1881 82.4672 60
      vertex -82.0365 82.4266 60
    endloop
  endfacet
  facet normal 0 0 1
    outer loop
      vertex -79.5054 85 60
      vertex -82.3432 82.4918 60
      vertex -82.1881 82.4672 60
    endloop
  endfacet
  facet normal 0 0 1
    outer loop
      vertex -79.5054 85 60
      vertex -82.5 82.5 60
      vertex -82.3432 82.4918 60
    endloop
  endfacet
  facet normal 0 0 1
    outer loop
      vertex -79.5054 85 60
      vertex -82.6568 82.4918 60
      vertex -82.5 82.5 60
    endloop
  endfacet
  facet normal 0 0 1
    outer loop
      vertex -79.5054 85 60
      vertex -82.8119 82.4672 60
      vertex -82.6568 82.4918 60
    endloop
  endfacet
  facet normal 0 0 1
    outer loop
      vertex -87.5 87.5 60
      vertex -82.8119 82.4672 60
      vertex -79.5054 85 60
    endloop
  endfacet
  facet normal 0 0 1
    outer loop
      vertex -82.8119 82.4672 60
      vertex -87.5 87.5 60
      vertex -82.9635 82.4266 60
    endloop
  endfacet
  facet normal 0 0 1
    outer loop
      vertex -82.9635 82.4266 60
      vertex -87.5 87.5 60
      vertex -83.1101 82.3703 60
    endloop
  endfacet
  facet normal 0 0 1
    outer loop
      vertex -83.1101 82.3703 60
      vertex -87.5 87.5 60
      vertex -83.25 82.299 60
    endloop
  endfacet
  facet normal 0 0 1
    outer loop
      vertex -83.1101 79.6297 60
      vertex -84.5337 76.4323 60
      vertex -84.0451 76.2447 60
    endloop
  endfacet
  facet normal 0 0 1
    outer loop
      vertex -87.5 87.5 60
      vertex -84 81 60
      vertex -83.9918 81.1568 60
    endloop
  endfacet
  facet normal 0 0 1
    outer loop
      vertex -83.25 79.701 60
      vertex -85 76.6699 60
      vertex -84.5337 76.4323 60
    endloop
  endfacet
  facet normal 0 0 1
    outer loop
      vertex -87.5 87.5 60
      vertex -83.9918 81.1568 60
      vertex -83.9672 81.3119 60
    endloop
  endfacet
  facet normal 0 0 1
    outer loop
      vertex -87.5 -84.5 60
      vertex -85 -78.1699 60
      vertex -85 76.6699 60
    endloop
  endfacet
  facet normal 0 0 1
    outer loop
      vertex -83.25 -83.799 60
      vertex -85 -86.8301 60
      vertex -84.5337 -87.0677 60
    endloop
  endfacet
  facet normal 0 0 1
    outer loop
      vertex -86.25 -87.5 60
      vertex -85 -86.8301 60
      vertex -86.25 -84.5 60
    endloop
  endfacet
  facet normal -0 0 1
    outer loop
      vertex -87.5 87.5 60
      vertex -79.5054 85 60
      vertex 87.5 87.5 60
    endloop
  endfacet
  facet normal 0 0 1
    outer loop
      vertex -83.25 82.299 60
      vertex -87.5 87.5 60
      vertex -83.3817 82.2135 60
    endloop
  endfacet
  facet normal 0 0 1
    outer loop
      vertex -87.5 87.5 60
      vertex -83.5037 82.1147 60
      vertex -83.3817 82.2135 60
    endloop
  endfacet
  facet normal 0 0 1
    outer loop
      vertex -87.5 87.5 60
      vertex -83.6147 82.0037 60
      vertex -83.5037 82.1147 60
    endloop
  endfacet
  facet normal 0 0 1
    outer loop
      vertex -87.5 87.5 60
      vertex -83.7135 81.8817 60
      vertex -83.6147 82.0037 60
    endloop
  endfacet
  facet normal 0 0 1
    outer loop
      vertex -87.5 87.5 60
      vertex -83.799 81.75 60
      vertex -83.7135 81.8817 60
    endloop
  endfacet
  facet normal 0 0 1
    outer loop
      vertex -87.5 87.5 60
      vertex -83.8703 81.6101 60
      vertex -83.799 81.75 60
    endloop
  endfacet
  facet normal 0 0 1
    outer loop
      vertex -87.5 87.5 60
      vertex -83.9266 81.4635 60
      vertex -83.8703 81.6101 60
    endloop
  endfacet
  facet normal 0 0 1
    outer loop
      vertex -87.5 87.5 60
      vertex -83.9672 81.3119 60
      vertex -83.9266 81.4635 60
    endloop
  endfacet
  facet normal 0 0 1
    outer loop
      vertex -84 81 60
      vertex -87.5 87.5 60
      vertex -85 76.6699 60
    endloop
  endfacet
  facet normal 0 0 1
    outer loop
      vertex -87.5 -84.5 60
      vertex -85 76.6699 60
      vertex -87.5 87.5 60
    endloop
  endfacet
  facet normal 0 0 1
    outer loop
      vertex -83.9918 -82.3432 60
      vertex -86.25 -84.5 60
      vertex -84 -82.5 60
    endloop
  endfacet
  facet normal 0 0 1
    outer loop
      vertex 83.9266 -82.0365 60
      vertex 85 -78.1699 60
      vertex 84.5337 -77.9323 60
    endloop
  endfacet
  facet normal 0 0 1
    outer loop
      vertex 86.25 -84.5 60
      vertex 85 -86.8301 60
      vertex 86.25 -87.5 60
    endloop
  endfacet
  facet normal 0 0 1
    outer loop
      vertex 86.25 -87.5 60
      vertex 85 -86.8301 60
      vertex 85 -87.5 60
    endloop
  endfacet
  facet normal -0 0 1
    outer loop
      vertex 83.9266 80.5365 60
      vertex 85 76.6699 60
      vertex 83.9672 80.6881 60
    endloop
  endfacet
  facet normal -0 0 1
    outer loop
      vertex 83.8703 80.3899 60
      vertex 85 76.6699 60
      vertex 83.9266 80.5365 60
    endloop
  endfacet
  facet normal -0 0 1
    outer loop
      vertex 83.799 80.25 60
      vertex 85 76.6699 60
      vertex 83.8703 80.3899 60
    endloop
  endfacet
  facet normal -0 0 1
    outer loop
      vertex 83.7135 80.1183 60
      vertex 85 76.6699 60
      vertex 83.799 80.25 60
    endloop
  endfacet
  facet normal -0 0 1
    outer loop
      vertex 83.6147 79.9963 60
      vertex 85 76.6699 60
      vertex 83.7135 80.1183 60
    endloop
  endfacet
  facet normal -0 0 1
    outer loop
      vertex 83.5037 79.8853 60
      vertex 85 76.6699 60
      vertex 83.6147 79.9963 60
    endloop
  endfacet
  facet normal -0 0 1
    outer loop
      vertex 83.3817 79.7865 60
      vertex 85 76.6699 60
      vertex 83.5037 79.8853 60
    endloop
  endfacet
  facet normal -0 0 1
    outer loop
      vertex 83.25 79.701 60
      vertex 85 76.6699 60
      vertex 83.3817 79.7865 60
    endloop
  endfacet
  facet normal 0 0 1
    outer loop
      vertex 85 76.6699 60
      vertex 83.25 79.701 60
      vertex 84.5337 76.4323 60
    endloop
  endfacet
  facet normal -0 0 1
    outer loop
      vertex 83.1101 79.6297 60
      vertex 84.5337 76.4323 60
      vertex 83.25 79.701 60
    endloop
  endfacet
  facet normal 0 0 1
    outer loop
      vertex 84.5337 76.4323 60
      vertex 83.1101 79.6297 60
      vertex 84.0451 76.2447 60
    endloop
  endfacet
  facet normal -0 0 1
    outer loop
      vertex 82.9635 79.5734 60
      vertex 84.0451 76.2447 60
      vertex 83.1101 79.6297 60
    endloop
  endfacet
  facet normal 0 0 1
    outer loop
      vertex 84.0451 76.2447 60
      vertex 82.9635 79.5734 60
      vertex 83.5396 76.1093 60
    endloop
  endfacet
  facet normal -0 0 1
    outer loop
      vertex 82.8119 79.5328 60
      vertex 83.5396 76.1093 60
      vertex 82.9635 79.5734 60
    endloop
  endfacet
  facet normal 0 0 1
    outer loop
      vertex 83.5396 76.1093 60
      vertex 82.8119 79.5328 60
      vertex 83.0226 76.0274 60
    endloop
  endfacet
  facet normal -0 0 1
    outer loop
      vertex 82.6568 79.5082 60
      vertex 83.0226 76.0274 60
      vertex 82.8119 79.5328 60
    endloop
  endfacet
  facet normal -0 0 1
    outer loop
      vertex 82.5 79.5 60
      vertex 83.0226 76.0274 60
      vertex 82.6568 79.5082 60
    endloop
  endfacet
  facet normal 0 0 1
    outer loop
      vertex 82.5 79.5 60
      vertex 82.5 76 60
      vertex 83.0226 76.0274 60
    endloop
  endfacet
  facet normal 0 0 1
    outer loop
      vertex 82.3432 79.5082 60
      vertex 82.5 76 60
      vertex 82.5 79.5 60
    endloop
  endfacet
  facet normal 0 0 1
    outer loop
      vertex 81.9774 76.0274 60
      vertex 82.3432 79.5082 60
      vertex 82.1881 79.5328 60
    endloop
  endfacet
  facet normal 0 0 1
    outer loop
      vertex 81.4604 76.1093 60
      vertex 82.1881 79.5328 60
      vertex 82.0365 79.5734 60
    endloop
  endfacet
  facet normal 0 0 1
    outer loop
      vertex 82.3432 79.5082 60
      vertex 81.9774 76.0274 60
      vertex 82.5 76 60
    endloop
  endfacet
  facet normal 0 0 1
    outer loop
      vertex 80.9549 76.2447 60
      vertex 82.0365 79.5734 60
      vertex 81.8899 79.6297 60
    endloop
  endfacet
  facet normal 0 0 1
    outer loop
      vertex 80.4663 76.4323 60
      vertex 81.8899 79.6297 60
      vertex 81.75 79.701 60
    endloop
  endfacet
  facet normal 0 0 1
    outer loop
      vertex 80.4663 76.4323 60
      vertex 81.75 79.701 60
      vertex 81.6183 79.7865 60
    endloop
  endfacet
  facet normal 0 0 1
    outer loop
      vertex 80.4663 76.4323 60
      vertex 81.6183 79.7865 60
      vertex 81.4963 79.8853 60
    endloop
  endfacet
  facet normal 0 0 1
    outer loop
      vertex 82.1881 79.5328 60
      vertex 81.4604 76.1093 60
      vertex 81.9774 76.0274 60
    endloop
  endfacet
  facet normal 0 0 1
    outer loop
      vertex 80.4663 76.4323 60
      vertex 81.4963 79.8853 60
      vertex 81.3853 79.9963 60
    endloop
  endfacet
  facet normal 0 0 1
    outer loop
      vertex 80.4663 76.4323 60
      vertex 81.3853 79.9963 60
      vertex 81.2865 80.1183 60
    endloop
  endfacet
  facet normal 0 0 1
    outer loop
      vertex 80.4663 76.4323 60
      vertex 81.2865 80.1183 60
      vertex 81.201 80.25 60
    endloop
  endfacet
  facet normal 0 0 1
    outer loop
      vertex 80.4663 76.4323 60
      vertex 81.201 80.25 60
      vertex 81.1297 80.3899 60
    endloop
  endfacet
  facet normal 0 0 1
    outer loop
      vertex 80.4663 76.4323 60
      vertex 81.1297 80.3899 60
      vertex 81.0734 80.5365 60
    endloop
  endfacet
  facet normal 0 0 1
    outer loop
      vertex 80.4663 76.4323 60
      vertex 81.0734 80.5365 60
      vertex 81.0328 80.6881 60
    endloop
  endfacet
  facet normal 0 0 1
    outer loop
      vertex 80.4663 76.4323 60
      vertex 81.0328 80.6881 60
      vertex 81.0082 80.8432 60
    endloop
  endfacet
  facet normal 0 0 1
    outer loop
      vertex 82.0365 79.5734 60
      vertex 80.9549 76.2447 60
      vertex 81.4604 76.1093 60
    endloop
  endfacet
  facet normal 0 0 1
    outer loop
      vertex 79.5611 76.9549 60
      vertex 81.0082 80.8432 60
      vertex 81 81 60
    endloop
  endfacet
  facet normal -0 0 1
    outer loop
      vertex 83.8703 -83.1101 60
      vertex 86.25 -84.5 60
      vertex 83.9266 -82.9635 60
    endloop
  endfacet
  facet normal -0 0 1
    outer loop
      vertex 83.799 -83.25 60
      vertex 86.25 -84.5 60
      vertex 83.8703 -83.1101 60
    endloop
  endfacet
  facet normal -0 0 1
    outer loop
      vertex 83.7135 -83.3817 60
      vertex 86.25 -84.5 60
      vertex 83.799 -83.25 60
    endloop
  endfacet
  facet normal -0 0 1
    outer loop
      vertex 83.6147 -83.5037 60
      vertex 86.25 -84.5 60
      vertex 83.7135 -83.3817 60
    endloop
  endfacet
  facet normal -0 0 1
    outer loop
      vertex 83.5037 -83.6147 60
      vertex 86.25 -84.5 60
      vertex 83.6147 -83.5037 60
    endloop
  endfacet
  facet normal -0 0 1
    outer loop
      vertex 83.3817 -83.7135 60
      vertex 86.25 -84.5 60
      vertex 83.5037 -83.6147 60
    endloop
  endfacet
  facet normal 0 0 1
    outer loop
      vertex 86.25 -84.5 60
      vertex 83.3817 -83.7135 60
      vertex 85 -86.8301 60
    endloop
  endfacet
  facet normal -0 0 1
    outer loop
      vertex 83.25 -83.799 60
      vertex 85 -86.8301 60
      vertex 83.3817 -83.7135 60
    endloop
  endfacet
  facet normal 0 0 1
    outer loop
      vertex 85 -86.8301 60
      vertex 83.25 -83.799 60
      vertex 84.5337 -87.0677 60
    endloop
  endfacet
  facet normal -0 0 1
    outer loop
      vertex 83.1101 -83.8703 60
      vertex 84.5337 -87.0677 60
      vertex 83.25 -83.799 60
    endloop
  endfacet
  facet normal 0 0 1
    outer loop
      vertex 84.5337 -87.0677 60
      vertex 83.1101 -83.8703 60
      vertex 84.0451 -87.2553 60
    endloop
  endfacet
  facet normal -0 0 1
    outer loop
      vertex 82.9635 -83.9266 60
      vertex 84.0451 -87.2553 60
      vertex 83.1101 -83.8703 60
    endloop
  endfacet
  facet normal 0 0 1
    outer loop
      vertex 84.0451 -87.2553 60
      vertex 82.9635 -83.9266 60
      vertex 83.5396 -87.3907 60
    endloop
  endfacet
  facet normal -0 0 1
    outer loop
      vertex 82.8119 -83.9672 60
      vertex 83.5396 -87.3907 60
      vertex 82.9635 -83.9266 60
    endloop
  endfacet
  facet normal 0 0 1
    outer loop
      vertex 83.5396 -87.3907 60
      vertex 82.8119 -83.9672 60
      vertex 83.0226 -87.4726 60
    endloop
  endfacet
  facet normal -0 0 1
    outer loop
      vertex 82.6568 -83.9918 60
      vertex 83.0226 -87.4726 60
      vertex 82.8119 -83.9672 60
    endloop
  endfacet
  facet normal -0 0 1
    outer loop
      vertex 82.5 -84 60
      vertex 83.0226 -87.4726 60
      vertex 82.6568 -83.9918 60
    endloop
  endfacet
  facet normal 0 0 1
    outer loop
      vertex 82.5 -84 60
      vertex 82.5 -87.5 60
      vertex 83.0226 -87.4726 60
    endloop
  endfacet
  facet normal 0 0 1
    outer loop
      vertex 82.3432 -83.9918 60
      vertex 82.5 -87.5 60
      vertex 82.5 -84 60
    endloop
  endfacet
  facet normal 0 0 1
    outer loop
      vertex 81.9774 -87.4726 60
      vertex 82.3432 -83.9918 60
      vertex 82.1881 -83.9672 60
    endloop
  endfacet
  facet normal 0 0 1
    outer loop
      vertex 81.4604 -87.3907 60
      vertex 82.1881 -83.9672 60
      vertex 82.0365 -83.9266 60
    endloop
  endfacet
  facet normal 0 0 1
    outer loop
      vertex 82.3432 -83.9918 60
      vertex 81.9774 -87.4726 60
      vertex 82.5 -87.5 60
    endloop
  endfacet
  facet normal 0 0 1
    outer loop
      vertex 80.9549 -87.2553 60
      vertex 82.0365 -83.9266 60
      vertex 81.8899 -83.8703 60
    endloop
  endfacet
  facet normal 0 0 1
    outer loop
      vertex 80.4663 -87.0677 60
      vertex 81.8899 -83.8703 60
      vertex 81.75 -83.799 60
    endloop
  endfacet
  facet normal 0 0 1
    outer loop
      vertex 80 -86.8301 60
      vertex 81.75 -83.799 60
      vertex 81.6183 -83.7135 60
    endloop
  endfacet
  facet normal 0 0 1
    outer loop
      vertex 79.5611 -86.5451 60
      vertex 81.6183 -83.7135 60
      vertex 81.4963 -83.6147 60
    endloop
  endfacet
  facet normal 0 0 1
    outer loop
      vertex 82.1881 -83.9672 60
      vertex 81.4604 -87.3907 60
      vertex 81.9774 -87.4726 60
    endloop
  endfacet
  facet normal 0 0 1
    outer loop
      vertex 79.1544 -86.2157 60
      vertex 81.4963 -83.6147 60
      vertex 81.3853 -83.5037 60
    endloop
  endfacet
  facet normal 0 0 1
    outer loop
      vertex 78.7843 -85.8456 60
      vertex 81.3853 -83.5037 60
      vertex 81.2865 -83.3817 60
    endloop
  endfacet
  facet normal 0 0 1
    outer loop
      vertex 78.4549 -85.4389 60
      vertex 81.2865 -83.3817 60
      vertex 81.201 -83.25 60
    endloop
  endfacet
  facet normal 0 0 1
    outer loop
      vertex 78.1699 -85 60
      vertex 81.201 -83.25 60
      vertex 81.1297 -83.1101 60
    endloop
  endfacet
  facet normal 0 0 1
    outer loop
      vertex 77.9323 -84.5337 60
      vertex 81.1297 -83.1101 60
      vertex 81.0734 -82.9635 60
    endloop
  endfacet
  facet normal 0 0 1
    outer loop
      vertex 77.7447 -84.0451 60
      vertex 81.0734 -82.9635 60
      vertex 81.0328 -82.8119 60
    endloop
  endfacet
  facet normal 0 0 1
    outer loop
      vertex 77.6093 -83.5396 60
      vertex 81.0328 -82.8119 60
      vertex 81.0082 -82.6568 60
    endloop
  endfacet
  facet normal 0 0 1
    outer loop
      vertex 82.0365 -83.9266 60
      vertex 80.9549 -87.2553 60
      vertex 81.4604 -87.3907 60
    endloop
  endfacet
  facet normal 0 0 1
    outer loop
      vertex 77.5274 -83.0226 60
      vertex 81.0082 -82.6568 60
      vertex 81 -82.5 60
    endloop
  endfacet
  facet normal 0 0 1
    outer loop
      vertex 81.2865 -81.6183 60
      vertex 78.4549 -79.5611 60
      vertex 81.201 -81.75 60
    endloop
  endfacet
  facet normal -0 0 1
    outer loop
      vertex 78.1699 -80 60
      vertex 81.201 -81.75 60
      vertex 78.4549 -79.5611 60
    endloop
  endfacet
  facet normal 0 0 1
    outer loop
      vertex 81.8899 -83.8703 60
      vertex 80.4663 -87.0677 60
      vertex 80.9549 -87.2553 60
    endloop
  endfacet
  facet normal 0 0 1
    outer loop
      vertex 81.201 -81.75 60
      vertex 78.1699 -80 60
      vertex 81.1297 -81.8899 60
    endloop
  endfacet
  facet normal 0 0 1
    outer loop
      vertex 81.75 -83.799 60
      vertex 80 -86.8301 60
      vertex 80.4663 -87.0677 60
    endloop
  endfacet
  facet normal -0 0 1
    outer loop
      vertex 77.9323 -80.4663 60
      vertex 81.1297 -81.8899 60
      vertex 78.1699 -80 60
    endloop
  endfacet
  facet normal 0 0 1
    outer loop
      vertex 81.6183 -83.7135 60
      vertex 79.5611 -86.5451 60
      vertex 80 -86.8301 60
    endloop
  endfacet
  facet normal 0 0 1
    outer loop
      vertex 81.1297 -81.8899 60
      vertex 77.9323 -80.4663 60
      vertex 81.0734 -82.0365 60
    endloop
  endfacet
  facet normal 0 0 1
    outer loop
      vertex 81.4963 -83.6147 60
      vertex 79.1544 -86.2157 60
      vertex 79.5611 -86.5451 60
    endloop
  endfacet
  facet normal -0 0 1
    outer loop
      vertex 77.7447 -80.9549 60
      vertex 81.0734 -82.0365 60
      vertex 77.9323 -80.4663 60
    endloop
  endfacet
  facet normal 0 0 1
    outer loop
      vertex 81.3853 -83.5037 60
      vertex 78.7843 -85.8456 60
      vertex 79.1544 -86.2157 60
    endloop
  endfacet
  facet normal 0 0 1
    outer loop
      vertex 81.0734 -82.0365 60
      vertex 77.7447 -80.9549 60
      vertex 81.0328 -82.1881 60
    endloop
  endfacet
  facet normal 0 0 1
    outer loop
      vertex 81.2865 -83.3817 60
      vertex 78.4549 -85.4389 60
      vertex 78.7843 -85.8456 60
    endloop
  endfacet
  facet normal -0 0 1
    outer loop
      vertex 77.6093 -81.4604 60
      vertex 81.0328 -82.1881 60
      vertex 77.7447 -80.9549 60
    endloop
  endfacet
  facet normal 0 0 1
    outer loop
      vertex 81.201 -83.25 60
      vertex 78.1699 -85 60
      vertex 78.4549 -85.4389 60
    endloop
  endfacet
  facet normal 0 0 1
    outer loop
      vertex 81.0328 -82.1881 60
      vertex 77.6093 -81.4604 60
      vertex 81.0082 -82.3432 60
    endloop
  endfacet
  facet normal 0 0 1
    outer loop
      vertex 81.1297 -83.1101 60
      vertex 77.9323 -84.5337 60
      vertex 78.1699 -85 60
    endloop
  endfacet
  facet normal -0 0 1
    outer loop
      vertex 77.5274 -81.9774 60
      vertex 81.0082 -82.3432 60
      vertex 77.6093 -81.4604 60
    endloop
  endfacet
  facet normal 0 0 1
    outer loop
      vertex 81.0734 -82.9635 60
      vertex 77.7447 -84.0451 60
      vertex 77.9323 -84.5337 60
    endloop
  endfacet
  facet normal 0 0 1
    outer loop
      vertex 81.0082 -82.3432 60
      vertex 77.5274 -81.9774 60
      vertex 81 -82.5 60
    endloop
  endfacet
  facet normal 0 0 1
    outer loop
      vertex 81.0328 -82.8119 60
      vertex 77.6093 -83.5396 60
      vertex 77.7447 -84.0451 60
    endloop
  endfacet
  facet normal 0 0 1
    outer loop
      vertex 77.5 -82.5 60
      vertex 81 -82.5 60
      vertex 77.5274 -81.9774 60
    endloop
  endfacet
  facet normal 0 0 1
    outer loop
      vertex 81.0082 -82.6568 60
      vertex 77.5274 -83.0226 60
      vertex 77.6093 -83.5396 60
    endloop
  endfacet
  facet normal 0 0 1
    outer loop
      vertex 81 -82.5 60
      vertex 77.5 -82.5 60
      vertex 77.5274 -83.0226 60
    endloop
  endfacet
  facet normal 1 -0 0
    outer loop
      vertex 87.5 -84.5 60
      vertex 87.5 87.5 0
      vertex 87.5 87.5 60
    endloop
  endfacet
  facet normal 1 0 0
    outer loop
      vertex 87.5 87.5 0
      vertex 87.5 -84.5 60
      vertex 87.5 -84.5 0
    endloop
  endfacet
  facet normal 0 0 -1
    outer loop
      vertex -87.5 -84.5 0
      vertex 87.5 87.5 0
      vertex 87.5 -84.5 0
    endloop
  endfacet
  facet normal -0 0 -1
    outer loop
      vertex 87.5 87.5 0
      vertex -87.5 -84.5 0
      vertex -87.5 87.5 0
    endloop
  endfacet
  facet normal 0 1 0
    outer loop
      vertex -87.5 87.5 60
      vertex -53.6341 87.5 10.4808
      vertex -54 87.5 10.5
    endloop
  endfacet
  facet normal 0 1 0
    outer loop
      vertex -87.5 87.5 60
      vertex -53.2723 87.5 10.4235
      vertex -53.6341 87.5 10.4808
    endloop
  endfacet
  facet normal -0 1 -0
    outer loop
      vertex -52.9184 87.5 10.3287
      vertex -87.5 87.5 60
      vertex -35 87.5 8
    endloop
  endfacet
  facet normal 0 1 0
    outer loop
      vertex -87.5 87.5 60
      vertex -52.9184 87.5 10.3287
      vertex -53.2723 87.5 10.4235
    endloop
  endfacet
  facet normal 0 1 0
    outer loop
      vertex -52.9184 87.5 10.3287
      vertex -35 87.5 8
      vertex -52.5764 87.5 10.1974
    endloop
  endfacet
  facet normal 0 1 -0
    outer loop
      vertex -45 87.5 8
      vertex -52.5764 87.5 10.1974
      vertex -35 87.5 8
    endloop
  endfacet
  facet normal 0 1 0
    outer loop
      vertex -52.5764 87.5 10.1974
      vertex -45 87.5 8
      vertex -52.25 87.5 10.0311
    endloop
  endfacet
  facet normal 0 1 0
    outer loop
      vertex -52.25 87.5 10.0311
      vertex -45 87.5 8
      vertex -51.9427 87.5 9.83156
    endloop
  endfacet
  facet normal 0 1 0
    outer loop
      vertex -51.9427 87.5 9.83156
      vertex -45 87.5 8
      vertex -51.658 87.5 9.60101
    endloop
  endfacet
  facet normal 0 1 0
    outer loop
      vertex -51.658 87.5 9.60101
      vertex -45 87.5 8
      vertex -51.399 87.5 9.34196
    endloop
  endfacet
  facet normal 0 1 0
    outer loop
      vertex -51.399 87.5 9.34196
      vertex -45 87.5 8
      vertex -51.1684 87.5 9.05725
    endloop
  endfacet
  facet normal 0 1 0
    outer loop
      vertex -51.1684 87.5 9.05725
      vertex -45 87.5 8
      vertex -50.9689 87.5 8.75
    endloop
  endfacet
  facet normal 0 1 0
    outer loop
      vertex -50.9689 87.5 8.75
      vertex -45 87.5 8
      vertex -50.8026 87.5 8.42358
    endloop
  endfacet
  facet normal 0 1 -0
    outer loop
      vertex 26 87.5 4.5
      vertex -35 87.5 8
      vertex 26 87.5 15.5
    endloop
  endfacet
  facet normal 0 1 0
    outer loop
      vertex -35 87.5 8
      vertex 26 87.5 4.5
      vertex -35 87.5 3.5
    endloop
  endfacet
  facet normal 0 1 0
    outer loop
      vertex 26 87.5 15.5
      vertex 87.5 87.5 60
      vertex 50 87.5 15.5
    endloop
  endfacet
  facet normal 0 1 -0
    outer loop
      vertex 87.5 87.5 0
      vertex 50 87.5 15.5
      vertex 87.5 87.5 60
    endloop
  endfacet
  facet normal 0 1 0
    outer loop
      vertex 87.5 87.5 0
      vertex 26 87.5 4.5
      vertex 50 87.5 4.5
    endloop
  endfacet
  facet normal 0 1 0
    outer loop
      vertex -87.5 87.5 0
      vertex -45 87.5 3.5
      vertex -35 87.5 3.5
    endloop
  endfacet
  facet normal 0 1 0
    outer loop
      vertex -87.5 87.5 0
      vertex -35 87.5 3.5
      vertex 87.5 87.5 0
    endloop
  endfacet
  facet normal 0 1 0
    outer loop
      vertex 26 87.5 4.5
      vertex 87.5 87.5 0
      vertex -35 87.5 3.5
    endloop
  endfacet
  facet normal 0 1 0
    outer loop
      vertex 50 87.5 15.5
      vertex 87.5 87.5 0
      vertex 50 87.5 4.5
    endloop
  endfacet
  facet normal 0 1 0
    outer loop
      vertex 87.5 87.5 60
      vertex 26 87.5 15.5
      vertex -87.5 87.5 60
    endloop
  endfacet
  facet normal 0 1 -0
    outer loop
      vertex -35 87.5 8
      vertex -87.5 87.5 60
      vertex 26 87.5 15.5
    endloop
  endfacet
  facet normal 0 1 -0
    outer loop
      vertex -54.3658 87.5 10.4808
      vertex -87.5 87.5 60
      vertex -54 87.5 10.5
    endloop
  endfacet
  facet normal 0 1 -0
    outer loop
      vertex -54.7277 87.5 10.4235
      vertex -87.5 87.5 60
      vertex -54.3658 87.5 10.4808
    endloop
  endfacet
  facet normal 0 1 -0
    outer loop
      vertex -55.0816 87.5 10.3287
      vertex -87.5 87.5 60
      vertex -54.7277 87.5 10.4235
    endloop
  endfacet
  facet normal 0 1 -0
    outer loop
      vertex -55.4236 87.5 10.1974
      vertex -87.5 87.5 60
      vertex -55.0816 87.5 10.3287
    endloop
  endfacet
  facet normal 0 1 -0
    outer loop
      vertex -55.75 87.5 10.0311
      vertex -87.5 87.5 60
      vertex -55.4236 87.5 10.1974
    endloop
  endfacet
  facet normal 0 1 -0
    outer loop
      vertex -56.0572 87.5 9.83156
      vertex -87.5 87.5 60
      vertex -55.75 87.5 10.0311
    endloop
  endfacet
  facet normal 0 1 -0
    outer loop
      vertex -56.342 87.5 9.60101
      vertex -87.5 87.5 60
      vertex -56.0572 87.5 9.83156
    endloop
  endfacet
  facet normal 0 1 -0
    outer loop
      vertex -56.601 87.5 9.34196
      vertex -87.5 87.5 60
      vertex -56.342 87.5 9.60101
    endloop
  endfacet
  facet normal 0 1 0
    outer loop
      vertex -87.5 87.5 0
      vertex -56.601 87.5 9.34196
      vertex -56.8316 87.5 9.05725
    endloop
  endfacet
  facet normal 0 1 0
    outer loop
      vertex -87.5 87.5 0
      vertex -56.8316 87.5 9.05725
      vertex -57.0311 87.5 8.75
    endloop
  endfacet
  facet normal 0 1 0
    outer loop
      vertex -87.5 87.5 0
      vertex -57.0311 87.5 8.75
      vertex -57.1974 87.5 8.42358
    endloop
  endfacet
  facet normal 0 1 0
    outer loop
      vertex -87.5 87.5 0
      vertex -57.1974 87.5 8.42358
      vertex -57.3287 87.5 8.08156
    endloop
  endfacet
  facet normal 0 1 0
    outer loop
      vertex -87.5 87.5 0
      vertex -57.3287 87.5 8.08156
      vertex -57.4235 87.5 7.72769
    endloop
  endfacet
  facet normal 0 1 0
    outer loop
      vertex -87.5 87.5 0
      vertex -57.4235 87.5 7.72769
      vertex -57.4808 87.5 7.36585
    endloop
  endfacet
  facet normal 0 1 0
    outer loop
      vertex -87.5 87.5 0
      vertex -57.4808 87.5 7.36585
      vertex -57.5 87.5 7
    endloop
  endfacet
  facet normal 0 1 0
    outer loop
      vertex -87.5 87.5 0
      vertex -57.5 87.5 7
      vertex -57.4808 87.5 6.63415
    endloop
  endfacet
  facet normal 0 1 0
    outer loop
      vertex -87.5 87.5 0
      vertex -57.4808 87.5 6.63415
      vertex -57.4235 87.5 6.27231
    endloop
  endfacet
  facet normal 0 1 0
    outer loop
      vertex -87.5 87.5 0
      vertex -57.4235 87.5 6.27231
      vertex -57.3287 87.5 5.91844
    endloop
  endfacet
  facet normal 0 1 0
    outer loop
      vertex -87.5 87.5 0
      vertex -57.3287 87.5 5.91844
      vertex -57.1974 87.5 5.57642
    endloop
  endfacet
  facet normal 0 1 0
    outer loop
      vertex -87.5 87.5 0
      vertex -57.1974 87.5 5.57642
      vertex -57.0311 87.5 5.25
    endloop
  endfacet
  facet normal 0 1 0
    outer loop
      vertex -56.601 87.5 9.34196
      vertex -87.5 87.5 0
      vertex -87.5 87.5 60
    endloop
  endfacet
  facet normal 0 1 0
    outer loop
      vertex -56.8316 87.5 4.94275
      vertex -87.5 87.5 0
      vertex -57.0311 87.5 5.25
    endloop
  endfacet
  facet normal 0 1 0
    outer loop
      vertex -56.601 87.5 4.65804
      vertex -87.5 87.5 0
      vertex -56.8316 87.5 4.94275
    endloop
  endfacet
  facet normal 0 1 0
    outer loop
      vertex -56.342 87.5 4.39899
      vertex -87.5 87.5 0
      vertex -56.601 87.5 4.65804
    endloop
  endfacet
  facet normal 0 1 0
    outer loop
      vertex -56.0572 87.5 4.16844
      vertex -87.5 87.5 0
      vertex -56.342 87.5 4.39899
    endloop
  endfacet
  facet normal 0 1 0
    outer loop
      vertex -55.75 87.5 3.96891
      vertex -87.5 87.5 0
      vertex -56.0572 87.5 4.16844
    endloop
  endfacet
  facet normal 0 1 0
    outer loop
      vertex -55.4236 87.5 3.80259
      vertex -87.5 87.5 0
      vertex -55.75 87.5 3.96891
    endloop
  endfacet
  facet normal 0 1 0
    outer loop
      vertex -55.0816 87.5 3.6713
      vertex -87.5 87.5 0
      vertex -55.4236 87.5 3.80259
    endloop
  endfacet
  facet normal 0 1 0
    outer loop
      vertex -54.7277 87.5 3.57648
      vertex -87.5 87.5 0
      vertex -55.0816 87.5 3.6713
    endloop
  endfacet
  facet normal 0 1 0
    outer loop
      vertex -54.3658 87.5 3.51917
      vertex -87.5 87.5 0
      vertex -54.7277 87.5 3.57648
    endloop
  endfacet
  facet normal 0 1 0
    outer loop
      vertex -54 87.5 3.5
      vertex -87.5 87.5 0
      vertex -54.3658 87.5 3.51917
    endloop
  endfacet
  facet normal 0 1 0
    outer loop
      vertex -45 87.5 3.5
      vertex -87.5 87.5 0
      vertex -54 87.5 3.5
    endloop
  endfacet
  facet normal 0 1 0
    outer loop
      vertex -50.8026 87.5 8.42358
      vertex -45 87.5 8
      vertex -50.6713 87.5 8.08156
    endloop
  endfacet
  facet normal 0 1 0
    outer loop
      vertex -45 87.5 8
      vertex -50.5765 87.5 7.72769
      vertex -50.6713 87.5 8.08156
    endloop
  endfacet
  facet normal 0 1 0
    outer loop
      vertex -45 87.5 8
      vertex -50.5192 87.5 7.36585
      vertex -50.5765 87.5 7.72769
    endloop
  endfacet
  facet normal 0 1 0
    outer loop
      vertex -45 87.5 8
      vertex -50.5 87.5 7
      vertex -50.5192 87.5 7.36585
    endloop
  endfacet
  facet normal 0 1 0
    outer loop
      vertex -45 87.5 8
      vertex -50.5192 87.5 6.63415
      vertex -50.5 87.5 7
    endloop
  endfacet
  facet normal 0 1 0
    outer loop
      vertex -45 87.5 8
      vertex -50.5765 87.5 6.27231
      vertex -50.5192 87.5 6.63415
    endloop
  endfacet
  facet normal 0 1 -0
    outer loop
      vertex -45 87.5 3.5
      vertex -50.5765 87.5 6.27231
      vertex -45 87.5 8
    endloop
  endfacet
  facet normal 0 1 0
    outer loop
      vertex -50.5765 87.5 6.27231
      vertex -45 87.5 3.5
      vertex -50.6713 87.5 5.91844
    endloop
  endfacet
  facet normal 0 1 0
    outer loop
      vertex -50.6713 87.5 5.91844
      vertex -45 87.5 3.5
      vertex -50.8026 87.5 5.57642
    endloop
  endfacet
  facet normal 0 1 0
    outer loop
      vertex -50.8026 87.5 5.57642
      vertex -45 87.5 3.5
      vertex -50.9689 87.5 5.25
    endloop
  endfacet
  facet normal 0 1 0
    outer loop
      vertex -50.9689 87.5 5.25
      vertex -45 87.5 3.5
      vertex -51.1684 87.5 4.94275
    endloop
  endfacet
  facet normal 0 1 0
    outer loop
      vertex -51.1684 87.5 4.94275
      vertex -45 87.5 3.5
      vertex -51.399 87.5 4.65804
    endloop
  endfacet
  facet normal 0 1 0
    outer loop
      vertex -51.399 87.5 4.65804
      vertex -45 87.5 3.5
      vertex -51.658 87.5 4.39899
    endloop
  endfacet
  facet normal 0 1 0
    outer loop
      vertex -51.658 87.5 4.39899
      vertex -45 87.5 3.5
      vertex -51.9427 87.5 4.16844
    endloop
  endfacet
  facet normal 0 1 0
    outer loop
      vertex -51.9427 87.5 4.16844
      vertex -45 87.5 3.5
      vertex -52.25 87.5 3.96891
    endloop
  endfacet
  facet normal 0 1 0
    outer loop
      vertex -45 87.5 3.5
      vertex -52.5764 87.5 3.80259
      vertex -52.25 87.5 3.96891
    endloop
  endfacet
  facet normal 0 1 0
    outer loop
      vertex -45 87.5 3.5
      vertex -52.9184 87.5 3.6713
      vertex -52.5764 87.5 3.80259
    endloop
  endfacet
  facet normal 0 1 0
    outer loop
      vertex -45 87.5 3.5
      vertex -53.2723 87.5 3.57648
      vertex -52.9184 87.5 3.6713
    endloop
  endfacet
  facet normal 0 1 0
    outer loop
      vertex -45 87.5 3.5
      vertex -53.6341 87.5 3.51917
      vertex -53.2723 87.5 3.57648
    endloop
  endfacet
  facet normal 0 1 0
    outer loop
      vertex -53.6341 87.5 3.51917
      vertex -45 87.5 3.5
      vertex -54 87.5 3.5
    endloop
  endfacet
  facet normal 1 0 0
    outer loop
      vertex -85 -86.8301 60
      vertex -85 -87.5 60
      vertex -85 -86.8301 50
    endloop
  endfacet
  facet normal 1 0 0
    outer loop
      vertex -85 76.6699 60
      vertex -85 -78.1699 60
      vertex -85 76.6699 50
    endloop
  endfacet
  facet normal 1 -0 0
    outer loop
      vertex -85 76.6699 50
      vertex -85 85 2.45
      vertex -85 85 50
    endloop
  endfacet
  facet normal 1 0 0
    outer loop
      vertex -85 -78.1699 50
      vertex -85 76.6699 50
      vertex -85 -78.1699 60
    endloop
  endfacet
  facet normal 1 0 0
    outer loop
      vertex -85 76.6699 50
      vertex -85 -78.1699 50
      vertex -85 85 2.45
    endloop
  endfacet
  facet normal 1 0 0
    outer loop
      vertex -85 -87.5 2.45
      vertex -85 -78.1699 50
      vertex -85 -86.8301 50
    endloop
  endfacet
  facet normal 1 0 0
    outer loop
      vertex -85 -78.1699 50
      vertex -85 -87.5 2.45
      vertex -85 85 2.45
    endloop
  endfacet
  facet normal 1 0 0
    outer loop
      vertex -85 -87.5 2.45
      vertex -85 -86.8301 50
      vertex -85 -87.5 60
    endloop
  endfacet
  facet normal -1 0 0
    outer loop
      vertex 85 85 2.45
      vertex 85 76.6699 50
      vertex 85 85 50
    endloop
  endfacet
  facet normal -1 0 0
    outer loop
      vertex 85 76.6699 50
      vertex 85 -78.1699 50
      vertex 85 76.6699 60
    endloop
  endfacet
  facet normal -1 0 0
    outer loop
      vertex 85 85 2.45
      vertex 85 -78.1699 50
      vertex 85 76.6699 50
    endloop
  endfacet
  facet normal -1 0 0
    outer loop
      vertex 85 -87.5 2.45
      vertex 85 -78.1699 50
      vertex 85 85 2.45
    endloop
  endfacet
  facet normal -1 -0 0
    outer loop
      vertex 85 -78.1699 50
      vertex 85 -87.5 2.45
      vertex 85 -86.8301 50
    endloop
  endfacet
  facet normal -1 0 0
    outer loop
      vertex 85 -87.5 60
      vertex 85 -86.8301 50
      vertex 85 -87.5 2.45
    endloop
  endfacet
  facet normal -1 0 0
    outer loop
      vertex 85 -86.8301 50
      vertex 85 -87.5 60
      vertex 85 -86.8301 60
    endloop
  endfacet
  facet normal -1 -0 0
    outer loop
      vertex 85 76.6699 60
      vertex 85 -78.1699 50
      vertex 85 -78.1699 60
    endloop
  endfacet
  facet normal 0 0 1
    outer loop
      vertex -84 85 2.45
      vertex -85 85 2.45
      vertex -84 75 2.45
    endloop
  endfacet
  facet normal 0 0 1
    outer loop
      vertex 70 85 2.45
      vertex -70 85 2.45
      vertex 70 75 2.45
    endloop
  endfacet
  facet normal 0 0 1
    outer loop
      vertex 84 75 2.45
      vertex 85 85 2.45
      vertex 84 85 2.45
    endloop
  endfacet
  facet normal 0 0 1
    outer loop
      vertex 85 85 2.45
      vertex 84 75 2.45
      vertex 85 -87.5 2.45
    endloop
  endfacet
  facet normal -0 0 1
    outer loop
      vertex 70 75 2.45
      vertex 85 -87.5 2.45
      vertex 84 75 2.45
    endloop
  endfacet
  facet normal 0 0 1
    outer loop
      vertex -70 75 2.45
      vertex 70 75 2.45
      vertex -70 85 2.45
    endloop
  endfacet
  facet normal 0 0 1
    outer loop
      vertex 70 75 2.45
      vertex -70 75 2.45
      vertex 85 -87.5 2.45
    endloop
  endfacet
  facet normal 0 0 1
    outer loop
      vertex -85 -87.5 2.45
      vertex -70 75 2.45
      vertex -84 75 2.45
    endloop
  endfacet
  facet normal 0 0 1
    outer loop
      vertex -70 75 2.45
      vertex -85 -87.5 2.45
      vertex 85 -87.5 2.45
    endloop
  endfacet
  facet normal 0 0 1
    outer loop
      vertex -85 -87.5 2.45
      vertex -84 75 2.45
      vertex -85 85 2.45
    endloop
  endfacet
  facet normal 0 -1 0
    outer loop
      vertex -35 85 3.5
      vertex -1 85 7.5
      vertex -35 85 8
    endloop
  endfacet
  facet normal 0 -1 -0
    outer loop
      vertex -1 85 7.5
      vertex -35 85 3.5
      vertex -1 85 2.5
    endloop
  endfacet
  facet normal 0 -1 0
    outer loop
      vertex -50.5765 85 7.72769
      vertex -45 85 8
      vertex -50.6713 85 8.08156
    endloop
  endfacet
  facet normal 0 -1 0
    outer loop
      vertex -50.5192 85 7.36585
      vertex -45 85 8
      vertex -50.5765 85 7.72769
    endloop
  endfacet
  facet normal 0 -1 0
    outer loop
      vertex -50.5 85 7
      vertex -45 85 8
      vertex -50.5192 85 7.36585
    endloop
  endfacet
  facet normal 0 -1 0
    outer loop
      vertex -50.5192 85 6.63415
      vertex -45 85 8
      vertex -50.5 85 7
    endloop
  endfacet
  facet normal 0 -1 0
    outer loop
      vertex -50.5765 85 6.27231
      vertex -45 85 8
      vertex -50.5192 85 6.63415
    endloop
  endfacet
  facet normal 0 -1 0
    outer loop
      vertex -45 85 3.5
      vertex -50.5765 85 6.27231
      vertex -50.6713 85 5.91844
    endloop
  endfacet
  facet normal 0 -1 0
    outer loop
      vertex -45 85 3.5
      vertex -50.6713 85 5.91844
      vertex -50.8026 85 5.57642
    endloop
  endfacet
  facet normal 0 -1 0
    outer loop
      vertex -45 85 3.5
      vertex -50.8026 85 5.57642
      vertex -50.9689 85 5.25
    endloop
  endfacet
  facet normal 0 -1 0
    outer loop
      vertex -45 85 3.5
      vertex -50.9689 85 5.25
      vertex -51.1684 85 4.94275
    endloop
  endfacet
  facet normal 0 -1 0
    outer loop
      vertex -45 85 3.5
      vertex -51.1684 85 4.94275
      vertex -51.399 85 4.65804
    endloop
  endfacet
  facet normal 0 -1 0
    outer loop
      vertex -45 85 3.5
      vertex -51.399 85 4.65804
      vertex -51.658 85 4.39899
    endloop
  endfacet
  facet normal 0 -1 0
    outer loop
      vertex -45 85 3.5
      vertex -51.658 85 4.39899
      vertex -51.9427 85 4.16844
    endloop
  endfacet
  facet normal 0 -1 0
    outer loop
      vertex -45 85 3.5
      vertex -51.9427 85 4.16844
      vertex -52.25 85 3.96891
    endloop
  endfacet
  facet normal 0 -1 0
    outer loop
      vertex -50.5765 85 6.27231
      vertex -45 85 3.5
      vertex -45 85 8
    endloop
  endfacet
  facet normal 0 -1 0
    outer loop
      vertex -52.5764 85 3.80259
      vertex -45 85 3.5
      vertex -52.25 85 3.96891
    endloop
  endfacet
  facet normal 0 -1 0
    outer loop
      vertex -52.9184 85 3.6713
      vertex -45 85 3.5
      vertex -52.5764 85 3.80259
    endloop
  endfacet
  facet normal 0 -1 0
    outer loop
      vertex -53.2723 85 3.57648
      vertex -45 85 3.5
      vertex -52.9184 85 3.6713
    endloop
  endfacet
  facet normal 0 -1 0
    outer loop
      vertex -53.6341 85 3.51917
      vertex -45 85 3.5
      vertex -53.2723 85 3.57648
    endloop
  endfacet
  facet normal 0 -1 0
    outer loop
      vertex -45 85 3.5
      vertex -53.6341 85 3.51917
      vertex -54 85 3.5
    endloop
  endfacet
  facet normal 0 -1 0
    outer loop
      vertex 71.9 85 20.5
      vertex 82.1 85 31
      vertex 71.9 85 31
    endloop
  endfacet
  facet normal 0 -1 -0
    outer loop
      vertex 82.1 85 31
      vertex 71.9 85 20.5
      vertex 82.1 85 20.5
    endloop
  endfacet
  facet normal 0 -1 -0
    outer loop
      vertex 79.5054 85 60
      vertex 70 85 31
      vertex 79.5054 85 50
    endloop
  endfacet
  facet normal 0 -1 0
    outer loop
      vertex -53.6341 85 10.4808
      vertex -70 85 31
      vertex -54 85 10.5
    endloop
  endfacet
  facet normal 0 -1 0
    outer loop
      vertex -70 85 31
      vertex -54.3658 85 10.4808
      vertex -54 85 10.5
    endloop
  endfacet
  facet normal 0 -1 0
    outer loop
      vertex -70 85 31
      vertex -54.7277 85 10.4235
      vertex -54.3658 85 10.4808
    endloop
  endfacet
  facet normal 0 -1 0
    outer loop
      vertex -70 85 31
      vertex -55.0816 85 10.3287
      vertex -54.7277 85 10.4235
    endloop
  endfacet
  facet normal 0 -1 0
    outer loop
      vertex -70 85 31
      vertex -55.4236 85 10.1974
      vertex -55.0816 85 10.3287
    endloop
  endfacet
  facet normal 0 -1 0
    outer loop
      vertex -70 85 31
      vertex -55.75 85 10.0311
      vertex -55.4236 85 10.1974
    endloop
  endfacet
  facet normal 0 -1 0
    outer loop
      vertex -70 85 31
      vertex -56.0572 85 9.83156
      vertex -55.75 85 10.0311
    endloop
  endfacet
  facet normal 0 -1 0
    outer loop
      vertex -70 85 31
      vertex -56.342 85 9.60101
      vertex -56.0572 85 9.83156
    endloop
  endfacet
  facet normal 0 -1 0
    outer loop
      vertex -70 85 31
      vertex -56.601 85 9.34196
      vertex -56.342 85 9.60101
    endloop
  endfacet
  facet normal 0 -1 0
    outer loop
      vertex -70 85 31
      vertex -56.8316 85 9.05725
      vertex -56.601 85 9.34196
    endloop
  endfacet
  facet normal 0 -1 0
    outer loop
      vertex -70 85 31
      vertex -57.0311 85 8.75
      vertex -56.8316 85 9.05725
    endloop
  endfacet
  facet normal 0 -1 0
    outer loop
      vertex -70 85 2.45
      vertex -57.0311 85 8.75
      vertex -70 85 31
    endloop
  endfacet
  facet normal 0 -1 0
    outer loop
      vertex -57.0311 85 8.75
      vertex -70 85 2.45
      vertex -57.1974 85 8.42358
    endloop
  endfacet
  facet normal 0 -1 0
    outer loop
      vertex -57.1974 85 8.42358
      vertex -70 85 2.45
      vertex -57.3287 85 8.08156
    endloop
  endfacet
  facet normal 0 -1 0
    outer loop
      vertex -57.3287 85 8.08156
      vertex -70 85 2.45
      vertex -57.4235 85 7.72769
    endloop
  endfacet
  facet normal 0 -1 0
    outer loop
      vertex -57.4235 85 7.72769
      vertex -70 85 2.45
      vertex -57.4808 85 7.36585
    endloop
  endfacet
  facet normal 0 -1 0
    outer loop
      vertex -57.4808 85 7.36585
      vertex -70 85 2.45
      vertex -57.5 85 7
    endloop
  endfacet
  facet normal 0 -1 -0
    outer loop
      vertex -57.5 85 7
      vertex -70 85 2.45
      vertex -57.4808 85 6.63415
    endloop
  endfacet
  facet normal 0 -1 -0
    outer loop
      vertex -57.4808 85 6.63415
      vertex -70 85 2.45
      vertex -57.4235 85 6.27231
    endloop
  endfacet
  facet normal 0 -1 -0
    outer loop
      vertex -57.4235 85 6.27231
      vertex -70 85 2.45
      vertex -57.3287 85 5.91844
    endloop
  endfacet
  facet normal 0 -1 0
    outer loop
      vertex -70 85 2.45
      vertex -45 85 3.5
      vertex -54 85 3.5
    endloop
  endfacet
  facet normal 0 -1 -0
    outer loop
      vertex -45 85 3.5
      vertex -70 85 2.45
      vertex -35 85 3.5
    endloop
  endfacet
  facet normal 0 -1 -0
    outer loop
      vertex -1 85 2.5
      vertex -70 85 2.45
      vertex 1 85 2.5
    endloop
  endfacet
  facet normal 0 -1 -0
    outer loop
      vertex -35 85 3.5
      vertex -70 85 2.45
      vertex -1 85 2.5
    endloop
  endfacet
  facet normal 0 -1 -0
    outer loop
      vertex -54.3658 85 3.51917
      vertex -70 85 2.45
      vertex -54 85 3.5
    endloop
  endfacet
  facet normal 0 -1 -0
    outer loop
      vertex -54.7277 85 3.57648
      vertex -70 85 2.45
      vertex -54.3658 85 3.51917
    endloop
  endfacet
  facet normal 0 -1 -0
    outer loop
      vertex -55.0816 85 3.6713
      vertex -70 85 2.45
      vertex -54.7277 85 3.57648
    endloop
  endfacet
  facet normal 0 -1 -0
    outer loop
      vertex -55.4236 85 3.80259
      vertex -70 85 2.45
      vertex -55.0816 85 3.6713
    endloop
  endfacet
  facet normal 0 -1 -0
    outer loop
      vertex -55.75 85 3.96891
      vertex -70 85 2.45
      vertex -55.4236 85 3.80259
    endloop
  endfacet
  facet normal 0 -1 -0
    outer loop
      vertex -56.0572 85 4.16844
      vertex -70 85 2.45
      vertex -55.75 85 3.96891
    endloop
  endfacet
  facet normal 0 -1 -0
    outer loop
      vertex -56.342 85 4.39899
      vertex -70 85 2.45
      vertex -56.0572 85 4.16844
    endloop
  endfacet
  facet normal 0 -1 -0
    outer loop
      vertex -56.601 85 4.65804
      vertex -70 85 2.45
      vertex -56.342 85 4.39899
    endloop
  endfacet
  facet normal 0 -1 -0
    outer loop
      vertex -56.8316 85 4.94275
      vertex -70 85 2.45
      vertex -56.601 85 4.65804
    endloop
  endfacet
  facet normal 0 -1 -0
    outer loop
      vertex -57.0311 85 5.25
      vertex -70 85 2.45
      vertex -56.8316 85 4.94275
    endloop
  endfacet
  facet normal 0 -1 -0
    outer loop
      vertex -57.1974 85 5.57642
      vertex -70 85 2.45
      vertex -57.0311 85 5.25
    endloop
  endfacet
  facet normal 0 -1 -0
    outer loop
      vertex -57.3287 85 5.91844
      vertex -70 85 2.45
      vertex -57.1974 85 5.57642
    endloop
  endfacet
  facet normal 0 -1 0
    outer loop
      vertex -82.1 85 20.5
      vertex -71.9 85 31
      vertex -82.1 85 31
    endloop
  endfacet
  facet normal 0 -1 -0
    outer loop
      vertex -71.9 85 31
      vertex -82.1 85 20.5
      vertex -71.9 85 20.5
    endloop
  endfacet
  facet normal 0 -1 0
    outer loop
      vertex -82.1 85 31
      vertex -79.5054 85 50
      vertex -85 85 50
    endloop
  endfacet
  facet normal 0 -1 0
    outer loop
      vertex -35 85 8
      vertex -79.5054 85 50
      vertex -70 85 31
    endloop
  endfacet
  facet normal 0 -1 0
    outer loop
      vertex -82.1 85 31
      vertex -85 85 50
      vertex -84 85 31
    endloop
  endfacet
  facet normal 0 -1 0
    outer loop
      vertex -85 85 2.45
      vertex -84 85 31
      vertex -85 85 50
    endloop
  endfacet
  facet normal 0 -1 -0
    outer loop
      vertex -84 85 31
      vertex -85 85 2.45
      vertex -84 85 2.45
    endloop
  endfacet
  facet normal 0 -1 0
    outer loop
      vertex 26 85 15.5
      vertex -79.5054 85 60
      vertex -79.5054 85 50
    endloop
  endfacet
  facet normal 0 -1 0
    outer loop
      vertex -79.5054 85 60
      vertex 26 85 15.5
      vertex 79.5054 85 60
    endloop
  endfacet
  facet normal 0 -1 -0
    outer loop
      vertex -79.5054 85 50
      vertex -82.1 85 31
      vertex -71.9 85 31
    endloop
  endfacet
  facet normal 0 -1 0
    outer loop
      vertex -79.5054 85 50
      vertex -71.9 85 31
      vertex -70 85 31
    endloop
  endfacet
  facet normal -0 -1 0
    outer loop
      vertex 70 85 31
      vertex 79.5054 85 60
      vertex 26 85 15.5
    endloop
  endfacet
  facet normal 0 -1 0
    outer loop
      vertex 71.9 85 31
      vertex 79.5054 85 50
      vertex 70 85 31
    endloop
  endfacet
  facet normal 0 -1 0
    outer loop
      vertex 82.1 85 31
      vertex 79.5054 85 50
      vertex 71.9 85 31
    endloop
  endfacet
  facet normal 0 -1 0
    outer loop
      vertex 79.5054 85 50
      vertex 82.1 85 31
      vertex 85 85 50
    endloop
  endfacet
  facet normal 0 -1 0
    outer loop
      vertex 84 85 31
      vertex 85 85 50
      vertex 82.1 85 31
    endloop
  endfacet
  facet normal 0 -1 0
    outer loop
      vertex 85 85 2.45
      vertex 84 85 31
      vertex 84 85 2.45
    endloop
  endfacet
  facet normal 0 -1 0
    outer loop
      vertex 84 85 31
      vertex 85 85 2.45
      vertex 85 85 50
    endloop
  endfacet
  facet normal 0 -1 0
    outer loop
      vertex 50 85 15.5
      vertex 70 85 31
      vertex 26 85 15.5
    endloop
  endfacet
  facet normal 0 -1 0
    outer loop
      vertex 70 85 2.45
      vertex 50 85 15.5
      vertex 50 85 4.5
    endloop
  endfacet
  facet normal 0 -1 0
    outer loop
      vertex 50 85 15.5
      vertex 70 85 2.45
      vertex 70 85 31
    endloop
  endfacet
  facet normal 0 -1 0
    outer loop
      vertex 26 85 4.5
      vertex 70 85 2.45
      vertex 50 85 4.5
    endloop
  endfacet
  facet normal 0 -1 0
    outer loop
      vertex 70 85 2.45
      vertex 1 85 2.5
      vertex -70 85 2.45
    endloop
  endfacet
  facet normal 0 -1 0
    outer loop
      vertex -53.2723 85 10.4235
      vertex -70 85 31
      vertex -53.6341 85 10.4808
    endloop
  endfacet
  facet normal 0 -1 0
    outer loop
      vertex -52.9184 85 10.3287
      vertex -70 85 31
      vertex -53.2723 85 10.4235
    endloop
  endfacet
  facet normal 0 -1 0
    outer loop
      vertex -52.5764 85 10.1974
      vertex -70 85 31
      vertex -52.9184 85 10.3287
    endloop
  endfacet
  facet normal 0 -1 0
    outer loop
      vertex -70 85 31
      vertex -52.5764 85 10.1974
      vertex -35 85 8
    endloop
  endfacet
  facet normal 0 -1 0
    outer loop
      vertex -45 85 8
      vertex -52.5764 85 10.1974
      vertex -52.25 85 10.0311
    endloop
  endfacet
  facet normal 0 -1 0
    outer loop
      vertex -45 85 8
      vertex -52.25 85 10.0311
      vertex -51.9427 85 9.83156
    endloop
  endfacet
  facet normal 0 -1 0
    outer loop
      vertex -45 85 8
      vertex -51.9427 85 9.83156
      vertex -51.658 85 9.60101
    endloop
  endfacet
  facet normal 0 -1 0
    outer loop
      vertex -45 85 8
      vertex -51.658 85 9.60101
      vertex -51.399 85 9.34196
    endloop
  endfacet
  facet normal 0 -1 0
    outer loop
      vertex -45 85 8
      vertex -51.399 85 9.34196
      vertex -51.1684 85 9.05725
    endloop
  endfacet
  facet normal 0 -1 0
    outer loop
      vertex -45 85 8
      vertex -51.1684 85 9.05725
      vertex -50.9689 85 8.75
    endloop
  endfacet
  facet normal 0 -1 0
    outer loop
      vertex -45 85 8
      vertex -50.9689 85 8.75
      vertex -50.8026 85 8.42358
    endloop
  endfacet
  facet normal 0 -1 0
    outer loop
      vertex -45 85 8
      vertex -50.8026 85 8.42358
      vertex -50.6713 85 8.08156
    endloop
  endfacet
  facet normal 0 -1 0
    outer loop
      vertex -52.5764 85 10.1974
      vertex -45 85 8
      vertex -35 85 8
    endloop
  endfacet
  facet normal 0 -1 0
    outer loop
      vertex -79.5054 85 50
      vertex -35 85 8
      vertex -1 85 7.5
    endloop
  endfacet
  facet normal 0 -1 0
    outer loop
      vertex -79.5054 85 50
      vertex -1 85 7.5
      vertex 26 85 15.5
    endloop
  endfacet
  facet normal 0 -1 0
    outer loop
      vertex 1 85 7.5
      vertex 26 85 15.5
      vertex -1 85 7.5
    endloop
  endfacet
  facet normal 0 -1 0
    outer loop
      vertex 1 85 7.5
      vertex 26 85 4.5
      vertex 26 85 15.5
    endloop
  endfacet
  facet normal 0 -1 0
    outer loop
      vertex 70 85 2.45
      vertex 26 85 4.5
      vertex 1 85 2.5
    endloop
  endfacet
  facet normal 0 -1 0
    outer loop
      vertex 1 85 2.5
      vertex 26 85 4.5
      vertex 1 85 7.5
    endloop
  endfacet
  facet normal 0.965949 0.258733 0
    outer loop
      vertex -77.6093 -81.4604 60
      vertex -77.7447 -80.9549 50
      vertex -77.7447 -80.9549 60
    endloop
  endfacet
  facet normal 0.965949 0.258733 0
    outer loop
      vertex -77.7447 -80.9549 50
      vertex -77.6093 -81.4604 60
      vertex -77.6093 -81.4604 50
    endloop
  endfacet
  facet normal 0.998628 0.0523582 0
    outer loop
      vertex -77.5 -82.5 60
      vertex -77.5274 -81.9774 50
      vertex -77.5274 -81.9774 60
    endloop
  endfacet
  facet normal 0.998628 0.0523582 0
    outer loop
      vertex -77.5274 -81.9774 50
      vertex -77.5 -82.5 60
      vertex -77.5 -82.5 50
    endloop
  endfacet
  facet normal 0.0523582 0.998628 -0
    outer loop
      vertex -81.9774 -77.5274 50
      vertex -82.5 -77.5 60
      vertex -81.9774 -77.5274 60
    endloop
  endfacet
  facet normal 0.0523582 0.998628 0
    outer loop
      vertex -82.5 -77.5 60
      vertex -81.9774 -77.5274 50
      vertex -82.5 -77.5 50
    endloop
  endfacet
  facet normal 0.707107 0.707107 0
    outer loop
      vertex -78.7843 -79.1544 60
      vertex -79.1544 -78.7843 50
      vertex -79.1544 -78.7843 60
    endloop
  endfacet
  facet normal 0.707107 0.707107 0
    outer loop
      vertex -79.1544 -78.7843 50
      vertex -78.7843 -79.1544 60
      vertex -78.7843 -79.1544 50
    endloop
  endfacet
  facet normal -0.258733 0.965949 0
    outer loop
      vertex -83.5396 -77.6093 50
      vertex -84.0451 -77.7447 60
      vertex -83.5396 -77.6093 60
    endloop
  endfacet
  facet normal -0.258733 0.965949 0
    outer loop
      vertex -84.0451 -77.7447 60
      vertex -83.5396 -77.6093 50
      vertex -84.0451 -77.7447 50
    endloop
  endfacet
  facet normal 0.933552 0.358441 0
    outer loop
      vertex -77.7447 -80.9549 60
      vertex -77.9323 -80.4663 50
      vertex -77.9323 -80.4663 60
    endloop
  endfacet
  facet normal 0.933552 0.358441 0
    outer loop
      vertex -77.9323 -80.4663 50
      vertex -77.7447 -80.9549 60
      vertex -77.7447 -80.9549 50
    endloop
  endfacet
  facet normal 0.358441 0.933552 -0
    outer loop
      vertex -80.4663 -77.9323 50
      vertex -80.9549 -77.7447 60
      vertex -80.4663 -77.9323 60
    endloop
  endfacet
  facet normal 0.358441 0.933552 0
    outer loop
      vertex -80.9549 -77.7447 60
      vertex -80.4663 -77.9323 50
      vertex -80.9549 -77.7447 50
    endloop
  endfacet
  facet normal 0.258733 0.965949 -0
    outer loop
      vertex -80.9549 -77.7447 50
      vertex -81.4604 -77.6093 60
      vertex -80.9549 -77.7447 60
    endloop
  endfacet
  facet normal 0.258733 0.965949 0
    outer loop
      vertex -81.4604 -77.6093 60
      vertex -80.9549 -77.7447 50
      vertex -81.4604 -77.6093 50
    endloop
  endfacet
  facet normal -0.0523582 0.998628 0
    outer loop
      vertex -82.5 -77.5 50
      vertex -83.0226 -77.5274 60
      vertex -82.5 -77.5 60
    endloop
  endfacet
  facet normal -0.0523582 0.998628 0
    outer loop
      vertex -83.0226 -77.5274 60
      vertex -82.5 -77.5 50
      vertex -83.0226 -77.5274 50
    endloop
  endfacet
  facet normal 0.891 -0.454003 0
    outer loop
      vertex -78.1699 -85 60
      vertex -77.9323 -84.5337 50
      vertex -77.9323 -84.5337 60
    endloop
  endfacet
  facet normal 0.891 -0.454003 0
    outer loop
      vertex -77.9323 -84.5337 50
      vertex -78.1699 -85 60
      vertex -78.1699 -85 50
    endloop
  endfacet
  facet normal 0.258733 -0.965949 0
    outer loop
      vertex -81.4604 -87.3907 50
      vertex -80.9549 -87.2553 60
      vertex -81.4604 -87.3907 60
    endloop
  endfacet
  facet normal 0.258733 -0.965949 0
    outer loop
      vertex -80.9549 -87.2553 60
      vertex -81.4604 -87.3907 50
      vertex -80.9549 -87.2553 50
    endloop
  endfacet
  facet normal 0.707107 -0.707107 0
    outer loop
      vertex -79.1544 -86.2157 60
      vertex -78.7843 -85.8456 50
      vertex -78.7843 -85.8456 60
    endloop
  endfacet
  facet normal 0.707107 -0.707107 0
    outer loop
      vertex -78.7843 -85.8456 50
      vertex -79.1544 -86.2157 60
      vertex -79.1544 -86.2157 50
    endloop
  endfacet
  facet normal 0.965949 -0.258733 0
    outer loop
      vertex -77.7447 -84.0451 60
      vertex -77.6093 -83.5396 50
      vertex -77.6093 -83.5396 60
    endloop
  endfacet
  facet normal 0.965949 -0.258733 0
    outer loop
      vertex -77.6093 -83.5396 50
      vertex -77.7447 -84.0451 60
      vertex -77.7447 -84.0451 50
    endloop
  endfacet
  facet normal -0.358441 -0.933552 0
    outer loop
      vertex -84.5337 -87.0677 50
      vertex -84.0451 -87.2553 60
      vertex -84.5337 -87.0677 60
    endloop
  endfacet
  facet normal -0.358441 -0.933552 -0
    outer loop
      vertex -84.0451 -87.2553 60
      vertex -84.5337 -87.0677 50
      vertex -84.0451 -87.2553 50
    endloop
  endfacet
  facet normal 0.987684 0.156463 0
    outer loop
      vertex -77.5274 -81.9774 60
      vertex -77.6093 -81.4604 50
      vertex -77.6093 -81.4604 60
    endloop
  endfacet
  facet normal 0.987684 0.156463 0
    outer loop
      vertex -77.6093 -81.4604 50
      vertex -77.5274 -81.9774 60
      vertex -77.5274 -81.9774 50
    endloop
  endfacet
  facet normal 0.891 0.454003 0
    outer loop
      vertex -77.9323 -80.4663 60
      vertex -78.1699 -80 50
      vertex -78.1699 -80 60
    endloop
  endfacet
  facet normal 0.891 0.454003 0
    outer loop
      vertex -78.1699 -80 50
      vertex -77.9323 -80.4663 60
      vertex -77.9323 -80.4663 50
    endloop
  endfacet
  facet normal 0.838692 0.544605 0
    outer loop
      vertex -78.1699 -80 60
      vertex -78.4549 -79.5611 50
      vertex -78.4549 -79.5611 60
    endloop
  endfacet
  facet normal 0.838692 0.544605 0
    outer loop
      vertex -78.4549 -79.5611 50
      vertex -78.1699 -80 60
      vertex -78.1699 -80 50
    endloop
  endfacet
  facet normal 0.777089 0.629391 0
    outer loop
      vertex -78.4549 -79.5611 60
      vertex -78.7843 -79.1544 50
      vertex -78.7843 -79.1544 60
    endloop
  endfacet
  facet normal 0.777089 0.629391 0
    outer loop
      vertex -78.7843 -79.1544 50
      vertex -78.4549 -79.5611 60
      vertex -78.4549 -79.5611 50
    endloop
  endfacet
  facet normal 0.629391 0.777089 -0
    outer loop
      vertex -79.1544 -78.7843 50
      vertex -79.5611 -78.4549 60
      vertex -79.1544 -78.7843 60
    endloop
  endfacet
  facet normal 0.629391 0.777089 0
    outer loop
      vertex -79.5611 -78.4549 60
      vertex -79.1544 -78.7843 50
      vertex -79.5611 -78.4549 50
    endloop
  endfacet
  facet normal 0.454003 0.891 -0
    outer loop
      vertex -80 -78.1699 50
      vertex -80.4663 -77.9323 60
      vertex -80 -78.1699 60
    endloop
  endfacet
  facet normal 0.454003 0.891 0
    outer loop
      vertex -80.4663 -77.9323 60
      vertex -80 -78.1699 50
      vertex -80.4663 -77.9323 50
    endloop
  endfacet
  facet normal 0.544605 0.838692 -0
    outer loop
      vertex -79.5611 -78.4549 50
      vertex -80 -78.1699 60
      vertex -79.5611 -78.4549 60
    endloop
  endfacet
  facet normal 0.544605 0.838692 0
    outer loop
      vertex -80 -78.1699 60
      vertex -79.5611 -78.4549 50
      vertex -80 -78.1699 50
    endloop
  endfacet
  facet normal -0.454003 0.891 0
    outer loop
      vertex -84.5337 -77.9323 50
      vertex -85 -78.1699 60
      vertex -84.5337 -77.9323 60
    endloop
  endfacet
  facet normal -0.454003 0.891 0
    outer loop
      vertex -85 -78.1699 60
      vertex -84.5337 -77.9323 50
      vertex -85 -78.1699 50
    endloop
  endfacet
  facet normal -0.156463 0.987684 0
    outer loop
      vertex -83.0226 -77.5274 50
      vertex -83.5396 -77.6093 60
      vertex -83.0226 -77.5274 60
    endloop
  endfacet
  facet normal -0.156463 0.987684 0
    outer loop
      vertex -83.5396 -77.6093 60
      vertex -83.0226 -77.5274 50
      vertex -83.5396 -77.6093 50
    endloop
  endfacet
  facet normal 0.0523582 -0.998628 0
    outer loop
      vertex -82.5 -87.5 50
      vertex -81.9774 -87.4726 60
      vertex -82.5 -87.5 60
    endloop
  endfacet
  facet normal 0.0523582 -0.998628 0
    outer loop
      vertex -81.9774 -87.4726 60
      vertex -82.5 -87.5 50
      vertex -81.9774 -87.4726 50
    endloop
  endfacet
  facet normal 0.156463 -0.987684 0
    outer loop
      vertex -81.9774 -87.4726 50
      vertex -81.4604 -87.3907 60
      vertex -81.9774 -87.4726 60
    endloop
  endfacet
  facet normal 0.156463 -0.987684 0
    outer loop
      vertex -81.4604 -87.3907 60
      vertex -81.9774 -87.4726 50
      vertex -81.4604 -87.3907 50
    endloop
  endfacet
  facet normal 0.454003 -0.891 0
    outer loop
      vertex -80.4663 -87.0677 50
      vertex -80 -86.8301 60
      vertex -80.4663 -87.0677 60
    endloop
  endfacet
  facet normal 0.454003 -0.891 0
    outer loop
      vertex -80 -86.8301 60
      vertex -80.4663 -87.0677 50
      vertex -80 -86.8301 50
    endloop
  endfacet
  facet normal 0.629391 -0.777089 0
    outer loop
      vertex -79.5611 -86.5451 50
      vertex -79.1544 -86.2157 60
      vertex -79.5611 -86.5451 60
    endloop
  endfacet
  facet normal 0.629391 -0.777089 0
    outer loop
      vertex -79.1544 -86.2157 60
      vertex -79.5611 -86.5451 50
      vertex -79.1544 -86.2157 50
    endloop
  endfacet
  facet normal 0.544605 -0.838692 0
    outer loop
      vertex -80 -86.8301 50
      vertex -79.5611 -86.5451 60
      vertex -80 -86.8301 60
    endloop
  endfacet
  facet normal 0.544605 -0.838692 0
    outer loop
      vertex -79.5611 -86.5451 60
      vertex -80 -86.8301 50
      vertex -79.5611 -86.5451 50
    endloop
  endfacet
  facet normal 0.777089 -0.629391 0
    outer loop
      vertex -78.7843 -85.8456 60
      vertex -78.4549 -85.4389 50
      vertex -78.4549 -85.4389 60
    endloop
  endfacet
  facet normal 0.777089 -0.629391 0
    outer loop
      vertex -78.4549 -85.4389 50
      vertex -78.7843 -85.8456 60
      vertex -78.7843 -85.8456 50
    endloop
  endfacet
  facet normal 0.838692 -0.544605 0
    outer loop
      vertex -78.4549 -85.4389 60
      vertex -78.1699 -85 50
      vertex -78.1699 -85 60
    endloop
  endfacet
  facet normal 0.838692 -0.544605 0
    outer loop
      vertex -78.1699 -85 50
      vertex -78.4549 -85.4389 60
      vertex -78.4549 -85.4389 50
    endloop
  endfacet
  facet normal -0.156463 -0.987684 0
    outer loop
      vertex -83.5396 -87.3907 50
      vertex -83.0226 -87.4726 60
      vertex -83.5396 -87.3907 60
    endloop
  endfacet
  facet normal -0.156463 -0.987684 -0
    outer loop
      vertex -83.0226 -87.4726 60
      vertex -83.5396 -87.3907 50
      vertex -83.0226 -87.4726 50
    endloop
  endfacet
  facet normal -0.454003 -0.891 0
    outer loop
      vertex -85 -86.8301 50
      vertex -84.5337 -87.0677 60
      vertex -85 -86.8301 60
    endloop
  endfacet
  facet normal -0.454003 -0.891 -0
    outer loop
      vertex -84.5337 -87.0677 60
      vertex -85 -86.8301 50
      vertex -84.5337 -87.0677 50
    endloop
  endfacet
  facet normal -0.0523582 -0.998628 0
    outer loop
      vertex -83.0226 -87.4726 50
      vertex -82.5 -87.5 60
      vertex -83.0226 -87.4726 60
    endloop
  endfacet
  facet normal -0.0523582 -0.998628 -0
    outer loop
      vertex -82.5 -87.5 60
      vertex -83.0226 -87.4726 50
      vertex -82.5 -87.5 50
    endloop
  endfacet
  facet normal 0 0 -1
    outer loop
      vertex -81 -82.5 50
      vertex -77.5 -82.5 50
      vertex -77.5274 -83.0226 50
    endloop
  endfacet
  facet normal 0 0 -1
    outer loop
      vertex -81.0082 -82.6568 50
      vertex -77.5274 -83.0226 50
      vertex -77.6093 -83.5396 50
    endloop
  endfacet
  facet normal 0 0 -1
    outer loop
      vertex -77.5 -82.5 50
      vertex -81 -82.5 50
      vertex -77.5274 -81.9774 50
    endloop
  endfacet
  facet normal 0 0 -1
    outer loop
      vertex -81.0328 -82.8119 50
      vertex -77.6093 -83.5396 50
      vertex -77.7447 -84.0451 50
    endloop
  endfacet
  facet normal 0 0 -1
    outer loop
      vertex -81.0082 -82.3432 50
      vertex -77.5274 -81.9774 50
      vertex -81 -82.5 50
    endloop
  endfacet
  facet normal 0 0 -1
    outer loop
      vertex -81.0734 -82.9635 50
      vertex -77.7447 -84.0451 50
      vertex -77.9323 -84.5337 50
    endloop
  endfacet
  facet normal -0 0 -1
    outer loop
      vertex -77.5274 -81.9774 50
      vertex -81.0082 -82.3432 50
      vertex -77.6093 -81.4604 50
    endloop
  endfacet
  facet normal 0 0 -1
    outer loop
      vertex -81.1297 -83.1101 50
      vertex -77.9323 -84.5337 50
      vertex -78.1699 -85 50
    endloop
  endfacet
  facet normal 0 0 -1
    outer loop
      vertex -81.0328 -82.1881 50
      vertex -77.6093 -81.4604 50
      vertex -81.0082 -82.3432 50
    endloop
  endfacet
  facet normal 0 0 -1
    outer loop
      vertex -81.201 -83.25 50
      vertex -78.1699 -85 50
      vertex -78.4549 -85.4389 50
    endloop
  endfacet
  facet normal -0 0 -1
    outer loop
      vertex -77.6093 -81.4604 50
      vertex -81.0328 -82.1881 50
      vertex -77.7447 -80.9549 50
    endloop
  endfacet
  facet normal 0 0 -1
    outer loop
      vertex -81.2865 -83.3817 50
      vertex -78.4549 -85.4389 50
      vertex -78.7843 -85.8456 50
    endloop
  endfacet
  facet normal 0 0 -1
    outer loop
      vertex -81.0734 -82.0365 50
      vertex -77.7447 -80.9549 50
      vertex -81.0328 -82.1881 50
    endloop
  endfacet
  facet normal 0 0 -1
    outer loop
      vertex -81.3853 -83.5037 50
      vertex -78.7843 -85.8456 50
      vertex -79.1544 -86.2157 50
    endloop
  endfacet
  facet normal -0 0 -1
    outer loop
      vertex -77.7447 -80.9549 50
      vertex -81.0734 -82.0365 50
      vertex -77.9323 -80.4663 50
    endloop
  endfacet
  facet normal 0 0 -1
    outer loop
      vertex -81.4963 -83.6147 50
      vertex -79.1544 -86.2157 50
      vertex -79.5611 -86.5451 50
    endloop
  endfacet
  facet normal 0 0 -1
    outer loop
      vertex -81.1297 -81.8899 50
      vertex -77.9323 -80.4663 50
      vertex -81.0734 -82.0365 50
    endloop
  endfacet
  facet normal 0 0 -1
    outer loop
      vertex -81.6183 -83.7135 50
      vertex -79.5611 -86.5451 50
      vertex -80 -86.8301 50
    endloop
  endfacet
  facet normal -0 0 -1
    outer loop
      vertex -77.9323 -80.4663 50
      vertex -81.1297 -81.8899 50
      vertex -78.1699 -80 50
    endloop
  endfacet
  facet normal 0 0 -1
    outer loop
      vertex -81.75 -83.799 50
      vertex -80 -86.8301 50
      vertex -80.4663 -87.0677 50
    endloop
  endfacet
  facet normal 0 0 -1
    outer loop
      vertex -81.201 -81.75 50
      vertex -78.1699 -80 50
      vertex -81.1297 -81.8899 50
    endloop
  endfacet
  facet normal 0 0 -1
    outer loop
      vertex -81.8899 -83.8703 50
      vertex -80.4663 -87.0677 50
      vertex -80.9549 -87.2553 50
    endloop
  endfacet
  facet normal -0 0 -1
    outer loop
      vertex -78.1699 -80 50
      vertex -81.201 -81.75 50
      vertex -78.4549 -79.5611 50
    endloop
  endfacet
  facet normal 0 0 -1
    outer loop
      vertex -81.2865 -81.6183 50
      vertex -78.4549 -79.5611 50
      vertex -81.201 -81.75 50
    endloop
  endfacet
  facet normal 0 0 -1
    outer loop
      vertex -77.5274 -83.0226 50
      vertex -81.0082 -82.6568 50
      vertex -81 -82.5 50
    endloop
  endfacet
  facet normal 0 0 -1
    outer loop
      vertex -77.6093 -83.5396 50
      vertex -81.0328 -82.8119 50
      vertex -81.0082 -82.6568 50
    endloop
  endfacet
  facet normal 0 0 -1
    outer loop
      vertex -77.7447 -84.0451 50
      vertex -81.0734 -82.9635 50
      vertex -81.0328 -82.8119 50
    endloop
  endfacet
  facet normal 0 0 -1
    outer loop
      vertex -77.9323 -84.5337 50
      vertex -81.1297 -83.1101 50
      vertex -81.0734 -82.9635 50
    endloop
  endfacet
  facet normal 0 0 -1
    outer loop
      vertex -78.1699 -85 50
      vertex -81.201 -83.25 50
      vertex -81.1297 -83.1101 50
    endloop
  endfacet
  facet normal 0 0 -1
    outer loop
      vertex -78.4549 -85.4389 50
      vertex -81.2865 -83.3817 50
      vertex -81.201 -83.25 50
    endloop
  endfacet
  facet normal 0 0 -1
    outer loop
      vertex -78.7843 -85.8456 50
      vertex -81.3853 -83.5037 50
      vertex -81.2865 -83.3817 50
    endloop
  endfacet
  facet normal 0 0 -1
    outer loop
      vertex -82.0365 -83.9266 50
      vertex -80.9549 -87.2553 50
      vertex -81.4604 -87.3907 50
    endloop
  endfacet
  facet normal 0 0 -1
    outer loop
      vertex -79.1544 -86.2157 50
      vertex -81.4963 -83.6147 50
      vertex -81.3853 -83.5037 50
    endloop
  endfacet
  facet normal 0 0 -1
    outer loop
      vertex -79.5611 -86.5451 50
      vertex -81.6183 -83.7135 50
      vertex -81.4963 -83.6147 50
    endloop
  endfacet
  facet normal 0 0 -1
    outer loop
      vertex -80 -86.8301 50
      vertex -81.75 -83.799 50
      vertex -81.6183 -83.7135 50
    endloop
  endfacet
  facet normal 0 0 -1
    outer loop
      vertex -80.4663 -87.0677 50
      vertex -81.8899 -83.8703 50
      vertex -81.75 -83.799 50
    endloop
  endfacet
  facet normal 0 0 -1
    outer loop
      vertex -82.1881 -83.9672 50
      vertex -81.4604 -87.3907 50
      vertex -81.9774 -87.4726 50
    endloop
  endfacet
  facet normal 0 0 -1
    outer loop
      vertex -80.9549 -87.2553 50
      vertex -82.0365 -83.9266 50
      vertex -81.8899 -83.8703 50
    endloop
  endfacet
  facet normal 0 0 -1
    outer loop
      vertex -81.4604 -87.3907 50
      vertex -82.1881 -83.9672 50
      vertex -82.0365 -83.9266 50
    endloop
  endfacet
  facet normal 0 0 -1
    outer loop
      vertex -81.9774 -87.4726 50
      vertex -82.3432 -83.9918 50
      vertex -82.1881 -83.9672 50
    endloop
  endfacet
  facet normal 0 0 -1
    outer loop
      vertex -82.5 -87.5 50
      vertex -82.3432 -83.9918 50
      vertex -81.9774 -87.4726 50
    endloop
  endfacet
  facet normal 0 0 -1
    outer loop
      vertex -82.5 -87.5 50
      vertex -82.5 -84 50
      vertex -82.3432 -83.9918 50
    endloop
  endfacet
  facet normal 0 0 -1
    outer loop
      vertex -82.5 -87.5 50
      vertex -82.6568 -83.9918 50
      vertex -82.5 -84 50
    endloop
  endfacet
  facet normal 0 0 -1
    outer loop
      vertex -83.0226 -87.4726 50
      vertex -82.6568 -83.9918 50
      vertex -82.5 -87.5 50
    endloop
  endfacet
  facet normal -0 0 -1
    outer loop
      vertex -82.6568 -83.9918 50
      vertex -83.0226 -87.4726 50
      vertex -82.8119 -83.9672 50
    endloop
  endfacet
  facet normal 0 0 -1
    outer loop
      vertex -83.5396 -87.3907 50
      vertex -82.8119 -83.9672 50
      vertex -83.0226 -87.4726 50
    endloop
  endfacet
  facet normal -0 0 -1
    outer loop
      vertex -82.8119 -83.9672 50
      vertex -83.5396 -87.3907 50
      vertex -82.9635 -83.9266 50
    endloop
  endfacet
  facet normal 0 0 -1
    outer loop
      vertex -84.0451 -87.2553 50
      vertex -82.9635 -83.9266 50
      vertex -83.5396 -87.3907 50
    endloop
  endfacet
  facet normal -0 0 -1
    outer loop
      vertex -82.9635 -83.9266 50
      vertex -84.0451 -87.2553 50
      vertex -83.1101 -83.8703 50
    endloop
  endfacet
  facet normal 0 0 -1
    outer loop
      vertex -84.5337 -87.0677 50
      vertex -83.1101 -83.8703 50
      vertex -84.0451 -87.2553 50
    endloop
  endfacet
  facet normal -0 0 -1
    outer loop
      vertex -83.1101 -83.8703 50
      vertex -84.5337 -87.0677 50
      vertex -83.25 -83.799 50
    endloop
  endfacet
  facet normal 0 0 -1
    outer loop
      vertex -85 -86.8301 50
      vertex -83.25 -83.799 50
      vertex -84.5337 -87.0677 50
    endloop
  endfacet
  facet normal -0 0 -1
    outer loop
      vertex -83.25 -83.799 50
      vertex -85 -86.8301 50
      vertex -83.3817 -83.7135 50
    endloop
  endfacet
  facet normal -0 0 -1
    outer loop
      vertex -83.3817 -83.7135 50
      vertex -85 -86.8301 50
      vertex -83.5037 -83.6147 50
    endloop
  endfacet
  facet normal -0 0 -1
    outer loop
      vertex -83.5037 -83.6147 50
      vertex -85 -86.8301 50
      vertex -83.6147 -83.5037 50
    endloop
  endfacet
  facet normal -0 0 -1
    outer loop
      vertex -83.6147 -83.5037 50
      vertex -85 -86.8301 50
      vertex -83.7135 -83.3817 50
    endloop
  endfacet
  facet normal -0 0 -1
    outer loop
      vertex -83.7135 -83.3817 50
      vertex -85 -86.8301 50
      vertex -83.799 -83.25 50
    endloop
  endfacet
  facet normal -0 0 -1
    outer loop
      vertex -83.799 -83.25 50
      vertex -85 -86.8301 50
      vertex -83.8703 -83.1101 50
    endloop
  endfacet
  facet normal -0 0 -1
    outer loop
      vertex -83.9266 -82.9635 50
      vertex -85 -86.8301 50
      vertex -83.9672 -82.8119 50
    endloop
  endfacet
  facet normal -0 0 -1
    outer loop
      vertex -83.8703 -83.1101 50
      vertex -85 -86.8301 50
      vertex -83.9266 -82.9635 50
    endloop
  endfacet
  facet normal -0 0 -1
    outer loop
      vertex -78.4549 -79.5611 50
      vertex -81.2865 -81.6183 50
      vertex -78.7843 -79.1544 50
    endloop
  endfacet
  facet normal 0 0 -1
    outer loop
      vertex -81.3853 -81.4963 50
      vertex -78.7843 -79.1544 50
      vertex -81.2865 -81.6183 50
    endloop
  endfacet
  facet normal -0 0 -1
    outer loop
      vertex -78.7843 -79.1544 50
      vertex -81.3853 -81.4963 50
      vertex -79.1544 -78.7843 50
    endloop
  endfacet
  facet normal 0 0 -1
    outer loop
      vertex -81.4963 -81.3853 50
      vertex -79.1544 -78.7843 50
      vertex -81.3853 -81.4963 50
    endloop
  endfacet
  facet normal -0 0 -1
    outer loop
      vertex -79.1544 -78.7843 50
      vertex -81.4963 -81.3853 50
      vertex -79.5611 -78.4549 50
    endloop
  endfacet
  facet normal 0 0 -1
    outer loop
      vertex -81.6183 -81.2865 50
      vertex -79.5611 -78.4549 50
      vertex -81.4963 -81.3853 50
    endloop
  endfacet
  facet normal -0 0 -1
    outer loop
      vertex -79.5611 -78.4549 50
      vertex -81.6183 -81.2865 50
      vertex -80 -78.1699 50
    endloop
  endfacet
  facet normal 0 0 -1
    outer loop
      vertex -81.75 -81.201 50
      vertex -80 -78.1699 50
      vertex -81.6183 -81.2865 50
    endloop
  endfacet
  facet normal -0 0 -1
    outer loop
      vertex -80 -78.1699 50
      vertex -81.75 -81.201 50
      vertex -80.4663 -77.9323 50
    endloop
  endfacet
  facet normal 0 0 -1
    outer loop
      vertex -81.8899 -81.1297 50
      vertex -80.4663 -77.9323 50
      vertex -81.75 -81.201 50
    endloop
  endfacet
  facet normal -0 0 -1
    outer loop
      vertex -80.4663 -77.9323 50
      vertex -81.8899 -81.1297 50
      vertex -80.9549 -77.7447 50
    endloop
  endfacet
  facet normal 0 0 -1
    outer loop
      vertex -82.0365 -81.0734 50
      vertex -80.9549 -77.7447 50
      vertex -81.8899 -81.1297 50
    endloop
  endfacet
  facet normal -0 0 -1
    outer loop
      vertex -80.9549 -77.7447 50
      vertex -82.0365 -81.0734 50
      vertex -81.4604 -77.6093 50
    endloop
  endfacet
  facet normal 0 0 -1
    outer loop
      vertex -82.1881 -81.0328 50
      vertex -81.4604 -77.6093 50
      vertex -82.0365 -81.0734 50
    endloop
  endfacet
  facet normal -0 0 -1
    outer loop
      vertex -81.4604 -77.6093 50
      vertex -82.1881 -81.0328 50
      vertex -81.9774 -77.5274 50
    endloop
  endfacet
  facet normal 0 0 -1
    outer loop
      vertex -82.3432 -81.0082 50
      vertex -81.9774 -77.5274 50
      vertex -82.1881 -81.0328 50
    endloop
  endfacet
  facet normal 0 0 -1
    outer loop
      vertex -82.5 -81 50
      vertex -81.9774 -77.5274 50
      vertex -82.3432 -81.0082 50
    endloop
  endfacet
  facet normal 0 0 -1
    outer loop
      vertex -82.5 -81 50
      vertex -82.5 -77.5 50
      vertex -81.9774 -77.5274 50
    endloop
  endfacet
  facet normal 0 0 -1
    outer loop
      vertex -82.6568 -81.0082 50
      vertex -82.5 -77.5 50
      vertex -82.5 -81 50
    endloop
  endfacet
  facet normal 0 0 -1
    outer loop
      vertex -83.0226 -77.5274 50
      vertex -82.6568 -81.0082 50
      vertex -82.8119 -81.0328 50
    endloop
  endfacet
  facet normal 0 0 -1
    outer loop
      vertex -83.5396 -77.6093 50
      vertex -82.8119 -81.0328 50
      vertex -82.9635 -81.0734 50
    endloop
  endfacet
  facet normal 0 0 -1
    outer loop
      vertex -82.6568 -81.0082 50
      vertex -83.0226 -77.5274 50
      vertex -82.5 -77.5 50
    endloop
  endfacet
  facet normal 0 0 -1
    outer loop
      vertex -84.0451 -77.7447 50
      vertex -82.9635 -81.0734 50
      vertex -83.1101 -81.1297 50
    endloop
  endfacet
  facet normal 0 0 -1
    outer loop
      vertex -84.5337 -77.9323 50
      vertex -83.1101 -81.1297 50
      vertex -83.25 -81.201 50
    endloop
  endfacet
  facet normal 0 0 -1
    outer loop
      vertex -85 -78.1699 50
      vertex -83.25 -81.201 50
      vertex -83.3817 -81.2865 50
    endloop
  endfacet
  facet normal 0 0 -1
    outer loop
      vertex -85 -78.1699 50
      vertex -83.3817 -81.2865 50
      vertex -83.5037 -81.3853 50
    endloop
  endfacet
  facet normal 0 0 -1
    outer loop
      vertex -82.8119 -81.0328 50
      vertex -83.5396 -77.6093 50
      vertex -83.0226 -77.5274 50
    endloop
  endfacet
  facet normal 0 0 -1
    outer loop
      vertex -85 -78.1699 50
      vertex -83.5037 -81.3853 50
      vertex -83.6147 -81.4963 50
    endloop
  endfacet
  facet normal 0 0 -1
    outer loop
      vertex -85 -78.1699 50
      vertex -83.6147 -81.4963 50
      vertex -83.7135 -81.6183 50
    endloop
  endfacet
  facet normal 0 0 -1
    outer loop
      vertex -85 -78.1699 50
      vertex -83.7135 -81.6183 50
      vertex -83.799 -81.75 50
    endloop
  endfacet
  facet normal 0 0 -1
    outer loop
      vertex -85 -78.1699 50
      vertex -83.799 -81.75 50
      vertex -83.8703 -81.8899 50
    endloop
  endfacet
  facet normal 0 0 -1
    outer loop
      vertex -85 -78.1699 50
      vertex -83.8703 -81.8899 50
      vertex -83.9266 -82.0365 50
    endloop
  endfacet
  facet normal 0 0 -1
    outer loop
      vertex -85 -78.1699 50
      vertex -83.9266 -82.0365 50
      vertex -83.9672 -82.1881 50
    endloop
  endfacet
  facet normal 0 0 -1
    outer loop
      vertex -85 -78.1699 50
      vertex -83.9672 -82.1881 50
      vertex -83.9918 -82.3432 50
    endloop
  endfacet
  facet normal 0 0 -1
    outer loop
      vertex -82.9635 -81.0734 50
      vertex -84.0451 -77.7447 50
      vertex -83.5396 -77.6093 50
    endloop
  endfacet
  facet normal 0 0 -1
    outer loop
      vertex -85 -78.1699 50
      vertex -83.9918 -82.3432 50
      vertex -84 -82.5 50
    endloop
  endfacet
  facet normal -0 0 -1
    outer loop
      vertex -83.9672 -82.8119 50
      vertex -85 -86.8301 50
      vertex -83.9918 -82.6568 50
    endloop
  endfacet
  facet normal -0 0 -1
    outer loop
      vertex -83.9918 -82.6568 50
      vertex -85 -86.8301 50
      vertex -84 -82.5 50
    endloop
  endfacet
  facet normal 0 0 -1
    outer loop
      vertex -83.1101 -81.1297 50
      vertex -84.5337 -77.9323 50
      vertex -84.0451 -77.7447 50
    endloop
  endfacet
  facet normal 0 0 -1
    outer loop
      vertex -85 -78.1699 50
      vertex -84 -82.5 50
      vertex -85 -86.8301 50
    endloop
  endfacet
  facet normal 0 0 -1
    outer loop
      vertex -83.25 -81.201 50
      vertex -85 -78.1699 50
      vertex -84.5337 -77.9323 50
    endloop
  endfacet
  facet normal 0.156463 0.987684 -0
    outer loop
      vertex -81.4604 -77.6093 50
      vertex -81.9774 -77.5274 60
      vertex -81.4604 -77.6093 60
    endloop
  endfacet
  facet normal 0.156463 0.987684 0
    outer loop
      vertex -81.9774 -77.5274 60
      vertex -81.4604 -77.6093 50
      vertex -81.9774 -77.5274 50
    endloop
  endfacet
  facet normal -0.358441 0.933552 0
    outer loop
      vertex -84.0451 -77.7447 50
      vertex -84.5337 -77.9323 60
      vertex -84.0451 -77.7447 60
    endloop
  endfacet
  facet normal -0.358441 0.933552 0
    outer loop
      vertex -84.5337 -77.9323 60
      vertex -84.0451 -77.7447 50
      vertex -84.5337 -77.9323 50
    endloop
  endfacet
  facet normal 0.358441 -0.933552 0
    outer loop
      vertex -80.9549 -87.2553 50
      vertex -80.4663 -87.0677 60
      vertex -80.9549 -87.2553 60
    endloop
  endfacet
  facet normal 0.358441 -0.933552 0
    outer loop
      vertex -80.4663 -87.0677 60
      vertex -80.9549 -87.2553 50
      vertex -80.4663 -87.0677 50
    endloop
  endfacet
  facet normal 0.933552 -0.358441 0
    outer loop
      vertex -77.9323 -84.5337 60
      vertex -77.7447 -84.0451 50
      vertex -77.7447 -84.0451 60
    endloop
  endfacet
  facet normal 0.933552 -0.358441 0
    outer loop
      vertex -77.7447 -84.0451 50
      vertex -77.9323 -84.5337 60
      vertex -77.9323 -84.5337 50
    endloop
  endfacet
  facet normal 0.987684 -0.156463 0
    outer loop
      vertex -77.6093 -83.5396 60
      vertex -77.5274 -83.0226 50
      vertex -77.5274 -83.0226 60
    endloop
  endfacet
  facet normal 0.987684 -0.156463 0
    outer loop
      vertex -77.5274 -83.0226 50
      vertex -77.6093 -83.5396 60
      vertex -77.6093 -83.5396 50
    endloop
  endfacet
  facet normal 0.998628 -0.0523582 0
    outer loop
      vertex -77.5274 -83.0226 60
      vertex -77.5 -82.5 50
      vertex -77.5 -82.5 60
    endloop
  endfacet
  facet normal 0.998628 -0.0523582 0
    outer loop
      vertex -77.5 -82.5 50
      vertex -77.5274 -83.0226 60
      vertex -77.5274 -83.0226 50
    endloop
  endfacet
  facet normal -0.258733 -0.965949 0
    outer loop
      vertex -84.0451 -87.2553 50
      vertex -83.5396 -87.3907 60
      vertex -84.0451 -87.2553 60
    endloop
  endfacet
  facet normal -0.258733 -0.965949 -0
    outer loop
      vertex -83.5396 -87.3907 60
      vertex -84.0451 -87.2553 50
      vertex -83.5396 -87.3907 50
    endloop
  endfacet
  facet normal -0.629345 -0.777126 0
    outer loop
      vertex -81.6183 -81.2865 50
      vertex -81.4963 -81.3853 60
      vertex -81.6183 -81.2865 60
    endloop
  endfacet
  facet normal -0.629345 -0.777126 -0
    outer loop
      vertex -81.4963 -81.3853 60
      vertex -81.6183 -81.2865 50
      vertex -81.4963 -81.3853 50
    endloop
  endfacet
  facet normal -0.998635 0.0522246 0
    outer loop
      vertex -81.0082 -82.6568 50
      vertex -81 -82.5 60
      vertex -81 -82.5 50
    endloop
  endfacet
  facet normal -0.998635 0.0522246 0
    outer loop
      vertex -81 -82.5 60
      vertex -81.0082 -82.6568 50
      vertex -81.0082 -82.6568 60
    endloop
  endfacet
  facet normal 0.35851 -0.933526 0
    outer loop
      vertex -83.1101 -81.1297 50
      vertex -82.9635 -81.0734 60
      vertex -83.1101 -81.1297 60
    endloop
  endfacet
  facet normal 0.35851 -0.933526 0
    outer loop
      vertex -82.9635 -81.0734 60
      vertex -83.1101 -81.1297 50
      vertex -82.9635 -81.0734 50
    endloop
  endfacet
  facet normal 0.890962 -0.454078 0
    outer loop
      vertex -83.8703 -81.8899 60
      vertex -83.799 -81.75 50
      vertex -83.799 -81.75 60
    endloop
  endfacet
  facet normal 0.890962 -0.454078 0
    outer loop
      vertex -83.799 -81.75 50
      vertex -83.8703 -81.8899 60
      vertex -83.8703 -81.8899 50
    endloop
  endfacet
  facet normal -0.890962 -0.454078 0
    outer loop
      vertex -81.1297 -81.8899 50
      vertex -81.201 -81.75 60
      vertex -81.201 -81.75 50
    endloop
  endfacet
  facet normal -0.890962 -0.454078 0
    outer loop
      vertex -81.201 -81.75 60
      vertex -81.1297 -81.8899 50
      vertex -81.1297 -81.8899 60
    endloop
  endfacet
  facet normal -0.838749 -0.544518 0
    outer loop
      vertex -81.201 -81.75 50
      vertex -81.2865 -81.6183 60
      vertex -81.2865 -81.6183 50
    endloop
  endfacet
  facet normal -0.838749 -0.544518 0
    outer loop
      vertex -81.2865 -81.6183 60
      vertex -81.201 -81.75 50
      vertex -81.201 -81.75 60
    endloop
  endfacet
  facet normal -0.707107 -0.707107 0
    outer loop
      vertex -81.3853 -81.4963 50
      vertex -81.4963 -81.3853 60
      vertex -81.4963 -81.3853 50
    endloop
  endfacet
  facet normal -0.707107 -0.707107 0
    outer loop
      vertex -81.4963 -81.3853 60
      vertex -81.3853 -81.4963 50
      vertex -81.3853 -81.4963 60
    endloop
  endfacet
  facet normal -0.454078 -0.890962 0
    outer loop
      vertex -81.8899 -81.1297 50
      vertex -81.75 -81.201 60
      vertex -81.8899 -81.1297 60
    endloop
  endfacet
  facet normal -0.454078 -0.890962 -0
    outer loop
      vertex -81.75 -81.201 60
      vertex -81.8899 -81.1297 50
      vertex -81.75 -81.201 50
    endloop
  endfacet
  facet normal -0.156649 -0.987654 0
    outer loop
      vertex -82.3432 -81.0082 50
      vertex -82.1881 -81.0328 60
      vertex -82.3432 -81.0082 60
    endloop
  endfacet
  facet normal -0.156649 -0.987654 -0
    outer loop
      vertex -82.1881 -81.0328 60
      vertex -82.3432 -81.0082 50
      vertex -82.1881 -81.0328 50
    endloop
  endfacet
  facet normal 0.987654 -0.156649 0
    outer loop
      vertex -83.9918 -82.3432 60
      vertex -83.9672 -82.1881 50
      vertex -83.9672 -82.1881 60
    endloop
  endfacet
  facet normal 0.987654 -0.156649 0
    outer loop
      vertex -83.9672 -82.1881 50
      vertex -83.9918 -82.3432 60
      vertex -83.9918 -82.3432 50
    endloop
  endfacet
  facet normal 0.707107 -0.707107 0
    outer loop
      vertex -83.6147 -81.4963 60
      vertex -83.5037 -81.3853 50
      vertex -83.5037 -81.3853 60
    endloop
  endfacet
  facet normal 0.707107 -0.707107 0
    outer loop
      vertex -83.5037 -81.3853 50
      vertex -83.6147 -81.4963 60
      vertex -83.6147 -81.4963 50
    endloop
  endfacet
  facet normal 0.454078 -0.890962 0
    outer loop
      vertex -83.25 -81.201 50
      vertex -83.1101 -81.1297 60
      vertex -83.25 -81.201 60
    endloop
  endfacet
  facet normal 0.454078 -0.890962 0
    outer loop
      vertex -83.1101 -81.1297 60
      vertex -83.25 -81.201 50
      vertex -83.1101 -81.1297 50
    endloop
  endfacet
  facet normal 0.156649 -0.987654 0
    outer loop
      vertex -82.8119 -81.0328 50
      vertex -82.6568 -81.0082 60
      vertex -82.8119 -81.0328 60
    endloop
  endfacet
  facet normal 0.156649 -0.987654 0
    outer loop
      vertex -82.6568 -81.0082 60
      vertex -82.8119 -81.0328 50
      vertex -82.6568 -81.0082 50
    endloop
  endfacet
  facet normal 0.156649 0.987654 -0
    outer loop
      vertex -82.6568 -83.9918 50
      vertex -82.8119 -83.9672 60
      vertex -82.6568 -83.9918 60
    endloop
  endfacet
  facet normal 0.156649 0.987654 0
    outer loop
      vertex -82.8119 -83.9672 60
      vertex -82.6568 -83.9918 50
      vertex -82.8119 -83.9672 50
    endloop
  endfacet
  facet normal 0.707107 0.707107 0
    outer loop
      vertex -83.5037 -83.6147 60
      vertex -83.6147 -83.5037 50
      vertex -83.6147 -83.5037 60
    endloop
  endfacet
  facet normal 0.707107 0.707107 0
    outer loop
      vertex -83.6147 -83.5037 50
      vertex -83.5037 -83.6147 60
      vertex -83.5037 -83.6147 50
    endloop
  endfacet
  facet normal 0.890962 0.454078 0
    outer loop
      vertex -83.799 -83.25 60
      vertex -83.8703 -83.1101 50
      vertex -83.8703 -83.1101 60
    endloop
  endfacet
  facet normal 0.890962 0.454078 0
    outer loop
      vertex -83.8703 -83.1101 50
      vertex -83.799 -83.25 60
      vertex -83.799 -83.25 50
    endloop
  endfacet
  facet normal -0.987654 -0.156649 0
    outer loop
      vertex -81.0082 -82.3432 50
      vertex -81.0328 -82.1881 60
      vertex -81.0328 -82.1881 50
    endloop
  endfacet
  facet normal -0.987654 -0.156649 0
    outer loop
      vertex -81.0328 -82.1881 60
      vertex -81.0082 -82.3432 50
      vertex -81.0082 -82.3432 60
    endloop
  endfacet
  facet normal -0.965959 -0.258694 0
    outer loop
      vertex -81.0328 -82.1881 50
      vertex -81.0734 -82.0365 60
      vertex -81.0734 -82.0365 50
    endloop
  endfacet
  facet normal -0.965959 -0.258694 0
    outer loop
      vertex -81.0734 -82.0365 60
      vertex -81.0328 -82.1881 50
      vertex -81.0328 -82.1881 60
    endloop
  endfacet
  facet normal -0.933526 -0.35851 0
    outer loop
      vertex -81.0734 -82.0365 50
      vertex -81.1297 -81.8899 60
      vertex -81.1297 -81.8899 50
    endloop
  endfacet
  facet normal -0.933526 -0.35851 0
    outer loop
      vertex -81.1297 -81.8899 60
      vertex -81.0734 -82.0365 50
      vertex -81.0734 -82.0365 60
    endloop
  endfacet
  facet normal -0.777126 -0.629345 0
    outer loop
      vertex -81.2865 -81.6183 50
      vertex -81.3853 -81.4963 60
      vertex -81.3853 -81.4963 50
    endloop
  endfacet
  facet normal -0.777126 -0.629345 0
    outer loop
      vertex -81.3853 -81.4963 60
      vertex -81.2865 -81.6183 50
      vertex -81.2865 -81.6183 60
    endloop
  endfacet
  facet normal -0.544518 -0.838749 0
    outer loop
      vertex -81.75 -81.201 50
      vertex -81.6183 -81.2865 60
      vertex -81.75 -81.201 60
    endloop
  endfacet
  facet normal -0.544518 -0.838749 -0
    outer loop
      vertex -81.6183 -81.2865 60
      vertex -81.75 -81.201 50
      vertex -81.6183 -81.2865 50
    endloop
  endfacet
  facet normal -0.0522246 -0.998635 0
    outer loop
      vertex -82.5 -81 50
      vertex -82.3432 -81.0082 60
      vertex -82.5 -81 60
    endloop
  endfacet
  facet normal -0.0522246 -0.998635 -0
    outer loop
      vertex -82.3432 -81.0082 60
      vertex -82.5 -81 50
      vertex -82.3432 -81.0082 50
    endloop
  endfacet
  facet normal -0.35851 -0.933526 0
    outer loop
      vertex -82.0365 -81.0734 50
      vertex -81.8899 -81.1297 60
      vertex -82.0365 -81.0734 60
    endloop
  endfacet
  facet normal -0.35851 -0.933526 -0
    outer loop
      vertex -81.8899 -81.1297 60
      vertex -82.0365 -81.0734 50
      vertex -81.8899 -81.1297 50
    endloop
  endfacet
  facet normal -0.258694 -0.965959 0
    outer loop
      vertex -82.1881 -81.0328 50
      vertex -82.0365 -81.0734 60
      vertex -82.1881 -81.0328 60
    endloop
  endfacet
  facet normal -0.258694 -0.965959 -0
    outer loop
      vertex -82.0365 -81.0734 60
      vertex -82.1881 -81.0328 50
      vertex -82.0365 -81.0734 50
    endloop
  endfacet
  facet normal 0.998635 -0.0522246 0
    outer loop
      vertex -84 -82.5 60
      vertex -83.9918 -82.3432 50
      vertex -83.9918 -82.3432 60
    endloop
  endfacet
  facet normal 0.998635 -0.0522246 0
    outer loop
      vertex -83.9918 -82.3432 50
      vertex -84 -82.5 60
      vertex -84 -82.5 50
    endloop
  endfacet
  facet normal 0.933526 -0.35851 0
    outer loop
      vertex -83.9266 -82.0365 60
      vertex -83.8703 -81.8899 50
      vertex -83.8703 -81.8899 60
    endloop
  endfacet
  facet normal 0.933526 -0.35851 0
    outer loop
      vertex -83.8703 -81.8899 50
      vertex -83.9266 -82.0365 60
      vertex -83.9266 -82.0365 50
    endloop
  endfacet
  facet normal 0.965959 -0.258694 0
    outer loop
      vertex -83.9672 -82.1881 60
      vertex -83.9266 -82.0365 50
      vertex -83.9266 -82.0365 60
    endloop
  endfacet
  facet normal 0.965959 -0.258694 0
    outer loop
      vertex -83.9266 -82.0365 50
      vertex -83.9672 -82.1881 60
      vertex -83.9672 -82.1881 50
    endloop
  endfacet
  facet normal 0.838749 -0.544518 0
    outer loop
      vertex -83.799 -81.75 60
      vertex -83.7135 -81.6183 50
      vertex -83.7135 -81.6183 60
    endloop
  endfacet
  facet normal 0.838749 -0.544518 0
    outer loop
      vertex -83.7135 -81.6183 50
      vertex -83.799 -81.75 60
      vertex -83.799 -81.75 50
    endloop
  endfacet
  facet normal 0.777126 -0.629345 0
    outer loop
      vertex -83.7135 -81.6183 60
      vertex -83.6147 -81.4963 50
      vertex -83.6147 -81.4963 60
    endloop
  endfacet
  facet normal 0.777126 -0.629345 0
    outer loop
      vertex -83.6147 -81.4963 50
      vertex -83.7135 -81.6183 60
      vertex -83.7135 -81.6183 50
    endloop
  endfacet
  facet normal 0.258694 -0.965959 0
    outer loop
      vertex -82.9635 -81.0734 50
      vertex -82.8119 -81.0328 60
      vertex -82.9635 -81.0734 60
    endloop
  endfacet
  facet normal 0.258694 -0.965959 0
    outer loop
      vertex -82.8119 -81.0328 60
      vertex -82.9635 -81.0734 50
      vertex -82.8119 -81.0328 50
    endloop
  endfacet
  facet normal 0.0522246 -0.998635 0
    outer loop
      vertex -82.6568 -81.0082 50
      vertex -82.5 -81 60
      vertex -82.6568 -81.0082 60
    endloop
  endfacet
  facet normal 0.0522246 -0.998635 0
    outer loop
      vertex -82.5 -81 60
      vertex -82.6568 -81.0082 50
      vertex -82.5 -81 50
    endloop
  endfacet
  facet normal 0.544518 -0.838749 0
    outer loop
      vertex -83.3817 -81.2865 50
      vertex -83.25 -81.201 60
      vertex -83.3817 -81.2865 60
    endloop
  endfacet
  facet normal 0.544518 -0.838749 0
    outer loop
      vertex -83.25 -81.201 60
      vertex -83.3817 -81.2865 50
      vertex -83.25 -81.201 50
    endloop
  endfacet
  facet normal 0.629345 -0.777126 0
    outer loop
      vertex -83.5037 -81.3853 50
      vertex -83.3817 -81.2865 60
      vertex -83.5037 -81.3853 60
    endloop
  endfacet
  facet normal 0.629345 -0.777126 0
    outer loop
      vertex -83.3817 -81.2865 60
      vertex -83.5037 -81.3853 50
      vertex -83.3817 -81.2865 50
    endloop
  endfacet
  facet normal -0.998635 -0.0522246 0
    outer loop
      vertex -81 -82.5 50
      vertex -81.0082 -82.3432 60
      vertex -81.0082 -82.3432 50
    endloop
  endfacet
  facet normal -0.998635 -0.0522246 0
    outer loop
      vertex -81.0082 -82.3432 60
      vertex -81 -82.5 50
      vertex -81 -82.5 60
    endloop
  endfacet
  facet normal -0.0522246 0.998635 0
    outer loop
      vertex -82.3432 -83.9918 50
      vertex -82.5 -84 60
      vertex -82.3432 -83.9918 60
    endloop
  endfacet
  facet normal -0.0522246 0.998635 0
    outer loop
      vertex -82.5 -84 60
      vertex -82.3432 -83.9918 50
      vertex -82.5 -84 50
    endloop
  endfacet
  facet normal -0.890962 0.454078 0
    outer loop
      vertex -81.201 -83.25 50
      vertex -81.1297 -83.1101 60
      vertex -81.1297 -83.1101 50
    endloop
  endfacet
  facet normal -0.890962 0.454078 0
    outer loop
      vertex -81.1297 -83.1101 60
      vertex -81.201 -83.25 50
      vertex -81.201 -83.25 60
    endloop
  endfacet
  facet normal -0.156649 0.987654 0
    outer loop
      vertex -82.1881 -83.9672 50
      vertex -82.3432 -83.9918 60
      vertex -82.1881 -83.9672 60
    endloop
  endfacet
  facet normal -0.156649 0.987654 0
    outer loop
      vertex -82.3432 -83.9918 60
      vertex -82.1881 -83.9672 50
      vertex -82.3432 -83.9918 50
    endloop
  endfacet
  facet normal -0.258694 0.965959 0
    outer loop
      vertex -82.0365 -83.9266 50
      vertex -82.1881 -83.9672 60
      vertex -82.0365 -83.9266 60
    endloop
  endfacet
  facet normal -0.258694 0.965959 0
    outer loop
      vertex -82.1881 -83.9672 60
      vertex -82.0365 -83.9266 50
      vertex -82.1881 -83.9672 50
    endloop
  endfacet
  facet normal -0.629345 0.777126 0
    outer loop
      vertex -81.4963 -83.6147 50
      vertex -81.6183 -83.7135 60
      vertex -81.4963 -83.6147 60
    endloop
  endfacet
  facet normal -0.629345 0.777126 0
    outer loop
      vertex -81.6183 -83.7135 60
      vertex -81.4963 -83.6147 50
      vertex -81.6183 -83.7135 50
    endloop
  endfacet
  facet normal -0.454078 0.890962 0
    outer loop
      vertex -81.75 -83.799 50
      vertex -81.8899 -83.8703 60
      vertex -81.75 -83.799 60
    endloop
  endfacet
  facet normal -0.454078 0.890962 0
    outer loop
      vertex -81.8899 -83.8703 60
      vertex -81.75 -83.799 50
      vertex -81.8899 -83.8703 50
    endloop
  endfacet
  facet normal 0.0522246 0.998635 -0
    outer loop
      vertex -82.5 -84 50
      vertex -82.6568 -83.9918 60
      vertex -82.5 -84 60
    endloop
  endfacet
  facet normal 0.0522246 0.998635 0
    outer loop
      vertex -82.6568 -83.9918 60
      vertex -82.5 -84 50
      vertex -82.6568 -83.9918 50
    endloop
  endfacet
  facet normal 0.35851 0.933526 -0
    outer loop
      vertex -82.9635 -83.9266 50
      vertex -83.1101 -83.8703 60
      vertex -82.9635 -83.9266 60
    endloop
  endfacet
  facet normal 0.35851 0.933526 0
    outer loop
      vertex -83.1101 -83.8703 60
      vertex -82.9635 -83.9266 50
      vertex -83.1101 -83.8703 50
    endloop
  endfacet
  facet normal 0.544518 0.838749 -0
    outer loop
      vertex -83.25 -83.799 50
      vertex -83.3817 -83.7135 60
      vertex -83.25 -83.799 60
    endloop
  endfacet
  facet normal 0.544518 0.838749 0
    outer loop
      vertex -83.3817 -83.7135 60
      vertex -83.25 -83.799 50
      vertex -83.3817 -83.7135 50
    endloop
  endfacet
  facet normal 0.965959 0.258694 0
    outer loop
      vertex -83.9266 -82.9635 60
      vertex -83.9672 -82.8119 50
      vertex -83.9672 -82.8119 60
    endloop
  endfacet
  facet normal 0.965959 0.258694 0
    outer loop
      vertex -83.9672 -82.8119 50
      vertex -83.9266 -82.9635 60
      vertex -83.9266 -82.9635 50
    endloop
  endfacet
  facet normal 0.998635 0.0522246 0
    outer loop
      vertex -83.9918 -82.6568 60
      vertex -84 -82.5 50
      vertex -84 -82.5 60
    endloop
  endfacet
  facet normal 0.998635 0.0522246 0
    outer loop
      vertex -84 -82.5 50
      vertex -83.9918 -82.6568 60
      vertex -83.9918 -82.6568 50
    endloop
  endfacet
  facet normal 0.838749 0.544518 0
    outer loop
      vertex -83.7135 -83.3817 60
      vertex -83.799 -83.25 50
      vertex -83.799 -83.25 60
    endloop
  endfacet
  facet normal 0.838749 0.544518 0
    outer loop
      vertex -83.799 -83.25 50
      vertex -83.7135 -83.3817 60
      vertex -83.7135 -83.3817 50
    endloop
  endfacet
  facet normal -0.987654 0.156649 0
    outer loop
      vertex -81.0328 -82.8119 50
      vertex -81.0082 -82.6568 60
      vertex -81.0082 -82.6568 50
    endloop
  endfacet
  facet normal -0.987654 0.156649 0
    outer loop
      vertex -81.0082 -82.6568 60
      vertex -81.0328 -82.8119 50
      vertex -81.0328 -82.8119 60
    endloop
  endfacet
  facet normal -0.777126 0.629345 0
    outer loop
      vertex -81.3853 -83.5037 50
      vertex -81.2865 -83.3817 60
      vertex -81.2865 -83.3817 50
    endloop
  endfacet
  facet normal -0.777126 0.629345 0
    outer loop
      vertex -81.2865 -83.3817 60
      vertex -81.3853 -83.5037 50
      vertex -81.3853 -83.5037 60
    endloop
  endfacet
  facet normal -0.838749 0.544518 0
    outer loop
      vertex -81.2865 -83.3817 50
      vertex -81.201 -83.25 60
      vertex -81.201 -83.25 50
    endloop
  endfacet
  facet normal -0.838749 0.544518 0
    outer loop
      vertex -81.201 -83.25 60
      vertex -81.2865 -83.3817 50
      vertex -81.2865 -83.3817 60
    endloop
  endfacet
  facet normal -0.35851 0.933526 0
    outer loop
      vertex -81.8899 -83.8703 50
      vertex -82.0365 -83.9266 60
      vertex -81.8899 -83.8703 60
    endloop
  endfacet
  facet normal -0.35851 0.933526 0
    outer loop
      vertex -82.0365 -83.9266 60
      vertex -81.8899 -83.8703 50
      vertex -82.0365 -83.9266 50
    endloop
  endfacet
  facet normal -0.707107 0.707107 0
    outer loop
      vertex -81.4963 -83.6147 50
      vertex -81.3853 -83.5037 60
      vertex -81.3853 -83.5037 50
    endloop
  endfacet
  facet normal -0.707107 0.707107 0
    outer loop
      vertex -81.3853 -83.5037 60
      vertex -81.4963 -83.6147 50
      vertex -81.4963 -83.6147 60
    endloop
  endfacet
  facet normal -0.544518 0.838749 0
    outer loop
      vertex -81.6183 -83.7135 50
      vertex -81.75 -83.799 60
      vertex -81.6183 -83.7135 60
    endloop
  endfacet
  facet normal -0.544518 0.838749 0
    outer loop
      vertex -81.75 -83.799 60
      vertex -81.6183 -83.7135 50
      vertex -81.75 -83.799 50
    endloop
  endfacet
  facet normal 0.258694 0.965959 -0
    outer loop
      vertex -82.8119 -83.9672 50
      vertex -82.9635 -83.9266 60
      vertex -82.8119 -83.9672 60
    endloop
  endfacet
  facet normal 0.258694 0.965959 0
    outer loop
      vertex -82.9635 -83.9266 60
      vertex -82.8119 -83.9672 50
      vertex -82.9635 -83.9266 50
    endloop
  endfacet
  facet normal 0.454078 0.890962 -0
    outer loop
      vertex -83.1101 -83.8703 50
      vertex -83.25 -83.799 60
      vertex -83.1101 -83.8703 60
    endloop
  endfacet
  facet normal 0.454078 0.890962 0
    outer loop
      vertex -83.25 -83.799 60
      vertex -83.1101 -83.8703 50
      vertex -83.25 -83.799 50
    endloop
  endfacet
  facet normal 0.629345 0.777126 -0
    outer loop
      vertex -83.3817 -83.7135 50
      vertex -83.5037 -83.6147 60
      vertex -83.3817 -83.7135 60
    endloop
  endfacet
  facet normal 0.629345 0.777126 0
    outer loop
      vertex -83.5037 -83.6147 60
      vertex -83.3817 -83.7135 50
      vertex -83.5037 -83.6147 50
    endloop
  endfacet
  facet normal 0.933526 0.35851 0
    outer loop
      vertex -83.8703 -83.1101 60
      vertex -83.9266 -82.9635 50
      vertex -83.9266 -82.9635 60
    endloop
  endfacet
  facet normal 0.933526 0.35851 0
    outer loop
      vertex -83.9266 -82.9635 50
      vertex -83.8703 -83.1101 60
      vertex -83.8703 -83.1101 50
    endloop
  endfacet
  facet normal 0.987654 0.156649 0
    outer loop
      vertex -83.9672 -82.8119 60
      vertex -83.9918 -82.6568 50
      vertex -83.9918 -82.6568 60
    endloop
  endfacet
  facet normal 0.987654 0.156649 0
    outer loop
      vertex -83.9918 -82.6568 50
      vertex -83.9672 -82.8119 60
      vertex -83.9672 -82.8119 50
    endloop
  endfacet
  facet normal 0.777126 0.629345 0
    outer loop
      vertex -83.6147 -83.5037 60
      vertex -83.7135 -83.3817 50
      vertex -83.7135 -83.3817 60
    endloop
  endfacet
  facet normal 0.777126 0.629345 0
    outer loop
      vertex -83.7135 -83.3817 50
      vertex -83.6147 -83.5037 60
      vertex -83.6147 -83.5037 50
    endloop
  endfacet
  facet normal -0.933526 0.35851 0
    outer loop
      vertex -81.1297 -83.1101 50
      vertex -81.0734 -82.9635 60
      vertex -81.0734 -82.9635 50
    endloop
  endfacet
  facet normal -0.933526 0.35851 0
    outer loop
      vertex -81.0734 -82.9635 60
      vertex -81.1297 -83.1101 50
      vertex -81.1297 -83.1101 60
    endloop
  endfacet
  facet normal -0.965959 0.258694 0
    outer loop
      vertex -81.0734 -82.9635 50
      vertex -81.0328 -82.8119 60
      vertex -81.0328 -82.8119 50
    endloop
  endfacet
  facet normal -0.965959 0.258694 0
    outer loop
      vertex -81.0328 -82.8119 60
      vertex -81.0734 -82.9635 50
      vertex -81.0734 -82.9635 60
    endloop
  endfacet
  facet normal -0.998628 0.0523582 0
    outer loop
      vertex 77.5 -82.5 50
      vertex 77.5274 -81.9774 60
      vertex 77.5274 -81.9774 50
    endloop
  endfacet
  facet normal -0.998628 0.0523582 0
    outer loop
      vertex 77.5274 -81.9774 60
      vertex 77.5 -82.5 50
      vertex 77.5 -82.5 60
    endloop
  endfacet
  facet normal 0.0523582 0.998628 -0
    outer loop
      vertex 83.0226 -77.5274 50
      vertex 82.5 -77.5 60
      vertex 83.0226 -77.5274 60
    endloop
  endfacet
  facet normal 0.0523582 0.998628 0
    outer loop
      vertex 82.5 -77.5 60
      vertex 83.0226 -77.5274 50
      vertex 82.5 -77.5 50
    endloop
  endfacet
  facet normal -0.629391 0.777089 0
    outer loop
      vertex 79.5611 -78.4549 50
      vertex 79.1544 -78.7843 60
      vertex 79.5611 -78.4549 60
    endloop
  endfacet
  facet normal -0.629391 0.777089 0
    outer loop
      vertex 79.1544 -78.7843 60
      vertex 79.5611 -78.4549 50
      vertex 79.1544 -78.7843 50
    endloop
  endfacet
  facet normal -0.258733 0.965949 0
    outer loop
      vertex 81.4604 -77.6093 50
      vertex 80.9549 -77.7447 60
      vertex 81.4604 -77.6093 60
    endloop
  endfacet
  facet normal -0.258733 0.965949 0
    outer loop
      vertex 80.9549 -77.7447 60
      vertex 81.4604 -77.6093 50
      vertex 80.9549 -77.7447 50
    endloop
  endfacet
  facet normal -0.838692 -0.544605 0
    outer loop
      vertex 78.4549 -85.4389 50
      vertex 78.1699 -85 60
      vertex 78.1699 -85 50
    endloop
  endfacet
  facet normal -0.838692 -0.544605 0
    outer loop
      vertex 78.1699 -85 60
      vertex 78.4549 -85.4389 50
      vertex 78.4549 -85.4389 60
    endloop
  endfacet
  facet normal 0.358441 0.933552 -0
    outer loop
      vertex 84.5337 -77.9323 50
      vertex 84.0451 -77.7447 60
      vertex 84.5337 -77.9323 60
    endloop
  endfacet
  facet normal 0.358441 0.933552 0
    outer loop
      vertex 84.0451 -77.7447 60
      vertex 84.5337 -77.9323 50
      vertex 84.0451 -77.7447 50
    endloop
  endfacet
  facet normal 0.258733 0.965949 -0
    outer loop
      vertex 84.0451 -77.7447 50
      vertex 83.5396 -77.6093 60
      vertex 84.0451 -77.7447 60
    endloop
  endfacet
  facet normal 0.258733 0.965949 0
    outer loop
      vertex 83.5396 -77.6093 60
      vertex 84.0451 -77.7447 50
      vertex 83.5396 -77.6093 50
    endloop
  endfacet
  facet normal -0.838692 0.544605 0
    outer loop
      vertex 78.1699 -80 50
      vertex 78.4549 -79.5611 60
      vertex 78.4549 -79.5611 50
    endloop
  endfacet
  facet normal -0.838692 0.544605 0
    outer loop
      vertex 78.4549 -79.5611 60
      vertex 78.1699 -80 50
      vertex 78.1699 -80 60
    endloop
  endfacet
  facet normal -0.777089 0.629391 0
    outer loop
      vertex 78.4549 -79.5611 50
      vertex 78.7843 -79.1544 60
      vertex 78.7843 -79.1544 50
    endloop
  endfacet
  facet normal -0.777089 0.629391 0
    outer loop
      vertex 78.7843 -79.1544 60
      vertex 78.4549 -79.5611 50
      vertex 78.4549 -79.5611 60
    endloop
  endfacet
  facet normal -0.0523582 0.998628 0
    outer loop
      vertex 82.5 -77.5 50
      vertex 81.9774 -77.5274 60
      vertex 82.5 -77.5 60
    endloop
  endfacet
  facet normal -0.0523582 0.998628 0
    outer loop
      vertex 81.9774 -77.5274 60
      vertex 82.5 -77.5 50
      vertex 81.9774 -77.5274 50
    endloop
  endfacet
  facet normal 0.258733 -0.965949 0
    outer loop
      vertex 83.5396 -87.3907 50
      vertex 84.0451 -87.2553 60
      vertex 83.5396 -87.3907 60
    endloop
  endfacet
  facet normal 0.258733 -0.965949 0
    outer loop
      vertex 84.0451 -87.2553 60
      vertex 83.5396 -87.3907 50
      vertex 84.0451 -87.2553 50
    endloop
  endfacet
  facet normal -0.358441 -0.933552 0
    outer loop
      vertex 80.4663 -87.0677 50
      vertex 80.9549 -87.2553 60
      vertex 80.4663 -87.0677 60
    endloop
  endfacet
  facet normal -0.358441 -0.933552 -0
    outer loop
      vertex 80.9549 -87.2553 60
      vertex 80.4663 -87.0677 50
      vertex 80.9549 -87.2553 50
    endloop
  endfacet
  facet normal -0.544605 -0.838692 0
    outer loop
      vertex 79.5611 -86.5451 50
      vertex 80 -86.8301 60
      vertex 79.5611 -86.5451 60
    endloop
  endfacet
  facet normal -0.544605 -0.838692 -0
    outer loop
      vertex 80 -86.8301 60
      vertex 79.5611 -86.5451 50
      vertex 80 -86.8301 50
    endloop
  endfacet
  facet normal -0.987684 -0.156463 0
    outer loop
      vertex 77.6093 -83.5396 50
      vertex 77.5274 -83.0226 60
      vertex 77.5274 -83.0226 50
    endloop
  endfacet
  facet normal -0.987684 -0.156463 0
    outer loop
      vertex 77.5274 -83.0226 60
      vertex 77.6093 -83.5396 50
      vertex 77.6093 -83.5396 60
    endloop
  endfacet
  facet normal 0.454003 0.891 -0
    outer loop
      vertex 85 -78.1699 50
      vertex 84.5337 -77.9323 60
      vertex 85 -78.1699 60
    endloop
  endfacet
  facet normal 0.454003 0.891 0
    outer loop
      vertex 84.5337 -77.9323 60
      vertex 85 -78.1699 50
      vertex 84.5337 -77.9323 50
    endloop
  endfacet
  facet normal -0.891 0.454003 0
    outer loop
      vertex 77.9323 -80.4663 50
      vertex 78.1699 -80 60
      vertex 78.1699 -80 50
    endloop
  endfacet
  facet normal -0.891 0.454003 0
    outer loop
      vertex 78.1699 -80 60
      vertex 77.9323 -80.4663 50
      vertex 77.9323 -80.4663 60
    endloop
  endfacet
  facet normal -0.965949 0.258733 0
    outer loop
      vertex 77.6093 -81.4604 50
      vertex 77.7447 -80.9549 60
      vertex 77.7447 -80.9549 50
    endloop
  endfacet
  facet normal -0.965949 0.258733 0
    outer loop
      vertex 77.7447 -80.9549 60
      vertex 77.6093 -81.4604 50
      vertex 77.6093 -81.4604 60
    endloop
  endfacet
  facet normal -0.454003 0.891 0
    outer loop
      vertex 80.4663 -77.9323 50
      vertex 80 -78.1699 60
      vertex 80.4663 -77.9323 60
    endloop
  endfacet
  facet normal -0.454003 0.891 0
    outer loop
      vertex 80 -78.1699 60
      vertex 80.4663 -77.9323 50
      vertex 80 -78.1699 50
    endloop
  endfacet
  facet normal -0.544605 0.838692 0
    outer loop
      vertex 80 -78.1699 50
      vertex 79.5611 -78.4549 60
      vertex 80 -78.1699 60
    endloop
  endfacet
  facet normal -0.544605 0.838692 0
    outer loop
      vertex 79.5611 -78.4549 60
      vertex 80 -78.1699 50
      vertex 79.5611 -78.4549 50
    endloop
  endfacet
  facet normal -0.156463 0.987684 0
    outer loop
      vertex 81.9774 -77.5274 50
      vertex 81.4604 -77.6093 60
      vertex 81.9774 -77.5274 60
    endloop
  endfacet
  facet normal -0.156463 0.987684 0
    outer loop
      vertex 81.4604 -77.6093 60
      vertex 81.9774 -77.5274 50
      vertex 81.4604 -77.6093 50
    endloop
  endfacet
  facet normal 0.0523582 -0.998628 0
    outer loop
      vertex 82.5 -87.5 50
      vertex 83.0226 -87.4726 60
      vertex 82.5 -87.5 60
    endloop
  endfacet
  facet normal 0.0523582 -0.998628 0
    outer loop
      vertex 83.0226 -87.4726 60
      vertex 82.5 -87.5 50
      vertex 83.0226 -87.4726 50
    endloop
  endfacet
  facet normal 0.156463 -0.987684 0
    outer loop
      vertex 83.0226 -87.4726 50
      vertex 83.5396 -87.3907 60
      vertex 83.0226 -87.4726 60
    endloop
  endfacet
  facet normal 0.156463 -0.987684 0
    outer loop
      vertex 83.5396 -87.3907 60
      vertex 83.0226 -87.4726 50
      vertex 83.5396 -87.3907 50
    endloop
  endfacet
  facet normal 0.454003 -0.891 0
    outer loop
      vertex 84.5337 -87.0677 50
      vertex 85 -86.8301 60
      vertex 84.5337 -87.0677 60
    endloop
  endfacet
  facet normal 0.454003 -0.891 0
    outer loop
      vertex 85 -86.8301 60
      vertex 84.5337 -87.0677 50
      vertex 85 -86.8301 50
    endloop
  endfacet
  facet normal -0.156463 -0.987684 0
    outer loop
      vertex 81.4604 -87.3907 50
      vertex 81.9774 -87.4726 60
      vertex 81.4604 -87.3907 60
    endloop
  endfacet
  facet normal -0.156463 -0.987684 -0
    outer loop
      vertex 81.9774 -87.4726 60
      vertex 81.4604 -87.3907 50
      vertex 81.9774 -87.4726 50
    endloop
  endfacet
  facet normal -0.707107 -0.707107 0
    outer loop
      vertex 79.1544 -86.2157 50
      vertex 78.7843 -85.8456 60
      vertex 78.7843 -85.8456 50
    endloop
  endfacet
  facet normal -0.707107 -0.707107 0
    outer loop
      vertex 78.7843 -85.8456 60
      vertex 79.1544 -86.2157 50
      vertex 79.1544 -86.2157 60
    endloop
  endfacet
  facet normal -0.454003 -0.891 0
    outer loop
      vertex 80 -86.8301 50
      vertex 80.4663 -87.0677 60
      vertex 80 -86.8301 60
    endloop
  endfacet
  facet normal -0.454003 -0.891 -0
    outer loop
      vertex 80.4663 -87.0677 60
      vertex 80 -86.8301 50
      vertex 80.4663 -87.0677 50
    endloop
  endfacet
  facet normal -0.0523582 -0.998628 0
    outer loop
      vertex 81.9774 -87.4726 50
      vertex 82.5 -87.5 60
      vertex 81.9774 -87.4726 60
    endloop
  endfacet
  facet normal -0.0523582 -0.998628 -0
    outer loop
      vertex 82.5 -87.5 60
      vertex 81.9774 -87.4726 50
      vertex 82.5 -87.5 50
    endloop
  endfacet
  facet normal -0.629391 -0.777089 0
    outer loop
      vertex 79.1544 -86.2157 50
      vertex 79.5611 -86.5451 60
      vertex 79.1544 -86.2157 60
    endloop
  endfacet
  facet normal -0.629391 -0.777089 -0
    outer loop
      vertex 79.5611 -86.5451 60
      vertex 79.1544 -86.2157 50
      vertex 79.5611 -86.5451 50
    endloop
  endfacet
  facet normal -0.777089 -0.629391 0
    outer loop
      vertex 78.7843 -85.8456 50
      vertex 78.4549 -85.4389 60
      vertex 78.4549 -85.4389 50
    endloop
  endfacet
  facet normal -0.777089 -0.629391 0
    outer loop
      vertex 78.4549 -85.4389 60
      vertex 78.7843 -85.8456 50
      vertex 78.7843 -85.8456 60
    endloop
  endfacet
  facet normal -0.933552 -0.358441 0
    outer loop
      vertex 77.9323 -84.5337 50
      vertex 77.7447 -84.0451 60
      vertex 77.7447 -84.0451 50
    endloop
  endfacet
  facet normal -0.933552 -0.358441 0
    outer loop
      vertex 77.7447 -84.0451 60
      vertex 77.9323 -84.5337 50
      vertex 77.9323 -84.5337 60
    endloop
  endfacet
  facet normal -0.965949 -0.258733 0
    outer loop
      vertex 77.7447 -84.0451 50
      vertex 77.6093 -83.5396 60
      vertex 77.6093 -83.5396 50
    endloop
  endfacet
  facet normal -0.965949 -0.258733 0
    outer loop
      vertex 77.6093 -83.5396 60
      vertex 77.7447 -84.0451 50
      vertex 77.7447 -84.0451 60
    endloop
  endfacet
  facet normal -0.998628 -0.0523582 0
    outer loop
      vertex 77.5274 -83.0226 50
      vertex 77.5 -82.5 60
      vertex 77.5 -82.5 50
    endloop
  endfacet
  facet normal -0.998628 -0.0523582 0
    outer loop
      vertex 77.5 -82.5 60
      vertex 77.5274 -83.0226 50
      vertex 77.5274 -83.0226 60
    endloop
  endfacet
  facet normal 0 0 -1
    outer loop
      vertex 83.25 -83.799 50
      vertex 85 -86.8301 50
      vertex 84.5337 -87.0677 50
    endloop
  endfacet
  facet normal 0 0 -1
    outer loop
      vertex 85 -86.8301 50
      vertex 84 -82.5 50
      vertex 85 -78.1699 50
    endloop
  endfacet
  facet normal 0 0 -1
    outer loop
      vertex 83.1101 -83.8703 50
      vertex 84.5337 -87.0677 50
      vertex 84.0451 -87.2553 50
    endloop
  endfacet
  facet normal 0 0 -1
    outer loop
      vertex 83.9918 -82.3432 50
      vertex 85 -78.1699 50
      vertex 84 -82.5 50
    endloop
  endfacet
  facet normal 0 0 -1
    outer loop
      vertex 83.9672 -82.1881 50
      vertex 85 -78.1699 50
      vertex 83.9918 -82.3432 50
    endloop
  endfacet
  facet normal 0 0 -1
    outer loop
      vertex 85 -86.8301 50
      vertex 83.9918 -82.6568 50
      vertex 84 -82.5 50
    endloop
  endfacet
  facet normal 0 0 -1
    outer loop
      vertex 85 -86.8301 50
      vertex 83.9672 -82.8119 50
      vertex 83.9918 -82.6568 50
    endloop
  endfacet
  facet normal 0 0 -1
    outer loop
      vertex 85 -86.8301 50
      vertex 83.9266 -82.9635 50
      vertex 83.9672 -82.8119 50
    endloop
  endfacet
  facet normal 0 0 -1
    outer loop
      vertex 85 -86.8301 50
      vertex 83.8703 -83.1101 50
      vertex 83.9266 -82.9635 50
    endloop
  endfacet
  facet normal 0 0 -1
    outer loop
      vertex 85 -86.8301 50
      vertex 83.799 -83.25 50
      vertex 83.8703 -83.1101 50
    endloop
  endfacet
  facet normal 0 0 -1
    outer loop
      vertex 85 -86.8301 50
      vertex 83.7135 -83.3817 50
      vertex 83.799 -83.25 50
    endloop
  endfacet
  facet normal 0 0 -1
    outer loop
      vertex 85 -86.8301 50
      vertex 83.6147 -83.5037 50
      vertex 83.7135 -83.3817 50
    endloop
  endfacet
  facet normal 0 0 -1
    outer loop
      vertex 82.9635 -83.9266 50
      vertex 84.0451 -87.2553 50
      vertex 83.5396 -87.3907 50
    endloop
  endfacet
  facet normal 0 0 -1
    outer loop
      vertex 85 -86.8301 50
      vertex 83.5037 -83.6147 50
      vertex 83.6147 -83.5037 50
    endloop
  endfacet
  facet normal 0 0 -1
    outer loop
      vertex 85 -86.8301 50
      vertex 83.3817 -83.7135 50
      vertex 83.5037 -83.6147 50
    endloop
  endfacet
  facet normal 0 0 -1
    outer loop
      vertex 85 -86.8301 50
      vertex 83.25 -83.799 50
      vertex 83.3817 -83.7135 50
    endloop
  endfacet
  facet normal 0 0 -1
    outer loop
      vertex 84.5337 -87.0677 50
      vertex 83.1101 -83.8703 50
      vertex 83.25 -83.799 50
    endloop
  endfacet
  facet normal 0 0 -1
    outer loop
      vertex 82.8119 -83.9672 50
      vertex 83.5396 -87.3907 50
      vertex 83.0226 -87.4726 50
    endloop
  endfacet
  facet normal 0 0 -1
    outer loop
      vertex 84.0451 -87.2553 50
      vertex 82.9635 -83.9266 50
      vertex 83.1101 -83.8703 50
    endloop
  endfacet
  facet normal 0 0 -1
    outer loop
      vertex 83.5396 -87.3907 50
      vertex 82.8119 -83.9672 50
      vertex 82.9635 -83.9266 50
    endloop
  endfacet
  facet normal 0 0 -1
    outer loop
      vertex 83.0226 -87.4726 50
      vertex 82.6568 -83.9918 50
      vertex 82.8119 -83.9672 50
    endloop
  endfacet
  facet normal 0 0 -1
    outer loop
      vertex 82.5 -87.5 50
      vertex 82.6568 -83.9918 50
      vertex 83.0226 -87.4726 50
    endloop
  endfacet
  facet normal 0 0 -1
    outer loop
      vertex 82.5 -87.5 50
      vertex 82.5 -84 50
      vertex 82.6568 -83.9918 50
    endloop
  endfacet
  facet normal 0 0 -1
    outer loop
      vertex 82.5 -87.5 50
      vertex 82.3432 -83.9918 50
      vertex 82.5 -84 50
    endloop
  endfacet
  facet normal 0 0 -1
    outer loop
      vertex 81.9774 -87.4726 50
      vertex 82.3432 -83.9918 50
      vertex 82.5 -87.5 50
    endloop
  endfacet
  facet normal -0 0 -1
    outer loop
      vertex 82.3432 -83.9918 50
      vertex 81.9774 -87.4726 50
      vertex 82.1881 -83.9672 50
    endloop
  endfacet
  facet normal 0 0 -1
    outer loop
      vertex 81.4604 -87.3907 50
      vertex 82.1881 -83.9672 50
      vertex 81.9774 -87.4726 50
    endloop
  endfacet
  facet normal -0 0 -1
    outer loop
      vertex 82.1881 -83.9672 50
      vertex 81.4604 -87.3907 50
      vertex 82.0365 -83.9266 50
    endloop
  endfacet
  facet normal 0 0 -1
    outer loop
      vertex 80.9549 -87.2553 50
      vertex 82.0365 -83.9266 50
      vertex 81.4604 -87.3907 50
    endloop
  endfacet
  facet normal -0 0 -1
    outer loop
      vertex 82.0365 -83.9266 50
      vertex 80.9549 -87.2553 50
      vertex 81.8899 -83.8703 50
    endloop
  endfacet
  facet normal 0 0 -1
    outer loop
      vertex 80.4663 -87.0677 50
      vertex 81.8899 -83.8703 50
      vertex 80.9549 -87.2553 50
    endloop
  endfacet
  facet normal -0 0 -1
    outer loop
      vertex 81.8899 -83.8703 50
      vertex 80.4663 -87.0677 50
      vertex 81.75 -83.799 50
    endloop
  endfacet
  facet normal 0 0 -1
    outer loop
      vertex 80 -86.8301 50
      vertex 81.75 -83.799 50
      vertex 80.4663 -87.0677 50
    endloop
  endfacet
  facet normal -0 0 -1
    outer loop
      vertex 81.75 -83.799 50
      vertex 80 -86.8301 50
      vertex 81.6183 -83.7135 50
    endloop
  endfacet
  facet normal 0 0 -1
    outer loop
      vertex 79.5611 -86.5451 50
      vertex 81.6183 -83.7135 50
      vertex 80 -86.8301 50
    endloop
  endfacet
  facet normal -0 0 -1
    outer loop
      vertex 81.6183 -83.7135 50
      vertex 79.5611 -86.5451 50
      vertex 81.4963 -83.6147 50
    endloop
  endfacet
  facet normal 0 0 -1
    outer loop
      vertex 79.1544 -86.2157 50
      vertex 81.4963 -83.6147 50
      vertex 79.5611 -86.5451 50
    endloop
  endfacet
  facet normal -0 0 -1
    outer loop
      vertex 81.4963 -83.6147 50
      vertex 79.1544 -86.2157 50
      vertex 81.3853 -83.5037 50
    endloop
  endfacet
  facet normal 0 0 -1
    outer loop
      vertex 78.7843 -85.8456 50
      vertex 81.3853 -83.5037 50
      vertex 79.1544 -86.2157 50
    endloop
  endfacet
  facet normal 0 0 -1
    outer loop
      vertex 78.4549 -85.4389 50
      vertex 81.2865 -83.3817 50
      vertex 78.7843 -85.8456 50
    endloop
  endfacet
  facet normal -0 0 -1
    outer loop
      vertex 81.3853 -83.5037 50
      vertex 78.7843 -85.8456 50
      vertex 81.2865 -83.3817 50
    endloop
  endfacet
  facet normal 0 0 -1
    outer loop
      vertex 83.9266 -82.0365 50
      vertex 85 -78.1699 50
      vertex 83.9672 -82.1881 50
    endloop
  endfacet
  facet normal 0 0 -1
    outer loop
      vertex 83.8703 -81.8899 50
      vertex 85 -78.1699 50
      vertex 83.9266 -82.0365 50
    endloop
  endfacet
  facet normal 0 0 -1
    outer loop
      vertex 83.799 -81.75 50
      vertex 85 -78.1699 50
      vertex 83.8703 -81.8899 50
    endloop
  endfacet
  facet normal 0 0 -1
    outer loop
      vertex 83.7135 -81.6183 50
      vertex 85 -78.1699 50
      vertex 83.799 -81.75 50
    endloop
  endfacet
  facet normal 0 0 -1
    outer loop
      vertex 83.6147 -81.4963 50
      vertex 85 -78.1699 50
      vertex 83.7135 -81.6183 50
    endloop
  endfacet
  facet normal 0 0 -1
    outer loop
      vertex 83.5037 -81.3853 50
      vertex 85 -78.1699 50
      vertex 83.6147 -81.4963 50
    endloop
  endfacet
  facet normal 0 0 -1
    outer loop
      vertex 83.3817 -81.2865 50
      vertex 85 -78.1699 50
      vertex 83.5037 -81.3853 50
    endloop
  endfacet
  facet normal 0 0 -1
    outer loop
      vertex 83.25 -81.201 50
      vertex 85 -78.1699 50
      vertex 83.3817 -81.2865 50
    endloop
  endfacet
  facet normal -0 0 -1
    outer loop
      vertex 85 -78.1699 50
      vertex 83.25 -81.201 50
      vertex 84.5337 -77.9323 50
    endloop
  endfacet
  facet normal 0 0 -1
    outer loop
      vertex 83.1101 -81.1297 50
      vertex 84.5337 -77.9323 50
      vertex 83.25 -81.201 50
    endloop
  endfacet
  facet normal -0 0 -1
    outer loop
      vertex 84.5337 -77.9323 50
      vertex 83.1101 -81.1297 50
      vertex 84.0451 -77.7447 50
    endloop
  endfacet
  facet normal 0 0 -1
    outer loop
      vertex 82.9635 -81.0734 50
      vertex 84.0451 -77.7447 50
      vertex 83.1101 -81.1297 50
    endloop
  endfacet
  facet normal -0 0 -1
    outer loop
      vertex 84.0451 -77.7447 50
      vertex 82.9635 -81.0734 50
      vertex 83.5396 -77.6093 50
    endloop
  endfacet
  facet normal 0 0 -1
    outer loop
      vertex 82.8119 -81.0328 50
      vertex 83.5396 -77.6093 50
      vertex 82.9635 -81.0734 50
    endloop
  endfacet
  facet normal -0 0 -1
    outer loop
      vertex 83.5396 -77.6093 50
      vertex 82.8119 -81.0328 50
      vertex 83.0226 -77.5274 50
    endloop
  endfacet
  facet normal 0 0 -1
    outer loop
      vertex 82.6568 -81.0082 50
      vertex 83.0226 -77.5274 50
      vertex 82.8119 -81.0328 50
    endloop
  endfacet
  facet normal 0 0 -1
    outer loop
      vertex 82.5 -81 50
      vertex 83.0226 -77.5274 50
      vertex 82.6568 -81.0082 50
    endloop
  endfacet
  facet normal 0 0 -1
    outer loop
      vertex 82.5 -81 50
      vertex 82.5 -77.5 50
      vertex 83.0226 -77.5274 50
    endloop
  endfacet
  facet normal 0 0 -1
    outer loop
      vertex 82.3432 -81.0082 50
      vertex 82.5 -77.5 50
      vertex 82.5 -81 50
    endloop
  endfacet
  facet normal 0 0 -1
    outer loop
      vertex 81.9774 -77.5274 50
      vertex 82.3432 -81.0082 50
      vertex 82.1881 -81.0328 50
    endloop
  endfacet
  facet normal 0 0 -1
    outer loop
      vertex 81.4604 -77.6093 50
      vertex 82.1881 -81.0328 50
      vertex 82.0365 -81.0734 50
    endloop
  endfacet
  facet normal 0 0 -1
    outer loop
      vertex 82.3432 -81.0082 50
      vertex 81.9774 -77.5274 50
      vertex 82.5 -77.5 50
    endloop
  endfacet
  facet normal 0 0 -1
    outer loop
      vertex 80.9549 -77.7447 50
      vertex 82.0365 -81.0734 50
      vertex 81.8899 -81.1297 50
    endloop
  endfacet
  facet normal 0 0 -1
    outer loop
      vertex 80.4663 -77.9323 50
      vertex 81.8899 -81.1297 50
      vertex 81.75 -81.201 50
    endloop
  endfacet
  facet normal 0 0 -1
    outer loop
      vertex 80 -78.1699 50
      vertex 81.75 -81.201 50
      vertex 81.6183 -81.2865 50
    endloop
  endfacet
  facet normal 0 0 -1
    outer loop
      vertex 79.5611 -78.4549 50
      vertex 81.6183 -81.2865 50
      vertex 81.4963 -81.3853 50
    endloop
  endfacet
  facet normal 0 0 -1
    outer loop
      vertex 82.1881 -81.0328 50
      vertex 81.4604 -77.6093 50
      vertex 81.9774 -77.5274 50
    endloop
  endfacet
  facet normal 0 0 -1
    outer loop
      vertex 79.1544 -78.7843 50
      vertex 81.4963 -81.3853 50
      vertex 81.3853 -81.4963 50
    endloop
  endfacet
  facet normal 0 0 -1
    outer loop
      vertex 78.7843 -79.1544 50
      vertex 81.3853 -81.4963 50
      vertex 81.2865 -81.6183 50
    endloop
  endfacet
  facet normal 0 0 -1
    outer loop
      vertex 78.4549 -79.5611 50
      vertex 81.2865 -81.6183 50
      vertex 81.201 -81.75 50
    endloop
  endfacet
  facet normal 0 0 -1
    outer loop
      vertex 78.1699 -80 50
      vertex 81.201 -81.75 50
      vertex 81.1297 -81.8899 50
    endloop
  endfacet
  facet normal 0 0 -1
    outer loop
      vertex 77.9323 -80.4663 50
      vertex 81.1297 -81.8899 50
      vertex 81.0734 -82.0365 50
    endloop
  endfacet
  facet normal 0 0 -1
    outer loop
      vertex 77.7447 -80.9549 50
      vertex 81.0734 -82.0365 50
      vertex 81.0328 -82.1881 50
    endloop
  endfacet
  facet normal 0 0 -1
    outer loop
      vertex 77.6093 -81.4604 50
      vertex 81.0328 -82.1881 50
      vertex 81.0082 -82.3432 50
    endloop
  endfacet
  facet normal 0 0 -1
    outer loop
      vertex 82.0365 -81.0734 50
      vertex 80.9549 -77.7447 50
      vertex 81.4604 -77.6093 50
    endloop
  endfacet
  facet normal 0 0 -1
    outer loop
      vertex 77.5274 -81.9774 50
      vertex 81.0082 -82.3432 50
      vertex 81 -82.5 50
    endloop
  endfacet
  facet normal -0 0 -1
    outer loop
      vertex 81.2865 -83.3817 50
      vertex 78.4549 -85.4389 50
      vertex 81.201 -83.25 50
    endloop
  endfacet
  facet normal 0 0 -1
    outer loop
      vertex 78.1699 -85 50
      vertex 81.201 -83.25 50
      vertex 78.4549 -85.4389 50
    endloop
  endfacet
  facet normal 0 0 -1
    outer loop
      vertex 81.8899 -81.1297 50
      vertex 80.4663 -77.9323 50
      vertex 80.9549 -77.7447 50
    endloop
  endfacet
  facet normal -0 0 -1
    outer loop
      vertex 81.201 -83.25 50
      vertex 78.1699 -85 50
      vertex 81.1297 -83.1101 50
    endloop
  endfacet
  facet normal 0 0 -1
    outer loop
      vertex 81.75 -81.201 50
      vertex 80 -78.1699 50
      vertex 80.4663 -77.9323 50
    endloop
  endfacet
  facet normal 0 0 -1
    outer loop
      vertex 77.9323 -84.5337 50
      vertex 81.1297 -83.1101 50
      vertex 78.1699 -85 50
    endloop
  endfacet
  facet normal 0 0 -1
    outer loop
      vertex 81.6183 -81.2865 50
      vertex 79.5611 -78.4549 50
      vertex 80 -78.1699 50
    endloop
  endfacet
  facet normal -0 0 -1
    outer loop
      vertex 81.1297 -83.1101 50
      vertex 77.9323 -84.5337 50
      vertex 81.0734 -82.9635 50
    endloop
  endfacet
  facet normal 0 0 -1
    outer loop
      vertex 81.4963 -81.3853 50
      vertex 79.1544 -78.7843 50
      vertex 79.5611 -78.4549 50
    endloop
  endfacet
  facet normal 0 0 -1
    outer loop
      vertex 77.7447 -84.0451 50
      vertex 81.0734 -82.9635 50
      vertex 77.9323 -84.5337 50
    endloop
  endfacet
  facet normal 0 0 -1
    outer loop
      vertex 81.3853 -81.4963 50
      vertex 78.7843 -79.1544 50
      vertex 79.1544 -78.7843 50
    endloop
  endfacet
  facet normal -0 0 -1
    outer loop
      vertex 81.0734 -82.9635 50
      vertex 77.7447 -84.0451 50
      vertex 81.0328 -82.8119 50
    endloop
  endfacet
  facet normal 0 0 -1
    outer loop
      vertex 81.2865 -81.6183 50
      vertex 78.4549 -79.5611 50
      vertex 78.7843 -79.1544 50
    endloop
  endfacet
  facet normal 0 0 -1
    outer loop
      vertex 77.6093 -83.5396 50
      vertex 81.0328 -82.8119 50
      vertex 77.7447 -84.0451 50
    endloop
  endfacet
  facet normal 0 0 -1
    outer loop
      vertex 81.201 -81.75 50
      vertex 78.1699 -80 50
      vertex 78.4549 -79.5611 50
    endloop
  endfacet
  facet normal -0 0 -1
    outer loop
      vertex 81.0328 -82.8119 50
      vertex 77.6093 -83.5396 50
      vertex 81.0082 -82.6568 50
    endloop
  endfacet
  facet normal 0 0 -1
    outer loop
      vertex 81.1297 -81.8899 50
      vertex 77.9323 -80.4663 50
      vertex 78.1699 -80 50
    endloop
  endfacet
  facet normal 0 0 -1
    outer loop
      vertex 77.5274 -83.0226 50
      vertex 81.0082 -82.6568 50
      vertex 77.6093 -83.5396 50
    endloop
  endfacet
  facet normal 0 0 -1
    outer loop
      vertex 81.0734 -82.0365 50
      vertex 77.7447 -80.9549 50
      vertex 77.9323 -80.4663 50
    endloop
  endfacet
  facet normal -0 0 -1
    outer loop
      vertex 81.0082 -82.6568 50
      vertex 77.5274 -83.0226 50
      vertex 81 -82.5 50
    endloop
  endfacet
  facet normal 0 0 -1
    outer loop
      vertex 81.0328 -82.1881 50
      vertex 77.6093 -81.4604 50
      vertex 77.7447 -80.9549 50
    endloop
  endfacet
  facet normal 0 0 -1
    outer loop
      vertex 77.5 -82.5 50
      vertex 81 -82.5 50
      vertex 77.5274 -83.0226 50
    endloop
  endfacet
  facet normal 0 0 -1
    outer loop
      vertex 81.0082 -82.3432 50
      vertex 77.5274 -81.9774 50
      vertex 77.6093 -81.4604 50
    endloop
  endfacet
  facet normal 0 0 -1
    outer loop
      vertex 81 -82.5 50
      vertex 77.5 -82.5 50
      vertex 77.5274 -81.9774 50
    endloop
  endfacet
  facet normal 0.156463 0.987684 -0
    outer loop
      vertex 83.5396 -77.6093 50
      vertex 83.0226 -77.5274 60
      vertex 83.5396 -77.6093 60
    endloop
  endfacet
  facet normal 0.156463 0.987684 0
    outer loop
      vertex 83.0226 -77.5274 60
      vertex 83.5396 -77.6093 50
      vertex 83.0226 -77.5274 50
    endloop
  endfacet
  facet normal -0.707107 0.707107 0
    outer loop
      vertex 78.7843 -79.1544 50
      vertex 79.1544 -78.7843 60
      vertex 79.1544 -78.7843 50
    endloop
  endfacet
  facet normal -0.707107 0.707107 0
    outer loop
      vertex 79.1544 -78.7843 60
      vertex 78.7843 -79.1544 50
      vertex 78.7843 -79.1544 60
    endloop
  endfacet
  facet normal -0.987684 0.156463 0
    outer loop
      vertex 77.5274 -81.9774 50
      vertex 77.6093 -81.4604 60
      vertex 77.6093 -81.4604 50
    endloop
  endfacet
  facet normal -0.987684 0.156463 0
    outer loop
      vertex 77.6093 -81.4604 60
      vertex 77.5274 -81.9774 50
      vertex 77.5274 -81.9774 60
    endloop
  endfacet
  facet normal -0.933552 0.358441 0
    outer loop
      vertex 77.7447 -80.9549 50
      vertex 77.9323 -80.4663 60
      vertex 77.9323 -80.4663 50
    endloop
  endfacet
  facet normal -0.933552 0.358441 0
    outer loop
      vertex 77.9323 -80.4663 60
      vertex 77.7447 -80.9549 50
      vertex 77.7447 -80.9549 60
    endloop
  endfacet
  facet normal -0.358441 0.933552 0
    outer loop
      vertex 80.9549 -77.7447 50
      vertex 80.4663 -77.9323 60
      vertex 80.9549 -77.7447 60
    endloop
  endfacet
  facet normal -0.358441 0.933552 0
    outer loop
      vertex 80.4663 -77.9323 60
      vertex 80.9549 -77.7447 50
      vertex 80.4663 -77.9323 50
    endloop
  endfacet
  facet normal 0.358441 -0.933552 0
    outer loop
      vertex 84.0451 -87.2553 50
      vertex 84.5337 -87.0677 60
      vertex 84.0451 -87.2553 60
    endloop
  endfacet
  facet normal 0.358441 -0.933552 0
    outer loop
      vertex 84.5337 -87.0677 60
      vertex 84.0451 -87.2553 50
      vertex 84.5337 -87.0677 50
    endloop
  endfacet
  facet normal -0.258733 -0.965949 0
    outer loop
      vertex 80.9549 -87.2553 50
      vertex 81.4604 -87.3907 60
      vertex 80.9549 -87.2553 60
    endloop
  endfacet
  facet normal -0.258733 -0.965949 -0
    outer loop
      vertex 81.4604 -87.3907 60
      vertex 80.9549 -87.2553 50
      vertex 81.4604 -87.3907 50
    endloop
  endfacet
  facet normal -0.891 -0.454003 0
    outer loop
      vertex 78.1699 -85 50
      vertex 77.9323 -84.5337 60
      vertex 77.9323 -84.5337 50
    endloop
  endfacet
  facet normal -0.891 -0.454003 0
    outer loop
      vertex 77.9323 -84.5337 60
      vertex 78.1699 -85 50
      vertex 78.1699 -85 60
    endloop
  endfacet
  facet normal -0.629345 -0.777126 0
    outer loop
      vertex 83.3817 -81.2865 50
      vertex 83.5037 -81.3853 60
      vertex 83.3817 -81.2865 60
    endloop
  endfacet
  facet normal -0.629345 -0.777126 -0
    outer loop
      vertex 83.5037 -81.3853 60
      vertex 83.3817 -81.2865 50
      vertex 83.5037 -81.3853 50
    endloop
  endfacet
  facet normal -0.998635 0.0522246 0
    outer loop
      vertex 83.9918 -82.6568 50
      vertex 84 -82.5 60
      vertex 84 -82.5 50
    endloop
  endfacet
  facet normal -0.998635 0.0522246 0
    outer loop
      vertex 84 -82.5 60
      vertex 83.9918 -82.6568 50
      vertex 83.9918 -82.6568 60
    endloop
  endfacet
  facet normal 0.35851 -0.933526 0
    outer loop
      vertex 81.8899 -81.1297 50
      vertex 82.0365 -81.0734 60
      vertex 81.8899 -81.1297 60
    endloop
  endfacet
  facet normal 0.35851 -0.933526 0
    outer loop
      vertex 82.0365 -81.0734 60
      vertex 81.8899 -81.1297 50
      vertex 82.0365 -81.0734 50
    endloop
  endfacet
  facet normal 0.890962 -0.454078 0
    outer loop
      vertex 81.1297 -81.8899 60
      vertex 81.201 -81.75 50
      vertex 81.201 -81.75 60
    endloop
  endfacet
  facet normal 0.890962 -0.454078 0
    outer loop
      vertex 81.201 -81.75 50
      vertex 81.1297 -81.8899 60
      vertex 81.1297 -81.8899 50
    endloop
  endfacet
  facet normal -0.890962 -0.454078 0
    outer loop
      vertex 83.8703 -81.8899 50
      vertex 83.799 -81.75 60
      vertex 83.799 -81.75 50
    endloop
  endfacet
  facet normal -0.890962 -0.454078 0
    outer loop
      vertex 83.799 -81.75 60
      vertex 83.8703 -81.8899 50
      vertex 83.8703 -81.8899 60
    endloop
  endfacet
  facet normal -0.838749 -0.544518 0
    outer loop
      vertex 83.799 -81.75 50
      vertex 83.7135 -81.6183 60
      vertex 83.7135 -81.6183 50
    endloop
  endfacet
  facet normal -0.838749 -0.544518 0
    outer loop
      vertex 83.7135 -81.6183 60
      vertex 83.799 -81.75 50
      vertex 83.799 -81.75 60
    endloop
  endfacet
  facet normal -0.707107 -0.707107 0
    outer loop
      vertex 83.6147 -81.4963 50
      vertex 83.5037 -81.3853 60
      vertex 83.5037 -81.3853 50
    endloop
  endfacet
  facet normal -0.707107 -0.707107 0
    outer loop
      vertex 83.5037 -81.3853 60
      vertex 83.6147 -81.4963 50
      vertex 83.6147 -81.4963 60
    endloop
  endfacet
  facet normal -0.454078 -0.890962 0
    outer loop
      vertex 83.1101 -81.1297 50
      vertex 83.25 -81.201 60
      vertex 83.1101 -81.1297 60
    endloop
  endfacet
  facet normal -0.454078 -0.890962 -0
    outer loop
      vertex 83.25 -81.201 60
      vertex 83.1101 -81.1297 50
      vertex 83.25 -81.201 50
    endloop
  endfacet
  facet normal -0.156649 -0.987654 0
    outer loop
      vertex 82.6568 -81.0082 50
      vertex 82.8119 -81.0328 60
      vertex 82.6568 -81.0082 60
    endloop
  endfacet
  facet normal -0.156649 -0.987654 -0
    outer loop
      vertex 82.8119 -81.0328 60
      vertex 82.6568 -81.0082 50
      vertex 82.8119 -81.0328 50
    endloop
  endfacet
  facet normal 0.987654 -0.156649 0
    outer loop
      vertex 81.0082 -82.3432 60
      vertex 81.0328 -82.1881 50
      vertex 81.0328 -82.1881 60
    endloop
  endfacet
  facet normal 0.987654 -0.156649 0
    outer loop
      vertex 81.0328 -82.1881 50
      vertex 81.0082 -82.3432 60
      vertex 81.0082 -82.3432 50
    endloop
  endfacet
  facet normal 0.707107 -0.707107 0
    outer loop
      vertex 81.3853 -81.4963 60
      vertex 81.4963 -81.3853 50
      vertex 81.4963 -81.3853 60
    endloop
  endfacet
  facet normal 0.707107 -0.707107 0
    outer loop
      vertex 81.4963 -81.3853 50
      vertex 81.3853 -81.4963 60
      vertex 81.3853 -81.4963 50
    endloop
  endfacet
  facet normal 0.454078 -0.890962 0
    outer loop
      vertex 81.75 -81.201 50
      vertex 81.8899 -81.1297 60
      vertex 81.75 -81.201 60
    endloop
  endfacet
  facet normal 0.454078 -0.890962 0
    outer loop
      vertex 81.8899 -81.1297 60
      vertex 81.75 -81.201 50
      vertex 81.8899 -81.1297 50
    endloop
  endfacet
  facet normal 0.156649 -0.987654 0
    outer loop
      vertex 82.1881 -81.0328 50
      vertex 82.3432 -81.0082 60
      vertex 82.1881 -81.0328 60
    endloop
  endfacet
  facet normal 0.156649 -0.987654 0
    outer loop
      vertex 82.3432 -81.0082 60
      vertex 82.1881 -81.0328 50
      vertex 82.3432 -81.0082 50
    endloop
  endfacet
  facet normal 0.156649 0.987654 -0
    outer loop
      vertex 82.3432 -83.9918 50
      vertex 82.1881 -83.9672 60
      vertex 82.3432 -83.9918 60
    endloop
  endfacet
  facet normal 0.156649 0.987654 0
    outer loop
      vertex 82.1881 -83.9672 60
      vertex 82.3432 -83.9918 50
      vertex 82.1881 -83.9672 50
    endloop
  endfacet
  facet normal 0.707107 0.707107 0
    outer loop
      vertex 81.4963 -83.6147 60
      vertex 81.3853 -83.5037 50
      vertex 81.3853 -83.5037 60
    endloop
  endfacet
  facet normal 0.707107 0.707107 0
    outer loop
      vertex 81.3853 -83.5037 50
      vertex 81.4963 -83.6147 60
      vertex 81.4963 -83.6147 50
    endloop
  endfacet
  facet normal 0.890962 0.454078 0
    outer loop
      vertex 81.201 -83.25 60
      vertex 81.1297 -83.1101 50
      vertex 81.1297 -83.1101 60
    endloop
  endfacet
  facet normal 0.890962 0.454078 0
    outer loop
      vertex 81.1297 -83.1101 50
      vertex 81.201 -83.25 60
      vertex 81.201 -83.25 50
    endloop
  endfacet
  facet normal -0.987654 -0.156649 0
    outer loop
      vertex 83.9918 -82.3432 50
      vertex 83.9672 -82.1881 60
      vertex 83.9672 -82.1881 50
    endloop
  endfacet
  facet normal -0.987654 -0.156649 0
    outer loop
      vertex 83.9672 -82.1881 60
      vertex 83.9918 -82.3432 50
      vertex 83.9918 -82.3432 60
    endloop
  endfacet
  facet normal -0.965959 -0.258694 0
    outer loop
      vertex 83.9672 -82.1881 50
      vertex 83.9266 -82.0365 60
      vertex 83.9266 -82.0365 50
    endloop
  endfacet
  facet normal -0.965959 -0.258694 0
    outer loop
      vertex 83.9266 -82.0365 60
      vertex 83.9672 -82.1881 50
      vertex 83.9672 -82.1881 60
    endloop
  endfacet
  facet normal -0.933526 -0.35851 0
    outer loop
      vertex 83.9266 -82.0365 50
      vertex 83.8703 -81.8899 60
      vertex 83.8703 -81.8899 50
    endloop
  endfacet
  facet normal -0.933526 -0.35851 0
    outer loop
      vertex 83.8703 -81.8899 60
      vertex 83.9266 -82.0365 50
      vertex 83.9266 -82.0365 60
    endloop
  endfacet
  facet normal -0.777126 -0.629345 0
    outer loop
      vertex 83.7135 -81.6183 50
      vertex 83.6147 -81.4963 60
      vertex 83.6147 -81.4963 50
    endloop
  endfacet
  facet normal -0.777126 -0.629345 0
    outer loop
      vertex 83.6147 -81.4963 60
      vertex 83.7135 -81.6183 50
      vertex 83.7135 -81.6183 60
    endloop
  endfacet
  facet normal -0.544518 -0.838749 0
    outer loop
      vertex 83.25 -81.201 50
      vertex 83.3817 -81.2865 60
      vertex 83.25 -81.201 60
    endloop
  endfacet
  facet normal -0.544518 -0.838749 -0
    outer loop
      vertex 83.3817 -81.2865 60
      vertex 83.25 -81.201 50
      vertex 83.3817 -81.2865 50
    endloop
  endfacet
  facet normal -0.0522246 -0.998635 0
    outer loop
      vertex 82.5 -81 50
      vertex 82.6568 -81.0082 60
      vertex 82.5 -81 60
    endloop
  endfacet
  facet normal -0.0522246 -0.998635 -0
    outer loop
      vertex 82.6568 -81.0082 60
      vertex 82.5 -81 50
      vertex 82.6568 -81.0082 50
    endloop
  endfacet
  facet normal -0.35851 -0.933526 0
    outer loop
      vertex 82.9635 -81.0734 50
      vertex 83.1101 -81.1297 60
      vertex 82.9635 -81.0734 60
    endloop
  endfacet
  facet normal -0.35851 -0.933526 -0
    outer loop
      vertex 83.1101 -81.1297 60
      vertex 82.9635 -81.0734 50
      vertex 83.1101 -81.1297 50
    endloop
  endfacet
  facet normal -0.258694 -0.965959 0
    outer loop
      vertex 82.8119 -81.0328 50
      vertex 82.9635 -81.0734 60
      vertex 82.8119 -81.0328 60
    endloop
  endfacet
  facet normal -0.258694 -0.965959 -0
    outer loop
      vertex 82.9635 -81.0734 60
      vertex 82.8119 -81.0328 50
      vertex 82.9635 -81.0734 50
    endloop
  endfacet
  facet normal 0.998635 -0.0522246 0
    outer loop
      vertex 81 -82.5 60
      vertex 81.0082 -82.3432 50
      vertex 81.0082 -82.3432 60
    endloop
  endfacet
  facet normal 0.998635 -0.0522246 0
    outer loop
      vertex 81.0082 -82.3432 50
      vertex 81 -82.5 60
      vertex 81 -82.5 50
    endloop
  endfacet
  facet normal 0.933526 -0.35851 0
    outer loop
      vertex 81.0734 -82.0365 60
      vertex 81.1297 -81.8899 50
      vertex 81.1297 -81.8899 60
    endloop
  endfacet
  facet normal 0.933526 -0.35851 0
    outer loop
      vertex 81.1297 -81.8899 50
      vertex 81.0734 -82.0365 60
      vertex 81.0734 -82.0365 50
    endloop
  endfacet
  facet normal 0.965959 -0.258694 0
    outer loop
      vertex 81.0328 -82.1881 60
      vertex 81.0734 -82.0365 50
      vertex 81.0734 -82.0365 60
    endloop
  endfacet
  facet normal 0.965959 -0.258694 0
    outer loop
      vertex 81.0734 -82.0365 50
      vertex 81.0328 -82.1881 60
      vertex 81.0328 -82.1881 50
    endloop
  endfacet
  facet normal 0.838749 -0.544518 0
    outer loop
      vertex 81.201 -81.75 60
      vertex 81.2865 -81.6183 50
      vertex 81.2865 -81.6183 60
    endloop
  endfacet
  facet normal 0.838749 -0.544518 0
    outer loop
      vertex 81.2865 -81.6183 50
      vertex 81.201 -81.75 60
      vertex 81.201 -81.75 50
    endloop
  endfacet
  facet normal 0.777126 -0.629345 0
    outer loop
      vertex 81.2865 -81.6183 60
      vertex 81.3853 -81.4963 50
      vertex 81.3853 -81.4963 60
    endloop
  endfacet
  facet normal 0.777126 -0.629345 0
    outer loop
      vertex 81.3853 -81.4963 50
      vertex 81.2865 -81.6183 60
      vertex 81.2865 -81.6183 50
    endloop
  endfacet
  facet normal 0.258694 -0.965959 0
    outer loop
      vertex 82.0365 -81.0734 50
      vertex 82.1881 -81.0328 60
      vertex 82.0365 -81.0734 60
    endloop
  endfacet
  facet normal 0.258694 -0.965959 0
    outer loop
      vertex 82.1881 -81.0328 60
      vertex 82.0365 -81.0734 50
      vertex 82.1881 -81.0328 50
    endloop
  endfacet
  facet normal 0.0522246 -0.998635 0
    outer loop
      vertex 82.3432 -81.0082 50
      vertex 82.5 -81 60
      vertex 82.3432 -81.0082 60
    endloop
  endfacet
  facet normal 0.0522246 -0.998635 0
    outer loop
      vertex 82.5 -81 60
      vertex 82.3432 -81.0082 50
      vertex 82.5 -81 50
    endloop
  endfacet
  facet normal 0.544518 -0.838749 0
    outer loop
      vertex 81.6183 -81.2865 50
      vertex 81.75 -81.201 60
      vertex 81.6183 -81.2865 60
    endloop
  endfacet
  facet normal 0.544518 -0.838749 0
    outer loop
      vertex 81.75 -81.201 60
      vertex 81.6183 -81.2865 50
      vertex 81.75 -81.201 50
    endloop
  endfacet
  facet normal 0.629345 -0.777126 0
    outer loop
      vertex 81.4963 -81.3853 50
      vertex 81.6183 -81.2865 60
      vertex 81.4963 -81.3853 60
    endloop
  endfacet
  facet normal 0.629345 -0.777126 0
    outer loop
      vertex 81.6183 -81.2865 60
      vertex 81.4963 -81.3853 50
      vertex 81.6183 -81.2865 50
    endloop
  endfacet
  facet normal -0.998635 -0.0522246 0
    outer loop
      vertex 84 -82.5 50
      vertex 83.9918 -82.3432 60
      vertex 83.9918 -82.3432 50
    endloop
  endfacet
  facet normal -0.998635 -0.0522246 0
    outer loop
      vertex 83.9918 -82.3432 60
      vertex 84 -82.5 50
      vertex 84 -82.5 60
    endloop
  endfacet
  facet normal -0.0522246 0.998635 0
    outer loop
      vertex 82.6568 -83.9918 50
      vertex 82.5 -84 60
      vertex 82.6568 -83.9918 60
    endloop
  endfacet
  facet normal -0.0522246 0.998635 0
    outer loop
      vertex 82.5 -84 60
      vertex 82.6568 -83.9918 50
      vertex 82.5 -84 50
    endloop
  endfacet
  facet normal -0.890962 0.454078 0
    outer loop
      vertex 83.799 -83.25 50
      vertex 83.8703 -83.1101 60
      vertex 83.8703 -83.1101 50
    endloop
  endfacet
  facet normal -0.890962 0.454078 0
    outer loop
      vertex 83.8703 -83.1101 60
      vertex 83.799 -83.25 50
      vertex 83.799 -83.25 60
    endloop
  endfacet
  facet normal -0.156649 0.987654 0
    outer loop
      vertex 82.8119 -83.9672 50
      vertex 82.6568 -83.9918 60
      vertex 82.8119 -83.9672 60
    endloop
  endfacet
  facet normal -0.156649 0.987654 0
    outer loop
      vertex 82.6568 -83.9918 60
      vertex 82.8119 -83.9672 50
      vertex 82.6568 -83.9918 50
    endloop
  endfacet
  facet normal -0.258694 0.965959 0
    outer loop
      vertex 82.9635 -83.9266 50
      vertex 82.8119 -83.9672 60
      vertex 82.9635 -83.9266 60
    endloop
  endfacet
  facet normal -0.258694 0.965959 0
    outer loop
      vertex 82.8119 -83.9672 60
      vertex 82.9635 -83.9266 50
      vertex 82.8119 -83.9672 50
    endloop
  endfacet
  facet normal -0.629345 0.777126 0
    outer loop
      vertex 83.5037 -83.6147 50
      vertex 83.3817 -83.7135 60
      vertex 83.5037 -83.6147 60
    endloop
  endfacet
  facet normal -0.629345 0.777126 0
    outer loop
      vertex 83.3817 -83.7135 60
      vertex 83.5037 -83.6147 50
      vertex 83.3817 -83.7135 50
    endloop
  endfacet
  facet normal -0.454078 0.890962 0
    outer loop
      vertex 83.25 -83.799 50
      vertex 83.1101 -83.8703 60
      vertex 83.25 -83.799 60
    endloop
  endfacet
  facet normal -0.454078 0.890962 0
    outer loop
      vertex 83.1101 -83.8703 60
      vertex 83.25 -83.799 50
      vertex 83.1101 -83.8703 50
    endloop
  endfacet
  facet normal 0.0522246 0.998635 -0
    outer loop
      vertex 82.5 -84 50
      vertex 82.3432 -83.9918 60
      vertex 82.5 -84 60
    endloop
  endfacet
  facet normal 0.0522246 0.998635 0
    outer loop
      vertex 82.3432 -83.9918 60
      vertex 82.5 -84 50
      vertex 82.3432 -83.9918 50
    endloop
  endfacet
  facet normal 0.35851 0.933526 -0
    outer loop
      vertex 82.0365 -83.9266 50
      vertex 81.8899 -83.8703 60
      vertex 82.0365 -83.9266 60
    endloop
  endfacet
  facet normal 0.35851 0.933526 0
    outer loop
      vertex 81.8899 -83.8703 60
      vertex 82.0365 -83.9266 50
      vertex 81.8899 -83.8703 50
    endloop
  endfacet
  facet normal 0.544518 0.838749 -0
    outer loop
      vertex 81.75 -83.799 50
      vertex 81.6183 -83.7135 60
      vertex 81.75 -83.799 60
    endloop
  endfacet
  facet normal 0.544518 0.838749 0
    outer loop
      vertex 81.6183 -83.7135 60
      vertex 81.75 -83.799 50
      vertex 81.6183 -83.7135 50
    endloop
  endfacet
  facet normal 0.965959 0.258694 0
    outer loop
      vertex 81.0734 -82.9635 60
      vertex 81.0328 -82.8119 50
      vertex 81.0328 -82.8119 60
    endloop
  endfacet
  facet normal 0.965959 0.258694 0
    outer loop
      vertex 81.0328 -82.8119 50
      vertex 81.0734 -82.9635 60
      vertex 81.0734 -82.9635 50
    endloop
  endfacet
  facet normal 0.998635 0.0522246 0
    outer loop
      vertex 81.0082 -82.6568 60
      vertex 81 -82.5 50
      vertex 81 -82.5 60
    endloop
  endfacet
  facet normal 0.998635 0.0522246 0
    outer loop
      vertex 81 -82.5 50
      vertex 81.0082 -82.6568 60
      vertex 81.0082 -82.6568 50
    endloop
  endfacet
  facet normal 0.838749 0.544518 0
    outer loop
      vertex 81.2865 -83.3817 60
      vertex 81.201 -83.25 50
      vertex 81.201 -83.25 60
    endloop
  endfacet
  facet normal 0.838749 0.544518 0
    outer loop
      vertex 81.201 -83.25 50
      vertex 81.2865 -83.3817 60
      vertex 81.2865 -83.3817 50
    endloop
  endfacet
  facet normal -0.987654 0.156649 0
    outer loop
      vertex 83.9672 -82.8119 50
      vertex 83.9918 -82.6568 60
      vertex 83.9918 -82.6568 50
    endloop
  endfacet
  facet normal -0.987654 0.156649 0
    outer loop
      vertex 83.9918 -82.6568 60
      vertex 83.9672 -82.8119 50
      vertex 83.9672 -82.8119 60
    endloop
  endfacet
  facet normal -0.777126 0.629345 0
    outer loop
      vertex 83.6147 -83.5037 50
      vertex 83.7135 -83.3817 60
      vertex 83.7135 -83.3817 50
    endloop
  endfacet
  facet normal -0.777126 0.629345 0
    outer loop
      vertex 83.7135 -83.3817 60
      vertex 83.6147 -83.5037 50
      vertex 83.6147 -83.5037 60
    endloop
  endfacet
  facet normal -0.838749 0.544518 0
    outer loop
      vertex 83.7135 -83.3817 50
      vertex 83.799 -83.25 60
      vertex 83.799 -83.25 50
    endloop
  endfacet
  facet normal -0.838749 0.544518 0
    outer loop
      vertex 83.799 -83.25 60
      vertex 83.7135 -83.3817 50
      vertex 83.7135 -83.3817 60
    endloop
  endfacet
  facet normal -0.35851 0.933526 0
    outer loop
      vertex 83.1101 -83.8703 50
      vertex 82.9635 -83.9266 60
      vertex 83.1101 -83.8703 60
    endloop
  endfacet
  facet normal -0.35851 0.933526 0
    outer loop
      vertex 82.9635 -83.9266 60
      vertex 83.1101 -83.8703 50
      vertex 82.9635 -83.9266 50
    endloop
  endfacet
  facet normal -0.707107 0.707107 0
    outer loop
      vertex 83.5037 -83.6147 50
      vertex 83.6147 -83.5037 60
      vertex 83.6147 -83.5037 50
    endloop
  endfacet
  facet normal -0.707107 0.707107 0
    outer loop
      vertex 83.6147 -83.5037 60
      vertex 83.5037 -83.6147 50
      vertex 83.5037 -83.6147 60
    endloop
  endfacet
  facet normal -0.544518 0.838749 0
    outer loop
      vertex 83.3817 -83.7135 50
      vertex 83.25 -83.799 60
      vertex 83.3817 -83.7135 60
    endloop
  endfacet
  facet normal -0.544518 0.838749 0
    outer loop
      vertex 83.25 -83.799 60
      vertex 83.3817 -83.7135 50
      vertex 83.25 -83.799 50
    endloop
  endfacet
  facet normal 0.258694 0.965959 -0
    outer loop
      vertex 82.1881 -83.9672 50
      vertex 82.0365 -83.9266 60
      vertex 82.1881 -83.9672 60
    endloop
  endfacet
  facet normal 0.258694 0.965959 0
    outer loop
      vertex 82.0365 -83.9266 60
      vertex 82.1881 -83.9672 50
      vertex 82.0365 -83.9266 50
    endloop
  endfacet
  facet normal 0.454078 0.890962 -0
    outer loop
      vertex 81.8899 -83.8703 50
      vertex 81.75 -83.799 60
      vertex 81.8899 -83.8703 60
    endloop
  endfacet
  facet normal 0.454078 0.890962 0
    outer loop
      vertex 81.75 -83.799 60
      vertex 81.8899 -83.8703 50
      vertex 81.75 -83.799 50
    endloop
  endfacet
  facet normal 0.629345 0.777126 -0
    outer loop
      vertex 81.6183 -83.7135 50
      vertex 81.4963 -83.6147 60
      vertex 81.6183 -83.7135 60
    endloop
  endfacet
  facet normal 0.629345 0.777126 0
    outer loop
      vertex 81.4963 -83.6147 60
      vertex 81.6183 -83.7135 50
      vertex 81.4963 -83.6147 50
    endloop
  endfacet
  facet normal 0.933526 0.35851 0
    outer loop
      vertex 81.1297 -83.1101 60
      vertex 81.0734 -82.9635 50
      vertex 81.0734 -82.9635 60
    endloop
  endfacet
  facet normal 0.933526 0.35851 0
    outer loop
      vertex 81.0734 -82.9635 50
      vertex 81.1297 -83.1101 60
      vertex 81.1297 -83.1101 50
    endloop
  endfacet
  facet normal 0.987654 0.156649 0
    outer loop
      vertex 81.0328 -82.8119 60
      vertex 81.0082 -82.6568 50
      vertex 81.0082 -82.6568 60
    endloop
  endfacet
  facet normal 0.987654 0.156649 0
    outer loop
      vertex 81.0082 -82.6568 50
      vertex 81.0328 -82.8119 60
      vertex 81.0328 -82.8119 50
    endloop
  endfacet
  facet normal 0.777126 0.629345 0
    outer loop
      vertex 81.3853 -83.5037 60
      vertex 81.2865 -83.3817 50
      vertex 81.2865 -83.3817 60
    endloop
  endfacet
  facet normal 0.777126 0.629345 0
    outer loop
      vertex 81.2865 -83.3817 50
      vertex 81.3853 -83.5037 60
      vertex 81.3853 -83.5037 50
    endloop
  endfacet
  facet normal -0.933526 0.35851 0
    outer loop
      vertex 83.8703 -83.1101 50
      vertex 83.9266 -82.9635 60
      vertex 83.9266 -82.9635 50
    endloop
  endfacet
  facet normal -0.933526 0.35851 0
    outer loop
      vertex 83.9266 -82.9635 60
      vertex 83.8703 -83.1101 50
      vertex 83.8703 -83.1101 60
    endloop
  endfacet
  facet normal -0.965959 0.258694 0
    outer loop
      vertex 83.9266 -82.9635 50
      vertex 83.9672 -82.8119 60
      vertex 83.9672 -82.8119 50
    endloop
  endfacet
  facet normal -0.965959 0.258694 0
    outer loop
      vertex 83.9672 -82.8119 60
      vertex 83.9266 -82.9635 50
      vertex 83.9266 -82.9635 60
    endloop
  endfacet
  facet normal 0.965949 0.258733 0
    outer loop
      vertex -77.6093 82.0396 60
      vertex -77.7447 82.5451 50
      vertex -77.7447 82.5451 60
    endloop
  endfacet
  facet normal 0.965949 0.258733 0
    outer loop
      vertex -77.7447 82.5451 50
      vertex -77.6093 82.0396 60
      vertex -77.6093 82.0396 50
    endloop
  endfacet
  facet normal 0.998628 0.0523582 0
    outer loop
      vertex -77.5 81 60
      vertex -77.5274 81.5226 50
      vertex -77.5274 81.5226 60
    endloop
  endfacet
  facet normal 0.998628 0.0523582 0
    outer loop
      vertex -77.5274 81.5226 50
      vertex -77.5 81 60
      vertex -77.5 81 50
    endloop
  endfacet
  facet normal 0.707107 0.707107 0
    outer loop
      vertex -78.7843 84.3456 60
      vertex -79.1544 84.7157 50
      vertex -79.1544 84.7157 60
    endloop
  endfacet
  facet normal 0.707107 0.707107 0
    outer loop
      vertex -79.1544 84.7157 50
      vertex -78.7843 84.3456 60
      vertex -78.7843 84.3456 50
    endloop
  endfacet
  facet normal 0.933552 0.358441 0
    outer loop
      vertex -77.7447 82.5451 60
      vertex -77.9323 83.0337 50
      vertex -77.9323 83.0337 60
    endloop
  endfacet
  facet normal 0.933552 0.358441 0
    outer loop
      vertex -77.9323 83.0337 50
      vertex -77.7447 82.5451 60
      vertex -77.7447 82.5451 50
    endloop
  endfacet
  facet normal 0.891 -0.454003 0
    outer loop
      vertex -78.1699 78.5 60
      vertex -77.9323 78.9663 50
      vertex -77.9323 78.9663 60
    endloop
  endfacet
  facet normal 0.891 -0.454003 0
    outer loop
      vertex -77.9323 78.9663 50
      vertex -78.1699 78.5 60
      vertex -78.1699 78.5 50
    endloop
  endfacet
  facet normal 0.258733 -0.965949 0
    outer loop
      vertex -81.4604 76.1093 50
      vertex -80.9549 76.2447 60
      vertex -81.4604 76.1093 60
    endloop
  endfacet
  facet normal 0.258733 -0.965949 0
    outer loop
      vertex -80.9549 76.2447 60
      vertex -81.4604 76.1093 50
      vertex -80.9549 76.2447 50
    endloop
  endfacet
  facet normal 0.707107 -0.707107 0
    outer loop
      vertex -79.1544 77.2843 60
      vertex -78.7843 77.6544 50
      vertex -78.7843 77.6544 60
    endloop
  endfacet
  facet normal 0.707107 -0.707107 0
    outer loop
      vertex -78.7843 77.6544 50
      vertex -79.1544 77.2843 60
      vertex -79.1544 77.2843 50
    endloop
  endfacet
  facet normal 0.965949 -0.258733 0
    outer loop
      vertex -77.7447 79.4549 60
      vertex -77.6093 79.9604 50
      vertex -77.6093 79.9604 60
    endloop
  endfacet
  facet normal 0.965949 -0.258733 0
    outer loop
      vertex -77.6093 79.9604 50
      vertex -77.7447 79.4549 60
      vertex -77.7447 79.4549 50
    endloop
  endfacet
  facet normal -0.358441 -0.933552 0
    outer loop
      vertex -84.5337 76.4323 50
      vertex -84.0451 76.2447 60
      vertex -84.5337 76.4323 60
    endloop
  endfacet
  facet normal -0.358441 -0.933552 -0
    outer loop
      vertex -84.0451 76.2447 60
      vertex -84.5337 76.4323 50
      vertex -84.0451 76.2447 50
    endloop
  endfacet
  facet normal 0.987684 0.156463 0
    outer loop
      vertex -77.5274 81.5226 60
      vertex -77.6093 82.0396 50
      vertex -77.6093 82.0396 60
    endloop
  endfacet
  facet normal 0.987684 0.156463 0
    outer loop
      vertex -77.6093 82.0396 50
      vertex -77.5274 81.5226 60
      vertex -77.5274 81.5226 50
    endloop
  endfacet
  facet normal 0.891 0.454003 0
    outer loop
      vertex -77.9323 83.0337 60
      vertex -78.1699 83.5 50
      vertex -78.1699 83.5 60
    endloop
  endfacet
  facet normal 0.891 0.454003 0
    outer loop
      vertex -78.1699 83.5 50
      vertex -77.9323 83.0337 60
      vertex -77.9323 83.0337 50
    endloop
  endfacet
  facet normal 0.838692 0.544605 0
    outer loop
      vertex -78.1699 83.5 60
      vertex -78.4549 83.9389 50
      vertex -78.4549 83.9389 60
    endloop
  endfacet
  facet normal 0.838692 0.544605 0
    outer loop
      vertex -78.4549 83.9389 50
      vertex -78.1699 83.5 60
      vertex -78.1699 83.5 50
    endloop
  endfacet
  facet normal 0.777089 0.629391 0
    outer loop
      vertex -78.4549 83.9389 60
      vertex -78.7843 84.3456 50
      vertex -78.7843 84.3456 60
    endloop
  endfacet
  facet normal 0.777089 0.629391 0
    outer loop
      vertex -78.7843 84.3456 50
      vertex -78.4549 83.9389 60
      vertex -78.4549 83.9389 50
    endloop
  endfacet
  facet normal 0.629408 0.777075 -0
    outer loop
      vertex -79.1544 84.7157 50
      vertex -79.5054 85 60
      vertex -79.1544 84.7157 60
    endloop
  endfacet
  facet normal 0.629408 0.777075 0
    outer loop
      vertex -79.5054 85 60
      vertex -79.1544 84.7157 50
      vertex -79.5054 85 50
    endloop
  endfacet
  facet normal 0.0523582 -0.998628 0
    outer loop
      vertex -82.5 76 50
      vertex -81.9774 76.0274 60
      vertex -82.5 76 60
    endloop
  endfacet
  facet normal 0.0523582 -0.998628 0
    outer loop
      vertex -81.9774 76.0274 60
      vertex -82.5 76 50
      vertex -81.9774 76.0274 50
    endloop
  endfacet
  facet normal 0.156463 -0.987684 0
    outer loop
      vertex -81.9774 76.0274 50
      vertex -81.4604 76.1093 60
      vertex -81.9774 76.0274 60
    endloop
  endfacet
  facet normal 0.156463 -0.987684 0
    outer loop
      vertex -81.4604 76.1093 60
      vertex -81.9774 76.0274 50
      vertex -81.4604 76.1093 50
    endloop
  endfacet
  facet normal 0.454003 -0.891 0
    outer loop
      vertex -80.4663 76.4323 50
      vertex -80 76.6699 60
      vertex -80.4663 76.4323 60
    endloop
  endfacet
  facet normal 0.454003 -0.891 0
    outer loop
      vertex -80 76.6699 60
      vertex -80.4663 76.4323 50
      vertex -80 76.6699 50
    endloop
  endfacet
  facet normal 0.629391 -0.777089 0
    outer loop
      vertex -79.5611 76.9549 50
      vertex -79.1544 77.2843 60
      vertex -79.5611 76.9549 60
    endloop
  endfacet
  facet normal 0.629391 -0.777089 0
    outer loop
      vertex -79.1544 77.2843 60
      vertex -79.5611 76.9549 50
      vertex -79.1544 77.2843 50
    endloop
  endfacet
  facet normal 0.544605 -0.838692 0
    outer loop
      vertex -80 76.6699 50
      vertex -79.5611 76.9549 60
      vertex -80 76.6699 60
    endloop
  endfacet
  facet normal 0.544605 -0.838692 0
    outer loop
      vertex -79.5611 76.9549 60
      vertex -80 76.6699 50
      vertex -79.5611 76.9549 50
    endloop
  endfacet
  facet normal 0.777089 -0.629391 0
    outer loop
      vertex -78.7843 77.6544 60
      vertex -78.4549 78.0611 50
      vertex -78.4549 78.0611 60
    endloop
  endfacet
  facet normal 0.777089 -0.629391 0
    outer loop
      vertex -78.4549 78.0611 50
      vertex -78.7843 77.6544 60
      vertex -78.7843 77.6544 50
    endloop
  endfacet
  facet normal 0.838692 -0.544605 0
    outer loop
      vertex -78.4549 78.0611 60
      vertex -78.1699 78.5 50
      vertex -78.1699 78.5 60
    endloop
  endfacet
  facet normal 0.838692 -0.544605 0
    outer loop
      vertex -78.1699 78.5 50
      vertex -78.4549 78.0611 60
      vertex -78.4549 78.0611 50
    endloop
  endfacet
  facet normal -0.156463 -0.987684 0
    outer loop
      vertex -83.5396 76.1093 50
      vertex -83.0226 76.0274 60
      vertex -83.5396 76.1093 60
    endloop
  endfacet
  facet normal -0.156463 -0.987684 -0
    outer loop
      vertex -83.0226 76.0274 60
      vertex -83.5396 76.1093 50
      vertex -83.0226 76.0274 50
    endloop
  endfacet
  facet normal -0.454003 -0.891 0
    outer loop
      vertex -85 76.6699 50
      vertex -84.5337 76.4323 60
      vertex -85 76.6699 60
    endloop
  endfacet
  facet normal -0.454003 -0.891 -0
    outer loop
      vertex -84.5337 76.4323 60
      vertex -85 76.6699 50
      vertex -84.5337 76.4323 50
    endloop
  endfacet
  facet normal -0.0523582 -0.998628 0
    outer loop
      vertex -83.0226 76.0274 50
      vertex -82.5 76 60
      vertex -83.0226 76.0274 60
    endloop
  endfacet
  facet normal -0.0523582 -0.998628 -0
    outer loop
      vertex -82.5 76 60
      vertex -83.0226 76.0274 50
      vertex -82.5 76 50
    endloop
  endfacet
  facet normal 0 0 -1
    outer loop
      vertex -77.5274 80.4774 50
      vertex -81.0082 80.8432 50
      vertex -81 81 50
    endloop
  endfacet
  facet normal 0 0 -1
    outer loop
      vertex -80.4663 76.4323 50
      vertex -81.0328 80.6881 50
      vertex -81.0082 80.8432 50
    endloop
  endfacet
  facet normal 0 0 -1
    outer loop
      vertex -80.4663 76.4323 50
      vertex -81.0734 80.5365 50
      vertex -81.0328 80.6881 50
    endloop
  endfacet
  facet normal 0 0 -1
    outer loop
      vertex -80.4663 76.4323 50
      vertex -81.1297 80.3899 50
      vertex -81.0734 80.5365 50
    endloop
  endfacet
  facet normal 0 0 -1
    outer loop
      vertex -80.4663 76.4323 50
      vertex -81.201 80.25 50
      vertex -81.1297 80.3899 50
    endloop
  endfacet
  facet normal 0 0 -1
    outer loop
      vertex -80.4663 76.4323 50
      vertex -81.2865 80.1183 50
      vertex -81.201 80.25 50
    endloop
  endfacet
  facet normal 0 0 -1
    outer loop
      vertex -80.4663 76.4323 50
      vertex -81.3853 79.9963 50
      vertex -81.2865 80.1183 50
    endloop
  endfacet
  facet normal 0 0 -1
    outer loop
      vertex -82.0365 79.5734 50
      vertex -80.9549 76.2447 50
      vertex -81.4604 76.1093 50
    endloop
  endfacet
  facet normal 0 0 -1
    outer loop
      vertex -80.4663 76.4323 50
      vertex -81.4963 79.8853 50
      vertex -81.3853 79.9963 50
    endloop
  endfacet
  facet normal 0 0 -1
    outer loop
      vertex -80.4663 76.4323 50
      vertex -81.6183 79.7865 50
      vertex -81.4963 79.8853 50
    endloop
  endfacet
  facet normal 0 0 -1
    outer loop
      vertex -80.4663 76.4323 50
      vertex -81.75 79.701 50
      vertex -81.6183 79.7865 50
    endloop
  endfacet
  facet normal 0 0 -1
    outer loop
      vertex -80.4663 76.4323 50
      vertex -81.8899 79.6297 50
      vertex -81.75 79.701 50
    endloop
  endfacet
  facet normal 0 0 -1
    outer loop
      vertex -82.1881 79.5328 50
      vertex -81.4604 76.1093 50
      vertex -81.9774 76.0274 50
    endloop
  endfacet
  facet normal 0 0 -1
    outer loop
      vertex -80.9549 76.2447 50
      vertex -82.0365 79.5734 50
      vertex -81.8899 79.6297 50
    endloop
  endfacet
  facet normal 0 0 -1
    outer loop
      vertex -81.4604 76.1093 50
      vertex -82.1881 79.5328 50
      vertex -82.0365 79.5734 50
    endloop
  endfacet
  facet normal 0 0 -1
    outer loop
      vertex -81.9774 76.0274 50
      vertex -82.3432 79.5082 50
      vertex -82.1881 79.5328 50
    endloop
  endfacet
  facet normal 0 0 -1
    outer loop
      vertex -82.5 76 50
      vertex -82.3432 79.5082 50
      vertex -81.9774 76.0274 50
    endloop
  endfacet
  facet normal 0 0 -1
    outer loop
      vertex -82.5 76 50
      vertex -82.5 79.5 50
      vertex -82.3432 79.5082 50
    endloop
  endfacet
  facet normal 0 0 -1
    outer loop
      vertex -82.5 76 50
      vertex -82.6568 79.5082 50
      vertex -82.5 79.5 50
    endloop
  endfacet
  facet normal 0 0 -1
    outer loop
      vertex -83.0226 76.0274 50
      vertex -82.6568 79.5082 50
      vertex -82.5 76 50
    endloop
  endfacet
  facet normal -0 0 -1
    outer loop
      vertex -82.6568 79.5082 50
      vertex -83.0226 76.0274 50
      vertex -82.8119 79.5328 50
    endloop
  endfacet
  facet normal 0 0 -1
    outer loop
      vertex -83.5396 76.1093 50
      vertex -82.8119 79.5328 50
      vertex -83.0226 76.0274 50
    endloop
  endfacet
  facet normal -0 0 -1
    outer loop
      vertex -82.8119 79.5328 50
      vertex -83.5396 76.1093 50
      vertex -82.9635 79.5734 50
    endloop
  endfacet
  facet normal 0 0 -1
    outer loop
      vertex -84.0451 76.2447 50
      vertex -82.9635 79.5734 50
      vertex -83.5396 76.1093 50
    endloop
  endfacet
  facet normal -0 0 -1
    outer loop
      vertex -82.9635 79.5734 50
      vertex -84.0451 76.2447 50
      vertex -83.1101 79.6297 50
    endloop
  endfacet
  facet normal 0 0 -1
    outer loop
      vertex -84.5337 76.4323 50
      vertex -83.1101 79.6297 50
      vertex -84.0451 76.2447 50
    endloop
  endfacet
  facet normal -0 0 -1
    outer loop
      vertex -83.1101 79.6297 50
      vertex -84.5337 76.4323 50
      vertex -83.25 79.701 50
    endloop
  endfacet
  facet normal 0 0 -1
    outer loop
      vertex -85 76.6699 50
      vertex -83.25 79.701 50
      vertex -84.5337 76.4323 50
    endloop
  endfacet
  facet normal -0 0 -1
    outer loop
      vertex -83.25 79.701 50
      vertex -85 76.6699 50
      vertex -83.3817 79.7865 50
    endloop
  endfacet
  facet normal -0 0 -1
    outer loop
      vertex -83.3817 79.7865 50
      vertex -85 76.6699 50
      vertex -83.5037 79.8853 50
    endloop
  endfacet
  facet normal -0 0 -1
    outer loop
      vertex -83.5037 79.8853 50
      vertex -85 76.6699 50
      vertex -83.6147 79.9963 50
    endloop
  endfacet
  facet normal -0 0 -1
    outer loop
      vertex -83.6147 79.9963 50
      vertex -85 76.6699 50
      vertex -83.7135 80.1183 50
    endloop
  endfacet
  facet normal -0 0 -1
    outer loop
      vertex -83.7135 80.1183 50
      vertex -85 76.6699 50
      vertex -83.799 80.25 50
    endloop
  endfacet
  facet normal -0 0 -1
    outer loop
      vertex -83.799 80.25 50
      vertex -85 76.6699 50
      vertex -83.8703 80.3899 50
    endloop
  endfacet
  facet normal -0 0 -1
    outer loop
      vertex -83.9266 80.5365 50
      vertex -85 76.6699 50
      vertex -83.9672 80.6881 50
    endloop
  endfacet
  facet normal -0 0 -1
    outer loop
      vertex -83.8703 80.3899 50
      vertex -85 76.6699 50
      vertex -83.9266 80.5365 50
    endloop
  endfacet
  facet normal 0 0 -1
    outer loop
      vertex -81 81 50
      vertex -77.5 81 50
      vertex -77.5274 80.4774 50
    endloop
  endfacet
  facet normal 0 0 -1
    outer loop
      vertex -81.0082 80.8432 50
      vertex -77.5274 80.4774 50
      vertex -77.6093 79.9604 50
    endloop
  endfacet
  facet normal 0 0 -1
    outer loop
      vertex -77.5 81 50
      vertex -81 81 50
      vertex -77.5274 81.5226 50
    endloop
  endfacet
  facet normal 0 0 -1
    outer loop
      vertex -81.0082 80.8432 50
      vertex -77.6093 79.9604 50
      vertex -77.7447 79.4549 50
    endloop
  endfacet
  facet normal 0 0 -1
    outer loop
      vertex -81.0082 81.1568 50
      vertex -77.5274 81.5226 50
      vertex -81 81 50
    endloop
  endfacet
  facet normal 0 0 -1
    outer loop
      vertex -81.0082 80.8432 50
      vertex -77.7447 79.4549 50
      vertex -77.9323 78.9663 50
    endloop
  endfacet
  facet normal -0 0 -1
    outer loop
      vertex -77.5274 81.5226 50
      vertex -81.0082 81.1568 50
      vertex -77.6093 82.0396 50
    endloop
  endfacet
  facet normal 0 0 -1
    outer loop
      vertex -81.0082 80.8432 50
      vertex -77.9323 78.9663 50
      vertex -78.1699 78.5 50
    endloop
  endfacet
  facet normal 0 0 -1
    outer loop
      vertex -81.0328 81.3119 50
      vertex -77.6093 82.0396 50
      vertex -81.0082 81.1568 50
    endloop
  endfacet
  facet normal 0 0 -1
    outer loop
      vertex -81.0082 80.8432 50
      vertex -78.1699 78.5 50
      vertex -78.4549 78.0611 50
    endloop
  endfacet
  facet normal -0 0 -1
    outer loop
      vertex -77.6093 82.0396 50
      vertex -81.0328 81.3119 50
      vertex -77.7447 82.5451 50
    endloop
  endfacet
  facet normal 0 0 -1
    outer loop
      vertex -81.0082 80.8432 50
      vertex -78.4549 78.0611 50
      vertex -78.7843 77.6544 50
    endloop
  endfacet
  facet normal 0 0 -1
    outer loop
      vertex -81.0734 81.4635 50
      vertex -77.7447 82.5451 50
      vertex -81.0328 81.3119 50
    endloop
  endfacet
  facet normal 0 0 -1
    outer loop
      vertex -81.0082 80.8432 50
      vertex -78.7843 77.6544 50
      vertex -79.1544 77.2843 50
    endloop
  endfacet
  facet normal -0 0 -1
    outer loop
      vertex -77.7447 82.5451 50
      vertex -81.0734 81.4635 50
      vertex -77.9323 83.0337 50
    endloop
  endfacet
  facet normal 0 0 -1
    outer loop
      vertex -81.1297 81.6101 50
      vertex -77.9323 83.0337 50
      vertex -81.0734 81.4635 50
    endloop
  endfacet
  facet normal 0 0 -1
    outer loop
      vertex -81.0082 80.8432 50
      vertex -79.1544 77.2843 50
      vertex -79.5611 76.9549 50
    endloop
  endfacet
  facet normal 0 0 -1
    outer loop
      vertex -81.0082 80.8432 50
      vertex -79.5611 76.9549 50
      vertex -80 76.6699 50
    endloop
  endfacet
  facet normal 0 0 -1
    outer loop
      vertex -81.0082 80.8432 50
      vertex -80 76.6699 50
      vertex -80.4663 76.4323 50
    endloop
  endfacet
  facet normal 0 0 -1
    outer loop
      vertex -81.8899 79.6297 50
      vertex -80.4663 76.4323 50
      vertex -80.9549 76.2447 50
    endloop
  endfacet
  facet normal -0 0 -1
    outer loop
      vertex -77.9323 83.0337 50
      vertex -81.1297 81.6101 50
      vertex -78.1699 83.5 50
    endloop
  endfacet
  facet normal 0 0 -1
    outer loop
      vertex -81.201 81.75 50
      vertex -78.1699 83.5 50
      vertex -81.1297 81.6101 50
    endloop
  endfacet
  facet normal -0 0 -1
    outer loop
      vertex -78.1699 83.5 50
      vertex -81.201 81.75 50
      vertex -78.4549 83.9389 50
    endloop
  endfacet
  facet normal 0 0 -1
    outer loop
      vertex -81.2865 81.8817 50
      vertex -78.4549 83.9389 50
      vertex -81.201 81.75 50
    endloop
  endfacet
  facet normal -0 0 -1
    outer loop
      vertex -78.4549 83.9389 50
      vertex -81.2865 81.8817 50
      vertex -78.7843 84.3456 50
    endloop
  endfacet
  facet normal 0 0 -1
    outer loop
      vertex -81.3853 82.0037 50
      vertex -78.7843 84.3456 50
      vertex -81.2865 81.8817 50
    endloop
  endfacet
  facet normal -0 0 -1
    outer loop
      vertex -78.7843 84.3456 50
      vertex -81.3853 82.0037 50
      vertex -79.1544 84.7157 50
    endloop
  endfacet
  facet normal 0 0 -1
    outer loop
      vertex -81.4963 82.1147 50
      vertex -79.1544 84.7157 50
      vertex -81.3853 82.0037 50
    endloop
  endfacet
  facet normal -0 0 -1
    outer loop
      vertex -79.1544 84.7157 50
      vertex -81.4963 82.1147 50
      vertex -79.5054 85 50
    endloop
  endfacet
  facet normal 0 0 -1
    outer loop
      vertex -81.6183 82.2135 50
      vertex -79.5054 85 50
      vertex -81.4963 82.1147 50
    endloop
  endfacet
  facet normal 0 0 -1
    outer loop
      vertex -81.75 82.299 50
      vertex -79.5054 85 50
      vertex -81.6183 82.2135 50
    endloop
  endfacet
  facet normal 0 0 -1
    outer loop
      vertex -81.8899 82.3703 50
      vertex -79.5054 85 50
      vertex -81.75 82.299 50
    endloop
  endfacet
  facet normal 0 0 -1
    outer loop
      vertex -82.0365 82.4266 50
      vertex -79.5054 85 50
      vertex -81.8899 82.3703 50
    endloop
  endfacet
  facet normal 0 0 -1
    outer loop
      vertex -82.1881 82.4672 50
      vertex -79.5054 85 50
      vertex -82.0365 82.4266 50
    endloop
  endfacet
  facet normal 0 0 -1
    outer loop
      vertex -82.3432 82.4918 50
      vertex -79.5054 85 50
      vertex -82.1881 82.4672 50
    endloop
  endfacet
  facet normal 0 0 -1
    outer loop
      vertex -82.5 82.5 50
      vertex -79.5054 85 50
      vertex -82.3432 82.4918 50
    endloop
  endfacet
  facet normal 0 0 -1
    outer loop
      vertex -85 85 50
      vertex -82.5 82.5 50
      vertex -82.6568 82.4918 50
    endloop
  endfacet
  facet normal 0 0 -1
    outer loop
      vertex -85 85 50
      vertex -82.6568 82.4918 50
      vertex -82.8119 82.4672 50
    endloop
  endfacet
  facet normal 0 0 -1
    outer loop
      vertex -85 85 50
      vertex -82.8119 82.4672 50
      vertex -82.9635 82.4266 50
    endloop
  endfacet
  facet normal 0 0 -1
    outer loop
      vertex -85 85 50
      vertex -82.9635 82.4266 50
      vertex -83.1101 82.3703 50
    endloop
  endfacet
  facet normal 0 0 -1
    outer loop
      vertex -85 85 50
      vertex -83.1101 82.3703 50
      vertex -83.25 82.299 50
    endloop
  endfacet
  facet normal 0 0 -1
    outer loop
      vertex -85 85 50
      vertex -83.25 82.299 50
      vertex -83.3817 82.2135 50
    endloop
  endfacet
  facet normal -0 0 -1
    outer loop
      vertex -83.9672 80.6881 50
      vertex -85 76.6699 50
      vertex -83.9918 80.8432 50
    endloop
  endfacet
  facet normal -0 0 -1
    outer loop
      vertex -83.9918 80.8432 50
      vertex -85 76.6699 50
      vertex -84 81 50
    endloop
  endfacet
  facet normal 0 0 -1
    outer loop
      vertex -85 85 50
      vertex -84 81 50
      vertex -85 76.6699 50
    endloop
  endfacet
  facet normal 0 0 -1
    outer loop
      vertex -84 81 50
      vertex -85 85 50
      vertex -83.9918 81.1568 50
    endloop
  endfacet
  facet normal 0 0 -1
    outer loop
      vertex -82.5 82.5 50
      vertex -85 85 50
      vertex -79.5054 85 50
    endloop
  endfacet
  facet normal 0 0 -1
    outer loop
      vertex -83.5037 82.1147 50
      vertex -85 85 50
      vertex -83.3817 82.2135 50
    endloop
  endfacet
  facet normal 0 0 -1
    outer loop
      vertex -83.6147 82.0037 50
      vertex -85 85 50
      vertex -83.5037 82.1147 50
    endloop
  endfacet
  facet normal 0 0 -1
    outer loop
      vertex -83.7135 81.8817 50
      vertex -85 85 50
      vertex -83.6147 82.0037 50
    endloop
  endfacet
  facet normal 0 0 -1
    outer loop
      vertex -83.799 81.75 50
      vertex -85 85 50
      vertex -83.7135 81.8817 50
    endloop
  endfacet
  facet normal 0 0 -1
    outer loop
      vertex -83.8703 81.6101 50
      vertex -85 85 50
      vertex -83.799 81.75 50
    endloop
  endfacet
  facet normal 0 0 -1
    outer loop
      vertex -83.9266 81.4635 50
      vertex -85 85 50
      vertex -83.8703 81.6101 50
    endloop
  endfacet
  facet normal 0 0 -1
    outer loop
      vertex -83.9672 81.3119 50
      vertex -85 85 50
      vertex -83.9266 81.4635 50
    endloop
  endfacet
  facet normal 0 0 -1
    outer loop
      vertex -83.9918 81.1568 50
      vertex -85 85 50
      vertex -83.9672 81.3119 50
    endloop
  endfacet
  facet normal 0.358441 -0.933552 0
    outer loop
      vertex -80.9549 76.2447 50
      vertex -80.4663 76.4323 60
      vertex -80.9549 76.2447 60
    endloop
  endfacet
  facet normal 0.358441 -0.933552 0
    outer loop
      vertex -80.4663 76.4323 60
      vertex -80.9549 76.2447 50
      vertex -80.4663 76.4323 50
    endloop
  endfacet
  facet normal 0.933552 -0.358441 0
    outer loop
      vertex -77.9323 78.9663 60
      vertex -77.7447 79.4549 50
      vertex -77.7447 79.4549 60
    endloop
  endfacet
  facet normal 0.933552 -0.358441 0
    outer loop
      vertex -77.7447 79.4549 50
      vertex -77.9323 78.9663 60
      vertex -77.9323 78.9663 50
    endloop
  endfacet
  facet normal 0.987684 -0.156463 0
    outer loop
      vertex -77.6093 79.9604 60
      vertex -77.5274 80.4774 50
      vertex -77.5274 80.4774 60
    endloop
  endfacet
  facet normal 0.987684 -0.156463 0
    outer loop
      vertex -77.5274 80.4774 50
      vertex -77.6093 79.9604 60
      vertex -77.6093 79.9604 50
    endloop
  endfacet
  facet normal 0.998628 -0.0523582 0
    outer loop
      vertex -77.5274 80.4774 60
      vertex -77.5 81 50
      vertex -77.5 81 60
    endloop
  endfacet
  facet normal 0.998628 -0.0523582 0
    outer loop
      vertex -77.5 81 50
      vertex -77.5274 80.4774 60
      vertex -77.5274 80.4774 50
    endloop
  endfacet
  facet normal -0.258733 -0.965949 0
    outer loop
      vertex -84.0451 76.2447 50
      vertex -83.5396 76.1093 60
      vertex -84.0451 76.2447 60
    endloop
  endfacet
  facet normal -0.258733 -0.965949 -0
    outer loop
      vertex -83.5396 76.1093 60
      vertex -84.0451 76.2447 50
      vertex -83.5396 76.1093 50
    endloop
  endfacet
  facet normal -0.629345 -0.777126 0
    outer loop
      vertex -81.6183 82.2135 50
      vertex -81.4963 82.1147 60
      vertex -81.6183 82.2135 60
    endloop
  endfacet
  facet normal -0.629345 -0.777126 -0
    outer loop
      vertex -81.4963 82.1147 60
      vertex -81.6183 82.2135 50
      vertex -81.4963 82.1147 50
    endloop
  endfacet
  facet normal -0.998635 0.0522246 0
    outer loop
      vertex -81.0082 80.8432 50
      vertex -81 81 60
      vertex -81 81 50
    endloop
  endfacet
  facet normal -0.998635 0.0522246 0
    outer loop
      vertex -81 81 60
      vertex -81.0082 80.8432 50
      vertex -81.0082 80.8432 60
    endloop
  endfacet
  facet normal 0.35851 -0.933526 0
    outer loop
      vertex -83.1101 82.3703 50
      vertex -82.9635 82.4266 60
      vertex -83.1101 82.3703 60
    endloop
  endfacet
  facet normal 0.35851 -0.933526 0
    outer loop
      vertex -82.9635 82.4266 60
      vertex -83.1101 82.3703 50
      vertex -82.9635 82.4266 50
    endloop
  endfacet
  facet normal 0.890962 -0.454078 0
    outer loop
      vertex -83.8703 81.6101 60
      vertex -83.799 81.75 50
      vertex -83.799 81.75 60
    endloop
  endfacet
  facet normal 0.890962 -0.454078 0
    outer loop
      vertex -83.799 81.75 50
      vertex -83.8703 81.6101 60
      vertex -83.8703 81.6101 50
    endloop
  endfacet
  facet normal -0.890962 -0.454078 0
    outer loop
      vertex -81.1297 81.6101 50
      vertex -81.201 81.75 60
      vertex -81.201 81.75 50
    endloop
  endfacet
  facet normal -0.890962 -0.454078 0
    outer loop
      vertex -81.201 81.75 60
      vertex -81.1297 81.6101 50
      vertex -81.1297 81.6101 60
    endloop
  endfacet
  facet normal -0.838749 -0.544518 0
    outer loop
      vertex -81.201 81.75 50
      vertex -81.2865 81.8817 60
      vertex -81.2865 81.8817 50
    endloop
  endfacet
  facet normal -0.838749 -0.544518 0
    outer loop
      vertex -81.2865 81.8817 60
      vertex -81.201 81.75 50
      vertex -81.201 81.75 60
    endloop
  endfacet
  facet normal -0.707107 -0.707107 0
    outer loop
      vertex -81.3853 82.0037 50
      vertex -81.4963 82.1147 60
      vertex -81.4963 82.1147 50
    endloop
  endfacet
  facet normal -0.707107 -0.707107 0
    outer loop
      vertex -81.4963 82.1147 60
      vertex -81.3853 82.0037 50
      vertex -81.3853 82.0037 60
    endloop
  endfacet
  facet normal -0.454078 -0.890962 0
    outer loop
      vertex -81.8899 82.3703 50
      vertex -81.75 82.299 60
      vertex -81.8899 82.3703 60
    endloop
  endfacet
  facet normal -0.454078 -0.890962 -0
    outer loop
      vertex -81.75 82.299 60
      vertex -81.8899 82.3703 50
      vertex -81.75 82.299 50
    endloop
  endfacet
  facet normal -0.156649 -0.987654 0
    outer loop
      vertex -82.3432 82.4918 50
      vertex -82.1881 82.4672 60
      vertex -82.3432 82.4918 60
    endloop
  endfacet
  facet normal -0.156649 -0.987654 -0
    outer loop
      vertex -82.1881 82.4672 60
      vertex -82.3432 82.4918 50
      vertex -82.1881 82.4672 50
    endloop
  endfacet
  facet normal 0.987654 -0.156649 0
    outer loop
      vertex -83.9918 81.1568 60
      vertex -83.9672 81.3119 50
      vertex -83.9672 81.3119 60
    endloop
  endfacet
  facet normal 0.987654 -0.156649 0
    outer loop
      vertex -83.9672 81.3119 50
      vertex -83.9918 81.1568 60
      vertex -83.9918 81.1568 50
    endloop
  endfacet
  facet normal 0.707107 -0.707107 0
    outer loop
      vertex -83.6147 82.0037 60
      vertex -83.5037 82.1147 50
      vertex -83.5037 82.1147 60
    endloop
  endfacet
  facet normal 0.707107 -0.707107 0
    outer loop
      vertex -83.5037 82.1147 50
      vertex -83.6147 82.0037 60
      vertex -83.6147 82.0037 50
    endloop
  endfacet
  facet normal 0.454078 -0.890962 0
    outer loop
      vertex -83.25 82.299 50
      vertex -83.1101 82.3703 60
      vertex -83.25 82.299 60
    endloop
  endfacet
  facet normal 0.454078 -0.890962 0
    outer loop
      vertex -83.1101 82.3703 60
      vertex -83.25 82.299 50
      vertex -83.1101 82.3703 50
    endloop
  endfacet
  facet normal 0.156649 -0.987654 0
    outer loop
      vertex -82.8119 82.4672 50
      vertex -82.6568 82.4918 60
      vertex -82.8119 82.4672 60
    endloop
  endfacet
  facet normal 0.156649 -0.987654 0
    outer loop
      vertex -82.6568 82.4918 60
      vertex -82.8119 82.4672 50
      vertex -82.6568 82.4918 50
    endloop
  endfacet
  facet normal 0.156649 0.987654 -0
    outer loop
      vertex -82.6568 79.5082 50
      vertex -82.8119 79.5328 60
      vertex -82.6568 79.5082 60
    endloop
  endfacet
  facet normal 0.156649 0.987654 0
    outer loop
      vertex -82.8119 79.5328 60
      vertex -82.6568 79.5082 50
      vertex -82.8119 79.5328 50
    endloop
  endfacet
  facet normal 0.707107 0.707107 0
    outer loop
      vertex -83.5037 79.8853 60
      vertex -83.6147 79.9963 50
      vertex -83.6147 79.9963 60
    endloop
  endfacet
  facet normal 0.707107 0.707107 0
    outer loop
      vertex -83.6147 79.9963 50
      vertex -83.5037 79.8853 60
      vertex -83.5037 79.8853 50
    endloop
  endfacet
  facet normal 0.890962 0.454078 0
    outer loop
      vertex -83.799 80.25 60
      vertex -83.8703 80.3899 50
      vertex -83.8703 80.3899 60
    endloop
  endfacet
  facet normal 0.890962 0.454078 0
    outer loop
      vertex -83.8703 80.3899 50
      vertex -83.799 80.25 60
      vertex -83.799 80.25 50
    endloop
  endfacet
  facet normal -0.987654 -0.156649 0
    outer loop
      vertex -81.0082 81.1568 50
      vertex -81.0328 81.3119 60
      vertex -81.0328 81.3119 50
    endloop
  endfacet
  facet normal -0.987654 -0.156649 0
    outer loop
      vertex -81.0328 81.3119 60
      vertex -81.0082 81.1568 50
      vertex -81.0082 81.1568 60
    endloop
  endfacet
  facet normal -0.965959 -0.258694 0
    outer loop
      vertex -81.0328 81.3119 50
      vertex -81.0734 81.4635 60
      vertex -81.0734 81.4635 50
    endloop
  endfacet
  facet normal -0.965959 -0.258694 0
    outer loop
      vertex -81.0734 81.4635 60
      vertex -81.0328 81.3119 50
      vertex -81.0328 81.3119 60
    endloop
  endfacet
  facet normal -0.933526 -0.35851 0
    outer loop
      vertex -81.0734 81.4635 50
      vertex -81.1297 81.6101 60
      vertex -81.1297 81.6101 50
    endloop
  endfacet
  facet normal -0.933526 -0.35851 0
    outer loop
      vertex -81.1297 81.6101 60
      vertex -81.0734 81.4635 50
      vertex -81.0734 81.4635 60
    endloop
  endfacet
  facet normal -0.777126 -0.629345 0
    outer loop
      vertex -81.2865 81.8817 50
      vertex -81.3853 82.0037 60
      vertex -81.3853 82.0037 50
    endloop
  endfacet
  facet normal -0.777126 -0.629345 0
    outer loop
      vertex -81.3853 82.0037 60
      vertex -81.2865 81.8817 50
      vertex -81.2865 81.8817 60
    endloop
  endfacet
  facet normal -0.544518 -0.838749 0
    outer loop
      vertex -81.75 82.299 50
      vertex -81.6183 82.2135 60
      vertex -81.75 82.299 60
    endloop
  endfacet
  facet normal -0.544518 -0.838749 -0
    outer loop
      vertex -81.6183 82.2135 60
      vertex -81.75 82.299 50
      vertex -81.6183 82.2135 50
    endloop
  endfacet
  facet normal -0.0522246 -0.998635 0
    outer loop
      vertex -82.5 82.5 50
      vertex -82.3432 82.4918 60
      vertex -82.5 82.5 60
    endloop
  endfacet
  facet normal -0.0522246 -0.998635 -0
    outer loop
      vertex -82.3432 82.4918 60
      vertex -82.5 82.5 50
      vertex -82.3432 82.4918 50
    endloop
  endfacet
  facet normal -0.35851 -0.933526 0
    outer loop
      vertex -82.0365 82.4266 50
      vertex -81.8899 82.3703 60
      vertex -82.0365 82.4266 60
    endloop
  endfacet
  facet normal -0.35851 -0.933526 -0
    outer loop
      vertex -81.8899 82.3703 60
      vertex -82.0365 82.4266 50
      vertex -81.8899 82.3703 50
    endloop
  endfacet
  facet normal -0.258694 -0.965959 0
    outer loop
      vertex -82.1881 82.4672 50
      vertex -82.0365 82.4266 60
      vertex -82.1881 82.4672 60
    endloop
  endfacet
  facet normal -0.258694 -0.965959 -0
    outer loop
      vertex -82.0365 82.4266 60
      vertex -82.1881 82.4672 50
      vertex -82.0365 82.4266 50
    endloop
  endfacet
  facet normal 0.998635 -0.0522246 0
    outer loop
      vertex -84 81 60
      vertex -83.9918 81.1568 50
      vertex -83.9918 81.1568 60
    endloop
  endfacet
  facet normal 0.998635 -0.0522246 0
    outer loop
      vertex -83.9918 81.1568 50
      vertex -84 81 60
      vertex -84 81 50
    endloop
  endfacet
  facet normal 0.933526 -0.35851 0
    outer loop
      vertex -83.9266 81.4635 60
      vertex -83.8703 81.6101 50
      vertex -83.8703 81.6101 60
    endloop
  endfacet
  facet normal 0.933526 -0.35851 0
    outer loop
      vertex -83.8703 81.6101 50
      vertex -83.9266 81.4635 60
      vertex -83.9266 81.4635 50
    endloop
  endfacet
  facet normal 0.965959 -0.258694 0
    outer loop
      vertex -83.9672 81.3119 60
      vertex -83.9266 81.4635 50
      vertex -83.9266 81.4635 60
    endloop
  endfacet
  facet normal 0.965959 -0.258694 0
    outer loop
      vertex -83.9266 81.4635 50
      vertex -83.9672 81.3119 60
      vertex -83.9672 81.3119 50
    endloop
  endfacet
  facet normal 0.838749 -0.544518 0
    outer loop
      vertex -83.799 81.75 60
      vertex -83.7135 81.8817 50
      vertex -83.7135 81.8817 60
    endloop
  endfacet
  facet normal 0.838749 -0.544518 0
    outer loop
      vertex -83.7135 81.8817 50
      vertex -83.799 81.75 60
      vertex -83.799 81.75 50
    endloop
  endfacet
  facet normal 0.777126 -0.629345 0
    outer loop
      vertex -83.7135 81.8817 60
      vertex -83.6147 82.0037 50
      vertex -83.6147 82.0037 60
    endloop
  endfacet
  facet normal 0.777126 -0.629345 0
    outer loop
      vertex -83.6147 82.0037 50
      vertex -83.7135 81.8817 60
      vertex -83.7135 81.8817 50
    endloop
  endfacet
  facet normal 0.258694 -0.965959 0
    outer loop
      vertex -82.9635 82.4266 50
      vertex -82.8119 82.4672 60
      vertex -82.9635 82.4266 60
    endloop
  endfacet
  facet normal 0.258694 -0.965959 0
    outer loop
      vertex -82.8119 82.4672 60
      vertex -82.9635 82.4266 50
      vertex -82.8119 82.4672 50
    endloop
  endfacet
  facet normal 0.0522246 -0.998635 0
    outer loop
      vertex -82.6568 82.4918 50
      vertex -82.5 82.5 60
      vertex -82.6568 82.4918 60
    endloop
  endfacet
  facet normal 0.0522246 -0.998635 0
    outer loop
      vertex -82.5 82.5 60
      vertex -82.6568 82.4918 50
      vertex -82.5 82.5 50
    endloop
  endfacet
  facet normal 0.544518 -0.838749 0
    outer loop
      vertex -83.3817 82.2135 50
      vertex -83.25 82.299 60
      vertex -83.3817 82.2135 60
    endloop
  endfacet
  facet normal 0.544518 -0.838749 0
    outer loop
      vertex -83.25 82.299 60
      vertex -83.3817 82.2135 50
      vertex -83.25 82.299 50
    endloop
  endfacet
  facet normal 0.629345 -0.777126 0
    outer loop
      vertex -83.5037 82.1147 50
      vertex -83.3817 82.2135 60
      vertex -83.5037 82.1147 60
    endloop
  endfacet
  facet normal 0.629345 -0.777126 0
    outer loop
      vertex -83.3817 82.2135 60
      vertex -83.5037 82.1147 50
      vertex -83.3817 82.2135 50
    endloop
  endfacet
  facet normal -0.998635 -0.0522246 0
    outer loop
      vertex -81 81 50
      vertex -81.0082 81.1568 60
      vertex -81.0082 81.1568 50
    endloop
  endfacet
  facet normal -0.998635 -0.0522246 0
    outer loop
      vertex -81.0082 81.1568 60
      vertex -81 81 50
      vertex -81 81 60
    endloop
  endfacet
  facet normal -0.0522246 0.998635 0
    outer loop
      vertex -82.3432 79.5082 50
      vertex -82.5 79.5 60
      vertex -82.3432 79.5082 60
    endloop
  endfacet
  facet normal -0.0522246 0.998635 0
    outer loop
      vertex -82.5 79.5 60
      vertex -82.3432 79.5082 50
      vertex -82.5 79.5 50
    endloop
  endfacet
  facet normal -0.890962 0.454078 0
    outer loop
      vertex -81.201 80.25 50
      vertex -81.1297 80.3899 60
      vertex -81.1297 80.3899 50
    endloop
  endfacet
  facet normal -0.890962 0.454078 0
    outer loop
      vertex -81.1297 80.3899 60
      vertex -81.201 80.25 50
      vertex -81.201 80.25 60
    endloop
  endfacet
  facet normal -0.156649 0.987654 0
    outer loop
      vertex -82.1881 79.5328 50
      vertex -82.3432 79.5082 60
      vertex -82.1881 79.5328 60
    endloop
  endfacet
  facet normal -0.156649 0.987654 0
    outer loop
      vertex -82.3432 79.5082 60
      vertex -82.1881 79.5328 50
      vertex -82.3432 79.5082 50
    endloop
  endfacet
  facet normal -0.258694 0.965959 0
    outer loop
      vertex -82.0365 79.5734 50
      vertex -82.1881 79.5328 60
      vertex -82.0365 79.5734 60
    endloop
  endfacet
  facet normal -0.258694 0.965959 0
    outer loop
      vertex -82.1881 79.5328 60
      vertex -82.0365 79.5734 50
      vertex -82.1881 79.5328 50
    endloop
  endfacet
  facet normal -0.629345 0.777126 0
    outer loop
      vertex -81.4963 79.8853 50
      vertex -81.6183 79.7865 60
      vertex -81.4963 79.8853 60
    endloop
  endfacet
  facet normal -0.629345 0.777126 0
    outer loop
      vertex -81.6183 79.7865 60
      vertex -81.4963 79.8853 50
      vertex -81.6183 79.7865 50
    endloop
  endfacet
  facet normal -0.454078 0.890962 0
    outer loop
      vertex -81.75 79.701 50
      vertex -81.8899 79.6297 60
      vertex -81.75 79.701 60
    endloop
  endfacet
  facet normal -0.454078 0.890962 0
    outer loop
      vertex -81.8899 79.6297 60
      vertex -81.75 79.701 50
      vertex -81.8899 79.6297 50
    endloop
  endfacet
  facet normal 0.0522246 0.998635 -0
    outer loop
      vertex -82.5 79.5 50
      vertex -82.6568 79.5082 60
      vertex -82.5 79.5 60
    endloop
  endfacet
  facet normal 0.0522246 0.998635 0
    outer loop
      vertex -82.6568 79.5082 60
      vertex -82.5 79.5 50
      vertex -82.6568 79.5082 50
    endloop
  endfacet
  facet normal 0.35851 0.933526 -0
    outer loop
      vertex -82.9635 79.5734 50
      vertex -83.1101 79.6297 60
      vertex -82.9635 79.5734 60
    endloop
  endfacet
  facet normal 0.35851 0.933526 0
    outer loop
      vertex -83.1101 79.6297 60
      vertex -82.9635 79.5734 50
      vertex -83.1101 79.6297 50
    endloop
  endfacet
  facet normal 0.544518 0.838749 -0
    outer loop
      vertex -83.25 79.701 50
      vertex -83.3817 79.7865 60
      vertex -83.25 79.701 60
    endloop
  endfacet
  facet normal 0.544518 0.838749 0
    outer loop
      vertex -83.3817 79.7865 60
      vertex -83.25 79.701 50
      vertex -83.3817 79.7865 50
    endloop
  endfacet
  facet normal 0.965959 0.258694 0
    outer loop
      vertex -83.9266 80.5365 60
      vertex -83.9672 80.6881 50
      vertex -83.9672 80.6881 60
    endloop
  endfacet
  facet normal 0.965959 0.258694 0
    outer loop
      vertex -83.9672 80.6881 50
      vertex -83.9266 80.5365 60
      vertex -83.9266 80.5365 50
    endloop
  endfacet
  facet normal 0.998635 0.0522246 0
    outer loop
      vertex -83.9918 80.8432 60
      vertex -84 81 50
      vertex -84 81 60
    endloop
  endfacet
  facet normal 0.998635 0.0522246 0
    outer loop
      vertex -84 81 50
      vertex -83.9918 80.8432 60
      vertex -83.9918 80.8432 50
    endloop
  endfacet
  facet normal 0.838749 0.544518 0
    outer loop
      vertex -83.7135 80.1183 60
      vertex -83.799 80.25 50
      vertex -83.799 80.25 60
    endloop
  endfacet
  facet normal 0.838749 0.544518 0
    outer loop
      vertex -83.799 80.25 50
      vertex -83.7135 80.1183 60
      vertex -83.7135 80.1183 50
    endloop
  endfacet
  facet normal -0.987654 0.156649 0
    outer loop
      vertex -81.0328 80.6881 50
      vertex -81.0082 80.8432 60
      vertex -81.0082 80.8432 50
    endloop
  endfacet
  facet normal -0.987654 0.156649 0
    outer loop
      vertex -81.0082 80.8432 60
      vertex -81.0328 80.6881 50
      vertex -81.0328 80.6881 60
    endloop
  endfacet
  facet normal -0.777126 0.629345 0
    outer loop
      vertex -81.3853 79.9963 50
      vertex -81.2865 80.1183 60
      vertex -81.2865 80.1183 50
    endloop
  endfacet
  facet normal -0.777126 0.629345 0
    outer loop
      vertex -81.2865 80.1183 60
      vertex -81.3853 79.9963 50
      vertex -81.3853 79.9963 60
    endloop
  endfacet
  facet normal -0.838749 0.544518 0
    outer loop
      vertex -81.2865 80.1183 50
      vertex -81.201 80.25 60
      vertex -81.201 80.25 50
    endloop
  endfacet
  facet normal -0.838749 0.544518 0
    outer loop
      vertex -81.201 80.25 60
      vertex -81.2865 80.1183 50
      vertex -81.2865 80.1183 60
    endloop
  endfacet
  facet normal -0.35851 0.933526 0
    outer loop
      vertex -81.8899 79.6297 50
      vertex -82.0365 79.5734 60
      vertex -81.8899 79.6297 60
    endloop
  endfacet
  facet normal -0.35851 0.933526 0
    outer loop
      vertex -82.0365 79.5734 60
      vertex -81.8899 79.6297 50
      vertex -82.0365 79.5734 50
    endloop
  endfacet
  facet normal -0.707107 0.707107 0
    outer loop
      vertex -81.4963 79.8853 50
      vertex -81.3853 79.9963 60
      vertex -81.3853 79.9963 50
    endloop
  endfacet
  facet normal -0.707107 0.707107 0
    outer loop
      vertex -81.3853 79.9963 60
      vertex -81.4963 79.8853 50
      vertex -81.4963 79.8853 60
    endloop
  endfacet
  facet normal -0.544518 0.838749 0
    outer loop
      vertex -81.6183 79.7865 50
      vertex -81.75 79.701 60
      vertex -81.6183 79.7865 60
    endloop
  endfacet
  facet normal -0.544518 0.838749 0
    outer loop
      vertex -81.75 79.701 60
      vertex -81.6183 79.7865 50
      vertex -81.75 79.701 50
    endloop
  endfacet
  facet normal 0.258694 0.965959 -0
    outer loop
      vertex -82.8119 79.5328 50
      vertex -82.9635 79.5734 60
      vertex -82.8119 79.5328 60
    endloop
  endfacet
  facet normal 0.258694 0.965959 0
    outer loop
      vertex -82.9635 79.5734 60
      vertex -82.8119 79.5328 50
      vertex -82.9635 79.5734 50
    endloop
  endfacet
  facet normal 0.454078 0.890962 -0
    outer loop
      vertex -83.1101 79.6297 50
      vertex -83.25 79.701 60
      vertex -83.1101 79.6297 60
    endloop
  endfacet
  facet normal 0.454078 0.890962 0
    outer loop
      vertex -83.25 79.701 60
      vertex -83.1101 79.6297 50
      vertex -83.25 79.701 50
    endloop
  endfacet
  facet normal 0.629345 0.777126 -0
    outer loop
      vertex -83.3817 79.7865 50
      vertex -83.5037 79.8853 60
      vertex -83.3817 79.7865 60
    endloop
  endfacet
  facet normal 0.629345 0.777126 0
    outer loop
      vertex -83.5037 79.8853 60
      vertex -83.3817 79.7865 50
      vertex -83.5037 79.8853 50
    endloop
  endfacet
  facet normal 0.933526 0.35851 0
    outer loop
      vertex -83.8703 80.3899 60
      vertex -83.9266 80.5365 50
      vertex -83.9266 80.5365 60
    endloop
  endfacet
  facet normal 0.933526 0.35851 0
    outer loop
      vertex -83.9266 80.5365 50
      vertex -83.8703 80.3899 60
      vertex -83.8703 80.3899 50
    endloop
  endfacet
  facet normal 0.987654 0.156649 0
    outer loop
      vertex -83.9672 80.6881 60
      vertex -83.9918 80.8432 50
      vertex -83.9918 80.8432 60
    endloop
  endfacet
  facet normal 0.987654 0.156649 0
    outer loop
      vertex -83.9918 80.8432 50
      vertex -83.9672 80.6881 60
      vertex -83.9672 80.6881 50
    endloop
  endfacet
  facet normal 0.777126 0.629345 0
    outer loop
      vertex -83.6147 79.9963 60
      vertex -83.7135 80.1183 50
      vertex -83.7135 80.1183 60
    endloop
  endfacet
  facet normal 0.777126 0.629345 0
    outer loop
      vertex -83.7135 80.1183 50
      vertex -83.6147 79.9963 60
      vertex -83.6147 79.9963 50
    endloop
  endfacet
  facet normal -0.933526 0.35851 0
    outer loop
      vertex -81.1297 80.3899 50
      vertex -81.0734 80.5365 60
      vertex -81.0734 80.5365 50
    endloop
  endfacet
  facet normal -0.933526 0.35851 0
    outer loop
      vertex -81.0734 80.5365 60
      vertex -81.1297 80.3899 50
      vertex -81.1297 80.3899 60
    endloop
  endfacet
  facet normal -0.965959 0.258694 0
    outer loop
      vertex -81.0734 80.5365 50
      vertex -81.0328 80.6881 60
      vertex -81.0328 80.6881 50
    endloop
  endfacet
  facet normal -0.965959 0.258694 0
    outer loop
      vertex -81.0328 80.6881 60
      vertex -81.0734 80.5365 50
      vertex -81.0734 80.5365 60
    endloop
  endfacet
  facet normal -0.998628 0.0523582 0
    outer loop
      vertex 77.5 81 50
      vertex 77.5274 81.5226 60
      vertex 77.5274 81.5226 50
    endloop
  endfacet
  facet normal -0.998628 0.0523582 0
    outer loop
      vertex 77.5274 81.5226 60
      vertex 77.5 81 50
      vertex 77.5 81 60
    endloop
  endfacet
  facet normal -0.629408 0.777075 0
    outer loop
      vertex 79.5054 85 50
      vertex 79.1544 84.7157 60
      vertex 79.5054 85 60
    endloop
  endfacet
  facet normal -0.629408 0.777075 0
    outer loop
      vertex 79.1544 84.7157 60
      vertex 79.5054 85 50
      vertex 79.1544 84.7157 50
    endloop
  endfacet
  facet normal -0.838692 -0.544605 0
    outer loop
      vertex 78.4549 78.0611 50
      vertex 78.1699 78.5 60
      vertex 78.1699 78.5 50
    endloop
  endfacet
  facet normal -0.838692 -0.544605 0
    outer loop
      vertex 78.1699 78.5 60
      vertex 78.4549 78.0611 50
      vertex 78.4549 78.0611 60
    endloop
  endfacet
  facet normal -0.838692 0.544605 0
    outer loop
      vertex 78.1699 83.5 50
      vertex 78.4549 83.9389 60
      vertex 78.4549 83.9389 50
    endloop
  endfacet
  facet normal -0.838692 0.544605 0
    outer loop
      vertex 78.4549 83.9389 60
      vertex 78.1699 83.5 50
      vertex 78.1699 83.5 60
    endloop
  endfacet
  facet normal -0.777089 0.629391 0
    outer loop
      vertex 78.4549 83.9389 50
      vertex 78.7843 84.3456 60
      vertex 78.7843 84.3456 50
    endloop
  endfacet
  facet normal -0.777089 0.629391 0
    outer loop
      vertex 78.7843 84.3456 60
      vertex 78.4549 83.9389 50
      vertex 78.4549 83.9389 60
    endloop
  endfacet
  facet normal 0.258733 -0.965949 0
    outer loop
      vertex 83.5396 76.1093 50
      vertex 84.0451 76.2447 60
      vertex 83.5396 76.1093 60
    endloop
  endfacet
  facet normal 0.258733 -0.965949 0
    outer loop
      vertex 84.0451 76.2447 60
      vertex 83.5396 76.1093 50
      vertex 84.0451 76.2447 50
    endloop
  endfacet
  facet normal -0.358441 -0.933552 0
    outer loop
      vertex 80.4663 76.4323 50
      vertex 80.9549 76.2447 60
      vertex 80.4663 76.4323 60
    endloop
  endfacet
  facet normal -0.358441 -0.933552 -0
    outer loop
      vertex 80.9549 76.2447 60
      vertex 80.4663 76.4323 50
      vertex 80.9549 76.2447 50
    endloop
  endfacet
  facet normal -0.544605 -0.838692 0
    outer loop
      vertex 79.5611 76.9549 50
      vertex 80 76.6699 60
      vertex 79.5611 76.9549 60
    endloop
  endfacet
  facet normal -0.544605 -0.838692 -0
    outer loop
      vertex 80 76.6699 60
      vertex 79.5611 76.9549 50
      vertex 80 76.6699 50
    endloop
  endfacet
  facet normal -0.987684 -0.156463 0
    outer loop
      vertex 77.6093 79.9604 50
      vertex 77.5274 80.4774 60
      vertex 77.5274 80.4774 50
    endloop
  endfacet
  facet normal -0.987684 -0.156463 0
    outer loop
      vertex 77.5274 80.4774 60
      vertex 77.6093 79.9604 50
      vertex 77.6093 79.9604 60
    endloop
  endfacet
  facet normal -0.891 0.454003 0
    outer loop
      vertex 77.9323 83.0337 50
      vertex 78.1699 83.5 60
      vertex 78.1699 83.5 50
    endloop
  endfacet
  facet normal -0.891 0.454003 0
    outer loop
      vertex 78.1699 83.5 60
      vertex 77.9323 83.0337 50
      vertex 77.9323 83.0337 60
    endloop
  endfacet
  facet normal -0.965949 0.258733 0
    outer loop
      vertex 77.6093 82.0396 50
      vertex 77.7447 82.5451 60
      vertex 77.7447 82.5451 50
    endloop
  endfacet
  facet normal -0.965949 0.258733 0
    outer loop
      vertex 77.7447 82.5451 60
      vertex 77.6093 82.0396 50
      vertex 77.6093 82.0396 60
    endloop
  endfacet
  facet normal 0.0523582 -0.998628 0
    outer loop
      vertex 82.5 76 50
      vertex 83.0226 76.0274 60
      vertex 82.5 76 60
    endloop
  endfacet
  facet normal 0.0523582 -0.998628 0
    outer loop
      vertex 83.0226 76.0274 60
      vertex 82.5 76 50
      vertex 83.0226 76.0274 50
    endloop
  endfacet
  facet normal 0.156463 -0.987684 0
    outer loop
      vertex 83.0226 76.0274 50
      vertex 83.5396 76.1093 60
      vertex 83.0226 76.0274 60
    endloop
  endfacet
  facet normal 0.156463 -0.987684 0
    outer loop
      vertex 83.5396 76.1093 60
      vertex 83.0226 76.0274 50
      vertex 83.5396 76.1093 50
    endloop
  endfacet
  facet normal 0.454003 -0.891 0
    outer loop
      vertex 84.5337 76.4323 50
      vertex 85 76.6699 60
      vertex 84.5337 76.4323 60
    endloop
  endfacet
  facet normal 0.454003 -0.891 0
    outer loop
      vertex 85 76.6699 60
      vertex 84.5337 76.4323 50
      vertex 85 76.6699 50
    endloop
  endfacet
  facet normal -0.156463 -0.987684 0
    outer loop
      vertex 81.4604 76.1093 50
      vertex 81.9774 76.0274 60
      vertex 81.4604 76.1093 60
    endloop
  endfacet
  facet normal -0.156463 -0.987684 -0
    outer loop
      vertex 81.9774 76.0274 60
      vertex 81.4604 76.1093 50
      vertex 81.9774 76.0274 50
    endloop
  endfacet
  facet normal -0.707107 -0.707107 0
    outer loop
      vertex 79.1544 77.2843 50
      vertex 78.7843 77.6544 60
      vertex 78.7843 77.6544 50
    endloop
  endfacet
  facet normal -0.707107 -0.707107 0
    outer loop
      vertex 78.7843 77.6544 60
      vertex 79.1544 77.2843 50
      vertex 79.1544 77.2843 60
    endloop
  endfacet
  facet normal -0.454003 -0.891 0
    outer loop
      vertex 80 76.6699 50
      vertex 80.4663 76.4323 60
      vertex 80 76.6699 60
    endloop
  endfacet
  facet normal -0.454003 -0.891 -0
    outer loop
      vertex 80.4663 76.4323 60
      vertex 80 76.6699 50
      vertex 80.4663 76.4323 50
    endloop
  endfacet
  facet normal -0.0523582 -0.998628 0
    outer loop
      vertex 81.9774 76.0274 50
      vertex 82.5 76 60
      vertex 81.9774 76.0274 60
    endloop
  endfacet
  facet normal -0.0523582 -0.998628 -0
    outer loop
      vertex 82.5 76 60
      vertex 81.9774 76.0274 50
      vertex 82.5 76 50
    endloop
  endfacet
  facet normal -0.629391 -0.777089 0
    outer loop
      vertex 79.1544 77.2843 50
      vertex 79.5611 76.9549 60
      vertex 79.1544 77.2843 60
    endloop
  endfacet
  facet normal -0.629391 -0.777089 -0
    outer loop
      vertex 79.5611 76.9549 60
      vertex 79.1544 77.2843 50
      vertex 79.5611 76.9549 50
    endloop
  endfacet
  facet normal -0.777089 -0.629391 0
    outer loop
      vertex 78.7843 77.6544 50
      vertex 78.4549 78.0611 60
      vertex 78.4549 78.0611 50
    endloop
  endfacet
  facet normal -0.777089 -0.629391 0
    outer loop
      vertex 78.4549 78.0611 60
      vertex 78.7843 77.6544 50
      vertex 78.7843 77.6544 60
    endloop
  endfacet
  facet normal -0.933552 -0.358441 0
    outer loop
      vertex 77.9323 78.9663 50
      vertex 77.7447 79.4549 60
      vertex 77.7447 79.4549 50
    endloop
  endfacet
  facet normal -0.933552 -0.358441 0
    outer loop
      vertex 77.7447 79.4549 60
      vertex 77.9323 78.9663 50
      vertex 77.9323 78.9663 60
    endloop
  endfacet
  facet normal -0.965949 -0.258733 0
    outer loop
      vertex 77.7447 79.4549 50
      vertex 77.6093 79.9604 60
      vertex 77.6093 79.9604 50
    endloop
  endfacet
  facet normal -0.965949 -0.258733 0
    outer loop
      vertex 77.6093 79.9604 60
      vertex 77.7447 79.4549 50
      vertex 77.7447 79.4549 60
    endloop
  endfacet
  facet normal -0.998628 -0.0523582 0
    outer loop
      vertex 77.5274 80.4774 50
      vertex 77.5 81 60
      vertex 77.5 81 50
    endloop
  endfacet
  facet normal -0.998628 -0.0523582 0
    outer loop
      vertex 77.5 81 60
      vertex 77.5274 80.4774 50
      vertex 77.5274 80.4774 60
    endloop
  endfacet
  facet normal 0 0 -1
    outer loop
      vertex 85 76.6699 50
      vertex 83.9918 80.8432 50
      vertex 84 81 50
    endloop
  endfacet
  facet normal 0 0 -1
    outer loop
      vertex 84.5337 76.4323 50
      vertex 83.9672 80.6881 50
      vertex 83.9918 80.8432 50
    endloop
  endfacet
  facet normal 0 0 -1
    outer loop
      vertex 84.5337 76.4323 50
      vertex 83.9266 80.5365 50
      vertex 83.9672 80.6881 50
    endloop
  endfacet
  facet normal 0 0 -1
    outer loop
      vertex 84.5337 76.4323 50
      vertex 83.8703 80.3899 50
      vertex 83.9266 80.5365 50
    endloop
  endfacet
  facet normal 0 0 -1
    outer loop
      vertex 84.5337 76.4323 50
      vertex 83.799 80.25 50
      vertex 83.8703 80.3899 50
    endloop
  endfacet
  facet normal 0 0 -1
    outer loop
      vertex 84.5337 76.4323 50
      vertex 83.7135 80.1183 50
      vertex 83.799 80.25 50
    endloop
  endfacet
  facet normal 0 0 -1
    outer loop
      vertex 84.5337 76.4323 50
      vertex 83.6147 79.9963 50
      vertex 83.7135 80.1183 50
    endloop
  endfacet
  facet normal 0 0 -1
    outer loop
      vertex 82.9635 79.5734 50
      vertex 84.0451 76.2447 50
      vertex 83.5396 76.1093 50
    endloop
  endfacet
  facet normal 0 0 -1
    outer loop
      vertex 84.5337 76.4323 50
      vertex 83.5037 79.8853 50
      vertex 83.6147 79.9963 50
    endloop
  endfacet
  facet normal 0 0 -1
    outer loop
      vertex 84.5337 76.4323 50
      vertex 83.3817 79.7865 50
      vertex 83.5037 79.8853 50
    endloop
  endfacet
  facet normal 0 0 -1
    outer loop
      vertex 84.5337 76.4323 50
      vertex 83.25 79.701 50
      vertex 83.3817 79.7865 50
    endloop
  endfacet
  facet normal 0 0 -1
    outer loop
      vertex 84.5337 76.4323 50
      vertex 83.1101 79.6297 50
      vertex 83.25 79.701 50
    endloop
  endfacet
  facet normal 0 0 -1
    outer loop
      vertex 82.8119 79.5328 50
      vertex 83.5396 76.1093 50
      vertex 83.0226 76.0274 50
    endloop
  endfacet
  facet normal 0 0 -1
    outer loop
      vertex 84.0451 76.2447 50
      vertex 82.9635 79.5734 50
      vertex 83.1101 79.6297 50
    endloop
  endfacet
  facet normal 0 0 -1
    outer loop
      vertex 83.5396 76.1093 50
      vertex 82.8119 79.5328 50
      vertex 82.9635 79.5734 50
    endloop
  endfacet
  facet normal 0 0 -1
    outer loop
      vertex 83.0226 76.0274 50
      vertex 82.6568 79.5082 50
      vertex 82.8119 79.5328 50
    endloop
  endfacet
  facet normal 0 0 -1
    outer loop
      vertex 82.5 76 50
      vertex 82.6568 79.5082 50
      vertex 83.0226 76.0274 50
    endloop
  endfacet
  facet normal 0 0 -1
    outer loop
      vertex 82.5 76 50
      vertex 82.5 79.5 50
      vertex 82.6568 79.5082 50
    endloop
  endfacet
  facet normal 0 0 -1
    outer loop
      vertex 82.5 76 50
      vertex 82.3432 79.5082 50
      vertex 82.5 79.5 50
    endloop
  endfacet
  facet normal 0 0 -1
    outer loop
      vertex 81.9774 76.0274 50
      vertex 82.3432 79.5082 50
      vertex 82.5 76 50
    endloop
  endfacet
  facet normal -0 0 -1
    outer loop
      vertex 82.3432 79.5082 50
      vertex 81.9774 76.0274 50
      vertex 82.1881 79.5328 50
    endloop
  endfacet
  facet normal 0 0 -1
    outer loop
      vertex 81.4604 76.1093 50
      vertex 82.1881 79.5328 50
      vertex 81.9774 76.0274 50
    endloop
  endfacet
  facet normal -0 0 -1
    outer loop
      vertex 82.1881 79.5328 50
      vertex 81.4604 76.1093 50
      vertex 82.0365 79.5734 50
    endloop
  endfacet
  facet normal 0 0 -1
    outer loop
      vertex 80.9549 76.2447 50
      vertex 82.0365 79.5734 50
      vertex 81.4604 76.1093 50
    endloop
  endfacet
  facet normal -0 0 -1
    outer loop
      vertex 82.0365 79.5734 50
      vertex 80.9549 76.2447 50
      vertex 81.8899 79.6297 50
    endloop
  endfacet
  facet normal 0 0 -1
    outer loop
      vertex 80.4663 76.4323 50
      vertex 81.8899 79.6297 50
      vertex 80.9549 76.2447 50
    endloop
  endfacet
  facet normal -0 0 -1
    outer loop
      vertex 81.8899 79.6297 50
      vertex 80.4663 76.4323 50
      vertex 81.75 79.701 50
    endloop
  endfacet
  facet normal 0 0 -1
    outer loop
      vertex 80 76.6699 50
      vertex 81.75 79.701 50
      vertex 80.4663 76.4323 50
    endloop
  endfacet
  facet normal -0 0 -1
    outer loop
      vertex 81.75 79.701 50
      vertex 80 76.6699 50
      vertex 81.6183 79.7865 50
    endloop
  endfacet
  facet normal 0 0 -1
    outer loop
      vertex 79.5611 76.9549 50
      vertex 81.6183 79.7865 50
      vertex 80 76.6699 50
    endloop
  endfacet
  facet normal -0 0 -1
    outer loop
      vertex 81.6183 79.7865 50
      vertex 79.5611 76.9549 50
      vertex 81.4963 79.8853 50
    endloop
  endfacet
  facet normal 0 0 -1
    outer loop
      vertex 79.1544 77.2843 50
      vertex 81.4963 79.8853 50
      vertex 79.5611 76.9549 50
    endloop
  endfacet
  facet normal -0 0 -1
    outer loop
      vertex 81.4963 79.8853 50
      vertex 79.1544 77.2843 50
      vertex 81.3853 79.9963 50
    endloop
  endfacet
  facet normal 0 0 -1
    outer loop
      vertex 78.7843 77.6544 50
      vertex 81.3853 79.9963 50
      vertex 79.1544 77.2843 50
    endloop
  endfacet
  facet normal 0 0 -1
    outer loop
      vertex 78.4549 78.0611 50
      vertex 81.2865 80.1183 50
      vertex 78.7843 77.6544 50
    endloop
  endfacet
  facet normal -0 0 -1
    outer loop
      vertex 81.3853 79.9963 50
      vertex 78.7843 77.6544 50
      vertex 81.2865 80.1183 50
    endloop
  endfacet
  facet normal 0 0 -1
    outer loop
      vertex 83.9918 80.8432 50
      vertex 85 76.6699 50
      vertex 84.5337 76.4323 50
    endloop
  endfacet
  facet normal 0 0 -1
    outer loop
      vertex 83.1101 79.6297 50
      vertex 84.5337 76.4323 50
      vertex 84.0451 76.2447 50
    endloop
  endfacet
  facet normal 0 0 -1
    outer loop
      vertex 85 76.6699 50
      vertex 84 81 50
      vertex 85 85 50
    endloop
  endfacet
  facet normal 0 0 -1
    outer loop
      vertex 83.9918 81.1568 50
      vertex 85 85 50
      vertex 84 81 50
    endloop
  endfacet
  facet normal 0 0 -1
    outer loop
      vertex 83.9672 81.3119 50
      vertex 85 85 50
      vertex 83.9918 81.1568 50
    endloop
  endfacet
  facet normal 0 0 -1
    outer loop
      vertex 83.9266 81.4635 50
      vertex 85 85 50
      vertex 83.9672 81.3119 50
    endloop
  endfacet
  facet normal 0 0 -1
    outer loop
      vertex 83.8703 81.6101 50
      vertex 85 85 50
      vertex 83.9266 81.4635 50
    endloop
  endfacet
  facet normal 0 0 -1
    outer loop
      vertex 83.799 81.75 50
      vertex 85 85 50
      vertex 83.8703 81.6101 50
    endloop
  endfacet
  facet normal 0 0 -1
    outer loop
      vertex 83.7135 81.8817 50
      vertex 85 85 50
      vertex 83.799 81.75 50
    endloop
  endfacet
  facet normal 0 0 -1
    outer loop
      vertex 83.6147 82.0037 50
      vertex 85 85 50
      vertex 83.7135 81.8817 50
    endloop
  endfacet
  facet normal 0 0 -1
    outer loop
      vertex 83.5037 82.1147 50
      vertex 85 85 50
      vertex 83.6147 82.0037 50
    endloop
  endfacet
  facet normal 0 0 -1
    outer loop
      vertex 83.3817 82.2135 50
      vertex 85 85 50
      vertex 83.5037 82.1147 50
    endloop
  endfacet
  facet normal 0 0 -1
    outer loop
      vertex 83.25 82.299 50
      vertex 85 85 50
      vertex 83.3817 82.2135 50
    endloop
  endfacet
  facet normal 0 0 -1
    outer loop
      vertex 83.1101 82.3703 50
      vertex 85 85 50
      vertex 83.25 82.299 50
    endloop
  endfacet
  facet normal 0 0 -1
    outer loop
      vertex 82.9635 82.4266 50
      vertex 85 85 50
      vertex 83.1101 82.3703 50
    endloop
  endfacet
  facet normal 0 0 -1
    outer loop
      vertex 82.8119 82.4672 50
      vertex 85 85 50
      vertex 82.9635 82.4266 50
    endloop
  endfacet
  facet normal 0 0 -1
    outer loop
      vertex 82.6568 82.4918 50
      vertex 85 85 50
      vertex 82.8119 82.4672 50
    endloop
  endfacet
  facet normal 0 0 -1
    outer loop
      vertex 82.5 82.5 50
      vertex 85 85 50
      vertex 82.6568 82.4918 50
    endloop
  endfacet
  facet normal 0 0 -1
    outer loop
      vertex 82.3432 82.4918 50
      vertex 85 85 50
      vertex 82.5 82.5 50
    endloop
  endfacet
  facet normal 0 0 -1
    outer loop
      vertex 79.5054 85 50
      vertex 82.3432 82.4918 50
      vertex 82.1881 82.4672 50
    endloop
  endfacet
  facet normal 0 0 -1
    outer loop
      vertex 79.5054 85 50
      vertex 82.1881 82.4672 50
      vertex 82.0365 82.4266 50
    endloop
  endfacet
  facet normal 0 0 -1
    outer loop
      vertex 79.5054 85 50
      vertex 82.0365 82.4266 50
      vertex 81.8899 82.3703 50
    endloop
  endfacet
  facet normal 0 0 -1
    outer loop
      vertex 79.5054 85 50
      vertex 81.8899 82.3703 50
      vertex 81.75 82.299 50
    endloop
  endfacet
  facet normal 0 0 -1
    outer loop
      vertex 79.5054 85 50
      vertex 81.75 82.299 50
      vertex 81.6183 82.2135 50
    endloop
  endfacet
  facet normal 0 0 -1
    outer loop
      vertex 79.5054 85 50
      vertex 81.6183 82.2135 50
      vertex 81.4963 82.1147 50
    endloop
  endfacet
  facet normal -0 0 -1
    outer loop
      vertex 81.2865 80.1183 50
      vertex 78.4549 78.0611 50
      vertex 81.201 80.25 50
    endloop
  endfacet
  facet normal 0 0 -1
    outer loop
      vertex 78.1699 78.5 50
      vertex 81.201 80.25 50
      vertex 78.4549 78.0611 50
    endloop
  endfacet
  facet normal -0 0 -1
    outer loop
      vertex 81.201 80.25 50
      vertex 78.1699 78.5 50
      vertex 81.1297 80.3899 50
    endloop
  endfacet
  facet normal 0 0 -1
    outer loop
      vertex 77.9323 78.9663 50
      vertex 81.1297 80.3899 50
      vertex 78.1699 78.5 50
    endloop
  endfacet
  facet normal -0 0 -1
    outer loop
      vertex 81.1297 80.3899 50
      vertex 77.9323 78.9663 50
      vertex 81.0734 80.5365 50
    endloop
  endfacet
  facet normal 0 0 -1
    outer loop
      vertex 77.7447 79.4549 50
      vertex 81.0734 80.5365 50
      vertex 77.9323 78.9663 50
    endloop
  endfacet
  facet normal 0 0 -1
    outer loop
      vertex 82.3432 82.4918 50
      vertex 79.5054 85 50
      vertex 85 85 50
    endloop
  endfacet
  facet normal 0 0 -1
    outer loop
      vertex 79.1544 84.7157 50
      vertex 81.4963 82.1147 50
      vertex 81.3853 82.0037 50
    endloop
  endfacet
  facet normal 0 0 -1
    outer loop
      vertex 78.7843 84.3456 50
      vertex 81.3853 82.0037 50
      vertex 81.2865 81.8817 50
    endloop
  endfacet
  facet normal 0 0 -1
    outer loop
      vertex 78.4549 83.9389 50
      vertex 81.2865 81.8817 50
      vertex 81.201 81.75 50
    endloop
  endfacet
  facet normal 0 0 -1
    outer loop
      vertex 78.1699 83.5 50
      vertex 81.201 81.75 50
      vertex 81.1297 81.6101 50
    endloop
  endfacet
  facet normal 0 0 -1
    outer loop
      vertex 77.9323 83.0337 50
      vertex 81.1297 81.6101 50
      vertex 81.0734 81.4635 50
    endloop
  endfacet
  facet normal -0 0 -1
    outer loop
      vertex 81.0734 80.5365 50
      vertex 77.7447 79.4549 50
      vertex 81.0328 80.6881 50
    endloop
  endfacet
  facet normal 0 0 -1
    outer loop
      vertex 77.6093 79.9604 50
      vertex 81.0328 80.6881 50
      vertex 77.7447 79.4549 50
    endloop
  endfacet
  facet normal 0 0 -1
    outer loop
      vertex 81.4963 82.1147 50
      vertex 79.1544 84.7157 50
      vertex 79.5054 85 50
    endloop
  endfacet
  facet normal -0 0 -1
    outer loop
      vertex 81.0328 80.6881 50
      vertex 77.6093 79.9604 50
      vertex 81.0082 80.8432 50
    endloop
  endfacet
  facet normal 0 0 -1
    outer loop
      vertex 81.3853 82.0037 50
      vertex 78.7843 84.3456 50
      vertex 79.1544 84.7157 50
    endloop
  endfacet
  facet normal 0 0 -1
    outer loop
      vertex 77.5274 80.4774 50
      vertex 81.0082 80.8432 50
      vertex 77.6093 79.9604 50
    endloop
  endfacet
  facet normal 0 0 -1
    outer loop
      vertex 81.2865 81.8817 50
      vertex 78.4549 83.9389 50
      vertex 78.7843 84.3456 50
    endloop
  endfacet
  facet normal -0 0 -1
    outer loop
      vertex 81.0082 80.8432 50
      vertex 77.5274 80.4774 50
      vertex 81 81 50
    endloop
  endfacet
  facet normal 0 0 -1
    outer loop
      vertex 81.201 81.75 50
      vertex 78.1699 83.5 50
      vertex 78.4549 83.9389 50
    endloop
  endfacet
  facet normal 0 0 -1
    outer loop
      vertex 77.5 81 50
      vertex 81 81 50
      vertex 77.5274 80.4774 50
    endloop
  endfacet
  facet normal 0 0 -1
    outer loop
      vertex 81.1297 81.6101 50
      vertex 77.9323 83.0337 50
      vertex 78.1699 83.5 50
    endloop
  endfacet
  facet normal 0 0 -1
    outer loop
      vertex 81 81 50
      vertex 77.5 81 50
      vertex 81.0082 81.1568 50
    endloop
  endfacet
  facet normal 0 0 -1
    outer loop
      vertex 81.0734 81.4635 50
      vertex 77.7447 82.5451 50
      vertex 77.9323 83.0337 50
    endloop
  endfacet
  facet normal 0 -0 -1
    outer loop
      vertex 77.5274 81.5226 50
      vertex 81.0082 81.1568 50
      vertex 77.5 81 50
    endloop
  endfacet
  facet normal 0 0 -1
    outer loop
      vertex 81.0734 81.4635 50
      vertex 77.6093 82.0396 50
      vertex 77.7447 82.5451 50
    endloop
  endfacet
  facet normal 0 0 -1
    outer loop
      vertex 81.0082 81.1568 50
      vertex 77.5274 81.5226 50
      vertex 81.0328 81.3119 50
    endloop
  endfacet
  facet normal 0 0 -1
    outer loop
      vertex 81.0328 81.3119 50
      vertex 77.6093 82.0396 50
      vertex 81.0734 81.4635 50
    endloop
  endfacet
  facet normal 0 -0 -1
    outer loop
      vertex 77.6093 82.0396 50
      vertex 81.0328 81.3119 50
      vertex 77.5274 81.5226 50
    endloop
  endfacet
  facet normal -0.707107 0.707107 0
    outer loop
      vertex 78.7843 84.3456 50
      vertex 79.1544 84.7157 60
      vertex 79.1544 84.7157 50
    endloop
  endfacet
  facet normal -0.707107 0.707107 0
    outer loop
      vertex 79.1544 84.7157 60
      vertex 78.7843 84.3456 50
      vertex 78.7843 84.3456 60
    endloop
  endfacet
  facet normal -0.987684 0.156463 0
    outer loop
      vertex 77.5274 81.5226 50
      vertex 77.6093 82.0396 60
      vertex 77.6093 82.0396 50
    endloop
  endfacet
  facet normal -0.987684 0.156463 0
    outer loop
      vertex 77.6093 82.0396 60
      vertex 77.5274 81.5226 50
      vertex 77.5274 81.5226 60
    endloop
  endfacet
  facet normal -0.933552 0.358441 0
    outer loop
      vertex 77.7447 82.5451 50
      vertex 77.9323 83.0337 60
      vertex 77.9323 83.0337 50
    endloop
  endfacet
  facet normal -0.933552 0.358441 0
    outer loop
      vertex 77.9323 83.0337 60
      vertex 77.7447 82.5451 50
      vertex 77.7447 82.5451 60
    endloop
  endfacet
  facet normal 0.358441 -0.933552 0
    outer loop
      vertex 84.0451 76.2447 50
      vertex 84.5337 76.4323 60
      vertex 84.0451 76.2447 60
    endloop
  endfacet
  facet normal 0.358441 -0.933552 0
    outer loop
      vertex 84.5337 76.4323 60
      vertex 84.0451 76.2447 50
      vertex 84.5337 76.4323 50
    endloop
  endfacet
  facet normal -0.258733 -0.965949 0
    outer loop
      vertex 80.9549 76.2447 50
      vertex 81.4604 76.1093 60
      vertex 80.9549 76.2447 60
    endloop
  endfacet
  facet normal -0.258733 -0.965949 -0
    outer loop
      vertex 81.4604 76.1093 60
      vertex 80.9549 76.2447 50
      vertex 81.4604 76.1093 50
    endloop
  endfacet
  facet normal -0.891 -0.454003 0
    outer loop
      vertex 78.1699 78.5 50
      vertex 77.9323 78.9663 60
      vertex 77.9323 78.9663 50
    endloop
  endfacet
  facet normal -0.891 -0.454003 0
    outer loop
      vertex 77.9323 78.9663 60
      vertex 78.1699 78.5 50
      vertex 78.1699 78.5 60
    endloop
  endfacet
  facet normal -0.629345 -0.777126 0
    outer loop
      vertex 83.3817 82.2135 50
      vertex 83.5037 82.1147 60
      vertex 83.3817 82.2135 60
    endloop
  endfacet
  facet normal -0.629345 -0.777126 -0
    outer loop
      vertex 83.5037 82.1147 60
      vertex 83.3817 82.2135 50
      vertex 83.5037 82.1147 50
    endloop
  endfacet
  facet normal -0.998635 0.0522246 0
    outer loop
      vertex 83.9918 80.8432 50
      vertex 84 81 60
      vertex 84 81 50
    endloop
  endfacet
  facet normal -0.998635 0.0522246 0
    outer loop
      vertex 84 81 60
      vertex 83.9918 80.8432 50
      vertex 83.9918 80.8432 60
    endloop
  endfacet
  facet normal 0.35851 -0.933526 0
    outer loop
      vertex 81.8899 82.3703 50
      vertex 82.0365 82.4266 60
      vertex 81.8899 82.3703 60
    endloop
  endfacet
  facet normal 0.35851 -0.933526 0
    outer loop
      vertex 82.0365 82.4266 60
      vertex 81.8899 82.3703 50
      vertex 82.0365 82.4266 50
    endloop
  endfacet
  facet normal 0.890962 -0.454078 0
    outer loop
      vertex 81.1297 81.6101 60
      vertex 81.201 81.75 50
      vertex 81.201 81.75 60
    endloop
  endfacet
  facet normal 0.890962 -0.454078 0
    outer loop
      vertex 81.201 81.75 50
      vertex 81.1297 81.6101 60
      vertex 81.1297 81.6101 50
    endloop
  endfacet
  facet normal -0.890962 -0.454078 0
    outer loop
      vertex 83.8703 81.6101 50
      vertex 83.799 81.75 60
      vertex 83.799 81.75 50
    endloop
  endfacet
  facet normal -0.890962 -0.454078 0
    outer loop
      vertex 83.799 81.75 60
      vertex 83.8703 81.6101 50
      vertex 83.8703 81.6101 60
    endloop
  endfacet
  facet normal -0.838749 -0.544518 0
    outer loop
      vertex 83.799 81.75 50
      vertex 83.7135 81.8817 60
      vertex 83.7135 81.8817 50
    endloop
  endfacet
  facet normal -0.838749 -0.544518 0
    outer loop
      vertex 83.7135 81.8817 60
      vertex 83.799 81.75 50
      vertex 83.799 81.75 60
    endloop
  endfacet
  facet normal -0.707107 -0.707107 0
    outer loop
      vertex 83.6147 82.0037 50
      vertex 83.5037 82.1147 60
      vertex 83.5037 82.1147 50
    endloop
  endfacet
  facet normal -0.707107 -0.707107 0
    outer loop
      vertex 83.5037 82.1147 60
      vertex 83.6147 82.0037 50
      vertex 83.6147 82.0037 60
    endloop
  endfacet
  facet normal -0.454078 -0.890962 0
    outer loop
      vertex 83.1101 82.3703 50
      vertex 83.25 82.299 60
      vertex 83.1101 82.3703 60
    endloop
  endfacet
  facet normal -0.454078 -0.890962 -0
    outer loop
      vertex 83.25 82.299 60
      vertex 83.1101 82.3703 50
      vertex 83.25 82.299 50
    endloop
  endfacet
  facet normal -0.156649 -0.987654 0
    outer loop
      vertex 82.6568 82.4918 50
      vertex 82.8119 82.4672 60
      vertex 82.6568 82.4918 60
    endloop
  endfacet
  facet normal -0.156649 -0.987654 -0
    outer loop
      vertex 82.8119 82.4672 60
      vertex 82.6568 82.4918 50
      vertex 82.8119 82.4672 50
    endloop
  endfacet
  facet normal 0.987654 -0.156649 0
    outer loop
      vertex 81.0082 81.1568 60
      vertex 81.0328 81.3119 50
      vertex 81.0328 81.3119 60
    endloop
  endfacet
  facet normal 0.987654 -0.156649 0
    outer loop
      vertex 81.0328 81.3119 50
      vertex 81.0082 81.1568 60
      vertex 81.0082 81.1568 50
    endloop
  endfacet
  facet normal 0.707107 -0.707107 0
    outer loop
      vertex 81.3853 82.0037 60
      vertex 81.4963 82.1147 50
      vertex 81.4963 82.1147 60
    endloop
  endfacet
  facet normal 0.707107 -0.707107 0
    outer loop
      vertex 81.4963 82.1147 50
      vertex 81.3853 82.0037 60
      vertex 81.3853 82.0037 50
    endloop
  endfacet
  facet normal 0.454078 -0.890962 0
    outer loop
      vertex 81.75 82.299 50
      vertex 81.8899 82.3703 60
      vertex 81.75 82.299 60
    endloop
  endfacet
  facet normal 0.454078 -0.890962 0
    outer loop
      vertex 81.8899 82.3703 60
      vertex 81.75 82.299 50
      vertex 81.8899 82.3703 50
    endloop
  endfacet
  facet normal 0.156649 -0.987654 0
    outer loop
      vertex 82.1881 82.4672 50
      vertex 82.3432 82.4918 60
      vertex 82.1881 82.4672 60
    endloop
  endfacet
  facet normal 0.156649 -0.987654 0
    outer loop
      vertex 82.3432 82.4918 60
      vertex 82.1881 82.4672 50
      vertex 82.3432 82.4918 50
    endloop
  endfacet
  facet normal 0.156649 0.987654 -0
    outer loop
      vertex 82.3432 79.5082 50
      vertex 82.1881 79.5328 60
      vertex 82.3432 79.5082 60
    endloop
  endfacet
  facet normal 0.156649 0.987654 0
    outer loop
      vertex 82.1881 79.5328 60
      vertex 82.3432 79.5082 50
      vertex 82.1881 79.5328 50
    endloop
  endfacet
  facet normal 0.707107 0.707107 0
    outer loop
      vertex 81.4963 79.8853 60
      vertex 81.3853 79.9963 50
      vertex 81.3853 79.9963 60
    endloop
  endfacet
  facet normal 0.707107 0.707107 0
    outer loop
      vertex 81.3853 79.9963 50
      vertex 81.4963 79.8853 60
      vertex 81.4963 79.8853 50
    endloop
  endfacet
  facet normal 0.890962 0.454078 0
    outer loop
      vertex 81.201 80.25 60
      vertex 81.1297 80.3899 50
      vertex 81.1297 80.3899 60
    endloop
  endfacet
  facet normal 0.890962 0.454078 0
    outer loop
      vertex 81.1297 80.3899 50
      vertex 81.201 80.25 60
      vertex 81.201 80.25 50
    endloop
  endfacet
  facet normal -0.987654 -0.156649 0
    outer loop
      vertex 83.9918 81.1568 50
      vertex 83.9672 81.3119 60
      vertex 83.9672 81.3119 50
    endloop
  endfacet
  facet normal -0.987654 -0.156649 0
    outer loop
      vertex 83.9672 81.3119 60
      vertex 83.9918 81.1568 50
      vertex 83.9918 81.1568 60
    endloop
  endfacet
  facet normal -0.965959 -0.258694 0
    outer loop
      vertex 83.9672 81.3119 50
      vertex 83.9266 81.4635 60
      vertex 83.9266 81.4635 50
    endloop
  endfacet
  facet normal -0.965959 -0.258694 0
    outer loop
      vertex 83.9266 81.4635 60
      vertex 83.9672 81.3119 50
      vertex 83.9672 81.3119 60
    endloop
  endfacet
  facet normal -0.933526 -0.35851 0
    outer loop
      vertex 83.9266 81.4635 50
      vertex 83.8703 81.6101 60
      vertex 83.8703 81.6101 50
    endloop
  endfacet
  facet normal -0.933526 -0.35851 0
    outer loop
      vertex 83.8703 81.6101 60
      vertex 83.9266 81.4635 50
      vertex 83.9266 81.4635 60
    endloop
  endfacet
  facet normal -0.777126 -0.629345 0
    outer loop
      vertex 83.7135 81.8817 50
      vertex 83.6147 82.0037 60
      vertex 83.6147 82.0037 50
    endloop
  endfacet
  facet normal -0.777126 -0.629345 0
    outer loop
      vertex 83.6147 82.0037 60
      vertex 83.7135 81.8817 50
      vertex 83.7135 81.8817 60
    endloop
  endfacet
  facet normal -0.544518 -0.838749 0
    outer loop
      vertex 83.25 82.299 50
      vertex 83.3817 82.2135 60
      vertex 83.25 82.299 60
    endloop
  endfacet
  facet normal -0.544518 -0.838749 -0
    outer loop
      vertex 83.3817 82.2135 60
      vertex 83.25 82.299 50
      vertex 83.3817 82.2135 50
    endloop
  endfacet
  facet normal -0.0522246 -0.998635 0
    outer loop
      vertex 82.5 82.5 50
      vertex 82.6568 82.4918 60
      vertex 82.5 82.5 60
    endloop
  endfacet
  facet normal -0.0522246 -0.998635 -0
    outer loop
      vertex 82.6568 82.4918 60
      vertex 82.5 82.5 50
      vertex 82.6568 82.4918 50
    endloop
  endfacet
  facet normal -0.35851 -0.933526 0
    outer loop
      vertex 82.9635 82.4266 50
      vertex 83.1101 82.3703 60
      vertex 82.9635 82.4266 60
    endloop
  endfacet
  facet normal -0.35851 -0.933526 -0
    outer loop
      vertex 83.1101 82.3703 60
      vertex 82.9635 82.4266 50
      vertex 83.1101 82.3703 50
    endloop
  endfacet
  facet normal -0.258694 -0.965959 0
    outer loop
      vertex 82.8119 82.4672 50
      vertex 82.9635 82.4266 60
      vertex 82.8119 82.4672 60
    endloop
  endfacet
  facet normal -0.258694 -0.965959 -0
    outer loop
      vertex 82.9635 82.4266 60
      vertex 82.8119 82.4672 50
      vertex 82.9635 82.4266 50
    endloop
  endfacet
  facet normal 0.998635 -0.0522246 0
    outer loop
      vertex 81 81 60
      vertex 81.0082 81.1568 50
      vertex 81.0082 81.1568 60
    endloop
  endfacet
  facet normal 0.998635 -0.0522246 0
    outer loop
      vertex 81.0082 81.1568 50
      vertex 81 81 60
      vertex 81 81 50
    endloop
  endfacet
  facet normal 0.933526 -0.35851 0
    outer loop
      vertex 81.0734 81.4635 60
      vertex 81.1297 81.6101 50
      vertex 81.1297 81.6101 60
    endloop
  endfacet
  facet normal 0.933526 -0.35851 0
    outer loop
      vertex 81.1297 81.6101 50
      vertex 81.0734 81.4635 60
      vertex 81.0734 81.4635 50
    endloop
  endfacet
  facet normal 0.965959 -0.258694 0
    outer loop
      vertex 81.0328 81.3119 60
      vertex 81.0734 81.4635 50
      vertex 81.0734 81.4635 60
    endloop
  endfacet
  facet normal 0.965959 -0.258694 0
    outer loop
      vertex 81.0734 81.4635 50
      vertex 81.0328 81.3119 60
      vertex 81.0328 81.3119 50
    endloop
  endfacet
  facet normal 0.838749 -0.544518 0
    outer loop
      vertex 81.201 81.75 60
      vertex 81.2865 81.8817 50
      vertex 81.2865 81.8817 60
    endloop
  endfacet
  facet normal 0.838749 -0.544518 0
    outer loop
      vertex 81.2865 81.8817 50
      vertex 81.201 81.75 60
      vertex 81.201 81.75 50
    endloop
  endfacet
  facet normal 0.777126 -0.629345 0
    outer loop
      vertex 81.2865 81.8817 60
      vertex 81.3853 82.0037 50
      vertex 81.3853 82.0037 60
    endloop
  endfacet
  facet normal 0.777126 -0.629345 0
    outer loop
      vertex 81.3853 82.0037 50
      vertex 81.2865 81.8817 60
      vertex 81.2865 81.8817 50
    endloop
  endfacet
  facet normal 0.258694 -0.965959 0
    outer loop
      vertex 82.0365 82.4266 50
      vertex 82.1881 82.4672 60
      vertex 82.0365 82.4266 60
    endloop
  endfacet
  facet normal 0.258694 -0.965959 0
    outer loop
      vertex 82.1881 82.4672 60
      vertex 82.0365 82.4266 50
      vertex 82.1881 82.4672 50
    endloop
  endfacet
  facet normal 0.0522246 -0.998635 0
    outer loop
      vertex 82.3432 82.4918 50
      vertex 82.5 82.5 60
      vertex 82.3432 82.4918 60
    endloop
  endfacet
  facet normal 0.0522246 -0.998635 0
    outer loop
      vertex 82.5 82.5 60
      vertex 82.3432 82.4918 50
      vertex 82.5 82.5 50
    endloop
  endfacet
  facet normal 0.544518 -0.838749 0
    outer loop
      vertex 81.6183 82.2135 50
      vertex 81.75 82.299 60
      vertex 81.6183 82.2135 60
    endloop
  endfacet
  facet normal 0.544518 -0.838749 0
    outer loop
      vertex 81.75 82.299 60
      vertex 81.6183 82.2135 50
      vertex 81.75 82.299 50
    endloop
  endfacet
  facet normal 0.629345 -0.777126 0
    outer loop
      vertex 81.4963 82.1147 50
      vertex 81.6183 82.2135 60
      vertex 81.4963 82.1147 60
    endloop
  endfacet
  facet normal 0.629345 -0.777126 0
    outer loop
      vertex 81.6183 82.2135 60
      vertex 81.4963 82.1147 50
      vertex 81.6183 82.2135 50
    endloop
  endfacet
  facet normal -0.998635 -0.0522246 0
    outer loop
      vertex 84 81 50
      vertex 83.9918 81.1568 60
      vertex 83.9918 81.1568 50
    endloop
  endfacet
  facet normal -0.998635 -0.0522246 0
    outer loop
      vertex 83.9918 81.1568 60
      vertex 84 81 50
      vertex 84 81 60
    endloop
  endfacet
  facet normal -0.0522246 0.998635 0
    outer loop
      vertex 82.6568 79.5082 50
      vertex 82.5 79.5 60
      vertex 82.6568 79.5082 60
    endloop
  endfacet
  facet normal -0.0522246 0.998635 0
    outer loop
      vertex 82.5 79.5 60
      vertex 82.6568 79.5082 50
      vertex 82.5 79.5 50
    endloop
  endfacet
  facet normal -0.890962 0.454078 0
    outer loop
      vertex 83.799 80.25 50
      vertex 83.8703 80.3899 60
      vertex 83.8703 80.3899 50
    endloop
  endfacet
  facet normal -0.890962 0.454078 0
    outer loop
      vertex 83.8703 80.3899 60
      vertex 83.799 80.25 50
      vertex 83.799 80.25 60
    endloop
  endfacet
  facet normal -0.156649 0.987654 0
    outer loop
      vertex 82.8119 79.5328 50
      vertex 82.6568 79.5082 60
      vertex 82.8119 79.5328 60
    endloop
  endfacet
  facet normal -0.156649 0.987654 0
    outer loop
      vertex 82.6568 79.5082 60
      vertex 82.8119 79.5328 50
      vertex 82.6568 79.5082 50
    endloop
  endfacet
  facet normal -0.258694 0.965959 0
    outer loop
      vertex 82.9635 79.5734 50
      vertex 82.8119 79.5328 60
      vertex 82.9635 79.5734 60
    endloop
  endfacet
  facet normal -0.258694 0.965959 0
    outer loop
      vertex 82.8119 79.5328 60
      vertex 82.9635 79.5734 50
      vertex 82.8119 79.5328 50
    endloop
  endfacet
  facet normal -0.629345 0.777126 0
    outer loop
      vertex 83.5037 79.8853 50
      vertex 83.3817 79.7865 60
      vertex 83.5037 79.8853 60
    endloop
  endfacet
  facet normal -0.629345 0.777126 0
    outer loop
      vertex 83.3817 79.7865 60
      vertex 83.5037 79.8853 50
      vertex 83.3817 79.7865 50
    endloop
  endfacet
  facet normal -0.454078 0.890962 0
    outer loop
      vertex 83.25 79.701 50
      vertex 83.1101 79.6297 60
      vertex 83.25 79.701 60
    endloop
  endfacet
  facet normal -0.454078 0.890962 0
    outer loop
      vertex 83.1101 79.6297 60
      vertex 83.25 79.701 50
      vertex 83.1101 79.6297 50
    endloop
  endfacet
  facet normal 0.0522246 0.998635 -0
    outer loop
      vertex 82.5 79.5 50
      vertex 82.3432 79.5082 60
      vertex 82.5 79.5 60
    endloop
  endfacet
  facet normal 0.0522246 0.998635 0
    outer loop
      vertex 82.3432 79.5082 60
      vertex 82.5 79.5 50
      vertex 82.3432 79.5082 50
    endloop
  endfacet
  facet normal 0.35851 0.933526 -0
    outer loop
      vertex 82.0365 79.5734 50
      vertex 81.8899 79.6297 60
      vertex 82.0365 79.5734 60
    endloop
  endfacet
  facet normal 0.35851 0.933526 0
    outer loop
      vertex 81.8899 79.6297 60
      vertex 82.0365 79.5734 50
      vertex 81.8899 79.6297 50
    endloop
  endfacet
  facet normal 0.544518 0.838749 -0
    outer loop
      vertex 81.75 79.701 50
      vertex 81.6183 79.7865 60
      vertex 81.75 79.701 60
    endloop
  endfacet
  facet normal 0.544518 0.838749 0
    outer loop
      vertex 81.6183 79.7865 60
      vertex 81.75 79.701 50
      vertex 81.6183 79.7865 50
    endloop
  endfacet
  facet normal 0.965959 0.258694 0
    outer loop
      vertex 81.0734 80.5365 60
      vertex 81.0328 80.6881 50
      vertex 81.0328 80.6881 60
    endloop
  endfacet
  facet normal 0.965959 0.258694 0
    outer loop
      vertex 81.0328 80.6881 50
      vertex 81.0734 80.5365 60
      vertex 81.0734 80.5365 50
    endloop
  endfacet
  facet normal 0.998635 0.0522246 0
    outer loop
      vertex 81.0082 80.8432 60
      vertex 81 81 50
      vertex 81 81 60
    endloop
  endfacet
  facet normal 0.998635 0.0522246 0
    outer loop
      vertex 81 81 50
      vertex 81.0082 80.8432 60
      vertex 81.0082 80.8432 50
    endloop
  endfacet
  facet normal 0.838749 0.544518 0
    outer loop
      vertex 81.2865 80.1183 60
      vertex 81.201 80.25 50
      vertex 81.201 80.25 60
    endloop
  endfacet
  facet normal 0.838749 0.544518 0
    outer loop
      vertex 81.201 80.25 50
      vertex 81.2865 80.1183 60
      vertex 81.2865 80.1183 50
    endloop
  endfacet
  facet normal -0.987654 0.156649 0
    outer loop
      vertex 83.9672 80.6881 50
      vertex 83.9918 80.8432 60
      vertex 83.9918 80.8432 50
    endloop
  endfacet
  facet normal -0.987654 0.156649 0
    outer loop
      vertex 83.9918 80.8432 60
      vertex 83.9672 80.6881 50
      vertex 83.9672 80.6881 60
    endloop
  endfacet
  facet normal -0.777126 0.629345 0
    outer loop
      vertex 83.6147 79.9963 50
      vertex 83.7135 80.1183 60
      vertex 83.7135 80.1183 50
    endloop
  endfacet
  facet normal -0.777126 0.629345 0
    outer loop
      vertex 83.7135 80.1183 60
      vertex 83.6147 79.9963 50
      vertex 83.6147 79.9963 60
    endloop
  endfacet
  facet normal -0.838749 0.544518 0
    outer loop
      vertex 83.7135 80.1183 50
      vertex 83.799 80.25 60
      vertex 83.799 80.25 50
    endloop
  endfacet
  facet normal -0.838749 0.544518 0
    outer loop
      vertex 83.799 80.25 60
      vertex 83.7135 80.1183 50
      vertex 83.7135 80.1183 60
    endloop
  endfacet
  facet normal -0.35851 0.933526 0
    outer loop
      vertex 83.1101 79.6297 50
      vertex 82.9635 79.5734 60
      vertex 83.1101 79.6297 60
    endloop
  endfacet
  facet normal -0.35851 0.933526 0
    outer loop
      vertex 82.9635 79.5734 60
      vertex 83.1101 79.6297 50
      vertex 82.9635 79.5734 50
    endloop
  endfacet
  facet normal -0.707107 0.707107 0
    outer loop
      vertex 83.5037 79.8853 50
      vertex 83.6147 79.9963 60
      vertex 83.6147 79.9963 50
    endloop
  endfacet
  facet normal -0.707107 0.707107 0
    outer loop
      vertex 83.6147 79.9963 60
      vertex 83.5037 79.8853 50
      vertex 83.5037 79.8853 60
    endloop
  endfacet
  facet normal -0.544518 0.838749 0
    outer loop
      vertex 83.3817 79.7865 50
      vertex 83.25 79.701 60
      vertex 83.3817 79.7865 60
    endloop
  endfacet
  facet normal -0.544518 0.838749 0
    outer loop
      vertex 83.25 79.701 60
      vertex 83.3817 79.7865 50
      vertex 83.25 79.701 50
    endloop
  endfacet
  facet normal 0.258694 0.965959 -0
    outer loop
      vertex 82.1881 79.5328 50
      vertex 82.0365 79.5734 60
      vertex 82.1881 79.5328 60
    endloop
  endfacet
  facet normal 0.258694 0.965959 0
    outer loop
      vertex 82.0365 79.5734 60
      vertex 82.1881 79.5328 50
      vertex 82.0365 79.5734 50
    endloop
  endfacet
  facet normal 0.454078 0.890962 -0
    outer loop
      vertex 81.8899 79.6297 50
      vertex 81.75 79.701 60
      vertex 81.8899 79.6297 60
    endloop
  endfacet
  facet normal 0.454078 0.890962 0
    outer loop
      vertex 81.75 79.701 60
      vertex 81.8899 79.6297 50
      vertex 81.75 79.701 50
    endloop
  endfacet
  facet normal 0.629345 0.777126 -0
    outer loop
      vertex 81.6183 79.7865 50
      vertex 81.4963 79.8853 60
      vertex 81.6183 79.7865 60
    endloop
  endfacet
  facet normal 0.629345 0.777126 0
    outer loop
      vertex 81.4963 79.8853 60
      vertex 81.6183 79.7865 50
      vertex 81.4963 79.8853 50
    endloop
  endfacet
  facet normal 0.933526 0.35851 0
    outer loop
      vertex 81.1297 80.3899 60
      vertex 81.0734 80.5365 50
      vertex 81.0734 80.5365 60
    endloop
  endfacet
  facet normal 0.933526 0.35851 0
    outer loop
      vertex 81.0734 80.5365 50
      vertex 81.1297 80.3899 60
      vertex 81.1297 80.3899 50
    endloop
  endfacet
  facet normal 0.987654 0.156649 0
    outer loop
      vertex 81.0328 80.6881 60
      vertex 81.0082 80.8432 50
      vertex 81.0082 80.8432 60
    endloop
  endfacet
  facet normal 0.987654 0.156649 0
    outer loop
      vertex 81.0082 80.8432 50
      vertex 81.0328 80.6881 60
      vertex 81.0328 80.6881 50
    endloop
  endfacet
  facet normal 0.777126 0.629345 0
    outer loop
      vertex 81.3853 79.9963 60
      vertex 81.2865 80.1183 50
      vertex 81.2865 80.1183 60
    endloop
  endfacet
  facet normal 0.777126 0.629345 0
    outer loop
      vertex 81.2865 80.1183 50
      vertex 81.3853 79.9963 60
      vertex 81.3853 79.9963 50
    endloop
  endfacet
  facet normal -0.933526 0.35851 0
    outer loop
      vertex 83.8703 80.3899 50
      vertex 83.9266 80.5365 60
      vertex 83.9266 80.5365 50
    endloop
  endfacet
  facet normal -0.933526 0.35851 0
    outer loop
      vertex 83.9266 80.5365 60
      vertex 83.8703 80.3899 50
      vertex 83.8703 80.3899 60
    endloop
  endfacet
  facet normal -0.965959 0.258694 0
    outer loop
      vertex 83.9266 80.5365 50
      vertex 83.9672 80.6881 60
      vertex 83.9672 80.6881 50
    endloop
  endfacet
  facet normal -0.965959 0.258694 0
    outer loop
      vertex 83.9672 80.6881 60
      vertex 83.9266 80.5365 50
      vertex 83.9266 80.5365 60
    endloop
  endfacet
  facet normal -1 0 0
    outer loop
      vertex -84 75 2.45
      vertex -84 85 31
      vertex -84 85 2.45
    endloop
  endfacet
  facet normal -1 -0 0
    outer loop
      vertex -84 85 31
      vertex -84 75 2.45
      vertex -84 75 31
    endloop
  endfacet
  facet normal -0 0 1
    outer loop
      vertex -71.9 85 31
      vertex -70 75 31
      vertex -70 85 31
    endloop
  endfacet
  facet normal 0 0 1
    outer loop
      vertex -70 75 31
      vertex -71.9 85 31
      vertex -71.9 75 31
    endloop
  endfacet
  facet normal -0 0 1
    outer loop
      vertex -84 85 31
      vertex -82.1 75 31
      vertex -82.1 85 31
    endloop
  endfacet
  facet normal 0 0 1
    outer loop
      vertex -82.1 75 31
      vertex -84 85 31
      vertex -84 75 31
    endloop
  endfacet
  facet normal 1 -0 0
    outer loop
      vertex -70 75 31
      vertex -70 85 2.45
      vertex -70 85 31
    endloop
  endfacet
  facet normal 1 0 0
    outer loop
      vertex -70 85 2.45
      vertex -70 75 31
      vertex -70 75 2.45
    endloop
  endfacet
  facet normal 0 -1 0
    outer loop
      vertex -84 75 31
      vertex -82.1 75 20.5
      vertex -82.1 75 31
    endloop
  endfacet
  facet normal 0 -1 -0
    outer loop
      vertex -82.1 75 20.5
      vertex -84 75 2.45
      vertex -71.9 75 20.5
    endloop
  endfacet
  facet normal 0 -1 0
    outer loop
      vertex -84 75 2.45
      vertex -82.1 75 20.5
      vertex -84 75 31
    endloop
  endfacet
  facet normal 0 -1 0
    outer loop
      vertex -71.9 75 20.5
      vertex -70 75 31
      vertex -71.9 75 31
    endloop
  endfacet
  facet normal 0 -1 0
    outer loop
      vertex -71.9 75 20.5
      vertex -70 75 2.45
      vertex -70 75 31
    endloop
  endfacet
  facet normal 0 -1 0
    outer loop
      vertex -70 75 2.45
      vertex -71.9 75 20.5
      vertex -84 75 2.45
    endloop
  endfacet
  facet normal 1 -0 0
    outer loop
      vertex -82.1 75 31
      vertex -82.1 85 20.5
      vertex -82.1 85 31
    endloop
  endfacet
  facet normal 1 0 0
    outer loop
      vertex -82.1 85 20.5
      vertex -82.1 75 31
      vertex -82.1 75 20.5
    endloop
  endfacet
  facet normal -1 0 0
    outer loop
      vertex -71.9 75 20.5
      vertex -71.9 85 31
      vertex -71.9 85 20.5
    endloop
  endfacet
  facet normal -1 -0 0
    outer loop
      vertex -71.9 85 31
      vertex -71.9 75 20.5
      vertex -71.9 75 31
    endloop
  endfacet
  facet normal -0 0 1
    outer loop
      vertex -82.1 85 20.5
      vertex -71.9 75 20.5
      vertex -71.9 85 20.5
    endloop
  endfacet
  facet normal 0 0 1
    outer loop
      vertex -71.9 75 20.5
      vertex -82.1 85 20.5
      vertex -82.1 75 20.5
    endloop
  endfacet
  facet normal -1 0 0
    outer loop
      vertex 70 75 2.45
      vertex 70 85 31
      vertex 70 85 2.45
    endloop
  endfacet
  facet normal -1 -0 0
    outer loop
      vertex 70 85 31
      vertex 70 75 2.45
      vertex 70 75 31
    endloop
  endfacet
  facet normal -0 0 1
    outer loop
      vertex 82.1 85 31
      vertex 84 75 31
      vertex 84 85 31
    endloop
  endfacet
  facet normal 0 0 1
    outer loop
      vertex 84 75 31
      vertex 82.1 85 31
      vertex 82.1 75 31
    endloop
  endfacet
  facet normal -0 0 1
    outer loop
      vertex 70 85 31
      vertex 71.9 75 31
      vertex 71.9 85 31
    endloop
  endfacet
  facet normal 0 0 1
    outer loop
      vertex 71.9 75 31
      vertex 70 85 31
      vertex 70 75 31
    endloop
  endfacet
  facet normal 1 -0 0
    outer loop
      vertex 84 75 31
      vertex 84 85 2.45
      vertex 84 85 31
    endloop
  endfacet
  facet normal 1 0 0
    outer loop
      vertex 84 85 2.45
      vertex 84 75 31
      vertex 84 75 2.45
    endloop
  endfacet
  facet normal 0 -1 0
    outer loop
      vertex 70 75 31
      vertex 71.9 75 20.5
      vertex 71.9 75 31
    endloop
  endfacet
  facet normal 0 -1 -0
    outer loop
      vertex 71.9 75 20.5
      vertex 70 75 2.45
      vertex 82.1 75 20.5
    endloop
  endfacet
  facet normal 0 -1 0
    outer loop
      vertex 70 75 2.45
      vertex 71.9 75 20.5
      vertex 70 75 31
    endloop
  endfacet
  facet normal 0 -1 0
    outer loop
      vertex 82.1 75 20.5
      vertex 84 75 31
      vertex 82.1 75 31
    endloop
  endfacet
  facet normal 0 -1 0
    outer loop
      vertex 82.1 75 20.5
      vertex 84 75 2.45
      vertex 84 75 31
    endloop
  endfacet
  facet normal 0 -1 0
    outer loop
      vertex 84 75 2.45
      vertex 82.1 75 20.5
      vertex 70 75 2.45
    endloop
  endfacet
  facet normal 1 -0 0
    outer loop
      vertex 71.9 75 31
      vertex 71.9 85 20.5
      vertex 71.9 85 31
    endloop
  endfacet
  facet normal 1 0 0
    outer loop
      vertex 71.9 85 20.5
      vertex 71.9 75 31
      vertex 71.9 75 20.5
    endloop
  endfacet
  facet normal -1 0 0
    outer loop
      vertex 82.1 75 20.5
      vertex 82.1 85 31
      vertex 82.1 85 20.5
    endloop
  endfacet
  facet normal -1 -0 0
    outer loop
      vertex 82.1 85 31
      vertex 82.1 75 20.5
      vertex 82.1 75 31
    endloop
  endfacet
  facet normal -0 0 1
    outer loop
      vertex 71.9 85 20.5
      vertex 82.1 75 20.5
      vertex 82.1 85 20.5
    endloop
  endfacet
  facet normal 0 0 1
    outer loop
      vertex 82.1 75 20.5
      vertex 71.9 85 20.5
      vertex 71.9 75 20.5
    endloop
  endfacet
  facet normal 1 -0 0
    outer loop
      vertex 26 85 15.5
      vertex 26 87.5 4.5
      vertex 26 87.5 15.5
    endloop
  endfacet
  facet normal 1 0 0
    outer loop
      vertex 26 87.5 4.5
      vertex 26 85 15.5
      vertex 26 85 4.5
    endloop
  endfacet
  facet normal 0 0 -1
    outer loop
      vertex 26 85 15.5
      vertex 50 87.5 15.5
      vertex 50 85 15.5
    endloop
  endfacet
  facet normal -0 0 -1
    outer loop
      vertex 50 87.5 15.5
      vertex 26 85 15.5
      vertex 26 87.5 15.5
    endloop
  endfacet
  facet normal -1 0 0
    outer loop
      vertex 50 85 4.5
      vertex 50 87.5 15.5
      vertex 50 87.5 4.5
    endloop
  endfacet
  facet normal -1 -0 0
    outer loop
      vertex 50 87.5 15.5
      vertex 50 85 4.5
      vertex 50 85 15.5
    endloop
  endfacet
  facet normal -0 0 1
    outer loop
      vertex 26 87.5 4.5
      vertex 50 85 4.5
      vertex 50 87.5 4.5
    endloop
  endfacet
  facet normal 0 0 1
    outer loop
      vertex 50 85 4.5
      vertex 26 87.5 4.5
      vertex 26 85 4.5
    endloop
  endfacet
  facet normal 1 -0 0
    outer loop
      vertex -45 85 8
      vertex -45 87.5 3.5
      vertex -45 87.5 8
    endloop
  endfacet
  facet normal 1 0 0
    outer loop
      vertex -45 87.5 3.5
      vertex -45 85 8
      vertex -45 85 3.5
    endloop
  endfacet
  facet normal 0 0 -1
    outer loop
      vertex -45 85 8
      vertex -35 87.5 8
      vertex -35 85 8
    endloop
  endfacet
  facet normal -0 0 -1
    outer loop
      vertex -35 87.5 8
      vertex -45 85 8
      vertex -45 87.5 8
    endloop
  endfacet
  facet normal -1 0 0
    outer loop
      vertex -35 85 3.5
      vertex -35 87.5 8
      vertex -35 87.5 3.5
    endloop
  endfacet
  facet normal -1 -0 0
    outer loop
      vertex -35 87.5 8
      vertex -35 85 3.5
      vertex -35 85 8
    endloop
  endfacet
  facet normal -0 0 1
    outer loop
      vertex -45 87.5 3.5
      vertex -35 85 3.5
      vertex -35 87.5 3.5
    endloop
  endfacet
  facet normal 0 0 1
    outer loop
      vertex -35 85 3.5
      vertex -45 87.5 3.5
      vertex -45 85 3.5
    endloop
  endfacet
  facet normal -0.998626 0 -0.0524084
    outer loop
      vertex -50.5 85 7
      vertex -50.5192 87.5 7.36585
      vertex -50.5 87.5 7
    endloop
  endfacet
  facet normal -0.998626 -0 -0.0524084
    outer loop
      vertex -50.5192 87.5 7.36585
      vertex -50.5 85 7
      vertex -50.5192 85 7.36585
    endloop
  endfacet
  facet normal -0.987692 0 -0.156408
    outer loop
      vertex -50.5192 85 7.36585
      vertex -50.5765 87.5 7.72769
      vertex -50.5192 87.5 7.36585
    endloop
  endfacet
  facet normal -0.987692 -0 -0.156408
    outer loop
      vertex -50.5765 87.5 7.72769
      vertex -50.5192 85 7.36585
      vertex -50.5765 85 7.72769
    endloop
  endfacet
  facet normal 0.998626 0 -0.0524084
    outer loop
      vertex -57.4808 85 7.36585
      vertex -57.5 87.5 7
      vertex -57.4808 87.5 7.36585
    endloop
  endfacet
  facet normal 0.998626 0 -0.0524084
    outer loop
      vertex -57.5 87.5 7
      vertex -57.4808 85 7.36585
      vertex -57.5 85 7
    endloop
  endfacet
  facet normal -0.0524013 0 -0.998626
    outer loop
      vertex -54 85 10.5
      vertex -53.6341 87.5 10.4808
      vertex -53.6341 85 10.4808
    endloop
  endfacet
  facet normal -0.0524013 0 -0.998626
    outer loop
      vertex -53.6341 87.5 10.4808
      vertex -54 85 10.5
      vertex -54 87.5 10.5
    endloop
  endfacet
  facet normal -0.707175 0 -0.707039
    outer loop
      vertex -51.399 85 9.34196
      vertex -51.658 87.5 9.60101
      vertex -51.399 87.5 9.34196
    endloop
  endfacet
  facet normal -0.707175 -0 -0.707039
    outer loop
      vertex -51.658 87.5 9.60101
      vertex -51.399 85 9.34196
      vertex -51.658 85 9.60101
    endloop
  endfacet
  facet normal 0.629194 0 -0.777248
    outer loop
      vertex -56.342 85 9.60101
      vertex -56.0572 87.5 9.83156
      vertex -56.0572 85 9.83156
    endloop
  endfacet
  facet normal 0.629194 0 -0.777248
    outer loop
      vertex -56.0572 87.5 9.83156
      vertex -56.342 85 9.60101
      vertex -56.342 87.5 9.60101
    endloop
  endfacet
  facet normal 0.25875 0 -0.965944
    outer loop
      vertex -55.0816 85 10.3287
      vertex -54.7277 87.5 10.4235
      vertex -54.7277 85 10.4235
    endloop
  endfacet
  facet normal 0.25875 0 -0.965944
    outer loop
      vertex -54.7277 87.5 10.4235
      vertex -55.0816 85 10.3287
      vertex -55.0816 87.5 10.3287
    endloop
  endfacet
  facet normal -0.891028 0 -0.453949
    outer loop
      vertex -50.8026 85 8.42358
      vertex -50.9689 87.5 8.75
      vertex -50.8026 87.5 8.42358
    endloop
  endfacet
  facet normal -0.891028 -0 -0.453949
    outer loop
      vertex -50.9689 87.5 8.75
      vertex -50.8026 85 8.42358
      vertex -50.9689 85 8.75
    endloop
  endfacet
  facet normal -0.358412 0 -0.933564
    outer loop
      vertex -52.9184 85 10.3287
      vertex -52.5764 87.5 10.1974
      vertex -52.5764 85 10.1974
    endloop
  endfacet
  facet normal -0.358412 0 -0.933564
    outer loop
      vertex -52.5764 87.5 10.1974
      vertex -52.9184 85 10.3287
      vertex -52.9184 87.5 10.3287
    endloop
  endfacet
  facet normal -0.544595 0 -0.838699
    outer loop
      vertex -52.25 85 10.0311
      vertex -51.9427 87.5 9.83156
      vertex -51.9427 85 9.83156
    endloop
  endfacet
  facet normal -0.544595 0 -0.838699
    outer loop
      vertex -51.9427 87.5 9.83156
      vertex -52.25 85 10.0311
      vertex -52.25 87.5 10.0311
    endloop
  endfacet
  facet normal 0.777084 0 -0.629397
    outer loop
      vertex -56.601 85 9.34196
      vertex -56.8316 87.5 9.05725
      vertex -56.601 87.5 9.34196
    endloop
  endfacet
  facet normal 0.777084 0 -0.629397
    outer loop
      vertex -56.8316 87.5 9.05725
      vertex -56.601 85 9.34196
      vertex -56.8316 85 9.05725
    endloop
  endfacet
  facet normal 0.156383 0 -0.987696
    outer loop
      vertex -54.7277 85 10.4235
      vertex -54.3658 87.5 10.4808
      vertex -54.3658 85 10.4808
    endloop
  endfacet
  facet normal 0.156383 0 -0.987696
    outer loop
      vertex -54.3658 87.5 10.4808
      vertex -54.7277 85 10.4235
      vertex -54.7277 87.5 10.4235
    endloop
  endfacet
  facet normal -0.156452 0 0.987686
    outer loop
      vertex -53.6341 87.5 3.51917
      vertex -53.2723 85 3.57648
      vertex -53.2723 87.5 3.57648
    endloop
  endfacet
  facet normal -0.156452 0 0.987686
    outer loop
      vertex -53.2723 85 3.57648
      vertex -53.6341 87.5 3.51917
      vertex -53.6341 85 3.51917
    endloop
  endfacet
  facet normal -0.965939 0 -0.25877
    outer loop
      vertex -50.5765 85 7.72769
      vertex -50.6713 87.5 8.08156
      vertex -50.5765 87.5 7.72769
    endloop
  endfacet
  facet normal -0.965939 -0 -0.25877
    outer loop
      vertex -50.6713 87.5 8.08156
      vertex -50.5765 85 7.72769
      vertex -50.6713 85 8.08156
    endloop
  endfacet
  facet normal -0.777084 0 -0.629397
    outer loop
      vertex -51.1684 85 9.05725
      vertex -51.399 87.5 9.34196
      vertex -51.1684 87.5 9.05725
    endloop
  endfacet
  facet normal -0.777084 -0 -0.629397
    outer loop
      vertex -51.399 87.5 9.34196
      vertex -51.1684 85 9.05725
      vertex -51.399 85 9.34196
    endloop
  endfacet
  facet normal -0.838709 0 -0.544581
    outer loop
      vertex -50.9689 85 8.75
      vertex -51.1684 87.5 9.05725
      vertex -50.9689 87.5 8.75
    endloop
  endfacet
  facet normal -0.838709 -0 -0.544581
    outer loop
      vertex -51.1684 87.5 9.05725
      vertex -50.9689 85 8.75
      vertex -51.1684 85 9.05725
    endloop
  endfacet
  facet normal -0.25875 0 -0.965944
    outer loop
      vertex -53.2723 85 10.4235
      vertex -52.9184 87.5 10.3287
      vertex -52.9184 85 10.3287
    endloop
  endfacet
  facet normal -0.25875 0 -0.965944
    outer loop
      vertex -52.9184 87.5 10.3287
      vertex -53.2723 85 10.4235
      vertex -53.2723 87.5 10.4235
    endloop
  endfacet
  facet normal -0.629328 0 -0.77714
    outer loop
      vertex -51.9427 85 9.83156
      vertex -51.658 87.5 9.60101
      vertex -51.658 85 9.60101
    endloop
  endfacet
  facet normal -0.629328 0 -0.77714
    outer loop
      vertex -51.658 87.5 9.60101
      vertex -51.9427 85 9.83156
      vertex -51.9427 87.5 9.83156
    endloop
  endfacet
  facet normal 0.965939 0 -0.25877
    outer loop
      vertex -57.3287 85 8.08156
      vertex -57.4235 87.5 7.72769
      vertex -57.3287 87.5 8.08156
    endloop
  endfacet
  facet normal 0.965939 0 -0.25877
    outer loop
      vertex -57.4235 87.5 7.72769
      vertex -57.3287 85 8.08156
      vertex -57.4235 85 7.72769
    endloop
  endfacet
  facet normal 0.891028 0 -0.453949
    outer loop
      vertex -57.0311 85 8.75
      vertex -57.1974 87.5 8.42358
      vertex -57.0311 87.5 8.75
    endloop
  endfacet
  facet normal 0.891028 0 -0.453949
    outer loop
      vertex -57.1974 87.5 8.42358
      vertex -57.0311 85 8.75
      vertex -57.1974 85 8.42358
    endloop
  endfacet
  facet normal 0.838709 0 -0.544581
    outer loop
      vertex -56.8316 85 9.05725
      vertex -57.0311 87.5 8.75
      vertex -56.8316 87.5 9.05725
    endloop
  endfacet
  facet normal 0.838709 0 -0.544581
    outer loop
      vertex -57.0311 87.5 8.75
      vertex -56.8316 85 9.05725
      vertex -57.0311 85 8.75
    endloop
  endfacet
  facet normal 0.453971 0 -0.891017
    outer loop
      vertex -55.75 85 10.0311
      vertex -55.4236 87.5 10.1974
      vertex -55.4236 85 10.1974
    endloop
  endfacet
  facet normal 0.453971 0 -0.891017
    outer loop
      vertex -55.4236 87.5 10.1974
      vertex -55.75 85 10.0311
      vertex -55.75 87.5 10.0311
    endloop
  endfacet
  facet normal 0.0524155 0 -0.998625
    outer loop
      vertex -54.3658 85 10.4808
      vertex -54 87.5 10.5
      vertex -54 85 10.5
    endloop
  endfacet
  facet normal 0.0524155 0 -0.998625
    outer loop
      vertex -54 87.5 10.5
      vertex -54.3658 85 10.4808
      vertex -54.3658 87.5 10.4808
    endloop
  endfacet
  facet normal -0.838709 0 0.544581
    outer loop
      vertex -51.1684 85 4.94275
      vertex -50.9689 87.5 5.25
      vertex -51.1684 87.5 4.94275
    endloop
  endfacet
  facet normal -0.838709 0 0.544581
    outer loop
      vertex -50.9689 87.5 5.25
      vertex -51.1684 85 4.94275
      vertex -50.9689 85 5.25
    endloop
  endfacet
  facet normal 0.933571 -0 0.358394
    outer loop
      vertex -57.3287 85 5.91844
      vertex -57.1974 87.5 5.57642
      vertex -57.3287 87.5 5.91844
    endloop
  endfacet
  facet normal 0.933571 0 0.358394
    outer loop
      vertex -57.1974 87.5 5.57642
      vertex -57.3287 85 5.91844
      vertex -57.1974 85 5.57642
    endloop
  endfacet
  facet normal -0.0523196 0 0.99863
    outer loop
      vertex -54 87.5 3.5
      vertex -53.6341 85 3.51917
      vertex -53.6341 87.5 3.51917
    endloop
  endfacet
  facet normal -0.0523196 0 0.99863
    outer loop
      vertex -53.6341 85 3.51917
      vertex -54 87.5 3.5
      vertex -54 85 3.5
    endloop
  endfacet
  facet normal -0.358388 0 0.933573
    outer loop
      vertex -52.9184 87.5 3.6713
      vertex -52.5764 85 3.80259
      vertex -52.5764 87.5 3.80259
    endloop
  endfacet
  facet normal -0.358388 0 0.933573
    outer loop
      vertex -52.5764 85 3.80259
      vertex -52.9184 87.5 3.6713
      vertex -52.9184 85 3.6713
    endloop
  endfacet
  facet normal -0.933571 0 -0.358394
    outer loop
      vertex -50.6713 85 8.08156
      vertex -50.8026 87.5 8.42358
      vertex -50.6713 87.5 8.08156
    endloop
  endfacet
  facet normal -0.933571 -0 -0.358394
    outer loop
      vertex -50.8026 87.5 8.42358
      vertex -50.6713 85 8.08156
      vertex -50.8026 85 8.42358
    endloop
  endfacet
  facet normal -0.156425 0 -0.98769
    outer loop
      vertex -53.6341 85 10.4808
      vertex -53.2723 87.5 10.4235
      vertex -53.2723 85 10.4235
    endloop
  endfacet
  facet normal -0.156425 0 -0.98769
    outer loop
      vertex -53.2723 87.5 10.4235
      vertex -53.6341 85 10.4808
      vertex -53.6341 87.5 10.4808
    endloop
  endfacet
  facet normal -0.453971 0 -0.891017
    outer loop
      vertex -52.5764 85 10.1974
      vertex -52.25 87.5 10.0311
      vertex -52.25 85 10.0311
    endloop
  endfacet
  facet normal -0.453971 0 -0.891017
    outer loop
      vertex -52.25 87.5 10.0311
      vertex -52.5764 85 10.1974
      vertex -52.5764 87.5 10.1974
    endloop
  endfacet
  facet normal 0.707175 0 -0.707039
    outer loop
      vertex -56.342 85 9.60101
      vertex -56.601 87.5 9.34196
      vertex -56.342 87.5 9.60101
    endloop
  endfacet
  facet normal 0.707175 0 -0.707039
    outer loop
      vertex -56.601 87.5 9.34196
      vertex -56.342 85 9.60101
      vertex -56.601 85 9.34196
    endloop
  endfacet
  facet normal 0.933571 0 -0.358394
    outer loop
      vertex -57.1974 85 8.42358
      vertex -57.3287 87.5 8.08156
      vertex -57.1974 87.5 8.42358
    endloop
  endfacet
  facet normal 0.933571 0 -0.358394
    outer loop
      vertex -57.3287 87.5 8.08156
      vertex -57.1974 85 8.42358
      vertex -57.3287 85 8.08156
    endloop
  endfacet
  facet normal 0.987692 0 -0.156408
    outer loop
      vertex -57.4235 85 7.72769
      vertex -57.4808 87.5 7.36585
      vertex -57.4235 87.5 7.72769
    endloop
  endfacet
  facet normal 0.987692 0 -0.156408
    outer loop
      vertex -57.4808 87.5 7.36585
      vertex -57.4235 85 7.72769
      vertex -57.4808 85 7.36585
    endloop
  endfacet
  facet normal 0.54472 0 -0.838618
    outer loop
      vertex -56.0572 85 9.83156
      vertex -55.75 87.5 10.0311
      vertex -55.75 85 10.0311
    endloop
  endfacet
  facet normal 0.54472 0 -0.838618
    outer loop
      vertex -55.75 87.5 10.0311
      vertex -56.0572 85 9.83156
      vertex -56.0572 87.5 9.83156
    endloop
  endfacet
  facet normal 0.358412 0 -0.933564
    outer loop
      vertex -55.4236 85 10.1974
      vertex -55.0816 87.5 10.3287
      vertex -55.0816 85 10.3287
    endloop
  endfacet
  facet normal 0.358412 0 -0.933564
    outer loop
      vertex -55.0816 87.5 10.3287
      vertex -55.4236 85 10.1974
      vertex -55.4236 87.5 10.1974
    endloop
  endfacet
  facet normal -0.965939 0 0.25877
    outer loop
      vertex -50.6713 85 5.91844
      vertex -50.5765 87.5 6.27231
      vertex -50.6713 87.5 5.91844
    endloop
  endfacet
  facet normal -0.965939 0 0.25877
    outer loop
      vertex -50.5765 87.5 6.27231
      vertex -50.6713 85 5.91844
      vertex -50.5765 85 6.27231
    endloop
  endfacet
  facet normal -0.987692 0 0.156408
    outer loop
      vertex -50.5765 85 6.27231
      vertex -50.5192 87.5 6.63415
      vertex -50.5765 87.5 6.27231
    endloop
  endfacet
  facet normal -0.987692 0 0.156408
    outer loop
      vertex -50.5192 87.5 6.63415
      vertex -50.5765 85 6.27231
      vertex -50.5192 85 6.63415
    endloop
  endfacet
  facet normal -0.998626 0 0.0524084
    outer loop
      vertex -50.5192 85 6.63415
      vertex -50.5 87.5 7
      vertex -50.5192 87.5 6.63415
    endloop
  endfacet
  facet normal -0.998626 0 0.0524084
    outer loop
      vertex -50.5 87.5 7
      vertex -50.5192 85 6.63415
      vertex -50.5 85 7
    endloop
  endfacet
  facet normal -0.777084 0 0.629397
    outer loop
      vertex -51.399 85 4.65804
      vertex -51.1684 87.5 4.94275
      vertex -51.399 87.5 4.65804
    endloop
  endfacet
  facet normal -0.777084 0 0.629397
    outer loop
      vertex -51.1684 87.5 4.94275
      vertex -51.399 85 4.65804
      vertex -51.1684 85 4.94275
    endloop
  endfacet
  facet normal -0.544576 0 0.838712
    outer loop
      vertex -52.25 87.5 3.96891
      vertex -51.9427 85 4.16844
      vertex -51.9427 87.5 4.16844
    endloop
  endfacet
  facet normal -0.544576 0 0.838712
    outer loop
      vertex -51.9427 85 4.16844
      vertex -52.25 87.5 3.96891
      vertex -52.25 85 3.96891
    endloop
  endfacet
  facet normal -0.629328 0 0.77714
    outer loop
      vertex -51.9427 87.5 4.16844
      vertex -51.658 85 4.39899
      vertex -51.658 87.5 4.39899
    endloop
  endfacet
  facet normal -0.629328 0 0.77714
    outer loop
      vertex -51.658 85 4.39899
      vertex -51.9427 87.5 4.16844
      vertex -51.9427 85 4.16844
    endloop
  endfacet
  facet normal 0.258801 0 0.965931
    outer loop
      vertex -55.0816 87.5 3.6713
      vertex -54.7277 85 3.57648
      vertex -54.7277 87.5 3.57648
    endloop
  endfacet
  facet normal 0.258801 0 0.965931
    outer loop
      vertex -54.7277 85 3.57648
      vertex -55.0816 87.5 3.6713
      vertex -55.0816 85 3.6713
    endloop
  endfacet
  facet normal 0.777084 -0 0.629397
    outer loop
      vertex -56.8316 85 4.94275
      vertex -56.601 87.5 4.65804
      vertex -56.8316 87.5 4.94275
    endloop
  endfacet
  facet normal 0.777084 0 0.629397
    outer loop
      vertex -56.601 87.5 4.65804
      vertex -56.8316 85 4.94275
      vertex -56.601 85 4.65804
    endloop
  endfacet
  facet normal 0.965939 -0 0.25877
    outer loop
      vertex -57.4235 85 6.27231
      vertex -57.3287 87.5 5.91844
      vertex -57.4235 87.5 6.27231
    endloop
  endfacet
  facet normal 0.965939 0 0.25877
    outer loop
      vertex -57.3287 87.5 5.91844
      vertex -57.4235 85 6.27231
      vertex -57.3287 85 5.91844
    endloop
  endfacet
  facet normal 0.987692 -0 0.156408
    outer loop
      vertex -57.4808 85 6.63415
      vertex -57.4235 87.5 6.27231
      vertex -57.4808 87.5 6.63415
    endloop
  endfacet
  facet normal 0.987692 0 0.156408
    outer loop
      vertex -57.4235 87.5 6.27231
      vertex -57.4808 85 6.63415
      vertex -57.4235 85 6.27231
    endloop
  endfacet
  facet normal 0.998626 -0 0.0524084
    outer loop
      vertex -57.5 85 7
      vertex -57.4808 87.5 6.63415
      vertex -57.5 87.5 7
    endloop
  endfacet
  facet normal 0.998626 0 0.0524084
    outer loop
      vertex -57.4808 87.5 6.63415
      vertex -57.5 85 7
      vertex -57.4808 85 6.63415
    endloop
  endfacet
  facet normal -0.454014 0 0.890994
    outer loop
      vertex -52.5764 87.5 3.80259
      vertex -52.25 85 3.96891
      vertex -52.25 87.5 3.96891
    endloop
  endfacet
  facet normal -0.454014 0 0.890994
    outer loop
      vertex -52.25 85 3.96891
      vertex -52.5764 87.5 3.80259
      vertex -52.5764 85 3.80259
    endloop
  endfacet
  facet normal -0.258801 0 0.965931
    outer loop
      vertex -53.2723 87.5 3.57648
      vertex -52.9184 85 3.6713
      vertex -52.9184 87.5 3.6713
    endloop
  endfacet
  facet normal -0.258801 0 0.965931
    outer loop
      vertex -52.9184 85 3.6713
      vertex -53.2723 87.5 3.57648
      vertex -53.2723 85 3.57648
    endloop
  endfacet
  facet normal -0.707175 0 0.707039
    outer loop
      vertex -51.658 85 4.39899
      vertex -51.399 87.5 4.65804
      vertex -51.658 87.5 4.39899
    endloop
  endfacet
  facet normal -0.707175 0 0.707039
    outer loop
      vertex -51.399 87.5 4.65804
      vertex -51.658 85 4.39899
      vertex -51.399 85 4.65804
    endloop
  endfacet
  facet normal -0.891028 0 0.453949
    outer loop
      vertex -50.9689 85 5.25
      vertex -50.8026 87.5 5.57642
      vertex -50.9689 87.5 5.25
    endloop
  endfacet
  facet normal -0.891028 0 0.453949
    outer loop
      vertex -50.8026 87.5 5.57642
      vertex -50.9689 85 5.25
      vertex -50.8026 85 5.57642
    endloop
  endfacet
  facet normal -0.933571 0 0.358394
    outer loop
      vertex -50.8026 85 5.57642
      vertex -50.6713 87.5 5.91844
      vertex -50.8026 87.5 5.57642
    endloop
  endfacet
  facet normal -0.933571 0 0.358394
    outer loop
      vertex -50.6713 87.5 5.91844
      vertex -50.8026 85 5.57642
      vertex -50.6713 85 5.91844
    endloop
  endfacet
  facet normal 0.891028 -0 0.453949
    outer loop
      vertex -57.1974 85 5.57642
      vertex -57.0311 87.5 5.25
      vertex -57.1974 87.5 5.57642
    endloop
  endfacet
  facet normal 0.891028 0 0.453949
    outer loop
      vertex -57.0311 87.5 5.25
      vertex -57.1974 85 5.57642
      vertex -57.0311 85 5.25
    endloop
  endfacet
  facet normal 0.707175 -0 0.707039
    outer loop
      vertex -56.601 85 4.65804
      vertex -56.342 87.5 4.39899
      vertex -56.601 87.5 4.65804
    endloop
  endfacet
  facet normal 0.707175 0 0.707039
    outer loop
      vertex -56.342 87.5 4.39899
      vertex -56.601 85 4.65804
      vertex -56.342 85 4.39899
    endloop
  endfacet
  facet normal 0.629194 0 0.777248
    outer loop
      vertex -56.342 87.5 4.39899
      vertex -56.0572 85 4.16844
      vertex -56.0572 87.5 4.16844
    endloop
  endfacet
  facet normal 0.629194 0 0.777248
    outer loop
      vertex -56.0572 85 4.16844
      vertex -56.342 87.5 4.39899
      vertex -56.342 85 4.39899
    endloop
  endfacet
  facet normal 0.358388 0 0.933573
    outer loop
      vertex -55.4236 87.5 3.80259
      vertex -55.0816 85 3.6713
      vertex -55.0816 87.5 3.6713
    endloop
  endfacet
  facet normal 0.358388 0 0.933573
    outer loop
      vertex -55.0816 85 3.6713
      vertex -55.4236 87.5 3.80259
      vertex -55.4236 85 3.80259
    endloop
  endfacet
  facet normal 0.15641 0 0.987692
    outer loop
      vertex -54.7277 87.5 3.57648
      vertex -54.3658 85 3.51917
      vertex -54.3658 87.5 3.51917
    endloop
  endfacet
  facet normal 0.15641 0 0.987692
    outer loop
      vertex -54.3658 85 3.51917
      vertex -54.7277 87.5 3.57648
      vertex -54.7277 85 3.57648
    endloop
  endfacet
  facet normal 0.0523339 0 0.99863
    outer loop
      vertex -54.3658 87.5 3.51917
      vertex -54 85 3.5
      vertex -54 87.5 3.5
    endloop
  endfacet
  facet normal 0.0523339 0 0.99863
    outer loop
      vertex -54 85 3.5
      vertex -54.3658 87.5 3.51917
      vertex -54.3658 85 3.51917
    endloop
  endfacet
  facet normal 0.838709 -0 0.544581
    outer loop
      vertex -57.0311 85 5.25
      vertex -56.8316 87.5 4.94275
      vertex -57.0311 87.5 5.25
    endloop
  endfacet
  facet normal 0.838709 0 0.544581
    outer loop
      vertex -56.8316 87.5 4.94275
      vertex -57.0311 85 5.25
      vertex -56.8316 85 4.94275
    endloop
  endfacet
  facet normal 0.454014 0 0.890994
    outer loop
      vertex -55.75 87.5 3.96891
      vertex -55.4236 85 3.80259
      vertex -55.4236 87.5 3.80259
    endloop
  endfacet
  facet normal 0.454014 0 0.890994
    outer loop
      vertex -55.4236 85 3.80259
      vertex -55.75 87.5 3.96891
      vertex -55.75 85 3.96891
    endloop
  endfacet
  facet normal 0.5447 0 0.838631
    outer loop
      vertex -56.0572 87.5 4.16844
      vertex -55.75 85 3.96891
      vertex -55.75 87.5 3.96891
    endloop
  endfacet
  facet normal 0.5447 0 0.838631
    outer loop
      vertex -55.75 85 3.96891
      vertex -56.0572 87.5 4.16844
      vertex -56.0572 85 4.16844
    endloop
  endfacet
  facet normal -0 0 1
    outer loop
      vertex -2 -85.4 7.5
      vertex -1 -86.6 7.5
      vertex -1 -85.4 7.5
    endloop
  endfacet
  facet normal 0 0 1
    outer loop
      vertex -1 -86.6 7.5
      vertex -2 -85.4 7.5
      vertex -2 -86.6 7.5
    endloop
  endfacet
  facet normal -0 0 1
    outer loop
      vertex -2 -83.4 7.5
      vertex -1 -84.6 7.5
      vertex -1 -83.4 7.5
    endloop
  endfacet
  facet normal 0 0 1
    outer loop
      vertex -1 -84.6 7.5
      vertex -2 -83.4 7.5
      vertex -2 -84.6 7.5
    endloop
  endfacet
  facet normal -0 0 1
    outer loop
      vertex -2 -81.4 7.5
      vertex -1 -82.6 7.5
      vertex -1 -81.4 7.5
    endloop
  endfacet
  facet normal 0 0 1
    outer loop
      vertex -1 -82.6 7.5
      vertex -2 -81.4 7.5
      vertex -2 -82.6 7.5
    endloop
  endfacet
  facet normal -0 0 1
    outer loop
      vertex -2 -79.4 7.5
      vertex -1 -80.6 7.5
      vertex -1 -79.4 7.5
    endloop
  endfacet
  facet normal 0 0 1
    outer loop
      vertex -1 -80.6 7.5
      vertex -2 -79.4 7.5
      vertex -2 -80.6 7.5
    endloop
  endfacet
  facet normal -0 0 1
    outer loop
      vertex -2 -77.4 7.5
      vertex -1 -78.6 7.5
      vertex -1 -77.4 7.5
    endloop
  endfacet
  facet normal 0 0 1
    outer loop
      vertex -1 -78.6 7.5
      vertex -2 -77.4 7.5
      vertex -2 -78.6 7.5
    endloop
  endfacet
  facet normal -0 0 1
    outer loop
      vertex -2 -75.4 7.5
      vertex -1 -76.6 7.5
      vertex -1 -75.4 7.5
    endloop
  endfacet
  facet normal 0 0 1
    outer loop
      vertex -1 -76.6 7.5
      vertex -2 -75.4 7.5
      vertex -2 -76.6 7.5
    endloop
  endfacet
  facet normal -0 0 1
    outer loop
      vertex -2 -73.4 7.5
      vertex -1 -74.6 7.5
      vertex -1 -73.4 7.5
    endloop
  endfacet
  facet normal 0 0 1
    outer loop
      vertex -1 -74.6 7.5
      vertex -2 -73.4 7.5
      vertex -2 -74.6 7.5
    endloop
  endfacet
  facet normal -0 0 1
    outer loop
      vertex -2 -71.4 7.5
      vertex -1 -72.6 7.5
      vertex -1 -71.4 7.5
    endloop
  endfacet
  facet normal 0 0 1
    outer loop
      vertex -1 -72.6 7.5
      vertex -2 -71.4 7.5
      vertex -2 -72.6 7.5
    endloop
  endfacet
  facet normal -0 0 1
    outer loop
      vertex -2 -69.4 7.5
      vertex -1 -70.6 7.5
      vertex -1 -69.4 7.5
    endloop
  endfacet
  facet normal 0 0 1
    outer loop
      vertex -1 -70.6 7.5
      vertex -2 -69.4 7.5
      vertex -2 -70.6 7.5
    endloop
  endfacet
  facet normal -0 0 1
    outer loop
      vertex -2 -67.4 7.5
      vertex -1 -68.6 7.5
      vertex -1 -67.4 7.5
    endloop
  endfacet
  facet normal 0 0 1
    outer loop
      vertex -1 -68.6 7.5
      vertex -2 -67.4 7.5
      vertex -2 -68.6 7.5
    endloop
  endfacet
  facet normal -0 0 1
    outer loop
      vertex -2 -65.4 7.5
      vertex -1 -66.6 7.5
      vertex -1 -65.4 7.5
    endloop
  endfacet
  facet normal 0 0 1
    outer loop
      vertex -1 -66.6 7.5
      vertex -2 -65.4 7.5
      vertex -2 -66.6 7.5
    endloop
  endfacet
  facet normal -0 0 1
    outer loop
      vertex -2 -63.4 7.5
      vertex -1 -64.6 7.5
      vertex -1 -63.4 7.5
    endloop
  endfacet
  facet normal 0 0 1
    outer loop
      vertex -1 -64.6 7.5
      vertex -2 -63.4 7.5
      vertex -2 -64.6 7.5
    endloop
  endfacet
  facet normal -0 0 1
    outer loop
      vertex -2 -61.4 7.5
      vertex -1 -62.6 7.5
      vertex -1 -61.4 7.5
    endloop
  endfacet
  facet normal 0 0 1
    outer loop
      vertex -1 -62.6 7.5
      vertex -2 -61.4 7.5
      vertex -2 -62.6 7.5
    endloop
  endfacet
  facet normal -0 0 1
    outer loop
      vertex -2 -59.4 7.5
      vertex -1 -60.6 7.5
      vertex -1 -59.4 7.5
    endloop
  endfacet
  facet normal 0 0 1
    outer loop
      vertex -1 -60.6 7.5
      vertex -2 -59.4 7.5
      vertex -2 -60.6 7.5
    endloop
  endfacet
  facet normal -0 0 1
    outer loop
      vertex -2 -57.4 7.5
      vertex -1 -58.6 7.5
      vertex -1 -57.4 7.5
    endloop
  endfacet
  facet normal 0 0 1
    outer loop
      vertex -1 -58.6 7.5
      vertex -2 -57.4 7.5
      vertex -2 -58.6 7.5
    endloop
  endfacet
  facet normal -0 0 1
    outer loop
      vertex -2 -55.4 7.5
      vertex -1 -56.6 7.5
      vertex -1 -55.4 7.5
    endloop
  endfacet
  facet normal 0 0 1
    outer loop
      vertex -1 -56.6 7.5
      vertex -2 -55.4 7.5
      vertex -2 -56.6 7.5
    endloop
  endfacet
  facet normal -0 0 1
    outer loop
      vertex -2 -53.4 7.5
      vertex -1 -54.6 7.5
      vertex -1 -53.4 7.5
    endloop
  endfacet
  facet normal 0 0 1
    outer loop
      vertex -1 -54.6 7.5
      vertex -2 -53.4 7.5
      vertex -2 -54.6 7.5
    endloop
  endfacet
  facet normal -0 0 1
    outer loop
      vertex -2 -51.4 7.5
      vertex -1 -52.6 7.5
      vertex -1 -51.4 7.5
    endloop
  endfacet
  facet normal 0 0 1
    outer loop
      vertex -1 -52.6 7.5
      vertex -2 -51.4 7.5
      vertex -2 -52.6 7.5
    endloop
  endfacet
  facet normal -0 0 1
    outer loop
      vertex -2 -49.4 7.5
      vertex -1 -50.6 7.5
      vertex -1 -49.4 7.5
    endloop
  endfacet
  facet normal 0 0 1
    outer loop
      vertex -1 -50.6 7.5
      vertex -2 -49.4 7.5
      vertex -2 -50.6 7.5
    endloop
  endfacet
  facet normal -0 0 1
    outer loop
      vertex -2 -47.4 7.5
      vertex -1 -48.6 7.5
      vertex -1 -47.4 7.5
    endloop
  endfacet
  facet normal 0 0 1
    outer loop
      vertex -1 -48.6 7.5
      vertex -2 -47.4 7.5
      vertex -2 -48.6 7.5
    endloop
  endfacet
  facet normal -0 0 1
    outer loop
      vertex -2 -45.4 7.5
      vertex -1 -46.6 7.5
      vertex -1 -45.4 7.5
    endloop
  endfacet
  facet normal 0 0 1
    outer loop
      vertex -1 -46.6 7.5
      vertex -2 -45.4 7.5
      vertex -2 -46.6 7.5
    endloop
  endfacet
  facet normal -0 0 1
    outer loop
      vertex -2 -43.4 7.5
      vertex -1 -44.6 7.5
      vertex -1 -43.4 7.5
    endloop
  endfacet
  facet normal 0 0 1
    outer loop
      vertex -1 -44.6 7.5
      vertex -2 -43.4 7.5
      vertex -2 -44.6 7.5
    endloop
  endfacet
  facet normal -0 0 1
    outer loop
      vertex -2 -41.4 7.5
      vertex -1 -42.6 7.5
      vertex -1 -41.4 7.5
    endloop
  endfacet
  facet normal 0 0 1
    outer loop
      vertex -1 -42.6 7.5
      vertex -2 -41.4 7.5
      vertex -2 -42.6 7.5
    endloop
  endfacet
  facet normal -0 0 1
    outer loop
      vertex -2 -39.4 7.5
      vertex -1 -40.6 7.5
      vertex -1 -39.4 7.5
    endloop
  endfacet
  facet normal 0 0 1
    outer loop
      vertex -1 -40.6 7.5
      vertex -2 -39.4 7.5
      vertex -2 -40.6 7.5
    endloop
  endfacet
  facet normal -0 0 1
    outer loop
      vertex -2 -37.4 7.5
      vertex -1 -38.6 7.5
      vertex -1 -37.4 7.5
    endloop
  endfacet
  facet normal 0 0 1
    outer loop
      vertex -1 -38.6 7.5
      vertex -2 -37.4 7.5
      vertex -2 -38.6 7.5
    endloop
  endfacet
  facet normal -0 0 1
    outer loop
      vertex -2 -35.4 7.5
      vertex -1 -36.6 7.5
      vertex -1 -35.4 7.5
    endloop
  endfacet
  facet normal 0 0 1
    outer loop
      vertex -1 -36.6 7.5
      vertex -2 -35.4 7.5
      vertex -2 -36.6 7.5
    endloop
  endfacet
  facet normal -0 0 1
    outer loop
      vertex -2 -33.4 7.5
      vertex -1 -34.6 7.5
      vertex -1 -33.4 7.5
    endloop
  endfacet
  facet normal 0 0 1
    outer loop
      vertex -1 -34.6 7.5
      vertex -2 -33.4 7.5
      vertex -2 -34.6 7.5
    endloop
  endfacet
  facet normal -0 0 1
    outer loop
      vertex -2 -31.4 7.5
      vertex -1 -32.6 7.5
      vertex -1 -31.4 7.5
    endloop
  endfacet
  facet normal 0 0 1
    outer loop
      vertex -1 -32.6 7.5
      vertex -2 -31.4 7.5
      vertex -2 -32.6 7.5
    endloop
  endfacet
  facet normal -0 0 1
    outer loop
      vertex -2 -29.4 7.5
      vertex -1 -30.6 7.5
      vertex -1 -29.4 7.5
    endloop
  endfacet
  facet normal 0 0 1
    outer loop
      vertex -1 -30.6 7.5
      vertex -2 -29.4 7.5
      vertex -2 -30.6 7.5
    endloop
  endfacet
  facet normal -0 0 1
    outer loop
      vertex -2 -27.4 7.5
      vertex -1 -28.6 7.5
      vertex -1 -27.4 7.5
    endloop
  endfacet
  facet normal 0 0 1
    outer loop
      vertex -1 -28.6 7.5
      vertex -2 -27.4 7.5
      vertex -2 -28.6 7.5
    endloop
  endfacet
  facet normal -0 0 1
    outer loop
      vertex -2 -25.4 7.5
      vertex -1 -26.6 7.5
      vertex -1 -25.4 7.5
    endloop
  endfacet
  facet normal 0 0 1
    outer loop
      vertex -1 -26.6 7.5
      vertex -2 -25.4 7.5
      vertex -2 -26.6 7.5
    endloop
  endfacet
  facet normal -0 0 1
    outer loop
      vertex -2 -23.4 7.5
      vertex -1 -24.6 7.5
      vertex -1 -23.4 7.5
    endloop
  endfacet
  facet normal 0 0 1
    outer loop
      vertex -1 -24.6 7.5
      vertex -2 -23.4 7.5
      vertex -2 -24.6 7.5
    endloop
  endfacet
  facet normal -0 0 1
    outer loop
      vertex -2 -21.4 7.5
      vertex -1 -22.6 7.5
      vertex -1 -21.4 7.5
    endloop
  endfacet
  facet normal 0 0 1
    outer loop
      vertex -1 -22.6 7.5
      vertex -2 -21.4 7.5
      vertex -2 -22.6 7.5
    endloop
  endfacet
  facet normal -0 0 1
    outer loop
      vertex -2 -19.4 7.5
      vertex -1 -20.6 7.5
      vertex -1 -19.4 7.5
    endloop
  endfacet
  facet normal 0 0 1
    outer loop
      vertex -1 -20.6 7.5
      vertex -2 -19.4 7.5
      vertex -2 -20.6 7.5
    endloop
  endfacet
  facet normal -0 0 1
    outer loop
      vertex -2 -17.4 7.5
      vertex -1 -18.6 7.5
      vertex -1 -17.4 7.5
    endloop
  endfacet
  facet normal 0 0 1
    outer loop
      vertex -1 -18.6 7.5
      vertex -2 -17.4 7.5
      vertex -2 -18.6 7.5
    endloop
  endfacet
  facet normal -0 0 1
    outer loop
      vertex -2 -15.4 7.5
      vertex -1 -16.6 7.5
      vertex -1 -15.4 7.5
    endloop
  endfacet
  facet normal 0 0 1
    outer loop
      vertex -1 -16.6 7.5
      vertex -2 -15.4 7.5
      vertex -2 -16.6 7.5
    endloop
  endfacet
  facet normal -0 0 1
    outer loop
      vertex -2 -13.4 7.5
      vertex -1 -14.6 7.5
      vertex -1 -13.4 7.5
    endloop
  endfacet
  facet normal 0 0 1
    outer loop
      vertex -1 -14.6 7.5
      vertex -2 -13.4 7.5
      vertex -2 -14.6 7.5
    endloop
  endfacet
  facet normal -0 0 1
    outer loop
      vertex -2 -11.4 7.5
      vertex -1 -12.6 7.5
      vertex -1 -11.4 7.5
    endloop
  endfacet
  facet normal 0 0 1
    outer loop
      vertex -1 -12.6 7.5
      vertex -2 -11.4 7.5
      vertex -2 -12.6 7.5
    endloop
  endfacet
  facet normal -0 0 1
    outer loop
      vertex -2 -9.4 7.5
      vertex -1 -10.6 7.5
      vertex -1 -9.4 7.5
    endloop
  endfacet
  facet normal 0 0 1
    outer loop
      vertex -1 -10.6 7.5
      vertex -2 -9.4 7.5
      vertex -2 -10.6 7.5
    endloop
  endfacet
  facet normal -0 0 1
    outer loop
      vertex -2 -7.4 7.5
      vertex -1 -8.6 7.5
      vertex -1 -7.4 7.5
    endloop
  endfacet
  facet normal 0 0 1
    outer loop
      vertex -1 -8.6 7.5
      vertex -2 -7.4 7.5
      vertex -2 -8.6 7.5
    endloop
  endfacet
  facet normal -0 0 1
    outer loop
      vertex -2 -5.4 7.5
      vertex -1 -6.6 7.5
      vertex -1 -5.4 7.5
    endloop
  endfacet
  facet normal 0 0 1
    outer loop
      vertex -1 -6.6 7.5
      vertex -2 -5.4 7.5
      vertex -2 -6.6 7.5
    endloop
  endfacet
  facet normal -0 0 1
    outer loop
      vertex -2 -3.4 7.5
      vertex -1 -4.6 7.5
      vertex -1 -3.4 7.5
    endloop
  endfacet
  facet normal 0 0 1
    outer loop
      vertex -1 -4.6 7.5
      vertex -2 -3.4 7.5
      vertex -2 -4.6 7.5
    endloop
  endfacet
  facet normal -0 0 1
    outer loop
      vertex -2 -1.4 7.5
      vertex -1 -2.6 7.5
      vertex -1 -1.4 7.5
    endloop
  endfacet
  facet normal 0 0 1
    outer loop
      vertex -1 -2.6 7.5
      vertex -2 -1.4 7.5
      vertex -2 -2.6 7.5
    endloop
  endfacet
  facet normal -0 0 1
    outer loop
      vertex -2 0.599999 7.5
      vertex -1 -0.6 7.5
      vertex -1 0.599999 7.5
    endloop
  endfacet
  facet normal 0 0 1
    outer loop
      vertex -1 -0.6 7.5
      vertex -2 0.599999 7.5
      vertex -2 -0.6 7.5
    endloop
  endfacet
  facet normal -0 0 1
    outer loop
      vertex -2 2.6 7.5
      vertex -1 1.4 7.5
      vertex -1 2.6 7.5
    endloop
  endfacet
  facet normal 0 0 1
    outer loop
      vertex -1 1.4 7.5
      vertex -2 2.6 7.5
      vertex -2 1.4 7.5
    endloop
  endfacet
  facet normal -0 0 1
    outer loop
      vertex -2 4.6 7.5
      vertex -1 3.4 7.5
      vertex -1 4.6 7.5
    endloop
  endfacet
  facet normal 0 0 1
    outer loop
      vertex -1 3.4 7.5
      vertex -2 4.6 7.5
      vertex -2 3.4 7.5
    endloop
  endfacet
  facet normal -0 0 1
    outer loop
      vertex -2 6.6 7.5
      vertex -1 5.4 7.5
      vertex -1 6.6 7.5
    endloop
  endfacet
  facet normal 0 0 1
    outer loop
      vertex -1 5.4 7.5
      vertex -2 6.6 7.5
      vertex -2 5.4 7.5
    endloop
  endfacet
  facet normal -0 0 1
    outer loop
      vertex -2 8.6 7.5
      vertex -1 7.4 7.5
      vertex -1 8.6 7.5
    endloop
  endfacet
  facet normal 0 0 1
    outer loop
      vertex -1 7.4 7.5
      vertex -2 8.6 7.5
      vertex -2 7.4 7.5
    endloop
  endfacet
  facet normal -0 0 1
    outer loop
      vertex -2 10.6 7.5
      vertex -1 9.4 7.5
      vertex -1 10.6 7.5
    endloop
  endfacet
  facet normal 0 0 1
    outer loop
      vertex -1 9.4 7.5
      vertex -2 10.6 7.5
      vertex -2 9.4 7.5
    endloop
  endfacet
  facet normal -0 0 1
    outer loop
      vertex -2 12.6 7.5
      vertex -1 11.4 7.5
      vertex -1 12.6 7.5
    endloop
  endfacet
  facet normal 0 0 1
    outer loop
      vertex -1 11.4 7.5
      vertex -2 12.6 7.5
      vertex -2 11.4 7.5
    endloop
  endfacet
  facet normal -0 0 1
    outer loop
      vertex -2 14.6 7.5
      vertex -1 13.4 7.5
      vertex -1 14.6 7.5
    endloop
  endfacet
  facet normal 0 0 1
    outer loop
      vertex -1 13.4 7.5
      vertex -2 14.6 7.5
      vertex -2 13.4 7.5
    endloop
  endfacet
  facet normal -0 0 1
    outer loop
      vertex -2 16.6 7.5
      vertex -1 15.4 7.5
      vertex -1 16.6 7.5
    endloop
  endfacet
  facet normal 0 0 1
    outer loop
      vertex -1 15.4 7.5
      vertex -2 16.6 7.5
      vertex -2 15.4 7.5
    endloop
  endfacet
  facet normal -0 0 1
    outer loop
      vertex -2 18.6 7.5
      vertex -1 17.4 7.5
      vertex -1 18.6 7.5
    endloop
  endfacet
  facet normal 0 0 1
    outer loop
      vertex -1 17.4 7.5
      vertex -2 18.6 7.5
      vertex -2 17.4 7.5
    endloop
  endfacet
  facet normal -0 0 1
    outer loop
      vertex -2 20.6 7.5
      vertex -1 19.4 7.5
      vertex -1 20.6 7.5
    endloop
  endfacet
  facet normal 0 0 1
    outer loop
      vertex -1 19.4 7.5
      vertex -2 20.6 7.5
      vertex -2 19.4 7.5
    endloop
  endfacet
  facet normal -0 0 1
    outer loop
      vertex -2 22.6 7.5
      vertex -1 21.4 7.5
      vertex -1 22.6 7.5
    endloop
  endfacet
  facet normal 0 0 1
    outer loop
      vertex -1 21.4 7.5
      vertex -2 22.6 7.5
      vertex -2 21.4 7.5
    endloop
  endfacet
  facet normal -0 0 1
    outer loop
      vertex -2 24.6 7.5
      vertex -1 23.4 7.5
      vertex -1 24.6 7.5
    endloop
  endfacet
  facet normal 0 0 1
    outer loop
      vertex -1 23.4 7.5
      vertex -2 24.6 7.5
      vertex -2 23.4 7.5
    endloop
  endfacet
  facet normal -0 0 1
    outer loop
      vertex -2 26.6 7.5
      vertex -1 25.4 7.5
      vertex -1 26.6 7.5
    endloop
  endfacet
  facet normal 0 0 1
    outer loop
      vertex -1 25.4 7.5
      vertex -2 26.6 7.5
      vertex -2 25.4 7.5
    endloop
  endfacet
  facet normal -0 0 1
    outer loop
      vertex -2 28.6 7.5
      vertex -1 27.4 7.5
      vertex -1 28.6 7.5
    endloop
  endfacet
  facet normal 0 0 1
    outer loop
      vertex -1 27.4 7.5
      vertex -2 28.6 7.5
      vertex -2 27.4 7.5
    endloop
  endfacet
  facet normal -0 0 1
    outer loop
      vertex -2 30.6 7.5
      vertex -1 29.4 7.5
      vertex -1 30.6 7.5
    endloop
  endfacet
  facet normal 0 0 1
    outer loop
      vertex -1 29.4 7.5
      vertex -2 30.6 7.5
      vertex -2 29.4 7.5
    endloop
  endfacet
  facet normal -0 0 1
    outer loop
      vertex -2 32.6 7.5
      vertex -1 31.4 7.5
      vertex -1 32.6 7.5
    endloop
  endfacet
  facet normal 0 0 1
    outer loop
      vertex -1 31.4 7.5
      vertex -2 32.6 7.5
      vertex -2 31.4 7.5
    endloop
  endfacet
  facet normal -0 0 1
    outer loop
      vertex -2 34.6 7.5
      vertex -1 33.4 7.5
      vertex -1 34.6 7.5
    endloop
  endfacet
  facet normal 0 0 1
    outer loop
      vertex -1 33.4 7.5
      vertex -2 34.6 7.5
      vertex -2 33.4 7.5
    endloop
  endfacet
  facet normal -0 0 1
    outer loop
      vertex -2 36.6 7.5
      vertex -1 35.4 7.5
      vertex -1 36.6 7.5
    endloop
  endfacet
  facet normal 0 0 1
    outer loop
      vertex -1 35.4 7.5
      vertex -2 36.6 7.5
      vertex -2 35.4 7.5
    endloop
  endfacet
  facet normal -0 0 1
    outer loop
      vertex -2 38.6 7.5
      vertex -1 37.4 7.5
      vertex -1 38.6 7.5
    endloop
  endfacet
  facet normal 0 0 1
    outer loop
      vertex -1 37.4 7.5
      vertex -2 38.6 7.5
      vertex -2 37.4 7.5
    endloop
  endfacet
  facet normal -0 0 1
    outer loop
      vertex -2 40.6 7.5
      vertex -1 39.4 7.5
      vertex -1 40.6 7.5
    endloop
  endfacet
  facet normal 0 0 1
    outer loop
      vertex -1 39.4 7.5
      vertex -2 40.6 7.5
      vertex -2 39.4 7.5
    endloop
  endfacet
  facet normal -0 0 1
    outer loop
      vertex -2 42.6 7.5
      vertex -1 41.4 7.5
      vertex -1 42.6 7.5
    endloop
  endfacet
  facet normal 0 0 1
    outer loop
      vertex -1 41.4 7.5
      vertex -2 42.6 7.5
      vertex -2 41.4 7.5
    endloop
  endfacet
  facet normal -0 0 1
    outer loop
      vertex -2 44.6 7.5
      vertex -1 43.4 7.5
      vertex -1 44.6 7.5
    endloop
  endfacet
  facet normal 0 0 1
    outer loop
      vertex -1 43.4 7.5
      vertex -2 44.6 7.5
      vertex -2 43.4 7.5
    endloop
  endfacet
  facet normal -0 0 1
    outer loop
      vertex -2 46.6 7.5
      vertex -1 45.4 7.5
      vertex -1 46.6 7.5
    endloop
  endfacet
  facet normal 0 0 1
    outer loop
      vertex -1 45.4 7.5
      vertex -2 46.6 7.5
      vertex -2 45.4 7.5
    endloop
  endfacet
  facet normal -0 0 1
    outer loop
      vertex -2 48.6 7.5
      vertex -1 47.4 7.5
      vertex -1 48.6 7.5
    endloop
  endfacet
  facet normal 0 0 1
    outer loop
      vertex -1 47.4 7.5
      vertex -2 48.6 7.5
      vertex -2 47.4 7.5
    endloop
  endfacet
  facet normal -0 0 1
    outer loop
      vertex -2 50.6 7.5
      vertex -1 49.4 7.5
      vertex -1 50.6 7.5
    endloop
  endfacet
  facet normal 0 0 1
    outer loop
      vertex -1 49.4 7.5
      vertex -2 50.6 7.5
      vertex -2 49.4 7.5
    endloop
  endfacet
  facet normal -0 0 1
    outer loop
      vertex -2 52.6 7.5
      vertex -1 51.4 7.5
      vertex -1 52.6 7.5
    endloop
  endfacet
  facet normal 0 0 1
    outer loop
      vertex -1 51.4 7.5
      vertex -2 52.6 7.5
      vertex -2 51.4 7.5
    endloop
  endfacet
  facet normal -0 0 1
    outer loop
      vertex -2 54.6 7.5
      vertex -1 53.4 7.5
      vertex -1 54.6 7.5
    endloop
  endfacet
  facet normal 0 0 1
    outer loop
      vertex -1 53.4 7.5
      vertex -2 54.6 7.5
      vertex -2 53.4 7.5
    endloop
  endfacet
  facet normal -0 0 1
    outer loop
      vertex -2 56.6 7.5
      vertex -1 55.4 7.5
      vertex -1 56.6 7.5
    endloop
  endfacet
  facet normal 0 0 1
    outer loop
      vertex -1 55.4 7.5
      vertex -2 56.6 7.5
      vertex -2 55.4 7.5
    endloop
  endfacet
  facet normal -0 0 1
    outer loop
      vertex -2 58.6 7.5
      vertex -1 57.4 7.5
      vertex -1 58.6 7.5
    endloop
  endfacet
  facet normal 0 0 1
    outer loop
      vertex -1 57.4 7.5
      vertex -2 58.6 7.5
      vertex -2 57.4 7.5
    endloop
  endfacet
  facet normal -0 0 1
    outer loop
      vertex -2 60.6 7.5
      vertex -1 59.4 7.5
      vertex -1 60.6 7.5
    endloop
  endfacet
  facet normal 0 0 1
    outer loop
      vertex -1 59.4 7.5
      vertex -2 60.6 7.5
      vertex -2 59.4 7.5
    endloop
  endfacet
  facet normal -0 0 1
    outer loop
      vertex -2 62.6 7.5
      vertex -1 61.4 7.5
      vertex -1 62.6 7.5
    endloop
  endfacet
  facet normal 0 0 1
    outer loop
      vertex -1 61.4 7.5
      vertex -2 62.6 7.5
      vertex -2 61.4 7.5
    endloop
  endfacet
  facet normal -0 0 1
    outer loop
      vertex -2 64.6 7.5
      vertex -1 63.4 7.5
      vertex -1 64.6 7.5
    endloop
  endfacet
  facet normal 0 0 1
    outer loop
      vertex -1 63.4 7.5
      vertex -2 64.6 7.5
      vertex -2 63.4 7.5
    endloop
  endfacet
  facet normal -0 0 1
    outer loop
      vertex -2 66.6 7.5
      vertex -1 65.4 7.5
      vertex -1 66.6 7.5
    endloop
  endfacet
  facet normal 0 0 1
    outer loop
      vertex -1 65.4 7.5
      vertex -2 66.6 7.5
      vertex -2 65.4 7.5
    endloop
  endfacet
  facet normal -0 0 1
    outer loop
      vertex -2 68.6 7.5
      vertex -1 67.4 7.5
      vertex -1 68.6 7.5
    endloop
  endfacet
  facet normal 0 0 1
    outer loop
      vertex -1 67.4 7.5
      vertex -2 68.6 7.5
      vertex -2 67.4 7.5
    endloop
  endfacet
  facet normal -0 0 1
    outer loop
      vertex -2 70.6 7.5
      vertex -1 69.4 7.5
      vertex -1 70.6 7.5
    endloop
  endfacet
  facet normal 0 0 1
    outer loop
      vertex -1 69.4 7.5
      vertex -2 70.6 7.5
      vertex -2 69.4 7.5
    endloop
  endfacet
  facet normal -0 0 1
    outer loop
      vertex -2 72.6 7.5
      vertex -1 71.4 7.5
      vertex -1 72.6 7.5
    endloop
  endfacet
  facet normal 0 0 1
    outer loop
      vertex -1 71.4 7.5
      vertex -2 72.6 7.5
      vertex -2 71.4 7.5
    endloop
  endfacet
  facet normal -0 0 1
    outer loop
      vertex -2 74.6 7.5
      vertex -1 73.4 7.5
      vertex -1 74.6 7.5
    endloop
  endfacet
  facet normal 0 0 1
    outer loop
      vertex -1 73.4 7.5
      vertex -2 74.6 7.5
      vertex -2 73.4 7.5
    endloop
  endfacet
  facet normal -0 0 1
    outer loop
      vertex -2 76.6 7.5
      vertex -1 75.4 7.5
      vertex -1 76.6 7.5
    endloop
  endfacet
  facet normal 0 0 1
    outer loop
      vertex -1 75.4 7.5
      vertex -2 76.6 7.5
      vertex -2 75.4 7.5
    endloop
  endfacet
  facet normal -0 0 1
    outer loop
      vertex -2 78.6 7.5
      vertex -1 77.4 7.5
      vertex -1 78.6 7.5
    endloop
  endfacet
  facet normal 0 0 1
    outer loop
      vertex -1 77.4 7.5
      vertex -2 78.6 7.5
      vertex -2 77.4 7.5
    endloop
  endfacet
  facet normal -0 0 1
    outer loop
      vertex -2 80.6 7.5
      vertex -1 79.4 7.5
      vertex -1 80.6 7.5
    endloop
  endfacet
  facet normal 0 0 1
    outer loop
      vertex -1 79.4 7.5
      vertex -2 80.6 7.5
      vertex -2 79.4 7.5
    endloop
  endfacet
  facet normal -0 0 1
    outer loop
      vertex -2 82.6 7.5
      vertex -1 81.4 7.5
      vertex -1 82.6 7.5
    endloop
  endfacet
  facet normal 0 0 1
    outer loop
      vertex -1 81.4 7.5
      vertex -2 82.6 7.5
      vertex -2 81.4 7.5
    endloop
  endfacet
  facet normal 0 0 1
    outer loop
      vertex -1 82.6 7.5
      vertex 1 85 7.5
      vertex -1 85 7.5
    endloop
  endfacet
  facet normal 0 0 1
    outer loop
      vertex -1 81.4 7.5
      vertex 1 85 7.5
      vertex -1 82.6 7.5
    endloop
  endfacet
  facet normal 0 0 1
    outer loop
      vertex -1 80.6 7.5
      vertex 1 85 7.5
      vertex -1 81.4 7.5
    endloop
  endfacet
  facet normal 0 0 1
    outer loop
      vertex -1 79.4 7.5
      vertex 1 85 7.5
      vertex -1 80.6 7.5
    endloop
  endfacet
  facet normal 0 0 1
    outer loop
      vertex -1 78.6 7.5
      vertex 1 85 7.5
      vertex -1 79.4 7.5
    endloop
  endfacet
  facet normal 0 0 1
    outer loop
      vertex -1 77.4 7.5
      vertex 1 85 7.5
      vertex -1 78.6 7.5
    endloop
  endfacet
  facet normal 0 0 1
    outer loop
      vertex -1 76.6 7.5
      vertex 1 85 7.5
      vertex -1 77.4 7.5
    endloop
  endfacet
  facet normal 0 0 1
    outer loop
      vertex -1 75.4 7.5
      vertex 1 85 7.5
      vertex -1 76.6 7.5
    endloop
  endfacet
  facet normal 0 0 1
    outer loop
      vertex -1 74.6 7.5
      vertex 1 85 7.5
      vertex -1 75.4 7.5
    endloop
  endfacet
  facet normal 0 0 1
    outer loop
      vertex -1 73.4 7.5
      vertex 1 85 7.5
      vertex -1 74.6 7.5
    endloop
  endfacet
  facet normal 0 0 1
    outer loop
      vertex -1 72.6 7.5
      vertex 1 85 7.5
      vertex -1 73.4 7.5
    endloop
  endfacet
  facet normal 0 0 1
    outer loop
      vertex -1 71.4 7.5
      vertex 1 85 7.5
      vertex -1 72.6 7.5
    endloop
  endfacet
  facet normal 0 0 1
    outer loop
      vertex -1 70.6 7.5
      vertex 1 85 7.5
      vertex -1 71.4 7.5
    endloop
  endfacet
  facet normal 0 0 1
    outer loop
      vertex -1 69.4 7.5
      vertex 1 85 7.5
      vertex -1 70.6 7.5
    endloop
  endfacet
  facet normal 0 0 1
    outer loop
      vertex -1 68.6 7.5
      vertex 1 85 7.5
      vertex -1 69.4 7.5
    endloop
  endfacet
  facet normal 0 0 1
    outer loop
      vertex -1 67.4 7.5
      vertex 1 85 7.5
      vertex -1 68.6 7.5
    endloop
  endfacet
  facet normal 0 0 1
    outer loop
      vertex -1 66.6 7.5
      vertex 1 85 7.5
      vertex -1 67.4 7.5
    endloop
  endfacet
  facet normal 0 0 1
    outer loop
      vertex -1 65.4 7.5
      vertex 1 85 7.5
      vertex -1 66.6 7.5
    endloop
  endfacet
  facet normal 0 0 1
    outer loop
      vertex -1 64.6 7.5
      vertex 1 85 7.5
      vertex -1 65.4 7.5
    endloop
  endfacet
  facet normal 0 0 1
    outer loop
      vertex -1 63.4 7.5
      vertex 1 85 7.5
      vertex -1 64.6 7.5
    endloop
  endfacet
  facet normal 0 0 1
    outer loop
      vertex -1 62.6 7.5
      vertex 1 85 7.5
      vertex -1 63.4 7.5
    endloop
  endfacet
  facet normal 0 0 1
    outer loop
      vertex -1 61.4 7.5
      vertex 1 85 7.5
      vertex -1 62.6 7.5
    endloop
  endfacet
  facet normal 0 0 1
    outer loop
      vertex -1 60.6 7.5
      vertex 1 85 7.5
      vertex -1 61.4 7.5
    endloop
  endfacet
  facet normal 0 0 1
    outer loop
      vertex -1 59.4 7.5
      vertex 1 85 7.5
      vertex -1 60.6 7.5
    endloop
  endfacet
  facet normal 0 0 1
    outer loop
      vertex -1 58.6 7.5
      vertex 1 85 7.5
      vertex -1 59.4 7.5
    endloop
  endfacet
  facet normal 0 0 1
    outer loop
      vertex -1 57.4 7.5
      vertex 1 85 7.5
      vertex -1 58.6 7.5
    endloop
  endfacet
  facet normal 0 0 1
    outer loop
      vertex -1 56.6 7.5
      vertex 1 85 7.5
      vertex -1 57.4 7.5
    endloop
  endfacet
  facet normal 0 0 1
    outer loop
      vertex -1 55.4 7.5
      vertex 1 85 7.5
      vertex -1 56.6 7.5
    endloop
  endfacet
  facet normal 0 0 1
    outer loop
      vertex -1 54.6 7.5
      vertex 1 85 7.5
      vertex -1 55.4 7.5
    endloop
  endfacet
  facet normal 0 0 1
    outer loop
      vertex -1 53.4 7.5
      vertex 1 85 7.5
      vertex -1 54.6 7.5
    endloop
  endfacet
  facet normal 0 0 1
    outer loop
      vertex -1 52.6 7.5
      vertex 1 85 7.5
      vertex -1 53.4 7.5
    endloop
  endfacet
  facet normal 0 0 1
    outer loop
      vertex -1 51.4 7.5
      vertex 1 85 7.5
      vertex -1 52.6 7.5
    endloop
  endfacet
  facet normal 0 0 1
    outer loop
      vertex -1 50.6 7.5
      vertex 1 85 7.5
      vertex -1 51.4 7.5
    endloop
  endfacet
  facet normal 0 0 1
    outer loop
      vertex -1 49.4 7.5
      vertex 1 85 7.5
      vertex -1 50.6 7.5
    endloop
  endfacet
  facet normal 0 0 1
    outer loop
      vertex -1 48.6 7.5
      vertex 1 85 7.5
      vertex -1 49.4 7.5
    endloop
  endfacet
  facet normal 0 0 1
    outer loop
      vertex -1 47.4 7.5
      vertex 1 85 7.5
      vertex -1 48.6 7.5
    endloop
  endfacet
  facet normal 0 0 1
    outer loop
      vertex -1 46.6 7.5
      vertex 1 85 7.5
      vertex -1 47.4 7.5
    endloop
  endfacet
  facet normal 0 0 1
    outer loop
      vertex -1 45.4 7.5
      vertex 1 85 7.5
      vertex -1 46.6 7.5
    endloop
  endfacet
  facet normal 0 0 1
    outer loop
      vertex -1 44.6 7.5
      vertex 1 85 7.5
      vertex -1 45.4 7.5
    endloop
  endfacet
  facet normal 0 0 1
    outer loop
      vertex -1 43.4 7.5
      vertex 1 85 7.5
      vertex -1 44.6 7.5
    endloop
  endfacet
  facet normal 0 0 1
    outer loop
      vertex -1 42.6 7.5
      vertex 1 85 7.5
      vertex -1 43.4 7.5
    endloop
  endfacet
  facet normal 0 0 1
    outer loop
      vertex -1 41.4 7.5
      vertex 1 85 7.5
      vertex -1 42.6 7.5
    endloop
  endfacet
  facet normal 0 0 1
    outer loop
      vertex -1 40.6 7.5
      vertex 1 85 7.5
      vertex -1 41.4 7.5
    endloop
  endfacet
  facet normal 0 0 1
    outer loop
      vertex -1 39.4 7.5
      vertex 1 85 7.5
      vertex -1 40.6 7.5
    endloop
  endfacet
  facet normal 0 0 1
    outer loop
      vertex -1 38.6 7.5
      vertex 1 85 7.5
      vertex -1 39.4 7.5
    endloop
  endfacet
  facet normal 0 0 1
    outer loop
      vertex -1 37.4 7.5
      vertex 1 85 7.5
      vertex -1 38.6 7.5
    endloop
  endfacet
  facet normal 0 0 1
    outer loop
      vertex -1 36.6 7.5
      vertex 1 85 7.5
      vertex -1 37.4 7.5
    endloop
  endfacet
  facet normal 0 0 1
    outer loop
      vertex -1 35.4 7.5
      vertex 1 85 7.5
      vertex -1 36.6 7.5
    endloop
  endfacet
  facet normal 0 0 1
    outer loop
      vertex -1 34.6 7.5
      vertex 1 85 7.5
      vertex -1 35.4 7.5
    endloop
  endfacet
  facet normal 0 0 1
    outer loop
      vertex -1 33.4 7.5
      vertex 1 85 7.5
      vertex -1 34.6 7.5
    endloop
  endfacet
  facet normal 0 0 1
    outer loop
      vertex -1 32.6 7.5
      vertex 1 85 7.5
      vertex -1 33.4 7.5
    endloop
  endfacet
  facet normal 0 0 1
    outer loop
      vertex -1 31.4 7.5
      vertex 1 85 7.5
      vertex -1 32.6 7.5
    endloop
  endfacet
  facet normal 0 0 1
    outer loop
      vertex -1 30.6 7.5
      vertex 1 85 7.5
      vertex -1 31.4 7.5
    endloop
  endfacet
  facet normal 0 0 1
    outer loop
      vertex -1 29.4 7.5
      vertex 1 85 7.5
      vertex -1 30.6 7.5
    endloop
  endfacet
  facet normal 0 0 1
    outer loop
      vertex -1 28.6 7.5
      vertex 1 85 7.5
      vertex -1 29.4 7.5
    endloop
  endfacet
  facet normal 0 0 1
    outer loop
      vertex -1 27.4 7.5
      vertex 1 85 7.5
      vertex -1 28.6 7.5
    endloop
  endfacet
  facet normal 0 0 1
    outer loop
      vertex -1 26.6 7.5
      vertex 1 85 7.5
      vertex -1 27.4 7.5
    endloop
  endfacet
  facet normal 0 0 1
    outer loop
      vertex -1 25.4 7.5
      vertex 1 85 7.5
      vertex -1 26.6 7.5
    endloop
  endfacet
  facet normal 0 0 1
    outer loop
      vertex -1 24.6 7.5
      vertex 1 85 7.5
      vertex -1 25.4 7.5
    endloop
  endfacet
  facet normal 0 0 1
    outer loop
      vertex -1 23.4 7.5
      vertex 1 85 7.5
      vertex -1 24.6 7.5
    endloop
  endfacet
  facet normal 0 0 1
    outer loop
      vertex -1 22.6 7.5
      vertex 1 85 7.5
      vertex -1 23.4 7.5
    endloop
  endfacet
  facet normal 0 0 1
    outer loop
      vertex -1 21.4 7.5
      vertex 1 85 7.5
      vertex -1 22.6 7.5
    endloop
  endfacet
  facet normal 0 0 1
    outer loop
      vertex -1 20.6 7.5
      vertex 1 85 7.5
      vertex -1 21.4 7.5
    endloop
  endfacet
  facet normal 0 0 1
    outer loop
      vertex -1 19.4 7.5
      vertex 1 85 7.5
      vertex -1 20.6 7.5
    endloop
  endfacet
  facet normal 0 0 1
    outer loop
      vertex -1 18.6 7.5
      vertex 1 85 7.5
      vertex -1 19.4 7.5
    endloop
  endfacet
  facet normal 0 0 1
    outer loop
      vertex -1 17.4 7.5
      vertex 1 85 7.5
      vertex -1 18.6 7.5
    endloop
  endfacet
  facet normal 0 0 1
    outer loop
      vertex -1 16.6 7.5
      vertex 1 85 7.5
      vertex -1 17.4 7.5
    endloop
  endfacet
  facet normal 0 0 1
    outer loop
      vertex 1 85 7.5
      vertex -1 16.6 7.5
      vertex 1 -87.5 7.5
    endloop
  endfacet
  facet normal -0 0 1
    outer loop
      vertex -1 15.4 7.5
      vertex 1 -87.5 7.5
      vertex -1 16.6 7.5
    endloop
  endfacet
  facet normal -0 0 1
    outer loop
      vertex -1 14.6 7.5
      vertex 1 -87.5 7.5
      vertex -1 15.4 7.5
    endloop
  endfacet
  facet normal -0 0 1
    outer loop
      vertex -1 13.4 7.5
      vertex 1 -87.5 7.5
      vertex -1 14.6 7.5
    endloop
  endfacet
  facet normal -0 0 1
    outer loop
      vertex -1 12.6 7.5
      vertex 1 -87.5 7.5
      vertex -1 13.4 7.5
    endloop
  endfacet
  facet normal -0 0 1
    outer loop
      vertex -1 11.4 7.5
      vertex 1 -87.5 7.5
      vertex -1 12.6 7.5
    endloop
  endfacet
  facet normal -0 0 1
    outer loop
      vertex -1 10.6 7.5
      vertex 1 -87.5 7.5
      vertex -1 11.4 7.5
    endloop
  endfacet
  facet normal -0 0 1
    outer loop
      vertex -1 9.4 7.5
      vertex 1 -87.5 7.5
      vertex -1 10.6 7.5
    endloop
  endfacet
  facet normal -0 0 1
    outer loop
      vertex -1 8.6 7.5
      vertex 1 -87.5 7.5
      vertex -1 9.4 7.5
    endloop
  endfacet
  facet normal -0 0 1
    outer loop
      vertex -1 7.4 7.5
      vertex 1 -87.5 7.5
      vertex -1 8.6 7.5
    endloop
  endfacet
  facet normal -0 0 1
    outer loop
      vertex -1 6.6 7.5
      vertex 1 -87.5 7.5
      vertex -1 7.4 7.5
    endloop
  endfacet
  facet normal -0 0 1
    outer loop
      vertex -1 5.4 7.5
      vertex 1 -87.5 7.5
      vertex -1 6.6 7.5
    endloop
  endfacet
  facet normal -0 0 1
    outer loop
      vertex -1 4.6 7.5
      vertex 1 -87.5 7.5
      vertex -1 5.4 7.5
    endloop
  endfacet
  facet normal -0 0 1
    outer loop
      vertex -1 3.4 7.5
      vertex 1 -87.5 7.5
      vertex -1 4.6 7.5
    endloop
  endfacet
  facet normal -0 0 1
    outer loop
      vertex -1 2.6 7.5
      vertex 1 -87.5 7.5
      vertex -1 3.4 7.5
    endloop
  endfacet
  facet normal -0 0 1
    outer loop
      vertex -1 1.4 7.5
      vertex 1 -87.5 7.5
      vertex -1 2.6 7.5
    endloop
  endfacet
  facet normal -0 0 1
    outer loop
      vertex -1 0.599999 7.5
      vertex 1 -87.5 7.5
      vertex -1 1.4 7.5
    endloop
  endfacet
  facet normal -0 0 1
    outer loop
      vertex -1 -0.6 7.5
      vertex 1 -87.5 7.5
      vertex -1 0.599999 7.5
    endloop
  endfacet
  facet normal -0 0 1
    outer loop
      vertex -1 -1.4 7.5
      vertex 1 -87.5 7.5
      vertex -1 -0.6 7.5
    endloop
  endfacet
  facet normal -0 0 1
    outer loop
      vertex -1 -2.6 7.5
      vertex 1 -87.5 7.5
      vertex -1 -1.4 7.5
    endloop
  endfacet
  facet normal -0 0 1
    outer loop
      vertex -1 -3.4 7.5
      vertex 1 -87.5 7.5
      vertex -1 -2.6 7.5
    endloop
  endfacet
  facet normal -0 0 1
    outer loop
      vertex -1 -4.6 7.5
      vertex 1 -87.5 7.5
      vertex -1 -3.4 7.5
    endloop
  endfacet
  facet normal -0 0 1
    outer loop
      vertex -1 -5.4 7.5
      vertex 1 -87.5 7.5
      vertex -1 -4.6 7.5
    endloop
  endfacet
  facet normal -0 0 1
    outer loop
      vertex -1 -6.6 7.5
      vertex 1 -87.5 7.5
      vertex -1 -5.4 7.5
    endloop
  endfacet
  facet normal -0 0 1
    outer loop
      vertex -1 -7.4 7.5
      vertex 1 -87.5 7.5
      vertex -1 -6.6 7.5
    endloop
  endfacet
  facet normal -0 0 1
    outer loop
      vertex -1 -8.6 7.5
      vertex 1 -87.5 7.5
      vertex -1 -7.4 7.5
    endloop
  endfacet
  facet normal -0 0 1
    outer loop
      vertex -1 -9.4 7.5
      vertex 1 -87.5 7.5
      vertex -1 -8.6 7.5
    endloop
  endfacet
  facet normal -0 0 1
    outer loop
      vertex -1 -10.6 7.5
      vertex 1 -87.5 7.5
      vertex -1 -9.4 7.5
    endloop
  endfacet
  facet normal -0 0 1
    outer loop
      vertex -1 -11.4 7.5
      vertex 1 -87.5 7.5
      vertex -1 -10.6 7.5
    endloop
  endfacet
  facet normal -0 0 1
    outer loop
      vertex -1 -12.6 7.5
      vertex 1 -87.5 7.5
      vertex -1 -11.4 7.5
    endloop
  endfacet
  facet normal -0 0 1
    outer loop
      vertex -1 -13.4 7.5
      vertex 1 -87.5 7.5
      vertex -1 -12.6 7.5
    endloop
  endfacet
  facet normal -0 0 1
    outer loop
      vertex -1 -14.6 7.5
      vertex 1 -87.5 7.5
      vertex -1 -13.4 7.5
    endloop
  endfacet
  facet normal -0 0 1
    outer loop
      vertex -1 -15.4 7.5
      vertex 1 -87.5 7.5
      vertex -1 -14.6 7.5
    endloop
  endfacet
  facet normal -0 0 1
    outer loop
      vertex -1 -16.6 7.5
      vertex 1 -87.5 7.5
      vertex -1 -15.4 7.5
    endloop
  endfacet
  facet normal -0 0 1
    outer loop
      vertex -1 -17.4 7.5
      vertex 1 -87.5 7.5
      vertex -1 -16.6 7.5
    endloop
  endfacet
  facet normal -0 0 1
    outer loop
      vertex -1 -18.6 7.5
      vertex 1 -87.5 7.5
      vertex -1 -17.4 7.5
    endloop
  endfacet
  facet normal -0 0 1
    outer loop
      vertex -1 -19.4 7.5
      vertex 1 -87.5 7.5
      vertex -1 -18.6 7.5
    endloop
  endfacet
  facet normal -0 0 1
    outer loop
      vertex -1 -20.6 7.5
      vertex 1 -87.5 7.5
      vertex -1 -19.4 7.5
    endloop
  endfacet
  facet normal -0 0 1
    outer loop
      vertex -1 -21.4 7.5
      vertex 1 -87.5 7.5
      vertex -1 -20.6 7.5
    endloop
  endfacet
  facet normal -0 0 1
    outer loop
      vertex -1 -22.6 7.5
      vertex 1 -87.5 7.5
      vertex -1 -21.4 7.5
    endloop
  endfacet
  facet normal -0 0 1
    outer loop
      vertex -1 -23.4 7.5
      vertex 1 -87.5 7.5
      vertex -1 -22.6 7.5
    endloop
  endfacet
  facet normal -0 0 1
    outer loop
      vertex -1 -24.6 7.5
      vertex 1 -87.5 7.5
      vertex -1 -23.4 7.5
    endloop
  endfacet
  facet normal -0 0 1
    outer loop
      vertex -1 -25.4 7.5
      vertex 1 -87.5 7.5
      vertex -1 -24.6 7.5
    endloop
  endfacet
  facet normal -0 0 1
    outer loop
      vertex -1 -26.6 7.5
      vertex 1 -87.5 7.5
      vertex -1 -25.4 7.5
    endloop
  endfacet
  facet normal -0 0 1
    outer loop
      vertex -1 -27.4 7.5
      vertex 1 -87.5 7.5
      vertex -1 -26.6 7.5
    endloop
  endfacet
  facet normal -0 0 1
    outer loop
      vertex -1 -28.6 7.5
      vertex 1 -87.5 7.5
      vertex -1 -27.4 7.5
    endloop
  endfacet
  facet normal -0 0 1
    outer loop
      vertex -1 -29.4 7.5
      vertex 1 -87.5 7.5
      vertex -1 -28.6 7.5
    endloop
  endfacet
  facet normal -0 0 1
    outer loop
      vertex -1 -30.6 7.5
      vertex 1 -87.5 7.5
      vertex -1 -29.4 7.5
    endloop
  endfacet
  facet normal -0 0 1
    outer loop
      vertex -1 -31.4 7.5
      vertex 1 -87.5 7.5
      vertex -1 -30.6 7.5
    endloop
  endfacet
  facet normal -0 0 1
    outer loop
      vertex -1 -32.6 7.5
      vertex 1 -87.5 7.5
      vertex -1 -31.4 7.5
    endloop
  endfacet
  facet normal -0 0 1
    outer loop
      vertex -1 -33.4 7.5
      vertex 1 -87.5 7.5
      vertex -1 -32.6 7.5
    endloop
  endfacet
  facet normal -0 0 1
    outer loop
      vertex -1 -34.6 7.5
      vertex 1 -87.5 7.5
      vertex -1 -33.4 7.5
    endloop
  endfacet
  facet normal -0 0 1
    outer loop
      vertex -1 -35.4 7.5
      vertex 1 -87.5 7.5
      vertex -1 -34.6 7.5
    endloop
  endfacet
  facet normal -0 0 1
    outer loop
      vertex -1 -36.6 7.5
      vertex 1 -87.5 7.5
      vertex -1 -35.4 7.5
    endloop
  endfacet
  facet normal -0 0 1
    outer loop
      vertex -1 -37.4 7.5
      vertex 1 -87.5 7.5
      vertex -1 -36.6 7.5
    endloop
  endfacet
  facet normal -0 0 1
    outer loop
      vertex -1 -38.6 7.5
      vertex 1 -87.5 7.5
      vertex -1 -37.4 7.5
    endloop
  endfacet
  facet normal -0 0 1
    outer loop
      vertex -1 -39.4 7.5
      vertex 1 -87.5 7.5
      vertex -1 -38.6 7.5
    endloop
  endfacet
  facet normal -0 0 1
    outer loop
      vertex -1 -40.6 7.5
      vertex 1 -87.5 7.5
      vertex -1 -39.4 7.5
    endloop
  endfacet
  facet normal -0 0 1
    outer loop
      vertex -1 -41.4 7.5
      vertex 1 -87.5 7.5
      vertex -1 -40.6 7.5
    endloop
  endfacet
  facet normal -0 0 1
    outer loop
      vertex -1 -42.6 7.5
      vertex 1 -87.5 7.5
      vertex -1 -41.4 7.5
    endloop
  endfacet
  facet normal -0 0 1
    outer loop
      vertex -1 -43.4 7.5
      vertex 1 -87.5 7.5
      vertex -1 -42.6 7.5
    endloop
  endfacet
  facet normal -0 0 1
    outer loop
      vertex -1 -44.6 7.5
      vertex 1 -87.5 7.5
      vertex -1 -43.4 7.5
    endloop
  endfacet
  facet normal -0 0 1
    outer loop
      vertex -1 -45.4 7.5
      vertex 1 -87.5 7.5
      vertex -1 -44.6 7.5
    endloop
  endfacet
  facet normal -0 0 1
    outer loop
      vertex -1 -46.6 7.5
      vertex 1 -87.5 7.5
      vertex -1 -45.4 7.5
    endloop
  endfacet
  facet normal -0 0 1
    outer loop
      vertex -1 -47.4 7.5
      vertex 1 -87.5 7.5
      vertex -1 -46.6 7.5
    endloop
  endfacet
  facet normal -0 0 1
    outer loop
      vertex -1 -48.6 7.5
      vertex 1 -87.5 7.5
      vertex -1 -47.4 7.5
    endloop
  endfacet
  facet normal -0 0 1
    outer loop
      vertex -1 -49.4 7.5
      vertex 1 -87.5 7.5
      vertex -1 -48.6 7.5
    endloop
  endfacet
  facet normal -0 0 1
    outer loop
      vertex -1 -50.6 7.5
      vertex 1 -87.5 7.5
      vertex -1 -49.4 7.5
    endloop
  endfacet
  facet normal -0 0 1
    outer loop
      vertex -1 -51.4 7.5
      vertex 1 -87.5 7.5
      vertex -1 -50.6 7.5
    endloop
  endfacet
  facet normal -0 0 1
    outer loop
      vertex -1 -52.6 7.5
      vertex 1 -87.5 7.5
      vertex -1 -51.4 7.5
    endloop
  endfacet
  facet normal -0 0 1
    outer loop
      vertex -1 -53.4 7.5
      vertex 1 -87.5 7.5
      vertex -1 -52.6 7.5
    endloop
  endfacet
  facet normal -0 0 1
    outer loop
      vertex -1 -54.6 7.5
      vertex 1 -87.5 7.5
      vertex -1 -53.4 7.5
    endloop
  endfacet
  facet normal -0 0 1
    outer loop
      vertex -1 -55.4 7.5
      vertex 1 -87.5 7.5
      vertex -1 -54.6 7.5
    endloop
  endfacet
  facet normal -0 0 1
    outer loop
      vertex -1 -56.6 7.5
      vertex 1 -87.5 7.5
      vertex -1 -55.4 7.5
    endloop
  endfacet
  facet normal -0 0 1
    outer loop
      vertex -1 -57.4 7.5
      vertex 1 -87.5 7.5
      vertex -1 -56.6 7.5
    endloop
  endfacet
  facet normal -0 0 1
    outer loop
      vertex -1 -58.6 7.5
      vertex 1 -87.5 7.5
      vertex -1 -57.4 7.5
    endloop
  endfacet
  facet normal -0 0 1
    outer loop
      vertex -1 -59.4 7.5
      vertex 1 -87.5 7.5
      vertex -1 -58.6 7.5
    endloop
  endfacet
  facet normal -0 0 1
    outer loop
      vertex -1 -60.6 7.5
      vertex 1 -87.5 7.5
      vertex -1 -59.4 7.5
    endloop
  endfacet
  facet normal -0 0 1
    outer loop
      vertex -1 -61.4 7.5
      vertex 1 -87.5 7.5
      vertex -1 -60.6 7.5
    endloop
  endfacet
  facet normal -0 0 1
    outer loop
      vertex -1 -62.6 7.5
      vertex 1 -87.5 7.5
      vertex -1 -61.4 7.5
    endloop
  endfacet
  facet normal -0 0 1
    outer loop
      vertex -1 -63.4 7.5
      vertex 1 -87.5 7.5
      vertex -1 -62.6 7.5
    endloop
  endfacet
  facet normal -0 0 1
    outer loop
      vertex -1 -64.6 7.5
      vertex 1 -87.5 7.5
      vertex -1 -63.4 7.5
    endloop
  endfacet
  facet normal -0 0 1
    outer loop
      vertex -1 -65.4 7.5
      vertex 1 -87.5 7.5
      vertex -1 -64.6 7.5
    endloop
  endfacet
  facet normal -0 0 1
    outer loop
      vertex -1 -66.6 7.5
      vertex 1 -87.5 7.5
      vertex -1 -65.4 7.5
    endloop
  endfacet
  facet normal -0 0 1
    outer loop
      vertex -1 -67.4 7.5
      vertex 1 -87.5 7.5
      vertex -1 -66.6 7.5
    endloop
  endfacet
  facet normal -0 0 1
    outer loop
      vertex -1 -68.6 7.5
      vertex 1 -87.5 7.5
      vertex -1 -67.4 7.5
    endloop
  endfacet
  facet normal -0 0 1
    outer loop
      vertex -1 -69.4 7.5
      vertex 1 -87.5 7.5
      vertex -1 -68.6 7.5
    endloop
  endfacet
  facet normal -0 0 1
    outer loop
      vertex -1 -70.6 7.5
      vertex 1 -87.5 7.5
      vertex -1 -69.4 7.5
    endloop
  endfacet
  facet normal -0 0 1
    outer loop
      vertex -1 -71.4 7.5
      vertex 1 -87.5 7.5
      vertex -1 -70.6 7.5
    endloop
  endfacet
  facet normal -0 0 1
    outer loop
      vertex -1 -72.6 7.5
      vertex 1 -87.5 7.5
      vertex -1 -71.4 7.5
    endloop
  endfacet
  facet normal -0 0 1
    outer loop
      vertex -1 -73.4 7.5
      vertex 1 -87.5 7.5
      vertex -1 -72.6 7.5
    endloop
  endfacet
  facet normal -0 0 1
    outer loop
      vertex -1 -74.6 7.5
      vertex 1 -87.5 7.5
      vertex -1 -73.4 7.5
    endloop
  endfacet
  facet normal -0 0 1
    outer loop
      vertex -1 -75.4 7.5
      vertex 1 -87.5 7.5
      vertex -1 -74.6 7.5
    endloop
  endfacet
  facet normal -0 0 1
    outer loop
      vertex -1 -76.6 7.5
      vertex 1 -87.5 7.5
      vertex -1 -75.4 7.5
    endloop
  endfacet
  facet normal -0 0 1
    outer loop
      vertex -1 -77.4 7.5
      vertex 1 -87.5 7.5
      vertex -1 -76.6 7.5
    endloop
  endfacet
  facet normal -0 0 1
    outer loop
      vertex -1 -78.6 7.5
      vertex 1 -87.5 7.5
      vertex -1 -77.4 7.5
    endloop
  endfacet
  facet normal -0 0 1
    outer loop
      vertex -1 -79.4 7.5
      vertex 1 -87.5 7.5
      vertex -1 -78.6 7.5
    endloop
  endfacet
  facet normal -0 0 1
    outer loop
      vertex -1 -80.6 7.5
      vertex 1 -87.5 7.5
      vertex -1 -79.4 7.5
    endloop
  endfacet
  facet normal -0 0 1
    outer loop
      vertex -1 -81.4 7.5
      vertex 1 -87.5 7.5
      vertex -1 -80.6 7.5
    endloop
  endfacet
  facet normal -0 0 1
    outer loop
      vertex -1 -82.6 7.5
      vertex 1 -87.5 7.5
      vertex -1 -81.4 7.5
    endloop
  endfacet
  facet normal -0 0 1
    outer loop
      vertex -1 -83.4 7.5
      vertex 1 -87.5 7.5
      vertex -1 -82.6 7.5
    endloop
  endfacet
  facet normal -0 0 1
    outer loop
      vertex -1 -84.6 7.5
      vertex 1 -87.5 7.5
      vertex -1 -83.4 7.5
    endloop
  endfacet
  facet normal -0 0 1
    outer loop
      vertex -1 -85.4 7.5
      vertex 1 -87.5 7.5
      vertex -1 -84.6 7.5
    endloop
  endfacet
  facet normal -0 0 1
    outer loop
      vertex -1 -86.6 7.5
      vertex 1 -87.5 7.5
      vertex -1 -85.4 7.5
    endloop
  endfacet
  facet normal -0 0 1
    outer loop
      vertex -1 -87.4 7.5
      vertex 1 -87.5 7.5
      vertex -1 -86.6 7.5
    endloop
  endfacet
  facet normal 0 0 1
    outer loop
      vertex -2 -87.5 7.5
      vertex -1 -87.4 7.5
      vertex -2 -87.4 7.5
    endloop
  endfacet
  facet normal 0 0 1
    outer loop
      vertex -1 -87.4 7.5
      vertex -2 -87.5 7.5
      vertex 1 -87.5 7.5
    endloop
  endfacet
  facet normal -1 0 0
    outer loop
      vertex -1 82.6 2.5
      vertex -1 85 7.5
      vertex -1 85 2.5
    endloop
  endfacet
  facet normal -1 -0 0
    outer loop
      vertex -1 85 7.5
      vertex -1 82.6 2.5
      vertex -1 82.6 7.5
    endloop
  endfacet
  facet normal -1 0 0
    outer loop
      vertex -1 -81.4 2.5
      vertex -1 -80.6 7.5
      vertex -1 -80.6 2.5
    endloop
  endfacet
  facet normal -1 -0 0
    outer loop
      vertex -1 -80.6 7.5
      vertex -1 -81.4 2.5
      vertex -1 -81.4 7.5
    endloop
  endfacet
  facet normal -1 0 0
    outer loop
      vertex -1 -79.4 2.5
      vertex -1 -78.6 7.5
      vertex -1 -78.6 2.5
    endloop
  endfacet
  facet normal -1 -0 0
    outer loop
      vertex -1 -78.6 7.5
      vertex -1 -79.4 2.5
      vertex -1 -79.4 7.5
    endloop
  endfacet
  facet normal -1 0 0
    outer loop
      vertex -1 -37.4 2.5
      vertex -1 -36.6 7.5
      vertex -1 -36.6 2.5
    endloop
  endfacet
  facet normal -1 -0 0
    outer loop
      vertex -1 -36.6 7.5
      vertex -1 -37.4 2.5
      vertex -1 -37.4 7.5
    endloop
  endfacet
  facet normal -1 0 0
    outer loop
      vertex -1 -35.4 2.5
      vertex -1 -34.6 7.5
      vertex -1 -34.6 2.5
    endloop
  endfacet
  facet normal -1 -0 0
    outer loop
      vertex -1 -34.6 7.5
      vertex -1 -35.4 2.5
      vertex -1 -35.4 7.5
    endloop
  endfacet
  facet normal -1 0 0
    outer loop
      vertex -1 -65.4 2.5
      vertex -1 -64.6 7.5
      vertex -1 -64.6 2.5
    endloop
  endfacet
  facet normal -1 -0 0
    outer loop
      vertex -1 -64.6 7.5
      vertex -1 -65.4 2.5
      vertex -1 -65.4 7.5
    endloop
  endfacet
  facet normal -1 0 0
    outer loop
      vertex -1 -63.4 2.5
      vertex -1 -62.6 7.5
      vertex -1 -62.6 2.5
    endloop
  endfacet
  facet normal -1 -0 0
    outer loop
      vertex -1 -62.6 7.5
      vertex -1 -63.4 2.5
      vertex -1 -63.4 7.5
    endloop
  endfacet
  facet normal -1 0 0
    outer loop
      vertex -1 -67.4 2.5
      vertex -1 -66.6 7.5
      vertex -1 -66.6 2.5
    endloop
  endfacet
  facet normal -1 -0 0
    outer loop
      vertex -1 -66.6 7.5
      vertex -1 -67.4 2.5
      vertex -1 -67.4 7.5
    endloop
  endfacet
  facet normal -1 0 0
    outer loop
      vertex -1 48.6 2.5
      vertex -1 49.4 7.5
      vertex -1 49.4 2.5
    endloop
  endfacet
  facet normal -1 -0 0
    outer loop
      vertex -1 49.4 7.5
      vertex -1 48.6 2.5
      vertex -1 48.6 7.5
    endloop
  endfacet
  facet normal -1 0 0
    outer loop
      vertex -1 50.6 2.5
      vertex -1 51.4 7.5
      vertex -1 51.4 2.5
    endloop
  endfacet
  facet normal -1 -0 0
    outer loop
      vertex -1 51.4 7.5
      vertex -1 50.6 2.5
      vertex -1 50.6 7.5
    endloop
  endfacet
  facet normal -1 0 0
    outer loop
      vertex -1 -27.4 2.5
      vertex -1 -26.6 7.5
      vertex -1 -26.6 2.5
    endloop
  endfacet
  facet normal -1 -0 0
    outer loop
      vertex -1 -26.6 7.5
      vertex -1 -27.4 2.5
      vertex -1 -27.4 7.5
    endloop
  endfacet
  facet normal -1 0 0
    outer loop
      vertex -1 -25.4 2.5
      vertex -1 -24.6 7.5
      vertex -1 -24.6 2.5
    endloop
  endfacet
  facet normal -1 -0 0
    outer loop
      vertex -1 -24.6 7.5
      vertex -1 -25.4 2.5
      vertex -1 -25.4 7.5
    endloop
  endfacet
  facet normal -1 0 0
    outer loop
      vertex -1 40.6 2.5
      vertex -1 41.4 7.5
      vertex -1 41.4 2.5
    endloop
  endfacet
  facet normal -1 -0 0
    outer loop
      vertex -1 41.4 7.5
      vertex -1 40.6 2.5
      vertex -1 40.6 7.5
    endloop
  endfacet
  facet normal -1 0 0
    outer loop
      vertex -1 42.6 2.5
      vertex -1 43.4 7.5
      vertex -1 43.4 2.5
    endloop
  endfacet
  facet normal -1 -0 0
    outer loop
      vertex -1 43.4 7.5
      vertex -1 42.6 2.5
      vertex -1 42.6 7.5
    endloop
  endfacet
  facet normal -1 0 0
    outer loop
      vertex -1 38.6 2.5
      vertex -1 39.4 7.5
      vertex -1 39.4 2.5
    endloop
  endfacet
  facet normal -1 -0 0
    outer loop
      vertex -1 39.4 7.5
      vertex -1 38.6 2.5
      vertex -1 38.6 7.5
    endloop
  endfacet
  facet normal -1 0 0
    outer loop
      vertex -1 66.6 2.5
      vertex -1 67.4 7.5
      vertex -1 67.4 2.5
    endloop
  endfacet
  facet normal -1 -0 0
    outer loop
      vertex -1 67.4 7.5
      vertex -1 66.6 2.5
      vertex -1 66.6 7.5
    endloop
  endfacet
  facet normal -1 0 0
    outer loop
      vertex -1 68.6 2.5
      vertex -1 69.4 7.5
      vertex -1 69.4 2.5
    endloop
  endfacet
  facet normal -1 -0 0
    outer loop
      vertex -1 69.4 7.5
      vertex -1 68.6 2.5
      vertex -1 68.6 7.5
    endloop
  endfacet
  facet normal -1 0 0
    outer loop
      vertex -1 8.6 2.5
      vertex -1 9.4 7.5
      vertex -1 9.4 2.5
    endloop
  endfacet
  facet normal -1 -0 0
    outer loop
      vertex -1 9.4 7.5
      vertex -1 8.6 2.5
      vertex -1 8.6 7.5
    endloop
  endfacet
  facet normal -1 0 0
    outer loop
      vertex -1 10.6 2.5
      vertex -1 11.4 7.5
      vertex -1 11.4 2.5
    endloop
  endfacet
  facet normal -1 -0 0
    outer loop
      vertex -1 11.4 7.5
      vertex -1 10.6 2.5
      vertex -1 10.6 7.5
    endloop
  endfacet
  facet normal -1 0 0
    outer loop
      vertex -1 6.6 2.5
      vertex -1 7.4 7.5
      vertex -1 7.4 2.5
    endloop
  endfacet
  facet normal -1 -0 0
    outer loop
      vertex -1 7.4 7.5
      vertex -1 6.6 2.5
      vertex -1 6.6 7.5
    endloop
  endfacet
  facet normal -1 0 0
    outer loop
      vertex -1 36.6 2.5
      vertex -1 37.4 7.5
      vertex -1 37.4 2.5
    endloop
  endfacet
  facet normal -1 -0 0
    outer loop
      vertex -1 37.4 7.5
      vertex -1 36.6 2.5
      vertex -1 36.6 7.5
    endloop
  endfacet
  facet normal -1 0 0
    outer loop
      vertex -1 72.6 2.5
      vertex -1 73.4 7.5
      vertex -1 73.4 2.5
    endloop
  endfacet
  facet normal -1 -0 0
    outer loop
      vertex -1 73.4 7.5
      vertex -1 72.6 2.5
      vertex -1 72.6 7.5
    endloop
  endfacet
  facet normal -1 0 0
    outer loop
      vertex -1 74.6 2.5
      vertex -1 75.4 7.5
      vertex -1 75.4 2.5
    endloop
  endfacet
  facet normal -1 -0 0
    outer loop
      vertex -1 75.4 7.5
      vertex -1 74.6 2.5
      vertex -1 74.6 7.5
    endloop
  endfacet
  facet normal -1 0 0
    outer loop
      vertex -1 -15.4 2.5
      vertex -1 -14.6 7.5
      vertex -1 -14.6 2.5
    endloop
  endfacet
  facet normal -1 -0 0
    outer loop
      vertex -1 -14.6 7.5
      vertex -1 -15.4 2.5
      vertex -1 -15.4 7.5
    endloop
  endfacet
  facet normal -1 0 0
    outer loop
      vertex -1 -13.4 2.5
      vertex -1 -12.6 7.5
      vertex -1 -12.6 2.5
    endloop
  endfacet
  facet normal -1 -0 0
    outer loop
      vertex -1 -12.6 7.5
      vertex -1 -13.4 2.5
      vertex -1 -13.4 7.5
    endloop
  endfacet
  facet normal -1 0 0
    outer loop
      vertex -1 0.599999 2.5
      vertex -1 1.4 7.5
      vertex -1 1.4 2.5
    endloop
  endfacet
  facet normal -1 -0 0
    outer loop
      vertex -1 1.4 7.5
      vertex -1 0.599999 2.5
      vertex -1 0.599999 7.5
    endloop
  endfacet
  facet normal -1 0 0
    outer loop
      vertex -1 2.6 2.5
      vertex -1 3.4 7.5
      vertex -1 3.4 2.5
    endloop
  endfacet
  facet normal -1 -0 0
    outer loop
      vertex -1 3.4 7.5
      vertex -1 2.6 2.5
      vertex -1 2.6 7.5
    endloop
  endfacet
  facet normal -1 0 0
    outer loop
      vertex -1 -1.4 2.5
      vertex -1 -0.6 7.5
      vertex -1 -0.6 2.5
    endloop
  endfacet
  facet normal -1 -0 0
    outer loop
      vertex -1 -0.6 7.5
      vertex -1 -1.4 2.5
      vertex -1 -1.4 7.5
    endloop
  endfacet
  facet normal -1 0 0
    outer loop
      vertex -1 -3.4 2.5
      vertex -1 -2.6 7.5
      vertex -1 -2.6 2.5
    endloop
  endfacet
  facet normal -1 -0 0
    outer loop
      vertex -1 -2.6 7.5
      vertex -1 -3.4 2.5
      vertex -1 -3.4 7.5
    endloop
  endfacet
  facet normal -1 0 0
    outer loop
      vertex -1 -55.4 2.5
      vertex -1 -54.6 7.5
      vertex -1 -54.6 2.5
    endloop
  endfacet
  facet normal -1 -0 0
    outer loop
      vertex -1 -54.6 7.5
      vertex -1 -55.4 2.5
      vertex -1 -55.4 7.5
    endloop
  endfacet
  facet normal -1 0 0
    outer loop
      vertex -1 -53.4 2.5
      vertex -1 -52.6 7.5
      vertex -1 -52.6 2.5
    endloop
  endfacet
  facet normal -1 -0 0
    outer loop
      vertex -1 -52.6 7.5
      vertex -1 -53.4 2.5
      vertex -1 -53.4 7.5
    endloop
  endfacet
  facet normal -1 0 0
    outer loop
      vertex -1 -87.4 2.5
      vertex -1 -86.6 7.5
      vertex -1 -86.6 2.5
    endloop
  endfacet
  facet normal -1 -0 0
    outer loop
      vertex -1 -86.6 7.5
      vertex -1 -87.4 2.5
      vertex -1 -87.4 7.5
    endloop
  endfacet
  facet normal -1 0 0
    outer loop
      vertex -1 18.6 2.5
      vertex -1 19.4 7.5
      vertex -1 19.4 2.5
    endloop
  endfacet
  facet normal -1 -0 0
    outer loop
      vertex -1 19.4 7.5
      vertex -1 18.6 2.5
      vertex -1 18.6 7.5
    endloop
  endfacet
  facet normal -1 0 0
    outer loop
      vertex -1 20.6 2.5
      vertex -1 21.4 7.5
      vertex -1 21.4 2.5
    endloop
  endfacet
  facet normal -1 -0 0
    outer loop
      vertex -1 21.4 7.5
      vertex -1 20.6 2.5
      vertex -1 20.6 7.5
    endloop
  endfacet
  facet normal -1 0 0
    outer loop
      vertex -1 14.6 2.5
      vertex -1 15.4 7.5
      vertex -1 15.4 2.5
    endloop
  endfacet
  facet normal -1 -0 0
    outer loop
      vertex -1 15.4 7.5
      vertex -1 14.6 2.5
      vertex -1 14.6 7.5
    endloop
  endfacet
  facet normal -1 0 0
    outer loop
      vertex -1 16.6 2.5
      vertex -1 17.4 7.5
      vertex -1 17.4 2.5
    endloop
  endfacet
  facet normal -1 -0 0
    outer loop
      vertex -1 17.4 7.5
      vertex -1 16.6 2.5
      vertex -1 16.6 7.5
    endloop
  endfacet
  facet normal -1 0 0
    outer loop
      vertex -1 12.6 2.5
      vertex -1 13.4 7.5
      vertex -1 13.4 2.5
    endloop
  endfacet
  facet normal -1 -0 0
    outer loop
      vertex -1 13.4 7.5
      vertex -1 12.6 2.5
      vertex -1 12.6 7.5
    endloop
  endfacet
  facet normal -1 0 0
    outer loop
      vertex -1 -47.4 2.5
      vertex -1 -46.6 7.5
      vertex -1 -46.6 2.5
    endloop
  endfacet
  facet normal -1 -0 0
    outer loop
      vertex -1 -46.6 7.5
      vertex -1 -47.4 2.5
      vertex -1 -47.4 7.5
    endloop
  endfacet
  facet normal -1 0 0
    outer loop
      vertex -1 -45.4 2.5
      vertex -1 -44.6 7.5
      vertex -1 -44.6 2.5
    endloop
  endfacet
  facet normal -1 -0 0
    outer loop
      vertex -1 -44.6 7.5
      vertex -1 -45.4 2.5
      vertex -1 -45.4 7.5
    endloop
  endfacet
  facet normal -1 0 0
    outer loop
      vertex -1 64.6 2.5
      vertex -1 65.4 7.5
      vertex -1 65.4 2.5
    endloop
  endfacet
  facet normal -1 -0 0
    outer loop
      vertex -1 65.4 7.5
      vertex -1 64.6 2.5
      vertex -1 64.6 7.5
    endloop
  endfacet
  facet normal -1 0 0
    outer loop
      vertex -1 -19.4 2.5
      vertex -1 -18.6 7.5
      vertex -1 -18.6 2.5
    endloop
  endfacet
  facet normal -1 -0 0
    outer loop
      vertex -1 -18.6 7.5
      vertex -1 -19.4 2.5
      vertex -1 -19.4 7.5
    endloop
  endfacet
  facet normal -1 0 0
    outer loop
      vertex -1 -17.4 2.5
      vertex -1 -16.6 7.5
      vertex -1 -16.6 2.5
    endloop
  endfacet
  facet normal -1 -0 0
    outer loop
      vertex -1 -16.6 7.5
      vertex -1 -17.4 2.5
      vertex -1 -17.4 7.5
    endloop
  endfacet
  facet normal -1 0 0
    outer loop
      vertex -1 -77.4 2.5
      vertex -1 -76.6 7.5
      vertex -1 -76.6 2.5
    endloop
  endfacet
  facet normal -1 -0 0
    outer loop
      vertex -1 -76.6 7.5
      vertex -1 -77.4 2.5
      vertex -1 -77.4 7.5
    endloop
  endfacet
  facet normal -1 0 0
    outer loop
      vertex -1 -43.4 2.5
      vertex -1 -42.6 7.5
      vertex -1 -42.6 2.5
    endloop
  endfacet
  facet normal -1 -0 0
    outer loop
      vertex -1 -42.6 7.5
      vertex -1 -43.4 2.5
      vertex -1 -43.4 7.5
    endloop
  endfacet
  facet normal -1 0 0
    outer loop
      vertex -1 4.6 2.5
      vertex -1 5.4 7.5
      vertex -1 5.4 2.5
    endloop
  endfacet
  facet normal -1 -0 0
    outer loop
      vertex -1 5.4 7.5
      vertex -1 4.6 2.5
      vertex -1 4.6 7.5
    endloop
  endfacet
  facet normal -1 0 0
    outer loop
      vertex -1 34.6 2.5
      vertex -1 35.4 7.5
      vertex -1 35.4 2.5
    endloop
  endfacet
  facet normal -1 -0 0
    outer loop
      vertex -1 35.4 7.5
      vertex -1 34.6 2.5
      vertex -1 34.6 7.5
    endloop
  endfacet
  facet normal -1 0 0
    outer loop
      vertex -1 -33.4 2.5
      vertex -1 -32.6 7.5
      vertex -1 -32.6 2.5
    endloop
  endfacet
  facet normal -1 -0 0
    outer loop
      vertex -1 -32.6 7.5
      vertex -1 -33.4 2.5
      vertex -1 -33.4 7.5
    endloop
  endfacet
  facet normal -1 0 0
    outer loop
      vertex -1 26.6 2.5
      vertex -1 27.4 7.5
      vertex -1 27.4 2.5
    endloop
  endfacet
  facet normal -1 -0 0
    outer loop
      vertex -1 27.4 7.5
      vertex -1 26.6 2.5
      vertex -1 26.6 7.5
    endloop
  endfacet
  facet normal -1 0 0
    outer loop
      vertex -1 28.6 2.5
      vertex -1 29.4 7.5
      vertex -1 29.4 2.5
    endloop
  endfacet
  facet normal -1 -0 0
    outer loop
      vertex -1 29.4 7.5
      vertex -1 28.6 2.5
      vertex -1 28.6 7.5
    endloop
  endfacet
  facet normal -1 0 0
    outer loop
      vertex -1 24.6 2.5
      vertex -1 25.4 7.5
      vertex -1 25.4 2.5
    endloop
  endfacet
  facet normal -1 -0 0
    outer loop
      vertex -1 25.4 7.5
      vertex -1 24.6 2.5
      vertex -1 24.6 7.5
    endloop
  endfacet
  facet normal -1 0 0
    outer loop
      vertex -1 -85.4 2.5
      vertex -1 -84.6 7.5
      vertex -1 -84.6 2.5
    endloop
  endfacet
  facet normal -1 -0 0
    outer loop
      vertex -1 -84.6 7.5
      vertex -1 -85.4 2.5
      vertex -1 -85.4 7.5
    endloop
  endfacet
  facet normal -1 0 0
    outer loop
      vertex -1 -83.4 2.5
      vertex -1 -82.6 7.5
      vertex -1 -82.6 2.5
    endloop
  endfacet
  facet normal -1 -0 0
    outer loop
      vertex -1 -82.6 7.5
      vertex -1 -83.4 2.5
      vertex -1 -83.4 7.5
    endloop
  endfacet
  facet normal -1 0 0
    outer loop
      vertex -1 -23.4 2.5
      vertex -1 -22.6 7.5
      vertex -1 -22.6 2.5
    endloop
  endfacet
  facet normal -1 -0 0
    outer loop
      vertex -1 -22.6 7.5
      vertex -1 -23.4 2.5
      vertex -1 -23.4 7.5
    endloop
  endfacet
  facet normal -1 0 0
    outer loop
      vertex -1 30.6 2.5
      vertex -1 31.4 7.5
      vertex -1 31.4 2.5
    endloop
  endfacet
  facet normal -1 -0 0
    outer loop
      vertex -1 31.4 7.5
      vertex -1 30.6 2.5
      vertex -1 30.6 7.5
    endloop
  endfacet
  facet normal -1 0 0
    outer loop
      vertex -1 -39.4 2.5
      vertex -1 -38.6 7.5
      vertex -1 -38.6 2.5
    endloop
  endfacet
  facet normal -1 -0 0
    outer loop
      vertex -1 -38.6 7.5
      vertex -1 -39.4 2.5
      vertex -1 -39.4 7.5
    endloop
  endfacet
  facet normal -1 0 0
    outer loop
      vertex -1 52.6 2.5
      vertex -1 53.4 7.5
      vertex -1 53.4 2.5
    endloop
  endfacet
  facet normal -1 -0 0
    outer loop
      vertex -1 53.4 7.5
      vertex -1 52.6 2.5
      vertex -1 52.6 7.5
    endloop
  endfacet
  facet normal -1 0 0
    outer loop
      vertex -1 54.6 2.5
      vertex -1 55.4 7.5
      vertex -1 55.4 2.5
    endloop
  endfacet
  facet normal -1 -0 0
    outer loop
      vertex -1 55.4 7.5
      vertex -1 54.6 2.5
      vertex -1 54.6 7.5
    endloop
  endfacet
  facet normal -1 0 0
    outer loop
      vertex -1 -41.4 2.5
      vertex -1 -40.6 7.5
      vertex -1 -40.6 2.5
    endloop
  endfacet
  facet normal -1 -0 0
    outer loop
      vertex -1 -40.6 7.5
      vertex -1 -41.4 2.5
      vertex -1 -41.4 7.5
    endloop
  endfacet
  facet normal -1 0 0
    outer loop
      vertex -1 -73.4 2.5
      vertex -1 -72.6 7.5
      vertex -1 -72.6 2.5
    endloop
  endfacet
  facet normal -1 -0 0
    outer loop
      vertex -1 -72.6 7.5
      vertex -1 -73.4 2.5
      vertex -1 -73.4 7.5
    endloop
  endfacet
  facet normal -1 0 0
    outer loop
      vertex -1 -71.4 2.5
      vertex -1 -70.6 7.5
      vertex -1 -70.6 2.5
    endloop
  endfacet
  facet normal -1 -0 0
    outer loop
      vertex -1 -70.6 7.5
      vertex -1 -71.4 2.5
      vertex -1 -71.4 7.5
    endloop
  endfacet
  facet normal -1 0 0
    outer loop
      vertex -1 -75.4 2.5
      vertex -1 -74.6 7.5
      vertex -1 -74.6 2.5
    endloop
  endfacet
  facet normal -1 -0 0
    outer loop
      vertex -1 -74.6 7.5
      vertex -1 -75.4 2.5
      vertex -1 -75.4 7.5
    endloop
  endfacet
  facet normal -1 0 0
    outer loop
      vertex -1 -31.4 2.5
      vertex -1 -30.6 7.5
      vertex -1 -30.6 2.5
    endloop
  endfacet
  facet normal -1 -0 0
    outer loop
      vertex -1 -30.6 7.5
      vertex -1 -31.4 2.5
      vertex -1 -31.4 7.5
    endloop
  endfacet
  facet normal -1 0 0
    outer loop
      vertex -1 70.6 2.5
      vertex -1 71.4 7.5
      vertex -1 71.4 2.5
    endloop
  endfacet
  facet normal -1 -0 0
    outer loop
      vertex -1 71.4 7.5
      vertex -1 70.6 2.5
      vertex -1 70.6 7.5
    endloop
  endfacet
  facet normal -1 0 0
    outer loop
      vertex -1 -11.4 2.5
      vertex -1 -10.6 7.5
      vertex -1 -10.6 2.5
    endloop
  endfacet
  facet normal -1 -0 0
    outer loop
      vertex -1 -10.6 7.5
      vertex -1 -11.4 2.5
      vertex -1 -11.4 7.5
    endloop
  endfacet
  facet normal -1 0 0
    outer loop
      vertex -1 58.6 2.5
      vertex -1 59.4 7.5
      vertex -1 59.4 2.5
    endloop
  endfacet
  facet normal -1 -0 0
    outer loop
      vertex -1 59.4 7.5
      vertex -1 58.6 2.5
      vertex -1 58.6 7.5
    endloop
  endfacet
  facet normal -1 0 0
    outer loop
      vertex -1 60.6 2.5
      vertex -1 61.4 7.5
      vertex -1 61.4 2.5
    endloop
  endfacet
  facet normal -1 -0 0
    outer loop
      vertex -1 61.4 7.5
      vertex -1 60.6 2.5
      vertex -1 60.6 7.5
    endloop
  endfacet
  facet normal -1 0 0
    outer loop
      vertex -1 -21.4 2.5
      vertex -1 -20.6 7.5
      vertex -1 -20.6 2.5
    endloop
  endfacet
  facet normal -1 -0 0
    outer loop
      vertex -1 -20.6 7.5
      vertex -1 -21.4 2.5
      vertex -1 -21.4 7.5
    endloop
  endfacet
  facet normal -1 0 0
    outer loop
      vertex -1 -51.4 2.5
      vertex -1 -50.6 7.5
      vertex -1 -50.6 2.5
    endloop
  endfacet
  facet normal -1 -0 0
    outer loop
      vertex -1 -50.6 7.5
      vertex -1 -51.4 2.5
      vertex -1 -51.4 7.5
    endloop
  endfacet
  facet normal -1 0 0
    outer loop
      vertex -1 46.6 2.5
      vertex -1 47.4 7.5
      vertex -1 47.4 2.5
    endloop
  endfacet
  facet normal -1 -0 0
    outer loop
      vertex -1 47.4 7.5
      vertex -1 46.6 2.5
      vertex -1 46.6 7.5
    endloop
  endfacet
  facet normal -1 0 0
    outer loop
      vertex -1 44.6 2.5
      vertex -1 45.4 7.5
      vertex -1 45.4 2.5
    endloop
  endfacet
  facet normal -1 -0 0
    outer loop
      vertex -1 45.4 7.5
      vertex -1 44.6 2.5
      vertex -1 44.6 7.5
    endloop
  endfacet
  facet normal -1 0 0
    outer loop
      vertex -1 76.6 2.5
      vertex -1 77.4 7.5
      vertex -1 77.4 2.5
    endloop
  endfacet
  facet normal -1 -0 0
    outer loop
      vertex -1 77.4 7.5
      vertex -1 76.6 2.5
      vertex -1 76.6 7.5
    endloop
  endfacet
  facet normal -1 0 0
    outer loop
      vertex -1 78.6 2.5
      vertex -1 79.4 7.5
      vertex -1 79.4 2.5
    endloop
  endfacet
  facet normal -1 -0 0
    outer loop
      vertex -1 79.4 7.5
      vertex -1 78.6 2.5
      vertex -1 78.6 7.5
    endloop
  endfacet
  facet normal -1 0 0
    outer loop
      vertex -1 -61.4 2.5
      vertex -1 -60.6 7.5
      vertex -1 -60.6 2.5
    endloop
  endfacet
  facet normal -1 -0 0
    outer loop
      vertex -1 -60.6 7.5
      vertex -1 -61.4 2.5
      vertex -1 -61.4 7.5
    endloop
  endfacet
  facet normal -1 0 0
    outer loop
      vertex -1 -59.4 2.5
      vertex -1 -58.6 7.5
      vertex -1 -58.6 2.5
    endloop
  endfacet
  facet normal -1 -0 0
    outer loop
      vertex -1 -58.6 7.5
      vertex -1 -59.4 2.5
      vertex -1 -59.4 7.5
    endloop
  endfacet
  facet normal -1 0 0
    outer loop
      vertex -1 -9.4 2.5
      vertex -1 -8.6 7.5
      vertex -1 -8.6 2.5
    endloop
  endfacet
  facet normal -1 -0 0
    outer loop
      vertex -1 -8.6 7.5
      vertex -1 -9.4 2.5
      vertex -1 -9.4 7.5
    endloop
  endfacet
  facet normal -1 0 0
    outer loop
      vertex -1 -7.4 2.5
      vertex -1 -6.6 7.5
      vertex -1 -6.6 2.5
    endloop
  endfacet
  facet normal -1 -0 0
    outer loop
      vertex -1 -6.6 7.5
      vertex -1 -7.4 2.5
      vertex -1 -7.4 7.5
    endloop
  endfacet
  facet normal -1 0 0
    outer loop
      vertex -1 80.6 2.5
      vertex -1 81.4 7.5
      vertex -1 81.4 2.5
    endloop
  endfacet
  facet normal -1 -0 0
    outer loop
      vertex -1 81.4 7.5
      vertex -1 80.6 2.5
      vertex -1 80.6 7.5
    endloop
  endfacet
  facet normal -1 0 0
    outer loop
      vertex -1 -49.4 2.5
      vertex -1 -48.6 7.5
      vertex -1 -48.6 2.5
    endloop
  endfacet
  facet normal -1 -0 0
    outer loop
      vertex -1 -48.6 7.5
      vertex -1 -49.4 2.5
      vertex -1 -49.4 7.5
    endloop
  endfacet
  facet normal -1 0 0
    outer loop
      vertex -1 56.6 2.5
      vertex -1 57.4 7.5
      vertex -1 57.4 2.5
    endloop
  endfacet
  facet normal -1 -0 0
    outer loop
      vertex -1 57.4 7.5
      vertex -1 56.6 2.5
      vertex -1 56.6 7.5
    endloop
  endfacet
  facet normal -1 0 0
    outer loop
      vertex -1 -57.4 2.5
      vertex -1 -56.6 7.5
      vertex -1 -56.6 2.5
    endloop
  endfacet
  facet normal -1 -0 0
    outer loop
      vertex -1 -56.6 7.5
      vertex -1 -57.4 2.5
      vertex -1 -57.4 7.5
    endloop
  endfacet
  facet normal -1 0 0
    outer loop
      vertex -1 62.6 2.5
      vertex -1 63.4 7.5
      vertex -1 63.4 2.5
    endloop
  endfacet
  facet normal -1 -0 0
    outer loop
      vertex -1 63.4 7.5
      vertex -1 62.6 2.5
      vertex -1 62.6 7.5
    endloop
  endfacet
  facet normal -1 0 0
    outer loop
      vertex -1 -69.4 2.5
      vertex -1 -68.6 7.5
      vertex -1 -68.6 2.5
    endloop
  endfacet
  facet normal -1 -0 0
    outer loop
      vertex -1 -68.6 7.5
      vertex -1 -69.4 2.5
      vertex -1 -69.4 7.5
    endloop
  endfacet
  facet normal -1 0 0
    outer loop
      vertex -1 -29.4 2.5
      vertex -1 -28.6 7.5
      vertex -1 -28.6 2.5
    endloop
  endfacet
  facet normal -1 -0 0
    outer loop
      vertex -1 -28.6 7.5
      vertex -1 -29.4 2.5
      vertex -1 -29.4 7.5
    endloop
  endfacet
  facet normal -1 0 0
    outer loop
      vertex -1 -5.4 2.5
      vertex -1 -4.6 7.5
      vertex -1 -4.6 2.5
    endloop
  endfacet
  facet normal -1 -0 0
    outer loop
      vertex -1 -4.6 7.5
      vertex -1 -5.4 2.5
      vertex -1 -5.4 7.5
    endloop
  endfacet
  facet normal -1 0 0
    outer loop
      vertex -1 22.6 2.5
      vertex -1 23.4 7.5
      vertex -1 23.4 2.5
    endloop
  endfacet
  facet normal -1 -0 0
    outer loop
      vertex -1 23.4 7.5
      vertex -1 22.6 2.5
      vertex -1 22.6 7.5
    endloop
  endfacet
  facet normal -1 0 0
    outer loop
      vertex -1 32.6 2.5
      vertex -1 33.4 7.5
      vertex -1 33.4 2.5
    endloop
  endfacet
  facet normal -1 -0 0
    outer loop
      vertex -1 33.4 7.5
      vertex -1 32.6 2.5
      vertex -1 32.6 7.5
    endloop
  endfacet
  facet normal 0 0 -1
    outer loop
      vertex -2 81.4 2.5
      vertex -1 82.6 2.5
      vertex -1 81.4 2.5
    endloop
  endfacet
  facet normal -0 0 -1
    outer loop
      vertex -1 82.6 2.5
      vertex -2 81.4 2.5
      vertex -2 82.6 2.5
    endloop
  endfacet
  facet normal 0 0 -1
    outer loop
      vertex -2 79.4 2.5
      vertex -1 80.6 2.5
      vertex -1 79.4 2.5
    endloop
  endfacet
  facet normal -0 0 -1
    outer loop
      vertex -1 80.6 2.5
      vertex -2 79.4 2.5
      vertex -2 80.6 2.5
    endloop
  endfacet
  facet normal 0 0 -1
    outer loop
      vertex -2 77.4 2.5
      vertex -1 78.6 2.5
      vertex -1 77.4 2.5
    endloop
  endfacet
  facet normal -0 0 -1
    outer loop
      vertex -1 78.6 2.5
      vertex -2 77.4 2.5
      vertex -2 78.6 2.5
    endloop
  endfacet
  facet normal 0 0 -1
    outer loop
      vertex -2 75.4 2.5
      vertex -1 76.6 2.5
      vertex -1 75.4 2.5
    endloop
  endfacet
  facet normal -0 0 -1
    outer loop
      vertex -1 76.6 2.5
      vertex -2 75.4 2.5
      vertex -2 76.6 2.5
    endloop
  endfacet
  facet normal 0 0 -1
    outer loop
      vertex -2 73.4 2.5
      vertex -1 74.6 2.5
      vertex -1 73.4 2.5
    endloop
  endfacet
  facet normal -0 0 -1
    outer loop
      vertex -1 74.6 2.5
      vertex -2 73.4 2.5
      vertex -2 74.6 2.5
    endloop
  endfacet
  facet normal 0 0 -1
    outer loop
      vertex -2 71.4 2.5
      vertex -1 72.6 2.5
      vertex -1 71.4 2.5
    endloop
  endfacet
  facet normal -0 0 -1
    outer loop
      vertex -1 72.6 2.5
      vertex -2 71.4 2.5
      vertex -2 72.6 2.5
    endloop
  endfacet
  facet normal 0 0 -1
    outer loop
      vertex -2 69.4 2.5
      vertex -1 70.6 2.5
      vertex -1 69.4 2.5
    endloop
  endfacet
  facet normal -0 0 -1
    outer loop
      vertex -1 70.6 2.5
      vertex -2 69.4 2.5
      vertex -2 70.6 2.5
    endloop
  endfacet
  facet normal 0 0 -1
    outer loop
      vertex -2 67.4 2.5
      vertex -1 68.6 2.5
      vertex -1 67.4 2.5
    endloop
  endfacet
  facet normal -0 0 -1
    outer loop
      vertex -1 68.6 2.5
      vertex -2 67.4 2.5
      vertex -2 68.6 2.5
    endloop
  endfacet
  facet normal 0 0 -1
    outer loop
      vertex -2 65.4 2.5
      vertex -1 66.6 2.5
      vertex -1 65.4 2.5
    endloop
  endfacet
  facet normal -0 0 -1
    outer loop
      vertex -1 66.6 2.5
      vertex -2 65.4 2.5
      vertex -2 66.6 2.5
    endloop
  endfacet
  facet normal 0 0 -1
    outer loop
      vertex -2 63.4 2.5
      vertex -1 64.6 2.5
      vertex -1 63.4 2.5
    endloop
  endfacet
  facet normal -0 0 -1
    outer loop
      vertex -1 64.6 2.5
      vertex -2 63.4 2.5
      vertex -2 64.6 2.5
    endloop
  endfacet
  facet normal 0 0 -1
    outer loop
      vertex -2 61.4 2.5
      vertex -1 62.6 2.5
      vertex -1 61.4 2.5
    endloop
  endfacet
  facet normal -0 0 -1
    outer loop
      vertex -1 62.6 2.5
      vertex -2 61.4 2.5
      vertex -2 62.6 2.5
    endloop
  endfacet
  facet normal 0 0 -1
    outer loop
      vertex -2 59.4 2.5
      vertex -1 60.6 2.5
      vertex -1 59.4 2.5
    endloop
  endfacet
  facet normal -0 0 -1
    outer loop
      vertex -1 60.6 2.5
      vertex -2 59.4 2.5
      vertex -2 60.6 2.5
    endloop
  endfacet
  facet normal 0 0 -1
    outer loop
      vertex -2 57.4 2.5
      vertex -1 58.6 2.5
      vertex -1 57.4 2.5
    endloop
  endfacet
  facet normal -0 0 -1
    outer loop
      vertex -1 58.6 2.5
      vertex -2 57.4 2.5
      vertex -2 58.6 2.5
    endloop
  endfacet
  facet normal 0 0 -1
    outer loop
      vertex -2 55.4 2.5
      vertex -1 56.6 2.5
      vertex -1 55.4 2.5
    endloop
  endfacet
  facet normal -0 0 -1
    outer loop
      vertex -1 56.6 2.5
      vertex -2 55.4 2.5
      vertex -2 56.6 2.5
    endloop
  endfacet
  facet normal 0 0 -1
    outer loop
      vertex -2 53.4 2.5
      vertex -1 54.6 2.5
      vertex -1 53.4 2.5
    endloop
  endfacet
  facet normal -0 0 -1
    outer loop
      vertex -1 54.6 2.5
      vertex -2 53.4 2.5
      vertex -2 54.6 2.5
    endloop
  endfacet
  facet normal 0 0 -1
    outer loop
      vertex -2 51.4 2.5
      vertex -1 52.6 2.5
      vertex -1 51.4 2.5
    endloop
  endfacet
  facet normal -0 0 -1
    outer loop
      vertex -1 52.6 2.5
      vertex -2 51.4 2.5
      vertex -2 52.6 2.5
    endloop
  endfacet
  facet normal 0 0 -1
    outer loop
      vertex -2 49.4 2.5
      vertex -1 50.6 2.5
      vertex -1 49.4 2.5
    endloop
  endfacet
  facet normal -0 0 -1
    outer loop
      vertex -1 50.6 2.5
      vertex -2 49.4 2.5
      vertex -2 50.6 2.5
    endloop
  endfacet
  facet normal 0 0 -1
    outer loop
      vertex -2 47.4 2.5
      vertex -1 48.6 2.5
      vertex -1 47.4 2.5
    endloop
  endfacet
  facet normal -0 0 -1
    outer loop
      vertex -1 48.6 2.5
      vertex -2 47.4 2.5
      vertex -2 48.6 2.5
    endloop
  endfacet
  facet normal 0 0 -1
    outer loop
      vertex -2 45.4 2.5
      vertex -1 46.6 2.5
      vertex -1 45.4 2.5
    endloop
  endfacet
  facet normal -0 0 -1
    outer loop
      vertex -1 46.6 2.5
      vertex -2 45.4 2.5
      vertex -2 46.6 2.5
    endloop
  endfacet
  facet normal 0 0 -1
    outer loop
      vertex -2 43.4 2.5
      vertex -1 44.6 2.5
      vertex -1 43.4 2.5
    endloop
  endfacet
  facet normal -0 0 -1
    outer loop
      vertex -1 44.6 2.5
      vertex -2 43.4 2.5
      vertex -2 44.6 2.5
    endloop
  endfacet
  facet normal 0 0 -1
    outer loop
      vertex -2 41.4 2.5
      vertex -1 42.6 2.5
      vertex -1 41.4 2.5
    endloop
  endfacet
  facet normal -0 0 -1
    outer loop
      vertex -1 42.6 2.5
      vertex -2 41.4 2.5
      vertex -2 42.6 2.5
    endloop
  endfacet
  facet normal 0 0 -1
    outer loop
      vertex -2 39.4 2.5
      vertex -1 40.6 2.5
      vertex -1 39.4 2.5
    endloop
  endfacet
  facet normal -0 0 -1
    outer loop
      vertex -1 40.6 2.5
      vertex -2 39.4 2.5
      vertex -2 40.6 2.5
    endloop
  endfacet
  facet normal 0 0 -1
    outer loop
      vertex -2 37.4 2.5
      vertex -1 38.6 2.5
      vertex -1 37.4 2.5
    endloop
  endfacet
  facet normal -0 0 -1
    outer loop
      vertex -1 38.6 2.5
      vertex -2 37.4 2.5
      vertex -2 38.6 2.5
    endloop
  endfacet
  facet normal 0 0 -1
    outer loop
      vertex -2 35.4 2.5
      vertex -1 36.6 2.5
      vertex -1 35.4 2.5
    endloop
  endfacet
  facet normal -0 0 -1
    outer loop
      vertex -1 36.6 2.5
      vertex -2 35.4 2.5
      vertex -2 36.6 2.5
    endloop
  endfacet
  facet normal 0 0 -1
    outer loop
      vertex -2 33.4 2.5
      vertex -1 34.6 2.5
      vertex -1 33.4 2.5
    endloop
  endfacet
  facet normal -0 0 -1
    outer loop
      vertex -1 34.6 2.5
      vertex -2 33.4 2.5
      vertex -2 34.6 2.5
    endloop
  endfacet
  facet normal 0 0 -1
    outer loop
      vertex -2 31.4 2.5
      vertex -1 32.6 2.5
      vertex -1 31.4 2.5
    endloop
  endfacet
  facet normal -0 0 -1
    outer loop
      vertex -1 32.6 2.5
      vertex -2 31.4 2.5
      vertex -2 32.6 2.5
    endloop
  endfacet
  facet normal 0 0 -1
    outer loop
      vertex -2 29.4 2.5
      vertex -1 30.6 2.5
      vertex -1 29.4 2.5
    endloop
  endfacet
  facet normal -0 0 -1
    outer loop
      vertex -1 30.6 2.5
      vertex -2 29.4 2.5
      vertex -2 30.6 2.5
    endloop
  endfacet
  facet normal 0 0 -1
    outer loop
      vertex -2 27.4 2.5
      vertex -1 28.6 2.5
      vertex -1 27.4 2.5
    endloop
  endfacet
  facet normal -0 0 -1
    outer loop
      vertex -1 28.6 2.5
      vertex -2 27.4 2.5
      vertex -2 28.6 2.5
    endloop
  endfacet
  facet normal 0 0 -1
    outer loop
      vertex -2 25.4 2.5
      vertex -1 26.6 2.5
      vertex -1 25.4 2.5
    endloop
  endfacet
  facet normal -0 0 -1
    outer loop
      vertex -1 26.6 2.5
      vertex -2 25.4 2.5
      vertex -2 26.6 2.5
    endloop
  endfacet
  facet normal 0 0 -1
    outer loop
      vertex -2 23.4 2.5
      vertex -1 24.6 2.5
      vertex -1 23.4 2.5
    endloop
  endfacet
  facet normal -0 0 -1
    outer loop
      vertex -1 24.6 2.5
      vertex -2 23.4 2.5
      vertex -2 24.6 2.5
    endloop
  endfacet
  facet normal 0 0 -1
    outer loop
      vertex -2 21.4 2.5
      vertex -1 22.6 2.5
      vertex -1 21.4 2.5
    endloop
  endfacet
  facet normal -0 0 -1
    outer loop
      vertex -1 22.6 2.5
      vertex -2 21.4 2.5
      vertex -2 22.6 2.5
    endloop
  endfacet
  facet normal 0 0 -1
    outer loop
      vertex -2 19.4 2.5
      vertex -1 20.6 2.5
      vertex -1 19.4 2.5
    endloop
  endfacet
  facet normal -0 0 -1
    outer loop
      vertex -1 20.6 2.5
      vertex -2 19.4 2.5
      vertex -2 20.6 2.5
    endloop
  endfacet
  facet normal 0 0 -1
    outer loop
      vertex -2 17.4 2.5
      vertex -1 18.6 2.5
      vertex -1 17.4 2.5
    endloop
  endfacet
  facet normal -0 0 -1
    outer loop
      vertex -1 18.6 2.5
      vertex -2 17.4 2.5
      vertex -2 18.6 2.5
    endloop
  endfacet
  facet normal 0 0 -1
    outer loop
      vertex -2 15.4 2.5
      vertex -1 16.6 2.5
      vertex -1 15.4 2.5
    endloop
  endfacet
  facet normal -0 0 -1
    outer loop
      vertex -1 16.6 2.5
      vertex -2 15.4 2.5
      vertex -2 16.6 2.5
    endloop
  endfacet
  facet normal 0 0 -1
    outer loop
      vertex -2 13.4 2.5
      vertex -1 14.6 2.5
      vertex -1 13.4 2.5
    endloop
  endfacet
  facet normal -0 0 -1
    outer loop
      vertex -1 14.6 2.5
      vertex -2 13.4 2.5
      vertex -2 14.6 2.5
    endloop
  endfacet
  facet normal 0 0 -1
    outer loop
      vertex -2 11.4 2.5
      vertex -1 12.6 2.5
      vertex -1 11.4 2.5
    endloop
  endfacet
  facet normal -0 0 -1
    outer loop
      vertex -1 12.6 2.5
      vertex -2 11.4 2.5
      vertex -2 12.6 2.5
    endloop
  endfacet
  facet normal 0 0 -1
    outer loop
      vertex -2 9.4 2.5
      vertex -1 10.6 2.5
      vertex -1 9.4 2.5
    endloop
  endfacet
  facet normal -0 0 -1
    outer loop
      vertex -1 10.6 2.5
      vertex -2 9.4 2.5
      vertex -2 10.6 2.5
    endloop
  endfacet
  facet normal 0 0 -1
    outer loop
      vertex -2 7.4 2.5
      vertex -1 8.6 2.5
      vertex -1 7.4 2.5
    endloop
  endfacet
  facet normal -0 0 -1
    outer loop
      vertex -1 8.6 2.5
      vertex -2 7.4 2.5
      vertex -2 8.6 2.5
    endloop
  endfacet
  facet normal 0 0 -1
    outer loop
      vertex -2 5.4 2.5
      vertex -1 6.6 2.5
      vertex -1 5.4 2.5
    endloop
  endfacet
  facet normal -0 0 -1
    outer loop
      vertex -1 6.6 2.5
      vertex -2 5.4 2.5
      vertex -2 6.6 2.5
    endloop
  endfacet
  facet normal 0 0 -1
    outer loop
      vertex -2 3.4 2.5
      vertex -1 4.6 2.5
      vertex -1 3.4 2.5
    endloop
  endfacet
  facet normal -0 0 -1
    outer loop
      vertex -1 4.6 2.5
      vertex -2 3.4 2.5
      vertex -2 4.6 2.5
    endloop
  endfacet
  facet normal 0 0 -1
    outer loop
      vertex -2 1.4 2.5
      vertex -1 2.6 2.5
      vertex -1 1.4 2.5
    endloop
  endfacet
  facet normal -0 0 -1
    outer loop
      vertex -1 2.6 2.5
      vertex -2 1.4 2.5
      vertex -2 2.6 2.5
    endloop
  endfacet
  facet normal 0 0 -1
    outer loop
      vertex -2 -0.6 2.5
      vertex -1 0.599999 2.5
      vertex -1 -0.6 2.5
    endloop
  endfacet
  facet normal -0 0 -1
    outer loop
      vertex -1 0.599999 2.5
      vertex -2 -0.6 2.5
      vertex -2 0.599999 2.5
    endloop
  endfacet
  facet normal 0 0 -1
    outer loop
      vertex -2 -2.6 2.5
      vertex -1 -1.4 2.5
      vertex -1 -2.6 2.5
    endloop
  endfacet
  facet normal -0 0 -1
    outer loop
      vertex -1 -1.4 2.5
      vertex -2 -2.6 2.5
      vertex -2 -1.4 2.5
    endloop
  endfacet
  facet normal 0 0 -1
    outer loop
      vertex -2 -4.6 2.5
      vertex -1 -3.4 2.5
      vertex -1 -4.6 2.5
    endloop
  endfacet
  facet normal -0 0 -1
    outer loop
      vertex -1 -3.4 2.5
      vertex -2 -4.6 2.5
      vertex -2 -3.4 2.5
    endloop
  endfacet
  facet normal 0 0 -1
    outer loop
      vertex -2 -6.6 2.5
      vertex -1 -5.4 2.5
      vertex -1 -6.6 2.5
    endloop
  endfacet
  facet normal -0 0 -1
    outer loop
      vertex -1 -5.4 2.5
      vertex -2 -6.6 2.5
      vertex -2 -5.4 2.5
    endloop
  endfacet
  facet normal 0 0 -1
    outer loop
      vertex -2 -8.6 2.5
      vertex -1 -7.4 2.5
      vertex -1 -8.6 2.5
    endloop
  endfacet
  facet normal -0 0 -1
    outer loop
      vertex -1 -7.4 2.5
      vertex -2 -8.6 2.5
      vertex -2 -7.4 2.5
    endloop
  endfacet
  facet normal 0 0 -1
    outer loop
      vertex -2 -10.6 2.5
      vertex -1 -9.4 2.5
      vertex -1 -10.6 2.5
    endloop
  endfacet
  facet normal -0 0 -1
    outer loop
      vertex -1 -9.4 2.5
      vertex -2 -10.6 2.5
      vertex -2 -9.4 2.5
    endloop
  endfacet
  facet normal 0 0 -1
    outer loop
      vertex -2 -12.6 2.5
      vertex -1 -11.4 2.5
      vertex -1 -12.6 2.5
    endloop
  endfacet
  facet normal -0 0 -1
    outer loop
      vertex -1 -11.4 2.5
      vertex -2 -12.6 2.5
      vertex -2 -11.4 2.5
    endloop
  endfacet
  facet normal 0 0 -1
    outer loop
      vertex -2 -14.6 2.5
      vertex -1 -13.4 2.5
      vertex -1 -14.6 2.5
    endloop
  endfacet
  facet normal -0 0 -1
    outer loop
      vertex -1 -13.4 2.5
      vertex -2 -14.6 2.5
      vertex -2 -13.4 2.5
    endloop
  endfacet
  facet normal 0 0 -1
    outer loop
      vertex -2 -16.6 2.5
      vertex -1 -15.4 2.5
      vertex -1 -16.6 2.5
    endloop
  endfacet
  facet normal -0 0 -1
    outer loop
      vertex -1 -15.4 2.5
      vertex -2 -16.6 2.5
      vertex -2 -15.4 2.5
    endloop
  endfacet
  facet normal 0 0 -1
    outer loop
      vertex -2 -18.6 2.5
      vertex -1 -17.4 2.5
      vertex -1 -18.6 2.5
    endloop
  endfacet
  facet normal -0 0 -1
    outer loop
      vertex -1 -17.4 2.5
      vertex -2 -18.6 2.5
      vertex -2 -17.4 2.5
    endloop
  endfacet
  facet normal 0 0 -1
    outer loop
      vertex -2 -20.6 2.5
      vertex -1 -19.4 2.5
      vertex -1 -20.6 2.5
    endloop
  endfacet
  facet normal -0 0 -1
    outer loop
      vertex -1 -19.4 2.5
      vertex -2 -20.6 2.5
      vertex -2 -19.4 2.5
    endloop
  endfacet
  facet normal 0 0 -1
    outer loop
      vertex -2 -22.6 2.5
      vertex -1 -21.4 2.5
      vertex -1 -22.6 2.5
    endloop
  endfacet
  facet normal -0 0 -1
    outer loop
      vertex -1 -21.4 2.5
      vertex -2 -22.6 2.5
      vertex -2 -21.4 2.5
    endloop
  endfacet
  facet normal 0 0 -1
    outer loop
      vertex -2 -24.6 2.5
      vertex -1 -23.4 2.5
      vertex -1 -24.6 2.5
    endloop
  endfacet
  facet normal -0 0 -1
    outer loop
      vertex -1 -23.4 2.5
      vertex -2 -24.6 2.5
      vertex -2 -23.4 2.5
    endloop
  endfacet
  facet normal 0 0 -1
    outer loop
      vertex -2 -26.6 2.5
      vertex -1 -25.4 2.5
      vertex -1 -26.6 2.5
    endloop
  endfacet
  facet normal -0 0 -1
    outer loop
      vertex -1 -25.4 2.5
      vertex -2 -26.6 2.5
      vertex -2 -25.4 2.5
    endloop
  endfacet
  facet normal 0 0 -1
    outer loop
      vertex -2 -28.6 2.5
      vertex -1 -27.4 2.5
      vertex -1 -28.6 2.5
    endloop
  endfacet
  facet normal -0 0 -1
    outer loop
      vertex -1 -27.4 2.5
      vertex -2 -28.6 2.5
      vertex -2 -27.4 2.5
    endloop
  endfacet
  facet normal 0 0 -1
    outer loop
      vertex -2 -30.6 2.5
      vertex -1 -29.4 2.5
      vertex -1 -30.6 2.5
    endloop
  endfacet
  facet normal -0 0 -1
    outer loop
      vertex -1 -29.4 2.5
      vertex -2 -30.6 2.5
      vertex -2 -29.4 2.5
    endloop
  endfacet
  facet normal 0 0 -1
    outer loop
      vertex -2 -32.6 2.5
      vertex -1 -31.4 2.5
      vertex -1 -32.6 2.5
    endloop
  endfacet
  facet normal -0 0 -1
    outer loop
      vertex -1 -31.4 2.5
      vertex -2 -32.6 2.5
      vertex -2 -31.4 2.5
    endloop
  endfacet
  facet normal 0 0 -1
    outer loop
      vertex -2 -34.6 2.5
      vertex -1 -33.4 2.5
      vertex -1 -34.6 2.5
    endloop
  endfacet
  facet normal -0 0 -1
    outer loop
      vertex -1 -33.4 2.5
      vertex -2 -34.6 2.5
      vertex -2 -33.4 2.5
    endloop
  endfacet
  facet normal 0 0 -1
    outer loop
      vertex -2 -36.6 2.5
      vertex -1 -35.4 2.5
      vertex -1 -36.6 2.5
    endloop
  endfacet
  facet normal -0 0 -1
    outer loop
      vertex -1 -35.4 2.5
      vertex -2 -36.6 2.5
      vertex -2 -35.4 2.5
    endloop
  endfacet
  facet normal 0 0 -1
    outer loop
      vertex -2 -38.6 2.5
      vertex -1 -37.4 2.5
      vertex -1 -38.6 2.5
    endloop
  endfacet
  facet normal -0 0 -1
    outer loop
      vertex -1 -37.4 2.5
      vertex -2 -38.6 2.5
      vertex -2 -37.4 2.5
    endloop
  endfacet
  facet normal 0 0 -1
    outer loop
      vertex -2 -40.6 2.5
      vertex -1 -39.4 2.5
      vertex -1 -40.6 2.5
    endloop
  endfacet
  facet normal -0 0 -1
    outer loop
      vertex -1 -39.4 2.5
      vertex -2 -40.6 2.5
      vertex -2 -39.4 2.5
    endloop
  endfacet
  facet normal 0 0 -1
    outer loop
      vertex -2 -42.6 2.5
      vertex -1 -41.4 2.5
      vertex -1 -42.6 2.5
    endloop
  endfacet
  facet normal -0 0 -1
    outer loop
      vertex -1 -41.4 2.5
      vertex -2 -42.6 2.5
      vertex -2 -41.4 2.5
    endloop
  endfacet
  facet normal 0 0 -1
    outer loop
      vertex -2 -44.6 2.5
      vertex -1 -43.4 2.5
      vertex -1 -44.6 2.5
    endloop
  endfacet
  facet normal -0 0 -1
    outer loop
      vertex -1 -43.4 2.5
      vertex -2 -44.6 2.5
      vertex -2 -43.4 2.5
    endloop
  endfacet
  facet normal 0 0 -1
    outer loop
      vertex -2 -46.6 2.5
      vertex -1 -45.4 2.5
      vertex -1 -46.6 2.5
    endloop
  endfacet
  facet normal -0 0 -1
    outer loop
      vertex -1 -45.4 2.5
      vertex -2 -46.6 2.5
      vertex -2 -45.4 2.5
    endloop
  endfacet
  facet normal 0 0 -1
    outer loop
      vertex -2 -48.6 2.5
      vertex -1 -47.4 2.5
      vertex -1 -48.6 2.5
    endloop
  endfacet
  facet normal -0 0 -1
    outer loop
      vertex -1 -47.4 2.5
      vertex -2 -48.6 2.5
      vertex -2 -47.4 2.5
    endloop
  endfacet
  facet normal 0 0 -1
    outer loop
      vertex -2 -50.6 2.5
      vertex -1 -49.4 2.5
      vertex -1 -50.6 2.5
    endloop
  endfacet
  facet normal -0 0 -1
    outer loop
      vertex -1 -49.4 2.5
      vertex -2 -50.6 2.5
      vertex -2 -49.4 2.5
    endloop
  endfacet
  facet normal 0 0 -1
    outer loop
      vertex -2 -52.6 2.5
      vertex -1 -51.4 2.5
      vertex -1 -52.6 2.5
    endloop
  endfacet
  facet normal -0 0 -1
    outer loop
      vertex -1 -51.4 2.5
      vertex -2 -52.6 2.5
      vertex -2 -51.4 2.5
    endloop
  endfacet
  facet normal 0 0 -1
    outer loop
      vertex -2 -54.6 2.5
      vertex -1 -53.4 2.5
      vertex -1 -54.6 2.5
    endloop
  endfacet
  facet normal -0 0 -1
    outer loop
      vertex -1 -53.4 2.5
      vertex -2 -54.6 2.5
      vertex -2 -53.4 2.5
    endloop
  endfacet
  facet normal 0 0 -1
    outer loop
      vertex -2 -56.6 2.5
      vertex -1 -55.4 2.5
      vertex -1 -56.6 2.5
    endloop
  endfacet
  facet normal -0 0 -1
    outer loop
      vertex -1 -55.4 2.5
      vertex -2 -56.6 2.5
      vertex -2 -55.4 2.5
    endloop
  endfacet
  facet normal 0 0 -1
    outer loop
      vertex -2 -58.6 2.5
      vertex -1 -57.4 2.5
      vertex -1 -58.6 2.5
    endloop
  endfacet
  facet normal -0 0 -1
    outer loop
      vertex -1 -57.4 2.5
      vertex -2 -58.6 2.5
      vertex -2 -57.4 2.5
    endloop
  endfacet
  facet normal 0 0 -1
    outer loop
      vertex -2 -60.6 2.5
      vertex -1 -59.4 2.5
      vertex -1 -60.6 2.5
    endloop
  endfacet
  facet normal -0 0 -1
    outer loop
      vertex -1 -59.4 2.5
      vertex -2 -60.6 2.5
      vertex -2 -59.4 2.5
    endloop
  endfacet
  facet normal 0 0 -1
    outer loop
      vertex -2 -62.6 2.5
      vertex -1 -61.4 2.5
      vertex -1 -62.6 2.5
    endloop
  endfacet
  facet normal -0 0 -1
    outer loop
      vertex -1 -61.4 2.5
      vertex -2 -62.6 2.5
      vertex -2 -61.4 2.5
    endloop
  endfacet
  facet normal 0 0 -1
    outer loop
      vertex -2 -64.6 2.5
      vertex -1 -63.4 2.5
      vertex -1 -64.6 2.5
    endloop
  endfacet
  facet normal -0 0 -1
    outer loop
      vertex -1 -63.4 2.5
      vertex -2 -64.6 2.5
      vertex -2 -63.4 2.5
    endloop
  endfacet
  facet normal 0 0 -1
    outer loop
      vertex -2 -66.6 2.5
      vertex -1 -65.4 2.5
      vertex -1 -66.6 2.5
    endloop
  endfacet
  facet normal -0 0 -1
    outer loop
      vertex -1 -65.4 2.5
      vertex -2 -66.6 2.5
      vertex -2 -65.4 2.5
    endloop
  endfacet
  facet normal 0 0 -1
    outer loop
      vertex -2 -68.6 2.5
      vertex -1 -67.4 2.5
      vertex -1 -68.6 2.5
    endloop
  endfacet
  facet normal -0 0 -1
    outer loop
      vertex -1 -67.4 2.5
      vertex -2 -68.6 2.5
      vertex -2 -67.4 2.5
    endloop
  endfacet
  facet normal 0 0 -1
    outer loop
      vertex -2 -70.6 2.5
      vertex -1 -69.4 2.5
      vertex -1 -70.6 2.5
    endloop
  endfacet
  facet normal -0 0 -1
    outer loop
      vertex -1 -69.4 2.5
      vertex -2 -70.6 2.5
      vertex -2 -69.4 2.5
    endloop
  endfacet
  facet normal 0 0 -1
    outer loop
      vertex -2 -72.6 2.5
      vertex -1 -71.4 2.5
      vertex -1 -72.6 2.5
    endloop
  endfacet
  facet normal -0 0 -1
    outer loop
      vertex -1 -71.4 2.5
      vertex -2 -72.6 2.5
      vertex -2 -71.4 2.5
    endloop
  endfacet
  facet normal 0 0 -1
    outer loop
      vertex -2 -74.6 2.5
      vertex -1 -73.4 2.5
      vertex -1 -74.6 2.5
    endloop
  endfacet
  facet normal -0 0 -1
    outer loop
      vertex -1 -73.4 2.5
      vertex -2 -74.6 2.5
      vertex -2 -73.4 2.5
    endloop
  endfacet
  facet normal 0 0 -1
    outer loop
      vertex -2 -76.6 2.5
      vertex -1 -75.4 2.5
      vertex -1 -76.6 2.5
    endloop
  endfacet
  facet normal -0 0 -1
    outer loop
      vertex -1 -75.4 2.5
      vertex -2 -76.6 2.5
      vertex -2 -75.4 2.5
    endloop
  endfacet
  facet normal 0 0 -1
    outer loop
      vertex -2 -78.6 2.5
      vertex -1 -77.4 2.5
      vertex -1 -78.6 2.5
    endloop
  endfacet
  facet normal -0 0 -1
    outer loop
      vertex -1 -77.4 2.5
      vertex -2 -78.6 2.5
      vertex -2 -77.4 2.5
    endloop
  endfacet
  facet normal 0 0 -1
    outer loop
      vertex -2 -80.6 2.5
      vertex -1 -79.4 2.5
      vertex -1 -80.6 2.5
    endloop
  endfacet
  facet normal -0 0 -1
    outer loop
      vertex -1 -79.4 2.5
      vertex -2 -80.6 2.5
      vertex -2 -79.4 2.5
    endloop
  endfacet
  facet normal 0 0 -1
    outer loop
      vertex -2 -82.6 2.5
      vertex -1 -81.4 2.5
      vertex -1 -82.6 2.5
    endloop
  endfacet
  facet normal -0 0 -1
    outer loop
      vertex -1 -81.4 2.5
      vertex -2 -82.6 2.5
      vertex -2 -81.4 2.5
    endloop
  endfacet
  facet normal 0 0 -1
    outer loop
      vertex -2 -84.6 2.5
      vertex -1 -83.4 2.5
      vertex -1 -84.6 2.5
    endloop
  endfacet
  facet normal -0 0 -1
    outer loop
      vertex -1 -83.4 2.5
      vertex -2 -84.6 2.5
      vertex -2 -83.4 2.5
    endloop
  endfacet
  facet normal 0 0 -1
    outer loop
      vertex -2 -86.6 2.5
      vertex -1 -85.4 2.5
      vertex -1 -86.6 2.5
    endloop
  endfacet
  facet normal -0 0 -1
    outer loop
      vertex -1 -85.4 2.5
      vertex -2 -86.6 2.5
      vertex -2 -85.4 2.5
    endloop
  endfacet
  facet normal 0 0 -1
    outer loop
      vertex -1 -86.6 2.5
      vertex 1 -87.5 2.5
      vertex -1 -87.4 2.5
    endloop
  endfacet
  facet normal 0 0 -1
    outer loop
      vertex -2 -87.5 2.5
      vertex -1 -87.4 2.5
      vertex 1 -87.5 2.5
    endloop
  endfacet
  facet normal -0 0 -1
    outer loop
      vertex -1 -87.4 2.5
      vertex -2 -87.5 2.5
      vertex -2 -87.4 2.5
    endloop
  endfacet
  facet normal 0 0 -1
    outer loop
      vertex -1 -85.4 2.5
      vertex 1 -87.5 2.5
      vertex -1 -86.6 2.5
    endloop
  endfacet
  facet normal 0 0 -1
    outer loop
      vertex -1 -84.6 2.5
      vertex 1 -87.5 2.5
      vertex -1 -85.4 2.5
    endloop
  endfacet
  facet normal 0 0 -1
    outer loop
      vertex -1 -83.4 2.5
      vertex 1 -87.5 2.5
      vertex -1 -84.6 2.5
    endloop
  endfacet
  facet normal 0 0 -1
    outer loop
      vertex -1 -82.6 2.5
      vertex 1 -87.5 2.5
      vertex -1 -83.4 2.5
    endloop
  endfacet
  facet normal 0 0 -1
    outer loop
      vertex -1 -81.4 2.5
      vertex 1 -87.5 2.5
      vertex -1 -82.6 2.5
    endloop
  endfacet
  facet normal 0 0 -1
    outer loop
      vertex -1 -80.6 2.5
      vertex 1 -87.5 2.5
      vertex -1 -81.4 2.5
    endloop
  endfacet
  facet normal 0 0 -1
    outer loop
      vertex -1 -79.4 2.5
      vertex 1 -87.5 2.5
      vertex -1 -80.6 2.5
    endloop
  endfacet
  facet normal 0 0 -1
    outer loop
      vertex -1 -78.6 2.5
      vertex 1 -87.5 2.5
      vertex -1 -79.4 2.5
    endloop
  endfacet
  facet normal 0 0 -1
    outer loop
      vertex -1 -77.4 2.5
      vertex 1 -87.5 2.5
      vertex -1 -78.6 2.5
    endloop
  endfacet
  facet normal 0 0 -1
    outer loop
      vertex -1 -76.6 2.5
      vertex 1 -87.5 2.5
      vertex -1 -77.4 2.5
    endloop
  endfacet
  facet normal 0 0 -1
    outer loop
      vertex -1 -75.4 2.5
      vertex 1 -87.5 2.5
      vertex -1 -76.6 2.5
    endloop
  endfacet
  facet normal 0 0 -1
    outer loop
      vertex -1 -74.6 2.5
      vertex 1 -87.5 2.5
      vertex -1 -75.4 2.5
    endloop
  endfacet
  facet normal 0 0 -1
    outer loop
      vertex -1 -73.4 2.5
      vertex 1 -87.5 2.5
      vertex -1 -74.6 2.5
    endloop
  endfacet
  facet normal 0 0 -1
    outer loop
      vertex -1 -72.6 2.5
      vertex 1 -87.5 2.5
      vertex -1 -73.4 2.5
    endloop
  endfacet
  facet normal 0 0 -1
    outer loop
      vertex -1 -71.4 2.5
      vertex 1 -87.5 2.5
      vertex -1 -72.6 2.5
    endloop
  endfacet
  facet normal 0 0 -1
    outer loop
      vertex -1 -70.6 2.5
      vertex 1 -87.5 2.5
      vertex -1 -71.4 2.5
    endloop
  endfacet
  facet normal 0 0 -1
    outer loop
      vertex -1 -69.4 2.5
      vertex 1 -87.5 2.5
      vertex -1 -70.6 2.5
    endloop
  endfacet
  facet normal 0 0 -1
    outer loop
      vertex -1 -68.6 2.5
      vertex 1 -87.5 2.5
      vertex -1 -69.4 2.5
    endloop
  endfacet
  facet normal 0 0 -1
    outer loop
      vertex -1 -67.4 2.5
      vertex 1 -87.5 2.5
      vertex -1 -68.6 2.5
    endloop
  endfacet
  facet normal 0 0 -1
    outer loop
      vertex -1 -66.6 2.5
      vertex 1 -87.5 2.5
      vertex -1 -67.4 2.5
    endloop
  endfacet
  facet normal 0 0 -1
    outer loop
      vertex -1 -65.4 2.5
      vertex 1 -87.5 2.5
      vertex -1 -66.6 2.5
    endloop
  endfacet
  facet normal 0 0 -1
    outer loop
      vertex -1 -64.6 2.5
      vertex 1 -87.5 2.5
      vertex -1 -65.4 2.5
    endloop
  endfacet
  facet normal 0 0 -1
    outer loop
      vertex -1 -63.4 2.5
      vertex 1 -87.5 2.5
      vertex -1 -64.6 2.5
    endloop
  endfacet
  facet normal 0 0 -1
    outer loop
      vertex -1 -62.6 2.5
      vertex 1 -87.5 2.5
      vertex -1 -63.4 2.5
    endloop
  endfacet
  facet normal 0 0 -1
    outer loop
      vertex -1 -61.4 2.5
      vertex 1 -87.5 2.5
      vertex -1 -62.6 2.5
    endloop
  endfacet
  facet normal 0 0 -1
    outer loop
      vertex -1 -60.6 2.5
      vertex 1 -87.5 2.5
      vertex -1 -61.4 2.5
    endloop
  endfacet
  facet normal 0 0 -1
    outer loop
      vertex -1 -59.4 2.5
      vertex 1 -87.5 2.5
      vertex -1 -60.6 2.5
    endloop
  endfacet
  facet normal 0 0 -1
    outer loop
      vertex -1 -58.6 2.5
      vertex 1 -87.5 2.5
      vertex -1 -59.4 2.5
    endloop
  endfacet
  facet normal 0 0 -1
    outer loop
      vertex -1 -57.4 2.5
      vertex 1 -87.5 2.5
      vertex -1 -58.6 2.5
    endloop
  endfacet
  facet normal 0 0 -1
    outer loop
      vertex -1 -56.6 2.5
      vertex 1 -87.5 2.5
      vertex -1 -57.4 2.5
    endloop
  endfacet
  facet normal 0 0 -1
    outer loop
      vertex -1 -55.4 2.5
      vertex 1 -87.5 2.5
      vertex -1 -56.6 2.5
    endloop
  endfacet
  facet normal 0 0 -1
    outer loop
      vertex -1 -54.6 2.5
      vertex 1 -87.5 2.5
      vertex -1 -55.4 2.5
    endloop
  endfacet
  facet normal 0 0 -1
    outer loop
      vertex -1 -53.4 2.5
      vertex 1 -87.5 2.5
      vertex -1 -54.6 2.5
    endloop
  endfacet
  facet normal 0 0 -1
    outer loop
      vertex -1 -52.6 2.5
      vertex 1 -87.5 2.5
      vertex -1 -53.4 2.5
    endloop
  endfacet
  facet normal 0 0 -1
    outer loop
      vertex -1 -51.4 2.5
      vertex 1 -87.5 2.5
      vertex -1 -52.6 2.5
    endloop
  endfacet
  facet normal 0 0 -1
    outer loop
      vertex -1 -50.6 2.5
      vertex 1 -87.5 2.5
      vertex -1 -51.4 2.5
    endloop
  endfacet
  facet normal 0 0 -1
    outer loop
      vertex -1 -49.4 2.5
      vertex 1 -87.5 2.5
      vertex -1 -50.6 2.5
    endloop
  endfacet
  facet normal 0 0 -1
    outer loop
      vertex -1 -48.6 2.5
      vertex 1 -87.5 2.5
      vertex -1 -49.4 2.5
    endloop
  endfacet
  facet normal 0 0 -1
    outer loop
      vertex -1 -47.4 2.5
      vertex 1 -87.5 2.5
      vertex -1 -48.6 2.5
    endloop
  endfacet
  facet normal 0 0 -1
    outer loop
      vertex -1 -46.6 2.5
      vertex 1 -87.5 2.5
      vertex -1 -47.4 2.5
    endloop
  endfacet
  facet normal 0 0 -1
    outer loop
      vertex -1 -45.4 2.5
      vertex 1 -87.5 2.5
      vertex -1 -46.6 2.5
    endloop
  endfacet
  facet normal 0 0 -1
    outer loop
      vertex -1 -44.6 2.5
      vertex 1 -87.5 2.5
      vertex -1 -45.4 2.5
    endloop
  endfacet
  facet normal 0 0 -1
    outer loop
      vertex -1 -43.4 2.5
      vertex 1 -87.5 2.5
      vertex -1 -44.6 2.5
    endloop
  endfacet
  facet normal 0 0 -1
    outer loop
      vertex -1 -42.6 2.5
      vertex 1 -87.5 2.5
      vertex -1 -43.4 2.5
    endloop
  endfacet
  facet normal 0 0 -1
    outer loop
      vertex -1 -41.4 2.5
      vertex 1 -87.5 2.5
      vertex -1 -42.6 2.5
    endloop
  endfacet
  facet normal 0 0 -1
    outer loop
      vertex -1 -40.6 2.5
      vertex 1 -87.5 2.5
      vertex -1 -41.4 2.5
    endloop
  endfacet
  facet normal 0 0 -1
    outer loop
      vertex -1 -39.4 2.5
      vertex 1 -87.5 2.5
      vertex -1 -40.6 2.5
    endloop
  endfacet
  facet normal 0 0 -1
    outer loop
      vertex -1 -38.6 2.5
      vertex 1 -87.5 2.5
      vertex -1 -39.4 2.5
    endloop
  endfacet
  facet normal 0 0 -1
    outer loop
      vertex -1 -37.4 2.5
      vertex 1 -87.5 2.5
      vertex -1 -38.6 2.5
    endloop
  endfacet
  facet normal 0 0 -1
    outer loop
      vertex -1 -36.6 2.5
      vertex 1 -87.5 2.5
      vertex -1 -37.4 2.5
    endloop
  endfacet
  facet normal 0 0 -1
    outer loop
      vertex -1 -35.4 2.5
      vertex 1 -87.5 2.5
      vertex -1 -36.6 2.5
    endloop
  endfacet
  facet normal 0 0 -1
    outer loop
      vertex -1 -34.6 2.5
      vertex 1 -87.5 2.5
      vertex -1 -35.4 2.5
    endloop
  endfacet
  facet normal 0 0 -1
    outer loop
      vertex -1 -33.4 2.5
      vertex 1 -87.5 2.5
      vertex -1 -34.6 2.5
    endloop
  endfacet
  facet normal 0 0 -1
    outer loop
      vertex -1 -32.6 2.5
      vertex 1 -87.5 2.5
      vertex -1 -33.4 2.5
    endloop
  endfacet
  facet normal 0 0 -1
    outer loop
      vertex -1 -31.4 2.5
      vertex 1 -87.5 2.5
      vertex -1 -32.6 2.5
    endloop
  endfacet
  facet normal 0 0 -1
    outer loop
      vertex -1 -30.6 2.5
      vertex 1 -87.5 2.5
      vertex -1 -31.4 2.5
    endloop
  endfacet
  facet normal 0 0 -1
    outer loop
      vertex -1 -29.4 2.5
      vertex 1 -87.5 2.5
      vertex -1 -30.6 2.5
    endloop
  endfacet
  facet normal 0 0 -1
    outer loop
      vertex -1 -28.6 2.5
      vertex 1 -87.5 2.5
      vertex -1 -29.4 2.5
    endloop
  endfacet
  facet normal 0 0 -1
    outer loop
      vertex -1 -27.4 2.5
      vertex 1 -87.5 2.5
      vertex -1 -28.6 2.5
    endloop
  endfacet
  facet normal 0 0 -1
    outer loop
      vertex -1 -26.6 2.5
      vertex 1 -87.5 2.5
      vertex -1 -27.4 2.5
    endloop
  endfacet
  facet normal 0 0 -1
    outer loop
      vertex -1 -25.4 2.5
      vertex 1 -87.5 2.5
      vertex -1 -26.6 2.5
    endloop
  endfacet
  facet normal 0 0 -1
    outer loop
      vertex -1 -24.6 2.5
      vertex 1 -87.5 2.5
      vertex -1 -25.4 2.5
    endloop
  endfacet
  facet normal 0 0 -1
    outer loop
      vertex -1 -23.4 2.5
      vertex 1 -87.5 2.5
      vertex -1 -24.6 2.5
    endloop
  endfacet
  facet normal 0 0 -1
    outer loop
      vertex -1 -22.6 2.5
      vertex 1 -87.5 2.5
      vertex -1 -23.4 2.5
    endloop
  endfacet
  facet normal 0 0 -1
    outer loop
      vertex -1 -21.4 2.5
      vertex 1 -87.5 2.5
      vertex -1 -22.6 2.5
    endloop
  endfacet
  facet normal 0 0 -1
    outer loop
      vertex -1 -20.6 2.5
      vertex 1 -87.5 2.5
      vertex -1 -21.4 2.5
    endloop
  endfacet
  facet normal 0 0 -1
    outer loop
      vertex -1 -19.4 2.5
      vertex 1 -87.5 2.5
      vertex -1 -20.6 2.5
    endloop
  endfacet
  facet normal 0 0 -1
    outer loop
      vertex -1 -18.6 2.5
      vertex 1 -87.5 2.5
      vertex -1 -19.4 2.5
    endloop
  endfacet
  facet normal 0 0 -1
    outer loop
      vertex 1 -87.5 2.5
      vertex -1 -18.6 2.5
      vertex 1 85 2.5
    endloop
  endfacet
  facet normal 0 0 -1
    outer loop
      vertex -1 -17.4 2.5
      vertex 1 85 2.5
      vertex -1 -18.6 2.5
    endloop
  endfacet
  facet normal 0 0 -1
    outer loop
      vertex -1 -16.6 2.5
      vertex 1 85 2.5
      vertex -1 -17.4 2.5
    endloop
  endfacet
  facet normal 0 0 -1
    outer loop
      vertex -1 -15.4 2.5
      vertex 1 85 2.5
      vertex -1 -16.6 2.5
    endloop
  endfacet
  facet normal 0 0 -1
    outer loop
      vertex -1 -14.6 2.5
      vertex 1 85 2.5
      vertex -1 -15.4 2.5
    endloop
  endfacet
  facet normal 0 0 -1
    outer loop
      vertex -1 -13.4 2.5
      vertex 1 85 2.5
      vertex -1 -14.6 2.5
    endloop
  endfacet
  facet normal 0 0 -1
    outer loop
      vertex -1 -12.6 2.5
      vertex 1 85 2.5
      vertex -1 -13.4 2.5
    endloop
  endfacet
  facet normal 0 0 -1
    outer loop
      vertex -1 -11.4 2.5
      vertex 1 85 2.5
      vertex -1 -12.6 2.5
    endloop
  endfacet
  facet normal 0 0 -1
    outer loop
      vertex -1 -10.6 2.5
      vertex 1 85 2.5
      vertex -1 -11.4 2.5
    endloop
  endfacet
  facet normal 0 0 -1
    outer loop
      vertex -1 -9.4 2.5
      vertex 1 85 2.5
      vertex -1 -10.6 2.5
    endloop
  endfacet
  facet normal 0 0 -1
    outer loop
      vertex -1 -8.6 2.5
      vertex 1 85 2.5
      vertex -1 -9.4 2.5
    endloop
  endfacet
  facet normal 0 0 -1
    outer loop
      vertex -1 -7.4 2.5
      vertex 1 85 2.5
      vertex -1 -8.6 2.5
    endloop
  endfacet
  facet normal 0 0 -1
    outer loop
      vertex -1 -6.6 2.5
      vertex 1 85 2.5
      vertex -1 -7.4 2.5
    endloop
  endfacet
  facet normal 0 0 -1
    outer loop
      vertex -1 -5.4 2.5
      vertex 1 85 2.5
      vertex -1 -6.6 2.5
    endloop
  endfacet
  facet normal 0 0 -1
    outer loop
      vertex -1 -4.6 2.5
      vertex 1 85 2.5
      vertex -1 -5.4 2.5
    endloop
  endfacet
  facet normal 0 0 -1
    outer loop
      vertex -1 -3.4 2.5
      vertex 1 85 2.5
      vertex -1 -4.6 2.5
    endloop
  endfacet
  facet normal 0 0 -1
    outer loop
      vertex -1 -2.6 2.5
      vertex 1 85 2.5
      vertex -1 -3.4 2.5
    endloop
  endfacet
  facet normal 0 0 -1
    outer loop
      vertex -1 -1.4 2.5
      vertex 1 85 2.5
      vertex -1 -2.6 2.5
    endloop
  endfacet
  facet normal 0 0 -1
    outer loop
      vertex -1 -0.6 2.5
      vertex 1 85 2.5
      vertex -1 -1.4 2.5
    endloop
  endfacet
  facet normal 0 0 -1
    outer loop
      vertex -1 0.599999 2.5
      vertex 1 85 2.5
      vertex -1 -0.6 2.5
    endloop
  endfacet
  facet normal 0 0 -1
    outer loop
      vertex -1 1.4 2.5
      vertex 1 85 2.5
      vertex -1 0.599999 2.5
    endloop
  endfacet
  facet normal 0 0 -1
    outer loop
      vertex -1 2.6 2.5
      vertex 1 85 2.5
      vertex -1 1.4 2.5
    endloop
  endfacet
  facet normal 0 0 -1
    outer loop
      vertex -1 3.4 2.5
      vertex 1 85 2.5
      vertex -1 2.6 2.5
    endloop
  endfacet
  facet normal 0 0 -1
    outer loop
      vertex -1 4.6 2.5
      vertex 1 85 2.5
      vertex -1 3.4 2.5
    endloop
  endfacet
  facet normal 0 0 -1
    outer loop
      vertex -1 5.4 2.5
      vertex 1 85 2.5
      vertex -1 4.6 2.5
    endloop
  endfacet
  facet normal 0 0 -1
    outer loop
      vertex -1 6.6 2.5
      vertex 1 85 2.5
      vertex -1 5.4 2.5
    endloop
  endfacet
  facet normal 0 0 -1
    outer loop
      vertex -1 7.4 2.5
      vertex 1 85 2.5
      vertex -1 6.6 2.5
    endloop
  endfacet
  facet normal 0 0 -1
    outer loop
      vertex -1 8.6 2.5
      vertex 1 85 2.5
      vertex -1 7.4 2.5
    endloop
  endfacet
  facet normal 0 0 -1
    outer loop
      vertex -1 9.4 2.5
      vertex 1 85 2.5
      vertex -1 8.6 2.5
    endloop
  endfacet
  facet normal 0 0 -1
    outer loop
      vertex -1 10.6 2.5
      vertex 1 85 2.5
      vertex -1 9.4 2.5
    endloop
  endfacet
  facet normal 0 0 -1
    outer loop
      vertex -1 11.4 2.5
      vertex 1 85 2.5
      vertex -1 10.6 2.5
    endloop
  endfacet
  facet normal 0 0 -1
    outer loop
      vertex -1 12.6 2.5
      vertex 1 85 2.5
      vertex -1 11.4 2.5
    endloop
  endfacet
  facet normal 0 0 -1
    outer loop
      vertex -1 13.4 2.5
      vertex 1 85 2.5
      vertex -1 12.6 2.5
    endloop
  endfacet
  facet normal 0 0 -1
    outer loop
      vertex -1 14.6 2.5
      vertex 1 85 2.5
      vertex -1 13.4 2.5
    endloop
  endfacet
  facet normal 0 0 -1
    outer loop
      vertex -1 15.4 2.5
      vertex 1 85 2.5
      vertex -1 14.6 2.5
    endloop
  endfacet
  facet normal 0 0 -1
    outer loop
      vertex -1 16.6 2.5
      vertex 1 85 2.5
      vertex -1 15.4 2.5
    endloop
  endfacet
  facet normal 0 0 -1
    outer loop
      vertex -1 17.4 2.5
      vertex 1 85 2.5
      vertex -1 16.6 2.5
    endloop
  endfacet
  facet normal 0 0 -1
    outer loop
      vertex -1 18.6 2.5
      vertex 1 85 2.5
      vertex -1 17.4 2.5
    endloop
  endfacet
  facet normal 0 0 -1
    outer loop
      vertex -1 19.4 2.5
      vertex 1 85 2.5
      vertex -1 18.6 2.5
    endloop
  endfacet
  facet normal 0 0 -1
    outer loop
      vertex -1 20.6 2.5
      vertex 1 85 2.5
      vertex -1 19.4 2.5
    endloop
  endfacet
  facet normal 0 0 -1
    outer loop
      vertex -1 21.4 2.5
      vertex 1 85 2.5
      vertex -1 20.6 2.5
    endloop
  endfacet
  facet normal 0 0 -1
    outer loop
      vertex -1 22.6 2.5
      vertex 1 85 2.5
      vertex -1 21.4 2.5
    endloop
  endfacet
  facet normal 0 0 -1
    outer loop
      vertex -1 23.4 2.5
      vertex 1 85 2.5
      vertex -1 22.6 2.5
    endloop
  endfacet
  facet normal 0 0 -1
    outer loop
      vertex -1 24.6 2.5
      vertex 1 85 2.5
      vertex -1 23.4 2.5
    endloop
  endfacet
  facet normal 0 0 -1
    outer loop
      vertex -1 25.4 2.5
      vertex 1 85 2.5
      vertex -1 24.6 2.5
    endloop
  endfacet
  facet normal 0 0 -1
    outer loop
      vertex -1 26.6 2.5
      vertex 1 85 2.5
      vertex -1 25.4 2.5
    endloop
  endfacet
  facet normal 0 0 -1
    outer loop
      vertex -1 27.4 2.5
      vertex 1 85 2.5
      vertex -1 26.6 2.5
    endloop
  endfacet
  facet normal 0 0 -1
    outer loop
      vertex -1 28.6 2.5
      vertex 1 85 2.5
      vertex -1 27.4 2.5
    endloop
  endfacet
  facet normal 0 0 -1
    outer loop
      vertex -1 29.4 2.5
      vertex 1 85 2.5
      vertex -1 28.6 2.5
    endloop
  endfacet
  facet normal 0 0 -1
    outer loop
      vertex -1 30.6 2.5
      vertex 1 85 2.5
      vertex -1 29.4 2.5
    endloop
  endfacet
  facet normal 0 0 -1
    outer loop
      vertex -1 31.4 2.5
      vertex 1 85 2.5
      vertex -1 30.6 2.5
    endloop
  endfacet
  facet normal 0 0 -1
    outer loop
      vertex -1 32.6 2.5
      vertex 1 85 2.5
      vertex -1 31.4 2.5
    endloop
  endfacet
  facet normal 0 0 -1
    outer loop
      vertex -1 33.4 2.5
      vertex 1 85 2.5
      vertex -1 32.6 2.5
    endloop
  endfacet
  facet normal 0 0 -1
    outer loop
      vertex -1 34.6 2.5
      vertex 1 85 2.5
      vertex -1 33.4 2.5
    endloop
  endfacet
  facet normal 0 0 -1
    outer loop
      vertex -1 35.4 2.5
      vertex 1 85 2.5
      vertex -1 34.6 2.5
    endloop
  endfacet
  facet normal 0 0 -1
    outer loop
      vertex -1 36.6 2.5
      vertex 1 85 2.5
      vertex -1 35.4 2.5
    endloop
  endfacet
  facet normal 0 0 -1
    outer loop
      vertex -1 37.4 2.5
      vertex 1 85 2.5
      vertex -1 36.6 2.5
    endloop
  endfacet
  facet normal 0 0 -1
    outer loop
      vertex -1 38.6 2.5
      vertex 1 85 2.5
      vertex -1 37.4 2.5
    endloop
  endfacet
  facet normal 0 0 -1
    outer loop
      vertex -1 39.4 2.5
      vertex 1 85 2.5
      vertex -1 38.6 2.5
    endloop
  endfacet
  facet normal 0 0 -1
    outer loop
      vertex -1 40.6 2.5
      vertex 1 85 2.5
      vertex -1 39.4 2.5
    endloop
  endfacet
  facet normal 0 0 -1
    outer loop
      vertex -1 41.4 2.5
      vertex 1 85 2.5
      vertex -1 40.6 2.5
    endloop
  endfacet
  facet normal 0 0 -1
    outer loop
      vertex -1 42.6 2.5
      vertex 1 85 2.5
      vertex -1 41.4 2.5
    endloop
  endfacet
  facet normal 0 0 -1
    outer loop
      vertex -1 43.4 2.5
      vertex 1 85 2.5
      vertex -1 42.6 2.5
    endloop
  endfacet
  facet normal 0 0 -1
    outer loop
      vertex -1 44.6 2.5
      vertex 1 85 2.5
      vertex -1 43.4 2.5
    endloop
  endfacet
  facet normal 0 0 -1
    outer loop
      vertex -1 45.4 2.5
      vertex 1 85 2.5
      vertex -1 44.6 2.5
    endloop
  endfacet
  facet normal 0 0 -1
    outer loop
      vertex -1 46.6 2.5
      vertex 1 85 2.5
      vertex -1 45.4 2.5
    endloop
  endfacet
  facet normal 0 0 -1
    outer loop
      vertex -1 47.4 2.5
      vertex 1 85 2.5
      vertex -1 46.6 2.5
    endloop
  endfacet
  facet normal 0 0 -1
    outer loop
      vertex -1 48.6 2.5
      vertex 1 85 2.5
      vertex -1 47.4 2.5
    endloop
  endfacet
  facet normal 0 0 -1
    outer loop
      vertex -1 49.4 2.5
      vertex 1 85 2.5
      vertex -1 48.6 2.5
    endloop
  endfacet
  facet normal 0 0 -1
    outer loop
      vertex -1 50.6 2.5
      vertex 1 85 2.5
      vertex -1 49.4 2.5
    endloop
  endfacet
  facet normal 0 0 -1
    outer loop
      vertex -1 51.4 2.5
      vertex 1 85 2.5
      vertex -1 50.6 2.5
    endloop
  endfacet
  facet normal 0 0 -1
    outer loop
      vertex -1 52.6 2.5
      vertex 1 85 2.5
      vertex -1 51.4 2.5
    endloop
  endfacet
  facet normal 0 0 -1
    outer loop
      vertex -1 53.4 2.5
      vertex 1 85 2.5
      vertex -1 52.6 2.5
    endloop
  endfacet
  facet normal 0 0 -1
    outer loop
      vertex -1 54.6 2.5
      vertex 1 85 2.5
      vertex -1 53.4 2.5
    endloop
  endfacet
  facet normal 0 0 -1
    outer loop
      vertex -1 55.4 2.5
      vertex 1 85 2.5
      vertex -1 54.6 2.5
    endloop
  endfacet
  facet normal 0 0 -1
    outer loop
      vertex -1 56.6 2.5
      vertex 1 85 2.5
      vertex -1 55.4 2.5
    endloop
  endfacet
  facet normal 0 0 -1
    outer loop
      vertex -1 57.4 2.5
      vertex 1 85 2.5
      vertex -1 56.6 2.5
    endloop
  endfacet
  facet normal 0 0 -1
    outer loop
      vertex -1 58.6 2.5
      vertex 1 85 2.5
      vertex -1 57.4 2.5
    endloop
  endfacet
  facet normal 0 0 -1
    outer loop
      vertex -1 59.4 2.5
      vertex 1 85 2.5
      vertex -1 58.6 2.5
    endloop
  endfacet
  facet normal 0 0 -1
    outer loop
      vertex -1 60.6 2.5
      vertex 1 85 2.5
      vertex -1 59.4 2.5
    endloop
  endfacet
  facet normal 0 0 -1
    outer loop
      vertex -1 61.4 2.5
      vertex 1 85 2.5
      vertex -1 60.6 2.5
    endloop
  endfacet
  facet normal 0 0 -1
    outer loop
      vertex -1 62.6 2.5
      vertex 1 85 2.5
      vertex -1 61.4 2.5
    endloop
  endfacet
  facet normal 0 0 -1
    outer loop
      vertex -1 63.4 2.5
      vertex 1 85 2.5
      vertex -1 62.6 2.5
    endloop
  endfacet
  facet normal 0 0 -1
    outer loop
      vertex -1 64.6 2.5
      vertex 1 85 2.5
      vertex -1 63.4 2.5
    endloop
  endfacet
  facet normal 0 0 -1
    outer loop
      vertex -1 65.4 2.5
      vertex 1 85 2.5
      vertex -1 64.6 2.5
    endloop
  endfacet
  facet normal 0 0 -1
    outer loop
      vertex -1 66.6 2.5
      vertex 1 85 2.5
      vertex -1 65.4 2.5
    endloop
  endfacet
  facet normal 0 0 -1
    outer loop
      vertex -1 67.4 2.5
      vertex 1 85 2.5
      vertex -1 66.6 2.5
    endloop
  endfacet
  facet normal 0 0 -1
    outer loop
      vertex -1 68.6 2.5
      vertex 1 85 2.5
      vertex -1 67.4 2.5
    endloop
  endfacet
  facet normal 0 0 -1
    outer loop
      vertex -1 69.4 2.5
      vertex 1 85 2.5
      vertex -1 68.6 2.5
    endloop
  endfacet
  facet normal 0 0 -1
    outer loop
      vertex -1 70.6 2.5
      vertex 1 85 2.5
      vertex -1 69.4 2.5
    endloop
  endfacet
  facet normal 0 0 -1
    outer loop
      vertex -1 71.4 2.5
      vertex 1 85 2.5
      vertex -1 70.6 2.5
    endloop
  endfacet
  facet normal 0 0 -1
    outer loop
      vertex -1 72.6 2.5
      vertex 1 85 2.5
      vertex -1 71.4 2.5
    endloop
  endfacet
  facet normal 0 0 -1
    outer loop
      vertex -1 73.4 2.5
      vertex 1 85 2.5
      vertex -1 72.6 2.5
    endloop
  endfacet
  facet normal 0 0 -1
    outer loop
      vertex -1 74.6 2.5
      vertex 1 85 2.5
      vertex -1 73.4 2.5
    endloop
  endfacet
  facet normal 0 0 -1
    outer loop
      vertex -1 75.4 2.5
      vertex 1 85 2.5
      vertex -1 74.6 2.5
    endloop
  endfacet
  facet normal 0 0 -1
    outer loop
      vertex -1 76.6 2.5
      vertex 1 85 2.5
      vertex -1 75.4 2.5
    endloop
  endfacet
  facet normal 0 0 -1
    outer loop
      vertex -1 77.4 2.5
      vertex 1 85 2.5
      vertex -1 76.6 2.5
    endloop
  endfacet
  facet normal 0 0 -1
    outer loop
      vertex -1 78.6 2.5
      vertex 1 85 2.5
      vertex -1 77.4 2.5
    endloop
  endfacet
  facet normal 0 0 -1
    outer loop
      vertex -1 79.4 2.5
      vertex 1 85 2.5
      vertex -1 78.6 2.5
    endloop
  endfacet
  facet normal 0 0 -1
    outer loop
      vertex -1 80.6 2.5
      vertex 1 85 2.5
      vertex -1 79.4 2.5
    endloop
  endfacet
  facet normal 0 0 -1
    outer loop
      vertex -1 81.4 2.5
      vertex 1 85 2.5
      vertex -1 80.6 2.5
    endloop
  endfacet
  facet normal 0 0 -1
    outer loop
      vertex -1 82.6 2.5
      vertex 1 85 2.5
      vertex -1 81.4 2.5
    endloop
  endfacet
  facet normal -0 0 -1
    outer loop
      vertex 1 85 2.5
      vertex -1 82.6 2.5
      vertex -1 85 2.5
    endloop
  endfacet
  facet normal -1 0 0
    outer loop
      vertex -2 -87.5 2.5
      vertex -2 -87.4 7.5
      vertex -2 -87.4 2.5
    endloop
  endfacet
  facet normal -1 -0 0
    outer loop
      vertex -2 -87.4 7.5
      vertex -2 -87.5 2.5
      vertex -2 -87.5 7.5
    endloop
  endfacet
  facet normal 0 1 -0
    outer loop
      vertex -1 -87.4 2.5
      vertex -2 -87.4 7.5
      vertex -1 -87.4 7.5
    endloop
  endfacet
  facet normal 0 1 0
    outer loop
      vertex -2 -87.4 7.5
      vertex -1 -87.4 2.5
      vertex -2 -87.4 2.5
    endloop
  endfacet
  facet normal -1 0 0
    outer loop
      vertex -2 -86.6 2.5
      vertex -2 -85.4 7.5
      vertex -2 -85.4 2.5
    endloop
  endfacet
  facet normal -1 -0 0
    outer loop
      vertex -2 -85.4 7.5
      vertex -2 -86.6 2.5
      vertex -2 -86.6 7.5
    endloop
  endfacet
  facet normal 0 -1 0
    outer loop
      vertex -2 -86.6 2.5
      vertex -1 -86.6 7.5
      vertex -2 -86.6 7.5
    endloop
  endfacet
  facet normal 0 -1 -0
    outer loop
      vertex -1 -86.6 7.5
      vertex -2 -86.6 2.5
      vertex -1 -86.6 2.5
    endloop
  endfacet
  facet normal 0 1 -0
    outer loop
      vertex -1 -85.4 2.5
      vertex -2 -85.4 7.5
      vertex -1 -85.4 7.5
    endloop
  endfacet
  facet normal 0 1 0
    outer loop
      vertex -2 -85.4 7.5
      vertex -1 -85.4 2.5
      vertex -2 -85.4 2.5
    endloop
  endfacet
  facet normal -1 0 0
    outer loop
      vertex -2 -84.6 2.5
      vertex -2 -83.4 7.5
      vertex -2 -83.4 2.5
    endloop
  endfacet
  facet normal -1 -0 0
    outer loop
      vertex -2 -83.4 7.5
      vertex -2 -84.6 2.5
      vertex -2 -84.6 7.5
    endloop
  endfacet
  facet normal 0 -1 0
    outer loop
      vertex -2 -84.6 2.5
      vertex -1 -84.6 7.5
      vertex -2 -84.6 7.5
    endloop
  endfacet
  facet normal 0 -1 -0
    outer loop
      vertex -1 -84.6 7.5
      vertex -2 -84.6 2.5
      vertex -1 -84.6 2.5
    endloop
  endfacet
  facet normal 0 1 -0
    outer loop
      vertex -1 -83.4 2.5
      vertex -2 -83.4 7.5
      vertex -1 -83.4 7.5
    endloop
  endfacet
  facet normal 0 1 0
    outer loop
      vertex -2 -83.4 7.5
      vertex -1 -83.4 2.5
      vertex -2 -83.4 2.5
    endloop
  endfacet
  facet normal -1 0 0
    outer loop
      vertex -2 -82.6 2.5
      vertex -2 -81.4 7.5
      vertex -2 -81.4 2.5
    endloop
  endfacet
  facet normal -1 -0 0
    outer loop
      vertex -2 -81.4 7.5
      vertex -2 -82.6 2.5
      vertex -2 -82.6 7.5
    endloop
  endfacet
  facet normal 0 1 -0
    outer loop
      vertex -1 -81.4 2.5
      vertex -2 -81.4 7.5
      vertex -1 -81.4 7.5
    endloop
  endfacet
  facet normal 0 1 0
    outer loop
      vertex -2 -81.4 7.5
      vertex -1 -81.4 2.5
      vertex -2 -81.4 2.5
    endloop
  endfacet
  facet normal 0 -1 0
    outer loop
      vertex -2 -82.6 2.5
      vertex -1 -82.6 7.5
      vertex -2 -82.6 7.5
    endloop
  endfacet
  facet normal 0 -1 -0
    outer loop
      vertex -1 -82.6 7.5
      vertex -2 -82.6 2.5
      vertex -1 -82.6 2.5
    endloop
  endfacet
  facet normal -1 0 0
    outer loop
      vertex -2 -80.6 2.5
      vertex -2 -79.4 7.5
      vertex -2 -79.4 2.5
    endloop
  endfacet
  facet normal -1 -0 0
    outer loop
      vertex -2 -79.4 7.5
      vertex -2 -80.6 2.5
      vertex -2 -80.6 7.5
    endloop
  endfacet
  facet normal 0 1 -0
    outer loop
      vertex -1 -79.4 2.5
      vertex -2 -79.4 7.5
      vertex -1 -79.4 7.5
    endloop
  endfacet
  facet normal 0 1 0
    outer loop
      vertex -2 -79.4 7.5
      vertex -1 -79.4 2.5
      vertex -2 -79.4 2.5
    endloop
  endfacet
  facet normal 0 -1 0
    outer loop
      vertex -2 -80.6 2.5
      vertex -1 -80.6 7.5
      vertex -2 -80.6 7.5
    endloop
  endfacet
  facet normal 0 -1 -0
    outer loop
      vertex -1 -80.6 7.5
      vertex -2 -80.6 2.5
      vertex -1 -80.6 2.5
    endloop
  endfacet
  facet normal -1 0 0
    outer loop
      vertex -2 -78.6 2.5
      vertex -2 -77.4 7.5
      vertex -2 -77.4 2.5
    endloop
  endfacet
  facet normal -1 -0 0
    outer loop
      vertex -2 -77.4 7.5
      vertex -2 -78.6 2.5
      vertex -2 -78.6 7.5
    endloop
  endfacet
  facet normal 0 -1 0
    outer loop
      vertex -2 -78.6 2.5
      vertex -1 -78.6 7.5
      vertex -2 -78.6 7.5
    endloop
  endfacet
  facet normal 0 -1 -0
    outer loop
      vertex -1 -78.6 7.5
      vertex -2 -78.6 2.5
      vertex -1 -78.6 2.5
    endloop
  endfacet
  facet normal 0 1 -0
    outer loop
      vertex -1 -77.4 2.5
      vertex -2 -77.4 7.5
      vertex -1 -77.4 7.5
    endloop
  endfacet
  facet normal 0 1 0
    outer loop
      vertex -2 -77.4 7.5
      vertex -1 -77.4 2.5
      vertex -2 -77.4 2.5
    endloop
  endfacet
  facet normal -1 0 0
    outer loop
      vertex -2 -76.6 2.5
      vertex -2 -75.4 7.5
      vertex -2 -75.4 2.5
    endloop
  endfacet
  facet normal -1 -0 0
    outer loop
      vertex -2 -75.4 7.5
      vertex -2 -76.6 2.5
      vertex -2 -76.6 7.5
    endloop
  endfacet
  facet normal 0 1 -0
    outer loop
      vertex -1 -75.4 2.5
      vertex -2 -75.4 7.5
      vertex -1 -75.4 7.5
    endloop
  endfacet
  facet normal 0 1 0
    outer loop
      vertex -2 -75.4 7.5
      vertex -1 -75.4 2.5
      vertex -2 -75.4 2.5
    endloop
  endfacet
  facet normal 0 -1 0
    outer loop
      vertex -2 -76.6 2.5
      vertex -1 -76.6 7.5
      vertex -2 -76.6 7.5
    endloop
  endfacet
  facet normal 0 -1 -0
    outer loop
      vertex -1 -76.6 7.5
      vertex -2 -76.6 2.5
      vertex -1 -76.6 2.5
    endloop
  endfacet
  facet normal -1 0 0
    outer loop
      vertex -2 -74.6 2.5
      vertex -2 -73.4 7.5
      vertex -2 -73.4 2.5
    endloop
  endfacet
  facet normal -1 -0 0
    outer loop
      vertex -2 -73.4 7.5
      vertex -2 -74.6 2.5
      vertex -2 -74.6 7.5
    endloop
  endfacet
  facet normal 0 1 -0
    outer loop
      vertex -1 -73.4 2.5
      vertex -2 -73.4 7.5
      vertex -1 -73.4 7.5
    endloop
  endfacet
  facet normal 0 1 0
    outer loop
      vertex -2 -73.4 7.5
      vertex -1 -73.4 2.5
      vertex -2 -73.4 2.5
    endloop
  endfacet
  facet normal 0 -1 0
    outer loop
      vertex -2 -74.6 2.5
      vertex -1 -74.6 7.5
      vertex -2 -74.6 7.5
    endloop
  endfacet
  facet normal 0 -1 -0
    outer loop
      vertex -1 -74.6 7.5
      vertex -2 -74.6 2.5
      vertex -1 -74.6 2.5
    endloop
  endfacet
  facet normal -1 0 0
    outer loop
      vertex -2 -72.6 2.5
      vertex -2 -71.4 7.5
      vertex -2 -71.4 2.5
    endloop
  endfacet
  facet normal -1 -0 0
    outer loop
      vertex -2 -71.4 7.5
      vertex -2 -72.6 2.5
      vertex -2 -72.6 7.5
    endloop
  endfacet
  facet normal 0 1 -0
    outer loop
      vertex -1 -71.4 2.5
      vertex -2 -71.4 7.5
      vertex -1 -71.4 7.5
    endloop
  endfacet
  facet normal 0 1 0
    outer loop
      vertex -2 -71.4 7.5
      vertex -1 -71.4 2.5
      vertex -2 -71.4 2.5
    endloop
  endfacet
  facet normal 0 -1 0
    outer loop
      vertex -2 -72.6 2.5
      vertex -1 -72.6 7.5
      vertex -2 -72.6 7.5
    endloop
  endfacet
  facet normal 0 -1 -0
    outer loop
      vertex -1 -72.6 7.5
      vertex -2 -72.6 2.5
      vertex -1 -72.6 2.5
    endloop
  endfacet
  facet normal -1 0 0
    outer loop
      vertex -2 -70.6 2.5
      vertex -2 -69.4 7.5
      vertex -2 -69.4 2.5
    endloop
  endfacet
  facet normal -1 -0 0
    outer loop
      vertex -2 -69.4 7.5
      vertex -2 -70.6 2.5
      vertex -2 -70.6 7.5
    endloop
  endfacet
  facet normal 0 1 -0
    outer loop
      vertex -1 -69.4 2.5
      vertex -2 -69.4 7.5
      vertex -1 -69.4 7.5
    endloop
  endfacet
  facet normal 0 1 0
    outer loop
      vertex -2 -69.4 7.5
      vertex -1 -69.4 2.5
      vertex -2 -69.4 2.5
    endloop
  endfacet
  facet normal 0 -1 0
    outer loop
      vertex -2 -70.6 2.5
      vertex -1 -70.6 7.5
      vertex -2 -70.6 7.5
    endloop
  endfacet
  facet normal 0 -1 -0
    outer loop
      vertex -1 -70.6 7.5
      vertex -2 -70.6 2.5
      vertex -1 -70.6 2.5
    endloop
  endfacet
  facet normal -1 0 0
    outer loop
      vertex -2 -68.6 2.5
      vertex -2 -67.4 7.5
      vertex -2 -67.4 2.5
    endloop
  endfacet
  facet normal -1 -0 0
    outer loop
      vertex -2 -67.4 7.5
      vertex -2 -68.6 2.5
      vertex -2 -68.6 7.5
    endloop
  endfacet
  facet normal 0 -1 0
    outer loop
      vertex -2 -68.6 2.5
      vertex -1 -68.6 7.5
      vertex -2 -68.6 7.5
    endloop
  endfacet
  facet normal 0 -1 -0
    outer loop
      vertex -1 -68.6 7.5
      vertex -2 -68.6 2.5
      vertex -1 -68.6 2.5
    endloop
  endfacet
  facet normal 0 1 -0
    outer loop
      vertex -1 -67.4 2.5
      vertex -2 -67.4 7.5
      vertex -1 -67.4 7.5
    endloop
  endfacet
  facet normal 0 1 0
    outer loop
      vertex -2 -67.4 7.5
      vertex -1 -67.4 2.5
      vertex -2 -67.4 2.5
    endloop
  endfacet
  facet normal -1 0 0
    outer loop
      vertex -2 -66.6 2.5
      vertex -2 -65.4 7.5
      vertex -2 -65.4 2.5
    endloop
  endfacet
  facet normal -1 -0 0
    outer loop
      vertex -2 -65.4 7.5
      vertex -2 -66.6 2.5
      vertex -2 -66.6 7.5
    endloop
  endfacet
  facet normal 0 1 -0
    outer loop
      vertex -1 -65.4 2.5
      vertex -2 -65.4 7.5
      vertex -1 -65.4 7.5
    endloop
  endfacet
  facet normal 0 1 0
    outer loop
      vertex -2 -65.4 7.5
      vertex -1 -65.4 2.5
      vertex -2 -65.4 2.5
    endloop
  endfacet
  facet normal 0 -1 0
    outer loop
      vertex -2 -66.6 2.5
      vertex -1 -66.6 7.5
      vertex -2 -66.6 7.5
    endloop
  endfacet
  facet normal 0 -1 -0
    outer loop
      vertex -1 -66.6 7.5
      vertex -2 -66.6 2.5
      vertex -1 -66.6 2.5
    endloop
  endfacet
  facet normal -1 0 0
    outer loop
      vertex -2 -64.6 2.5
      vertex -2 -63.4 7.5
      vertex -2 -63.4 2.5
    endloop
  endfacet
  facet normal -1 -0 0
    outer loop
      vertex -2 -63.4 7.5
      vertex -2 -64.6 2.5
      vertex -2 -64.6 7.5
    endloop
  endfacet
  facet normal 0 1 -0
    outer loop
      vertex -1 -63.4 2.5
      vertex -2 -63.4 7.5
      vertex -1 -63.4 7.5
    endloop
  endfacet
  facet normal 0 1 0
    outer loop
      vertex -2 -63.4 7.5
      vertex -1 -63.4 2.5
      vertex -2 -63.4 2.5
    endloop
  endfacet
  facet normal 0 -1 0
    outer loop
      vertex -2 -64.6 2.5
      vertex -1 -64.6 7.5
      vertex -2 -64.6 7.5
    endloop
  endfacet
  facet normal 0 -1 -0
    outer loop
      vertex -1 -64.6 7.5
      vertex -2 -64.6 2.5
      vertex -1 -64.6 2.5
    endloop
  endfacet
  facet normal -1 0 0
    outer loop
      vertex -2 -62.6 2.5
      vertex -2 -61.4 7.5
      vertex -2 -61.4 2.5
    endloop
  endfacet
  facet normal -1 -0 0
    outer loop
      vertex -2 -61.4 7.5
      vertex -2 -62.6 2.5
      vertex -2 -62.6 7.5
    endloop
  endfacet
  facet normal 0 1 -0
    outer loop
      vertex -1 -61.4 2.5
      vertex -2 -61.4 7.5
      vertex -1 -61.4 7.5
    endloop
  endfacet
  facet normal 0 1 0
    outer loop
      vertex -2 -61.4 7.5
      vertex -1 -61.4 2.5
      vertex -2 -61.4 2.5
    endloop
  endfacet
  facet normal 0 -1 0
    outer loop
      vertex -2 -62.6 2.5
      vertex -1 -62.6 7.5
      vertex -2 -62.6 7.5
    endloop
  endfacet
  facet normal 0 -1 -0
    outer loop
      vertex -1 -62.6 7.5
      vertex -2 -62.6 2.5
      vertex -1 -62.6 2.5
    endloop
  endfacet
  facet normal -1 0 0
    outer loop
      vertex -2 -60.6 2.5
      vertex -2 -59.4 7.5
      vertex -2 -59.4 2.5
    endloop
  endfacet
  facet normal -1 -0 0
    outer loop
      vertex -2 -59.4 7.5
      vertex -2 -60.6 2.5
      vertex -2 -60.6 7.5
    endloop
  endfacet
  facet normal 0 1 -0
    outer loop
      vertex -1 -59.4 2.5
      vertex -2 -59.4 7.5
      vertex -1 -59.4 7.5
    endloop
  endfacet
  facet normal 0 1 0
    outer loop
      vertex -2 -59.4 7.5
      vertex -1 -59.4 2.5
      vertex -2 -59.4 2.5
    endloop
  endfacet
  facet normal 0 -1 0
    outer loop
      vertex -2 -60.6 2.5
      vertex -1 -60.6 7.5
      vertex -2 -60.6 7.5
    endloop
  endfacet
  facet normal 0 -1 -0
    outer loop
      vertex -1 -60.6 7.5
      vertex -2 -60.6 2.5
      vertex -1 -60.6 2.5
    endloop
  endfacet
  facet normal -1 0 0
    outer loop
      vertex -2 -58.6 2.5
      vertex -2 -57.4 7.5
      vertex -2 -57.4 2.5
    endloop
  endfacet
  facet normal -1 -0 0
    outer loop
      vertex -2 -57.4 7.5
      vertex -2 -58.6 2.5
      vertex -2 -58.6 7.5
    endloop
  endfacet
  facet normal 0 -1 0
    outer loop
      vertex -2 -58.6 2.5
      vertex -1 -58.6 7.5
      vertex -2 -58.6 7.5
    endloop
  endfacet
  facet normal 0 -1 -0
    outer loop
      vertex -1 -58.6 7.5
      vertex -2 -58.6 2.5
      vertex -1 -58.6 2.5
    endloop
  endfacet
  facet normal 0 1 -0
    outer loop
      vertex -1 -57.4 2.5
      vertex -2 -57.4 7.5
      vertex -1 -57.4 7.5
    endloop
  endfacet
  facet normal 0 1 0
    outer loop
      vertex -2 -57.4 7.5
      vertex -1 -57.4 2.5
      vertex -2 -57.4 2.5
    endloop
  endfacet
  facet normal -1 0 0
    outer loop
      vertex -2 -56.6 2.5
      vertex -2 -55.4 7.5
      vertex -2 -55.4 2.5
    endloop
  endfacet
  facet normal -1 -0 0
    outer loop
      vertex -2 -55.4 7.5
      vertex -2 -56.6 2.5
      vertex -2 -56.6 7.5
    endloop
  endfacet
  facet normal 0 1 -0
    outer loop
      vertex -1 -55.4 2.5
      vertex -2 -55.4 7.5
      vertex -1 -55.4 7.5
    endloop
  endfacet
  facet normal 0 1 0
    outer loop
      vertex -2 -55.4 7.5
      vertex -1 -55.4 2.5
      vertex -2 -55.4 2.5
    endloop
  endfacet
  facet normal 0 -1 0
    outer loop
      vertex -2 -56.6 2.5
      vertex -1 -56.6 7.5
      vertex -2 -56.6 7.5
    endloop
  endfacet
  facet normal 0 -1 -0
    outer loop
      vertex -1 -56.6 7.5
      vertex -2 -56.6 2.5
      vertex -1 -56.6 2.5
    endloop
  endfacet
  facet normal -1 0 0
    outer loop
      vertex -2 -54.6 2.5
      vertex -2 -53.4 7.5
      vertex -2 -53.4 2.5
    endloop
  endfacet
  facet normal -1 -0 0
    outer loop
      vertex -2 -53.4 7.5
      vertex -2 -54.6 2.5
      vertex -2 -54.6 7.5
    endloop
  endfacet
  facet normal 0 1 -0
    outer loop
      vertex -1 -53.4 2.5
      vertex -2 -53.4 7.5
      vertex -1 -53.4 7.5
    endloop
  endfacet
  facet normal 0 1 0
    outer loop
      vertex -2 -53.4 7.5
      vertex -1 -53.4 2.5
      vertex -2 -53.4 2.5
    endloop
  endfacet
  facet normal 0 -1 0
    outer loop
      vertex -2 -54.6 2.5
      vertex -1 -54.6 7.5
      vertex -2 -54.6 7.5
    endloop
  endfacet
  facet normal 0 -1 -0
    outer loop
      vertex -1 -54.6 7.5
      vertex -2 -54.6 2.5
      vertex -1 -54.6 2.5
    endloop
  endfacet
  facet normal -1 0 0
    outer loop
      vertex -2 -52.6 2.5
      vertex -2 -51.4 7.5
      vertex -2 -51.4 2.5
    endloop
  endfacet
  facet normal -1 -0 0
    outer loop
      vertex -2 -51.4 7.5
      vertex -2 -52.6 2.5
      vertex -2 -52.6 7.5
    endloop
  endfacet
  facet normal 0 -1 0
    outer loop
      vertex -2 -52.6 2.5
      vertex -1 -52.6 7.5
      vertex -2 -52.6 7.5
    endloop
  endfacet
  facet normal 0 -1 -0
    outer loop
      vertex -1 -52.6 7.5
      vertex -2 -52.6 2.5
      vertex -1 -52.6 2.5
    endloop
  endfacet
  facet normal 0 1 -0
    outer loop
      vertex -1 -51.4 2.5
      vertex -2 -51.4 7.5
      vertex -1 -51.4 7.5
    endloop
  endfacet
  facet normal 0 1 0
    outer loop
      vertex -2 -51.4 7.5
      vertex -1 -51.4 2.5
      vertex -2 -51.4 2.5
    endloop
  endfacet
  facet normal -1 0 0
    outer loop
      vertex -2 -50.6 2.5
      vertex -2 -49.4 7.5
      vertex -2 -49.4 2.5
    endloop
  endfacet
  facet normal -1 -0 0
    outer loop
      vertex -2 -49.4 7.5
      vertex -2 -50.6 2.5
      vertex -2 -50.6 7.5
    endloop
  endfacet
  facet normal 0 -1 0
    outer loop
      vertex -2 -50.6 2.5
      vertex -1 -50.6 7.5
      vertex -2 -50.6 7.5
    endloop
  endfacet
  facet normal 0 -1 -0
    outer loop
      vertex -1 -50.6 7.5
      vertex -2 -50.6 2.5
      vertex -1 -50.6 2.5
    endloop
  endfacet
  facet normal 0 1 -0
    outer loop
      vertex -1 -49.4 2.5
      vertex -2 -49.4 7.5
      vertex -1 -49.4 7.5
    endloop
  endfacet
  facet normal 0 1 0
    outer loop
      vertex -2 -49.4 7.5
      vertex -1 -49.4 2.5
      vertex -2 -49.4 2.5
    endloop
  endfacet
  facet normal -1 0 0
    outer loop
      vertex -2 -48.6 2.5
      vertex -2 -47.4 7.5
      vertex -2 -47.4 2.5
    endloop
  endfacet
  facet normal -1 -0 0
    outer loop
      vertex -2 -47.4 7.5
      vertex -2 -48.6 2.5
      vertex -2 -48.6 7.5
    endloop
  endfacet
  facet normal 0 -1 0
    outer loop
      vertex -2 -48.6 2.5
      vertex -1 -48.6 7.5
      vertex -2 -48.6 7.5
    endloop
  endfacet
  facet normal 0 -1 -0
    outer loop
      vertex -1 -48.6 7.5
      vertex -2 -48.6 2.5
      vertex -1 -48.6 2.5
    endloop
  endfacet
  facet normal 0 1 -0
    outer loop
      vertex -1 -47.4 2.5
      vertex -2 -47.4 7.5
      vertex -1 -47.4 7.5
    endloop
  endfacet
  facet normal 0 1 0
    outer loop
      vertex -2 -47.4 7.5
      vertex -1 -47.4 2.5
      vertex -2 -47.4 2.5
    endloop
  endfacet
  facet normal -1 0 0
    outer loop
      vertex -2 -46.6 2.5
      vertex -2 -45.4 7.5
      vertex -2 -45.4 2.5
    endloop
  endfacet
  facet normal -1 -0 0
    outer loop
      vertex -2 -45.4 7.5
      vertex -2 -46.6 2.5
      vertex -2 -46.6 7.5
    endloop
  endfacet
  facet normal 0 1 -0
    outer loop
      vertex -1 -45.4 2.5
      vertex -2 -45.4 7.5
      vertex -1 -45.4 7.5
    endloop
  endfacet
  facet normal 0 1 0
    outer loop
      vertex -2 -45.4 7.5
      vertex -1 -45.4 2.5
      vertex -2 -45.4 2.5
    endloop
  endfacet
  facet normal 0 -1 0
    outer loop
      vertex -2 -46.6 2.5
      vertex -1 -46.6 7.5
      vertex -2 -46.6 7.5
    endloop
  endfacet
  facet normal 0 -1 -0
    outer loop
      vertex -1 -46.6 7.5
      vertex -2 -46.6 2.5
      vertex -1 -46.6 2.5
    endloop
  endfacet
  facet normal -1 0 0
    outer loop
      vertex -2 -44.6 2.5
      vertex -2 -43.4 7.5
      vertex -2 -43.4 2.5
    endloop
  endfacet
  facet normal -1 -0 0
    outer loop
      vertex -2 -43.4 7.5
      vertex -2 -44.6 2.5
      vertex -2 -44.6 7.5
    endloop
  endfacet
  facet normal 0 1 -0
    outer loop
      vertex -1 -43.4 2.5
      vertex -2 -43.4 7.5
      vertex -1 -43.4 7.5
    endloop
  endfacet
  facet normal 0 1 0
    outer loop
      vertex -2 -43.4 7.5
      vertex -1 -43.4 2.5
      vertex -2 -43.4 2.5
    endloop
  endfacet
  facet normal 0 -1 0
    outer loop
      vertex -2 -44.6 2.5
      vertex -1 -44.6 7.5
      vertex -2 -44.6 7.5
    endloop
  endfacet
  facet normal 0 -1 -0
    outer loop
      vertex -1 -44.6 7.5
      vertex -2 -44.6 2.5
      vertex -1 -44.6 2.5
    endloop
  endfacet
  facet normal -1 0 0
    outer loop
      vertex -2 -42.6 2.5
      vertex -2 -41.4 7.5
      vertex -2 -41.4 2.5
    endloop
  endfacet
  facet normal -1 -0 0
    outer loop
      vertex -2 -41.4 7.5
      vertex -2 -42.6 2.5
      vertex -2 -42.6 7.5
    endloop
  endfacet
  facet normal 0 -1 0
    outer loop
      vertex -2 -42.6 2.5
      vertex -1 -42.6 7.5
      vertex -2 -42.6 7.5
    endloop
  endfacet
  facet normal 0 -1 -0
    outer loop
      vertex -1 -42.6 7.5
      vertex -2 -42.6 2.5
      vertex -1 -42.6 2.5
    endloop
  endfacet
  facet normal 0 1 -0
    outer loop
      vertex -1 -41.4 2.5
      vertex -2 -41.4 7.5
      vertex -1 -41.4 7.5
    endloop
  endfacet
  facet normal 0 1 0
    outer loop
      vertex -2 -41.4 7.5
      vertex -1 -41.4 2.5
      vertex -2 -41.4 2.5
    endloop
  endfacet
  facet normal -1 0 0
    outer loop
      vertex -2 -40.6 2.5
      vertex -2 -39.4 7.5
      vertex -2 -39.4 2.5
    endloop
  endfacet
  facet normal -1 -0 0
    outer loop
      vertex -2 -39.4 7.5
      vertex -2 -40.6 2.5
      vertex -2 -40.6 7.5
    endloop
  endfacet
  facet normal 0 1 -0
    outer loop
      vertex -1 -39.4 2.5
      vertex -2 -39.4 7.5
      vertex -1 -39.4 7.5
    endloop
  endfacet
  facet normal 0 1 0
    outer loop
      vertex -2 -39.4 7.5
      vertex -1 -39.4 2.5
      vertex -2 -39.4 2.5
    endloop
  endfacet
  facet normal 0 -1 0
    outer loop
      vertex -2 -40.6 2.5
      vertex -1 -40.6 7.5
      vertex -2 -40.6 7.5
    endloop
  endfacet
  facet normal 0 -1 -0
    outer loop
      vertex -1 -40.6 7.5
      vertex -2 -40.6 2.5
      vertex -1 -40.6 2.5
    endloop
  endfacet
  facet normal -1 0 0
    outer loop
      vertex -2 -38.6 2.5
      vertex -2 -37.4 7.5
      vertex -2 -37.4 2.5
    endloop
  endfacet
  facet normal -1 -0 0
    outer loop
      vertex -2 -37.4 7.5
      vertex -2 -38.6 2.5
      vertex -2 -38.6 7.5
    endloop
  endfacet
  facet normal 0 -1 0
    outer loop
      vertex -2 -38.6 2.5
      vertex -1 -38.6 7.5
      vertex -2 -38.6 7.5
    endloop
  endfacet
  facet normal 0 -1 -0
    outer loop
      vertex -1 -38.6 7.5
      vertex -2 -38.6 2.5
      vertex -1 -38.6 2.5
    endloop
  endfacet
  facet normal 0 1 -0
    outer loop
      vertex -1 -37.4 2.5
      vertex -2 -37.4 7.5
      vertex -1 -37.4 7.5
    endloop
  endfacet
  facet normal 0 1 0
    outer loop
      vertex -2 -37.4 7.5
      vertex -1 -37.4 2.5
      vertex -2 -37.4 2.5
    endloop
  endfacet
  facet normal -1 0 0
    outer loop
      vertex -2 -36.6 2.5
      vertex -2 -35.4 7.5
      vertex -2 -35.4 2.5
    endloop
  endfacet
  facet normal -1 -0 0
    outer loop
      vertex -2 -35.4 7.5
      vertex -2 -36.6 2.5
      vertex -2 -36.6 7.5
    endloop
  endfacet
  facet normal 0 1 -0
    outer loop
      vertex -1 -35.4 2.5
      vertex -2 -35.4 7.5
      vertex -1 -35.4 7.5
    endloop
  endfacet
  facet normal 0 1 0
    outer loop
      vertex -2 -35.4 7.5
      vertex -1 -35.4 2.5
      vertex -2 -35.4 2.5
    endloop
  endfacet
  facet normal 0 -1 0
    outer loop
      vertex -2 -36.6 2.5
      vertex -1 -36.6 7.5
      vertex -2 -36.6 7.5
    endloop
  endfacet
  facet normal 0 -1 -0
    outer loop
      vertex -1 -36.6 7.5
      vertex -2 -36.6 2.5
      vertex -1 -36.6 2.5
    endloop
  endfacet
  facet normal -1 0 0
    outer loop
      vertex -2 -34.6 2.5
      vertex -2 -33.4 7.5
      vertex -2 -33.4 2.5
    endloop
  endfacet
  facet normal -1 -0 0
    outer loop
      vertex -2 -33.4 7.5
      vertex -2 -34.6 2.5
      vertex -2 -34.6 7.5
    endloop
  endfacet
  facet normal 0 1 -0
    outer loop
      vertex -1 -33.4 2.5
      vertex -2 -33.4 7.5
      vertex -1 -33.4 7.5
    endloop
  endfacet
  facet normal 0 1 0
    outer loop
      vertex -2 -33.4 7.5
      vertex -1 -33.4 2.5
      vertex -2 -33.4 2.5
    endloop
  endfacet
  facet normal 0 -1 0
    outer loop
      vertex -2 -34.6 2.5
      vertex -1 -34.6 7.5
      vertex -2 -34.6 7.5
    endloop
  endfacet
  facet normal 0 -1 -0
    outer loop
      vertex -1 -34.6 7.5
      vertex -2 -34.6 2.5
      vertex -1 -34.6 2.5
    endloop
  endfacet
  facet normal -1 0 0
    outer loop
      vertex -2 -32.6 2.5
      vertex -2 -31.4 7.5
      vertex -2 -31.4 2.5
    endloop
  endfacet
  facet normal -1 -0 0
    outer loop
      vertex -2 -31.4 7.5
      vertex -2 -32.6 2.5
      vertex -2 -32.6 7.5
    endloop
  endfacet
  facet normal 0 1 -0
    outer loop
      vertex -1 -31.4 2.5
      vertex -2 -31.4 7.5
      vertex -1 -31.4 7.5
    endloop
  endfacet
  facet normal 0 1 0
    outer loop
      vertex -2 -31.4 7.5
      vertex -1 -31.4 2.5
      vertex -2 -31.4 2.5
    endloop
  endfacet
  facet normal 0 -1 0
    outer loop
      vertex -2 -32.6 2.5
      vertex -1 -32.6 7.5
      vertex -2 -32.6 7.5
    endloop
  endfacet
  facet normal 0 -1 -0
    outer loop
      vertex -1 -32.6 7.5
      vertex -2 -32.6 2.5
      vertex -1 -32.6 2.5
    endloop
  endfacet
  facet normal -1 0 0
    outer loop
      vertex -2 -30.6 2.5
      vertex -2 -29.4 7.5
      vertex -2 -29.4 2.5
    endloop
  endfacet
  facet normal -1 -0 0
    outer loop
      vertex -2 -29.4 7.5
      vertex -2 -30.6 2.5
      vertex -2 -30.6 7.5
    endloop
  endfacet
  facet normal 0 1 -0
    outer loop
      vertex -1 -29.4 2.5
      vertex -2 -29.4 7.5
      vertex -1 -29.4 7.5
    endloop
  endfacet
  facet normal 0 1 0
    outer loop
      vertex -2 -29.4 7.5
      vertex -1 -29.4 2.5
      vertex -2 -29.4 2.5
    endloop
  endfacet
  facet normal 0 -1 0
    outer loop
      vertex -2 -30.6 2.5
      vertex -1 -30.6 7.5
      vertex -2 -30.6 7.5
    endloop
  endfacet
  facet normal 0 -1 -0
    outer loop
      vertex -1 -30.6 7.5
      vertex -2 -30.6 2.5
      vertex -1 -30.6 2.5
    endloop
  endfacet
  facet normal -1 0 0
    outer loop
      vertex -2 -28.6 2.5
      vertex -2 -27.4 7.5
      vertex -2 -27.4 2.5
    endloop
  endfacet
  facet normal -1 -0 0
    outer loop
      vertex -2 -27.4 7.5
      vertex -2 -28.6 2.5
      vertex -2 -28.6 7.5
    endloop
  endfacet
  facet normal 0 -1 0
    outer loop
      vertex -2 -28.6 2.5
      vertex -1 -28.6 7.5
      vertex -2 -28.6 7.5
    endloop
  endfacet
  facet normal 0 -1 -0
    outer loop
      vertex -1 -28.6 7.5
      vertex -2 -28.6 2.5
      vertex -1 -28.6 2.5
    endloop
  endfacet
  facet normal 0 1 -0
    outer loop
      vertex -1 -27.4 2.5
      vertex -2 -27.4 7.5
      vertex -1 -27.4 7.5
    endloop
  endfacet
  facet normal 0 1 0
    outer loop
      vertex -2 -27.4 7.5
      vertex -1 -27.4 2.5
      vertex -2 -27.4 2.5
    endloop
  endfacet
  facet normal -1 0 0
    outer loop
      vertex -2 -26.6 2.5
      vertex -2 -25.4 7.5
      vertex -2 -25.4 2.5
    endloop
  endfacet
  facet normal -1 -0 0
    outer loop
      vertex -2 -25.4 7.5
      vertex -2 -26.6 2.5
      vertex -2 -26.6 7.5
    endloop
  endfacet
  facet normal 0 -1 0
    outer loop
      vertex -2 -26.6 2.5
      vertex -1 -26.6 7.5
      vertex -2 -26.6 7.5
    endloop
  endfacet
  facet normal 0 -1 -0
    outer loop
      vertex -1 -26.6 7.5
      vertex -2 -26.6 2.5
      vertex -1 -26.6 2.5
    endloop
  endfacet
  facet normal 0 1 -0
    outer loop
      vertex -1 -25.4 2.5
      vertex -2 -25.4 7.5
      vertex -1 -25.4 7.5
    endloop
  endfacet
  facet normal 0 1 0
    outer loop
      vertex -2 -25.4 7.5
      vertex -1 -25.4 2.5
      vertex -2 -25.4 2.5
    endloop
  endfacet
  facet normal -1 0 0
    outer loop
      vertex -2 -24.6 2.5
      vertex -2 -23.4 7.5
      vertex -2 -23.4 2.5
    endloop
  endfacet
  facet normal -1 -0 0
    outer loop
      vertex -2 -23.4 7.5
      vertex -2 -24.6 2.5
      vertex -2 -24.6 7.5
    endloop
  endfacet
  facet normal 0 -1 0
    outer loop
      vertex -2 -24.6 2.5
      vertex -1 -24.6 7.5
      vertex -2 -24.6 7.5
    endloop
  endfacet
  facet normal 0 -1 -0
    outer loop
      vertex -1 -24.6 7.5
      vertex -2 -24.6 2.5
      vertex -1 -24.6 2.5
    endloop
  endfacet
  facet normal 0 1 -0
    outer loop
      vertex -1 -23.4 2.5
      vertex -2 -23.4 7.5
      vertex -1 -23.4 7.5
    endloop
  endfacet
  facet normal 0 1 0
    outer loop
      vertex -2 -23.4 7.5
      vertex -1 -23.4 2.5
      vertex -2 -23.4 2.5
    endloop
  endfacet
  facet normal -1 0 0
    outer loop
      vertex -2 -22.6 2.5
      vertex -2 -21.4 7.5
      vertex -2 -21.4 2.5
    endloop
  endfacet
  facet normal -1 -0 0
    outer loop
      vertex -2 -21.4 7.5
      vertex -2 -22.6 2.5
      vertex -2 -22.6 7.5
    endloop
  endfacet
  facet normal 0 1 -0
    outer loop
      vertex -1 -21.4 2.5
      vertex -2 -21.4 7.5
      vertex -1 -21.4 7.5
    endloop
  endfacet
  facet normal 0 1 0
    outer loop
      vertex -2 -21.4 7.5
      vertex -1 -21.4 2.5
      vertex -2 -21.4 2.5
    endloop
  endfacet
  facet normal 0 -1 0
    outer loop
      vertex -2 -22.6 2.5
      vertex -1 -22.6 7.5
      vertex -2 -22.6 7.5
    endloop
  endfacet
  facet normal 0 -1 -0
    outer loop
      vertex -1 -22.6 7.5
      vertex -2 -22.6 2.5
      vertex -1 -22.6 2.5
    endloop
  endfacet
  facet normal -1 0 0
    outer loop
      vertex -2 -20.6 2.5
      vertex -2 -19.4 7.5
      vertex -2 -19.4 2.5
    endloop
  endfacet
  facet normal -1 -0 0
    outer loop
      vertex -2 -19.4 7.5
      vertex -2 -20.6 2.5
      vertex -2 -20.6 7.5
    endloop
  endfacet
  facet normal 0 1 -0
    outer loop
      vertex -1 -19.4 2.5
      vertex -2 -19.4 7.5
      vertex -1 -19.4 7.5
    endloop
  endfacet
  facet normal 0 1 0
    outer loop
      vertex -2 -19.4 7.5
      vertex -1 -19.4 2.5
      vertex -2 -19.4 2.5
    endloop
  endfacet
  facet normal 0 -1 0
    outer loop
      vertex -2 -20.6 2.5
      vertex -1 -20.6 7.5
      vertex -2 -20.6 7.5
    endloop
  endfacet
  facet normal 0 -1 -0
    outer loop
      vertex -1 -20.6 7.5
      vertex -2 -20.6 2.5
      vertex -1 -20.6 2.5
    endloop
  endfacet
  facet normal -1 0 0
    outer loop
      vertex -2 -18.6 2.5
      vertex -2 -17.4 7.5
      vertex -2 -17.4 2.5
    endloop
  endfacet
  facet normal -1 -0 0
    outer loop
      vertex -2 -17.4 7.5
      vertex -2 -18.6 2.5
      vertex -2 -18.6 7.5
    endloop
  endfacet
  facet normal 0 -1 0
    outer loop
      vertex -2 -18.6 2.5
      vertex -1 -18.6 7.5
      vertex -2 -18.6 7.5
    endloop
  endfacet
  facet normal 0 -1 -0
    outer loop
      vertex -1 -18.6 7.5
      vertex -2 -18.6 2.5
      vertex -1 -18.6 2.5
    endloop
  endfacet
  facet normal 0 1 -0
    outer loop
      vertex -1 -17.4 2.5
      vertex -2 -17.4 7.5
      vertex -1 -17.4 7.5
    endloop
  endfacet
  facet normal 0 1 0
    outer loop
      vertex -2 -17.4 7.5
      vertex -1 -17.4 2.5
      vertex -2 -17.4 2.5
    endloop
  endfacet
  facet normal -1 0 0
    outer loop
      vertex -2 -16.6 2.5
      vertex -2 -15.4 7.5
      vertex -2 -15.4 2.5
    endloop
  endfacet
  facet normal -1 -0 0
    outer loop
      vertex -2 -15.4 7.5
      vertex -2 -16.6 2.5
      vertex -2 -16.6 7.5
    endloop
  endfacet
  facet normal 0 1 -0
    outer loop
      vertex -1 -15.4 2.5
      vertex -2 -15.4 7.5
      vertex -1 -15.4 7.5
    endloop
  endfacet
  facet normal 0 1 0
    outer loop
      vertex -2 -15.4 7.5
      vertex -1 -15.4 2.5
      vertex -2 -15.4 2.5
    endloop
  endfacet
  facet normal 0 -1 0
    outer loop
      vertex -2 -16.6 2.5
      vertex -1 -16.6 7.5
      vertex -2 -16.6 7.5
    endloop
  endfacet
  facet normal 0 -1 -0
    outer loop
      vertex -1 -16.6 7.5
      vertex -2 -16.6 2.5
      vertex -1 -16.6 2.5
    endloop
  endfacet
  facet normal -1 0 0
    outer loop
      vertex -2 -14.6 2.5
      vertex -2 -13.4 7.5
      vertex -2 -13.4 2.5
    endloop
  endfacet
  facet normal -1 -0 0
    outer loop
      vertex -2 -13.4 7.5
      vertex -2 -14.6 2.5
      vertex -2 -14.6 7.5
    endloop
  endfacet
  facet normal 0 1 -0
    outer loop
      vertex -1 -13.4 2.5
      vertex -2 -13.4 7.5
      vertex -1 -13.4 7.5
    endloop
  endfacet
  facet normal 0 1 0
    outer loop
      vertex -2 -13.4 7.5
      vertex -1 -13.4 2.5
      vertex -2 -13.4 2.5
    endloop
  endfacet
  facet normal 0 -1 0
    outer loop
      vertex -2 -14.6 2.5
      vertex -1 -14.6 7.5
      vertex -2 -14.6 7.5
    endloop
  endfacet
  facet normal 0 -1 -0
    outer loop
      vertex -1 -14.6 7.5
      vertex -2 -14.6 2.5
      vertex -1 -14.6 2.5
    endloop
  endfacet
  facet normal -1 0 0
    outer loop
      vertex -2 -12.6 2.5
      vertex -2 -11.4 7.5
      vertex -2 -11.4 2.5
    endloop
  endfacet
  facet normal -1 -0 0
    outer loop
      vertex -2 -11.4 7.5
      vertex -2 -12.6 2.5
      vertex -2 -12.6 7.5
    endloop
  endfacet
  facet normal 0 -1 0
    outer loop
      vertex -2 -12.6 2.5
      vertex -1 -12.6 7.5
      vertex -2 -12.6 7.5
    endloop
  endfacet
  facet normal 0 -1 -0
    outer loop
      vertex -1 -12.6 7.5
      vertex -2 -12.6 2.5
      vertex -1 -12.6 2.5
    endloop
  endfacet
  facet normal 0 1 -0
    outer loop
      vertex -1 -11.4 2.5
      vertex -2 -11.4 7.5
      vertex -1 -11.4 7.5
    endloop
  endfacet
  facet normal 0 1 0
    outer loop
      vertex -2 -11.4 7.5
      vertex -1 -11.4 2.5
      vertex -2 -11.4 2.5
    endloop
  endfacet
  facet normal -1 0 0
    outer loop
      vertex -2 -10.6 2.5
      vertex -2 -9.4 7.5
      vertex -2 -9.4 2.5
    endloop
  endfacet
  facet normal -1 -0 0
    outer loop
      vertex -2 -9.4 7.5
      vertex -2 -10.6 2.5
      vertex -2 -10.6 7.5
    endloop
  endfacet
  facet normal 0 1 -0
    outer loop
      vertex -1 -9.4 2.5
      vertex -2 -9.4 7.5
      vertex -1 -9.4 7.5
    endloop
  endfacet
  facet normal 0 1 0
    outer loop
      vertex -2 -9.4 7.5
      vertex -1 -9.4 2.5
      vertex -2 -9.4 2.5
    endloop
  endfacet
  facet normal 0 -1 0
    outer loop
      vertex -2 -10.6 2.5
      vertex -1 -10.6 7.5
      vertex -2 -10.6 7.5
    endloop
  endfacet
  facet normal 0 -1 -0
    outer loop
      vertex -1 -10.6 7.5
      vertex -2 -10.6 2.5
      vertex -1 -10.6 2.5
    endloop
  endfacet
  facet normal -1 0 0
    outer loop
      vertex -2 -8.6 2.5
      vertex -2 -7.4 7.5
      vertex -2 -7.4 2.5
    endloop
  endfacet
  facet normal -1 -0 0
    outer loop
      vertex -2 -7.4 7.5
      vertex -2 -8.6 2.5
      vertex -2 -8.6 7.5
    endloop
  endfacet
  facet normal 0 1 -0
    outer loop
      vertex -1 -7.4 2.5
      vertex -2 -7.4 7.5
      vertex -1 -7.4 7.5
    endloop
  endfacet
  facet normal 0 1 0
    outer loop
      vertex -2 -7.4 7.5
      vertex -1 -7.4 2.5
      vertex -2 -7.4 2.5
    endloop
  endfacet
  facet normal 0 -1 0
    outer loop
      vertex -2 -8.6 2.5
      vertex -1 -8.6 7.5
      vertex -2 -8.6 7.5
    endloop
  endfacet
  facet normal 0 -1 -0
    outer loop
      vertex -1 -8.6 7.5
      vertex -2 -8.6 2.5
      vertex -1 -8.6 2.5
    endloop
  endfacet
  facet normal -1 0 0
    outer loop
      vertex -2 -6.6 2.5
      vertex -2 -5.4 7.5
      vertex -2 -5.4 2.5
    endloop
  endfacet
  facet normal -1 -0 0
    outer loop
      vertex -2 -5.4 7.5
      vertex -2 -6.6 2.5
      vertex -2 -6.6 7.5
    endloop
  endfacet
  facet normal 0 1 -0
    outer loop
      vertex -1 -5.4 2.5
      vertex -2 -5.4 7.5
      vertex -1 -5.4 7.5
    endloop
  endfacet
  facet normal 0 1 0
    outer loop
      vertex -2 -5.4 7.5
      vertex -1 -5.4 2.5
      vertex -2 -5.4 2.5
    endloop
  endfacet
  facet normal 0 -1 0
    outer loop
      vertex -2 -6.6 2.5
      vertex -1 -6.6 7.5
      vertex -2 -6.6 7.5
    endloop
  endfacet
  facet normal 0 -1 -0
    outer loop
      vertex -1 -6.6 7.5
      vertex -2 -6.6 2.5
      vertex -1 -6.6 2.5
    endloop
  endfacet
  facet normal -1 0 0
    outer loop
      vertex -2 -4.6 2.5
      vertex -2 -3.4 7.5
      vertex -2 -3.4 2.5
    endloop
  endfacet
  facet normal -1 -0 0
    outer loop
      vertex -2 -3.4 7.5
      vertex -2 -4.6 2.5
      vertex -2 -4.6 7.5
    endloop
  endfacet
  facet normal 0 1 -0
    outer loop
      vertex -1 -3.4 2.5
      vertex -2 -3.4 7.5
      vertex -1 -3.4 7.5
    endloop
  endfacet
  facet normal 0 1 0
    outer loop
      vertex -2 -3.4 7.5
      vertex -1 -3.4 2.5
      vertex -2 -3.4 2.5
    endloop
  endfacet
  facet normal 0 -1 0
    outer loop
      vertex -2 -4.6 2.5
      vertex -1 -4.6 7.5
      vertex -2 -4.6 7.5
    endloop
  endfacet
  facet normal 0 -1 -0
    outer loop
      vertex -1 -4.6 7.5
      vertex -2 -4.6 2.5
      vertex -1 -4.6 2.5
    endloop
  endfacet
  facet normal -1 0 0
    outer loop
      vertex -2 -2.6 2.5
      vertex -2 -1.4 7.5
      vertex -2 -1.4 2.5
    endloop
  endfacet
  facet normal -1 -0 0
    outer loop
      vertex -2 -1.4 7.5
      vertex -2 -2.6 2.5
      vertex -2 -2.6 7.5
    endloop
  endfacet
  facet normal 0 -1 0
    outer loop
      vertex -2 -2.6 2.5
      vertex -1 -2.6 7.5
      vertex -2 -2.6 7.5
    endloop
  endfacet
  facet normal 0 -1 -0
    outer loop
      vertex -1 -2.6 7.5
      vertex -2 -2.6 2.5
      vertex -1 -2.6 2.5
    endloop
  endfacet
  facet normal 0 1 -0
    outer loop
      vertex -1 -1.4 2.5
      vertex -2 -1.4 7.5
      vertex -1 -1.4 7.5
    endloop
  endfacet
  facet normal 0 1 0
    outer loop
      vertex -2 -1.4 7.5
      vertex -1 -1.4 2.5
      vertex -2 -1.4 2.5
    endloop
  endfacet
  facet normal -1 0 0
    outer loop
      vertex -2 -0.6 2.5
      vertex -2 0.599999 7.5
      vertex -2 0.599999 2.5
    endloop
  endfacet
  facet normal -1 -0 0
    outer loop
      vertex -2 0.599999 7.5
      vertex -2 -0.6 2.5
      vertex -2 -0.6 7.5
    endloop
  endfacet
  facet normal 0 1 -0
    outer loop
      vertex -1 0.599999 2.5
      vertex -2 0.599999 7.5
      vertex -1 0.599999 7.5
    endloop
  endfacet
  facet normal 0 1 0
    outer loop
      vertex -2 0.599999 7.5
      vertex -1 0.599999 2.5
      vertex -2 0.599999 2.5
    endloop
  endfacet
  facet normal 0 -1 0
    outer loop
      vertex -2 -0.6 2.5
      vertex -1 -0.6 7.5
      vertex -2 -0.6 7.5
    endloop
  endfacet
  facet normal 0 -1 -0
    outer loop
      vertex -1 -0.6 7.5
      vertex -2 -0.6 2.5
      vertex -1 -0.6 2.5
    endloop
  endfacet
  facet normal -1 0 0
    outer loop
      vertex -2 1.4 2.5
      vertex -2 2.6 7.5
      vertex -2 2.6 2.5
    endloop
  endfacet
  facet normal -1 -0 0
    outer loop
      vertex -2 2.6 7.5
      vertex -2 1.4 2.5
      vertex -2 1.4 7.5
    endloop
  endfacet
  facet normal 0 1 -0
    outer loop
      vertex -1 2.6 2.5
      vertex -2 2.6 7.5
      vertex -1 2.6 7.5
    endloop
  endfacet
  facet normal 0 1 0
    outer loop
      vertex -2 2.6 7.5
      vertex -1 2.6 2.5
      vertex -2 2.6 2.5
    endloop
  endfacet
  facet normal 0 -1 0
    outer loop
      vertex -2 1.4 2.5
      vertex -1 1.4 7.5
      vertex -2 1.4 7.5
    endloop
  endfacet
  facet normal 0 -1 -0
    outer loop
      vertex -1 1.4 7.5
      vertex -2 1.4 2.5
      vertex -1 1.4 2.5
    endloop
  endfacet
  facet normal -1 0 0
    outer loop
      vertex -2 3.4 2.5
      vertex -2 4.6 7.5
      vertex -2 4.6 2.5
    endloop
  endfacet
  facet normal -1 -0 0
    outer loop
      vertex -2 4.6 7.5
      vertex -2 3.4 2.5
      vertex -2 3.4 7.5
    endloop
  endfacet
  facet normal 0 1 -0
    outer loop
      vertex -1 4.6 2.5
      vertex -2 4.6 7.5
      vertex -1 4.6 7.5
    endloop
  endfacet
  facet normal 0 1 0
    outer loop
      vertex -2 4.6 7.5
      vertex -1 4.6 2.5
      vertex -2 4.6 2.5
    endloop
  endfacet
  facet normal 0 -1 0
    outer loop
      vertex -2 3.4 2.5
      vertex -1 3.4 7.5
      vertex -2 3.4 7.5
    endloop
  endfacet
  facet normal 0 -1 -0
    outer loop
      vertex -1 3.4 7.5
      vertex -2 3.4 2.5
      vertex -1 3.4 2.5
    endloop
  endfacet
  facet normal -1 0 0
    outer loop
      vertex -2 5.4 2.5
      vertex -2 6.6 7.5
      vertex -2 6.6 2.5
    endloop
  endfacet
  facet normal -1 -0 0
    outer loop
      vertex -2 6.6 7.5
      vertex -2 5.4 2.5
      vertex -2 5.4 7.5
    endloop
  endfacet
  facet normal 0 1 -0
    outer loop
      vertex -1 6.6 2.5
      vertex -2 6.6 7.5
      vertex -1 6.6 7.5
    endloop
  endfacet
  facet normal 0 1 0
    outer loop
      vertex -2 6.6 7.5
      vertex -1 6.6 2.5
      vertex -2 6.6 2.5
    endloop
  endfacet
  facet normal 0 -1 0
    outer loop
      vertex -2 5.4 2.5
      vertex -1 5.4 7.5
      vertex -2 5.4 7.5
    endloop
  endfacet
  facet normal 0 -1 -0
    outer loop
      vertex -1 5.4 7.5
      vertex -2 5.4 2.5
      vertex -1 5.4 2.5
    endloop
  endfacet
  facet normal -1 0 0
    outer loop
      vertex -2 7.4 2.5
      vertex -2 8.6 7.5
      vertex -2 8.6 2.5
    endloop
  endfacet
  facet normal -1 -0 0
    outer loop
      vertex -2 8.6 7.5
      vertex -2 7.4 2.5
      vertex -2 7.4 7.5
    endloop
  endfacet
  facet normal 0 1 -0
    outer loop
      vertex -1 8.6 2.5
      vertex -2 8.6 7.5
      vertex -1 8.6 7.5
    endloop
  endfacet
  facet normal 0 1 0
    outer loop
      vertex -2 8.6 7.5
      vertex -1 8.6 2.5
      vertex -2 8.6 2.5
    endloop
  endfacet
  facet normal 0 -1 0
    outer loop
      vertex -2 7.4 2.5
      vertex -1 7.4 7.5
      vertex -2 7.4 7.5
    endloop
  endfacet
  facet normal 0 -1 -0
    outer loop
      vertex -1 7.4 7.5
      vertex -2 7.4 2.5
      vertex -1 7.4 2.5
    endloop
  endfacet
  facet normal -1 0 0
    outer loop
      vertex -2 9.4 2.5
      vertex -2 10.6 7.5
      vertex -2 10.6 2.5
    endloop
  endfacet
  facet normal -1 -0 0
    outer loop
      vertex -2 10.6 7.5
      vertex -2 9.4 2.5
      vertex -2 9.4 7.5
    endloop
  endfacet
  facet normal 0 1 -0
    outer loop
      vertex -1 10.6 2.5
      vertex -2 10.6 7.5
      vertex -1 10.6 7.5
    endloop
  endfacet
  facet normal 0 1 0
    outer loop
      vertex -2 10.6 7.5
      vertex -1 10.6 2.5
      vertex -2 10.6 2.5
    endloop
  endfacet
  facet normal 0 -1 0
    outer loop
      vertex -2 9.4 2.5
      vertex -1 9.4 7.5
      vertex -2 9.4 7.5
    endloop
  endfacet
  facet normal 0 -1 -0
    outer loop
      vertex -1 9.4 7.5
      vertex -2 9.4 2.5
      vertex -1 9.4 2.5
    endloop
  endfacet
  facet normal -1 0 0
    outer loop
      vertex -2 11.4 2.5
      vertex -2 12.6 7.5
      vertex -2 12.6 2.5
    endloop
  endfacet
  facet normal -1 -0 0
    outer loop
      vertex -2 12.6 7.5
      vertex -2 11.4 2.5
      vertex -2 11.4 7.5
    endloop
  endfacet
  facet normal 0 -1 0
    outer loop
      vertex -2 11.4 2.5
      vertex -1 11.4 7.5
      vertex -2 11.4 7.5
    endloop
  endfacet
  facet normal 0 -1 -0
    outer loop
      vertex -1 11.4 7.5
      vertex -2 11.4 2.5
      vertex -1 11.4 2.5
    endloop
  endfacet
  facet normal 0 1 -0
    outer loop
      vertex -1 12.6 2.5
      vertex -2 12.6 7.5
      vertex -1 12.6 7.5
    endloop
  endfacet
  facet normal 0 1 0
    outer loop
      vertex -2 12.6 7.5
      vertex -1 12.6 2.5
      vertex -2 12.6 2.5
    endloop
  endfacet
  facet normal -1 0 0
    outer loop
      vertex -2 13.4 2.5
      vertex -2 14.6 7.5
      vertex -2 14.6 2.5
    endloop
  endfacet
  facet normal -1 -0 0
    outer loop
      vertex -2 14.6 7.5
      vertex -2 13.4 2.5
      vertex -2 13.4 7.5
    endloop
  endfacet
  facet normal 0 1 -0
    outer loop
      vertex -1 14.6 2.5
      vertex -2 14.6 7.5
      vertex -1 14.6 7.5
    endloop
  endfacet
  facet normal 0 1 0
    outer loop
      vertex -2 14.6 7.5
      vertex -1 14.6 2.5
      vertex -2 14.6 2.5
    endloop
  endfacet
  facet normal 0 -1 0
    outer loop
      vertex -2 13.4 2.5
      vertex -1 13.4 7.5
      vertex -2 13.4 7.5
    endloop
  endfacet
  facet normal 0 -1 -0
    outer loop
      vertex -1 13.4 7.5
      vertex -2 13.4 2.5
      vertex -1 13.4 2.5
    endloop
  endfacet
  facet normal -1 0 0
    outer loop
      vertex -2 15.4 2.5
      vertex -2 16.6 7.5
      vertex -2 16.6 2.5
    endloop
  endfacet
  facet normal -1 -0 0
    outer loop
      vertex -2 16.6 7.5
      vertex -2 15.4 2.5
      vertex -2 15.4 7.5
    endloop
  endfacet
  facet normal 0 -1 0
    outer loop
      vertex -2 15.4 2.5
      vertex -1 15.4 7.5
      vertex -2 15.4 7.5
    endloop
  endfacet
  facet normal 0 -1 -0
    outer loop
      vertex -1 15.4 7.5
      vertex -2 15.4 2.5
      vertex -1 15.4 2.5
    endloop
  endfacet
  facet normal 0 1 -0
    outer loop
      vertex -1 16.6 2.5
      vertex -2 16.6 7.5
      vertex -1 16.6 7.5
    endloop
  endfacet
  facet normal 0 1 0
    outer loop
      vertex -2 16.6 7.5
      vertex -1 16.6 2.5
      vertex -2 16.6 2.5
    endloop
  endfacet
  facet normal -1 0 0
    outer loop
      vertex -2 17.4 2.5
      vertex -2 18.6 7.5
      vertex -2 18.6 2.5
    endloop
  endfacet
  facet normal -1 -0 0
    outer loop
      vertex -2 18.6 7.5
      vertex -2 17.4 2.5
      vertex -2 17.4 7.5
    endloop
  endfacet
  facet normal 0 -1 0
    outer loop
      vertex -2 17.4 2.5
      vertex -1 17.4 7.5
      vertex -2 17.4 7.5
    endloop
  endfacet
  facet normal 0 -1 -0
    outer loop
      vertex -1 17.4 7.5
      vertex -2 17.4 2.5
      vertex -1 17.4 2.5
    endloop
  endfacet
  facet normal 0 1 -0
    outer loop
      vertex -1 18.6 2.5
      vertex -2 18.6 7.5
      vertex -1 18.6 7.5
    endloop
  endfacet
  facet normal 0 1 0
    outer loop
      vertex -2 18.6 7.5
      vertex -1 18.6 2.5
      vertex -2 18.6 2.5
    endloop
  endfacet
  facet normal -1 0 0
    outer loop
      vertex -2 19.4 2.5
      vertex -2 20.6 7.5
      vertex -2 20.6 2.5
    endloop
  endfacet
  facet normal -1 -0 0
    outer loop
      vertex -2 20.6 7.5
      vertex -2 19.4 2.5
      vertex -2 19.4 7.5
    endloop
  endfacet
  facet normal 0 -1 0
    outer loop
      vertex -2 19.4 2.5
      vertex -1 19.4 7.5
      vertex -2 19.4 7.5
    endloop
  endfacet
  facet normal 0 -1 -0
    outer loop
      vertex -1 19.4 7.5
      vertex -2 19.4 2.5
      vertex -1 19.4 2.5
    endloop
  endfacet
  facet normal 0 1 -0
    outer loop
      vertex -1 20.6 2.5
      vertex -2 20.6 7.5
      vertex -1 20.6 7.5
    endloop
  endfacet
  facet normal 0 1 0
    outer loop
      vertex -2 20.6 7.5
      vertex -1 20.6 2.5
      vertex -2 20.6 2.5
    endloop
  endfacet
  facet normal -1 0 0
    outer loop
      vertex -2 21.4 2.5
      vertex -2 22.6 7.5
      vertex -2 22.6 2.5
    endloop
  endfacet
  facet normal -1 -0 0
    outer loop
      vertex -2 22.6 7.5
      vertex -2 21.4 2.5
      vertex -2 21.4 7.5
    endloop
  endfacet
  facet normal 0 -1 0
    outer loop
      vertex -2 21.4 2.5
      vertex -1 21.4 7.5
      vertex -2 21.4 7.5
    endloop
  endfacet
  facet normal 0 -1 -0
    outer loop
      vertex -1 21.4 7.5
      vertex -2 21.4 2.5
      vertex -1 21.4 2.5
    endloop
  endfacet
  facet normal 0 1 -0
    outer loop
      vertex -1 22.6 2.5
      vertex -2 22.6 7.5
      vertex -1 22.6 7.5
    endloop
  endfacet
  facet normal 0 1 0
    outer loop
      vertex -2 22.6 7.5
      vertex -1 22.6 2.5
      vertex -2 22.6 2.5
    endloop
  endfacet
  facet normal -1 0 0
    outer loop
      vertex -2 23.4 2.5
      vertex -2 24.6 7.5
      vertex -2 24.6 2.5
    endloop
  endfacet
  facet normal -1 -0 0
    outer loop
      vertex -2 24.6 7.5
      vertex -2 23.4 2.5
      vertex -2 23.4 7.5
    endloop
  endfacet
  facet normal 0 -1 0
    outer loop
      vertex -2 23.4 2.5
      vertex -1 23.4 7.5
      vertex -2 23.4 7.5
    endloop
  endfacet
  facet normal 0 -1 -0
    outer loop
      vertex -1 23.4 7.5
      vertex -2 23.4 2.5
      vertex -1 23.4 2.5
    endloop
  endfacet
  facet normal 0 1 -0
    outer loop
      vertex -1 24.6 2.5
      vertex -2 24.6 7.5
      vertex -1 24.6 7.5
    endloop
  endfacet
  facet normal 0 1 0
    outer loop
      vertex -2 24.6 7.5
      vertex -1 24.6 2.5
      vertex -2 24.6 2.5
    endloop
  endfacet
  facet normal -1 0 0
    outer loop
      vertex -2 25.4 2.5
      vertex -2 26.6 7.5
      vertex -2 26.6 2.5
    endloop
  endfacet
  facet normal -1 -0 0
    outer loop
      vertex -2 26.6 7.5
      vertex -2 25.4 2.5
      vertex -2 25.4 7.5
    endloop
  endfacet
  facet normal 0 -1 0
    outer loop
      vertex -2 25.4 2.5
      vertex -1 25.4 7.5
      vertex -2 25.4 7.5
    endloop
  endfacet
  facet normal 0 -1 -0
    outer loop
      vertex -1 25.4 7.5
      vertex -2 25.4 2.5
      vertex -1 25.4 2.5
    endloop
  endfacet
  facet normal 0 1 -0
    outer loop
      vertex -1 26.6 2.5
      vertex -2 26.6 7.5
      vertex -1 26.6 7.5
    endloop
  endfacet
  facet normal 0 1 0
    outer loop
      vertex -2 26.6 7.5
      vertex -1 26.6 2.5
      vertex -2 26.6 2.5
    endloop
  endfacet
  facet normal -1 0 0
    outer loop
      vertex -2 27.4 2.5
      vertex -2 28.6 7.5
      vertex -2 28.6 2.5
    endloop
  endfacet
  facet normal -1 -0 0
    outer loop
      vertex -2 28.6 7.5
      vertex -2 27.4 2.5
      vertex -2 27.4 7.5
    endloop
  endfacet
  facet normal 0 1 -0
    outer loop
      vertex -1 28.6 2.5
      vertex -2 28.6 7.5
      vertex -1 28.6 7.5
    endloop
  endfacet
  facet normal 0 1 0
    outer loop
      vertex -2 28.6 7.5
      vertex -1 28.6 2.5
      vertex -2 28.6 2.5
    endloop
  endfacet
  facet normal 0 -1 0
    outer loop
      vertex -2 27.4 2.5
      vertex -1 27.4 7.5
      vertex -2 27.4 7.5
    endloop
  endfacet
  facet normal 0 -1 -0
    outer loop
      vertex -1 27.4 7.5
      vertex -2 27.4 2.5
      vertex -1 27.4 2.5
    endloop
  endfacet
  facet normal -1 0 0
    outer loop
      vertex -2 29.4 2.5
      vertex -2 30.6 7.5
      vertex -2 30.6 2.5
    endloop
  endfacet
  facet normal -1 -0 0
    outer loop
      vertex -2 30.6 7.5
      vertex -2 29.4 2.5
      vertex -2 29.4 7.5
    endloop
  endfacet
  facet normal 0 -1 0
    outer loop
      vertex -2 29.4 2.5
      vertex -1 29.4 7.5
      vertex -2 29.4 7.5
    endloop
  endfacet
  facet normal 0 -1 -0
    outer loop
      vertex -1 29.4 7.5
      vertex -2 29.4 2.5
      vertex -1 29.4 2.5
    endloop
  endfacet
  facet normal 0 1 -0
    outer loop
      vertex -1 30.6 2.5
      vertex -2 30.6 7.5
      vertex -1 30.6 7.5
    endloop
  endfacet
  facet normal 0 1 0
    outer loop
      vertex -2 30.6 7.5
      vertex -1 30.6 2.5
      vertex -2 30.6 2.5
    endloop
  endfacet
  facet normal -1 0 0
    outer loop
      vertex -2 31.4 2.5
      vertex -2 32.6 7.5
      vertex -2 32.6 2.5
    endloop
  endfacet
  facet normal -1 -0 0
    outer loop
      vertex -2 32.6 7.5
      vertex -2 31.4 2.5
      vertex -2 31.4 7.5
    endloop
  endfacet
  facet normal 0 -1 0
    outer loop
      vertex -2 31.4 2.5
      vertex -1 31.4 7.5
      vertex -2 31.4 7.5
    endloop
  endfacet
  facet normal 0 -1 -0
    outer loop
      vertex -1 31.4 7.5
      vertex -2 31.4 2.5
      vertex -1 31.4 2.5
    endloop
  endfacet
  facet normal 0 1 -0
    outer loop
      vertex -1 32.6 2.5
      vertex -2 32.6 7.5
      vertex -1 32.6 7.5
    endloop
  endfacet
  facet normal 0 1 0
    outer loop
      vertex -2 32.6 7.5
      vertex -1 32.6 2.5
      vertex -2 32.6 2.5
    endloop
  endfacet
  facet normal -1 0 0
    outer loop
      vertex -2 33.4 2.5
      vertex -2 34.6 7.5
      vertex -2 34.6 2.5
    endloop
  endfacet
  facet normal -1 -0 0
    outer loop
      vertex -2 34.6 7.5
      vertex -2 33.4 2.5
      vertex -2 33.4 7.5
    endloop
  endfacet
  facet normal 0 1 -0
    outer loop
      vertex -1 34.6 2.5
      vertex -2 34.6 7.5
      vertex -1 34.6 7.5
    endloop
  endfacet
  facet normal 0 1 0
    outer loop
      vertex -2 34.6 7.5
      vertex -1 34.6 2.5
      vertex -2 34.6 2.5
    endloop
  endfacet
  facet normal 0 -1 0
    outer loop
      vertex -2 33.4 2.5
      vertex -1 33.4 7.5
      vertex -2 33.4 7.5
    endloop
  endfacet
  facet normal 0 -1 -0
    outer loop
      vertex -1 33.4 7.5
      vertex -2 33.4 2.5
      vertex -1 33.4 2.5
    endloop
  endfacet
  facet normal -1 0 0
    outer loop
      vertex -2 35.4 2.5
      vertex -2 36.6 7.5
      vertex -2 36.6 2.5
    endloop
  endfacet
  facet normal -1 -0 0
    outer loop
      vertex -2 36.6 7.5
      vertex -2 35.4 2.5
      vertex -2 35.4 7.5
    endloop
  endfacet
  facet normal 0 1 -0
    outer loop
      vertex -1 36.6 2.5
      vertex -2 36.6 7.5
      vertex -1 36.6 7.5
    endloop
  endfacet
  facet normal 0 1 0
    outer loop
      vertex -2 36.6 7.5
      vertex -1 36.6 2.5
      vertex -2 36.6 2.5
    endloop
  endfacet
  facet normal 0 -1 0
    outer loop
      vertex -2 35.4 2.5
      vertex -1 35.4 7.5
      vertex -2 35.4 7.5
    endloop
  endfacet
  facet normal 0 -1 -0
    outer loop
      vertex -1 35.4 7.5
      vertex -2 35.4 2.5
      vertex -1 35.4 2.5
    endloop
  endfacet
  facet normal -1 0 0
    outer loop
      vertex -2 37.4 2.5
      vertex -2 38.6 7.5
      vertex -2 38.6 2.5
    endloop
  endfacet
  facet normal -1 -0 0
    outer loop
      vertex -2 38.6 7.5
      vertex -2 37.4 2.5
      vertex -2 37.4 7.5
    endloop
  endfacet
  facet normal 0 -1 0
    outer loop
      vertex -2 37.4 2.5
      vertex -1 37.4 7.5
      vertex -2 37.4 7.5
    endloop
  endfacet
  facet normal 0 -1 -0
    outer loop
      vertex -1 37.4 7.5
      vertex -2 37.4 2.5
      vertex -1 37.4 2.5
    endloop
  endfacet
  facet normal 0 1 -0
    outer loop
      vertex -1 38.6 2.5
      vertex -2 38.6 7.5
      vertex -1 38.6 7.5
    endloop
  endfacet
  facet normal 0 1 0
    outer loop
      vertex -2 38.6 7.5
      vertex -1 38.6 2.5
      vertex -2 38.6 2.5
    endloop
  endfacet
  facet normal -1 0 0
    outer loop
      vertex -2 39.4 2.5
      vertex -2 40.6 7.5
      vertex -2 40.6 2.5
    endloop
  endfacet
  facet normal -1 -0 0
    outer loop
      vertex -2 40.6 7.5
      vertex -2 39.4 2.5
      vertex -2 39.4 7.5
    endloop
  endfacet
  facet normal 0 1 -0
    outer loop
      vertex -1 40.6 2.5
      vertex -2 40.6 7.5
      vertex -1 40.6 7.5
    endloop
  endfacet
  facet normal 0 1 0
    outer loop
      vertex -2 40.6 7.5
      vertex -1 40.6 2.5
      vertex -2 40.6 2.5
    endloop
  endfacet
  facet normal 0 -1 0
    outer loop
      vertex -2 39.4 2.5
      vertex -1 39.4 7.5
      vertex -2 39.4 7.5
    endloop
  endfacet
  facet normal 0 -1 -0
    outer loop
      vertex -1 39.4 7.5
      vertex -2 39.4 2.5
      vertex -1 39.4 2.5
    endloop
  endfacet
  facet normal -1 0 0
    outer loop
      vertex -2 41.4 2.5
      vertex -2 42.6 7.5
      vertex -2 42.6 2.5
    endloop
  endfacet
  facet normal -1 -0 0
    outer loop
      vertex -2 42.6 7.5
      vertex -2 41.4 2.5
      vertex -2 41.4 7.5
    endloop
  endfacet
  facet normal 0 1 -0
    outer loop
      vertex -1 42.6 2.5
      vertex -2 42.6 7.5
      vertex -1 42.6 7.5
    endloop
  endfacet
  facet normal 0 1 0
    outer loop
      vertex -2 42.6 7.5
      vertex -1 42.6 2.5
      vertex -2 42.6 2.5
    endloop
  endfacet
  facet normal 0 -1 0
    outer loop
      vertex -2 41.4 2.5
      vertex -1 41.4 7.5
      vertex -2 41.4 7.5
    endloop
  endfacet
  facet normal 0 -1 -0
    outer loop
      vertex -1 41.4 7.5
      vertex -2 41.4 2.5
      vertex -1 41.4 2.5
    endloop
  endfacet
  facet normal -1 0 0
    outer loop
      vertex -2 43.4 2.5
      vertex -2 44.6 7.5
      vertex -2 44.6 2.5
    endloop
  endfacet
  facet normal -1 -0 0
    outer loop
      vertex -2 44.6 7.5
      vertex -2 43.4 2.5
      vertex -2 43.4 7.5
    endloop
  endfacet
  facet normal 0 1 -0
    outer loop
      vertex -1 44.6 2.5
      vertex -2 44.6 7.5
      vertex -1 44.6 7.5
    endloop
  endfacet
  facet normal 0 1 0
    outer loop
      vertex -2 44.6 7.5
      vertex -1 44.6 2.5
      vertex -2 44.6 2.5
    endloop
  endfacet
  facet normal 0 -1 0
    outer loop
      vertex -2 43.4 2.5
      vertex -1 43.4 7.5
      vertex -2 43.4 7.5
    endloop
  endfacet
  facet normal 0 -1 -0
    outer loop
      vertex -1 43.4 7.5
      vertex -2 43.4 2.5
      vertex -1 43.4 2.5
    endloop
  endfacet
  facet normal -1 0 0
    outer loop
      vertex -2 45.4 2.5
      vertex -2 46.6 7.5
      vertex -2 46.6 2.5
    endloop
  endfacet
  facet normal -1 -0 0
    outer loop
      vertex -2 46.6 7.5
      vertex -2 45.4 2.5
      vertex -2 45.4 7.5
    endloop
  endfacet
  facet normal 0 -1 0
    outer loop
      vertex -2 45.4 2.5
      vertex -1 45.4 7.5
      vertex -2 45.4 7.5
    endloop
  endfacet
  facet normal 0 -1 -0
    outer loop
      vertex -1 45.4 7.5
      vertex -2 45.4 2.5
      vertex -1 45.4 2.5
    endloop
  endfacet
  facet normal 0 1 -0
    outer loop
      vertex -1 46.6 2.5
      vertex -2 46.6 7.5
      vertex -1 46.6 7.5
    endloop
  endfacet
  facet normal 0 1 0
    outer loop
      vertex -2 46.6 7.5
      vertex -1 46.6 2.5
      vertex -2 46.6 2.5
    endloop
  endfacet
  facet normal -1 0 0
    outer loop
      vertex -2 47.4 2.5
      vertex -2 48.6 7.5
      vertex -2 48.6 2.5
    endloop
  endfacet
  facet normal -1 -0 0
    outer loop
      vertex -2 48.6 7.5
      vertex -2 47.4 2.5
      vertex -2 47.4 7.5
    endloop
  endfacet
  facet normal 0 -1 0
    outer loop
      vertex -2 47.4 2.5
      vertex -1 47.4 7.5
      vertex -2 47.4 7.5
    endloop
  endfacet
  facet normal 0 -1 -0
    outer loop
      vertex -1 47.4 7.5
      vertex -2 47.4 2.5
      vertex -1 47.4 2.5
    endloop
  endfacet
  facet normal 0 1 -0
    outer loop
      vertex -1 48.6 2.5
      vertex -2 48.6 7.5
      vertex -1 48.6 7.5
    endloop
  endfacet
  facet normal 0 1 0
    outer loop
      vertex -2 48.6 7.5
      vertex -1 48.6 2.5
      vertex -2 48.6 2.5
    endloop
  endfacet
  facet normal -1 0 0
    outer loop
      vertex -2 49.4 2.5
      vertex -2 50.6 7.5
      vertex -2 50.6 2.5
    endloop
  endfacet
  facet normal -1 -0 0
    outer loop
      vertex -2 50.6 7.5
      vertex -2 49.4 2.5
      vertex -2 49.4 7.5
    endloop
  endfacet
  facet normal 0 1 -0
    outer loop
      vertex -1 50.6 2.5
      vertex -2 50.6 7.5
      vertex -1 50.6 7.5
    endloop
  endfacet
  facet normal 0 1 0
    outer loop
      vertex -2 50.6 7.5
      vertex -1 50.6 2.5
      vertex -2 50.6 2.5
    endloop
  endfacet
  facet normal 0 -1 0
    outer loop
      vertex -2 49.4 2.5
      vertex -1 49.4 7.5
      vertex -2 49.4 7.5
    endloop
  endfacet
  facet normal 0 -1 -0
    outer loop
      vertex -1 49.4 7.5
      vertex -2 49.4 2.5
      vertex -1 49.4 2.5
    endloop
  endfacet
  facet normal -1 0 0
    outer loop
      vertex -2 51.4 2.5
      vertex -2 52.6 7.5
      vertex -2 52.6 2.5
    endloop
  endfacet
  facet normal -1 -0 0
    outer loop
      vertex -2 52.6 7.5
      vertex -2 51.4 2.5
      vertex -2 51.4 7.5
    endloop
  endfacet
  facet normal 0 1 -0
    outer loop
      vertex -1 52.6 2.5
      vertex -2 52.6 7.5
      vertex -1 52.6 7.5
    endloop
  endfacet
  facet normal 0 1 0
    outer loop
      vertex -2 52.6 7.5
      vertex -1 52.6 2.5
      vertex -2 52.6 2.5
    endloop
  endfacet
  facet normal 0 -1 0
    outer loop
      vertex -2 51.4 2.5
      vertex -1 51.4 7.5
      vertex -2 51.4 7.5
    endloop
  endfacet
  facet normal 0 -1 -0
    outer loop
      vertex -1 51.4 7.5
      vertex -2 51.4 2.5
      vertex -1 51.4 2.5
    endloop
  endfacet
  facet normal -1 0 0
    outer loop
      vertex -2 53.4 2.5
      vertex -2 54.6 7.5
      vertex -2 54.6 2.5
    endloop
  endfacet
  facet normal -1 -0 0
    outer loop
      vertex -2 54.6 7.5
      vertex -2 53.4 2.5
      vertex -2 53.4 7.5
    endloop
  endfacet
  facet normal 0 1 -0
    outer loop
      vertex -1 54.6 2.5
      vertex -2 54.6 7.5
      vertex -1 54.6 7.5
    endloop
  endfacet
  facet normal 0 1 0
    outer loop
      vertex -2 54.6 7.5
      vertex -1 54.6 2.5
      vertex -2 54.6 2.5
    endloop
  endfacet
  facet normal 0 -1 0
    outer loop
      vertex -2 53.4 2.5
      vertex -1 53.4 7.5
      vertex -2 53.4 7.5
    endloop
  endfacet
  facet normal 0 -1 -0
    outer loop
      vertex -1 53.4 7.5
      vertex -2 53.4 2.5
      vertex -1 53.4 2.5
    endloop
  endfacet
  facet normal -1 0 0
    outer loop
      vertex -2 55.4 2.5
      vertex -2 56.6 7.5
      vertex -2 56.6 2.5
    endloop
  endfacet
  facet normal -1 -0 0
    outer loop
      vertex -2 56.6 7.5
      vertex -2 55.4 2.5
      vertex -2 55.4 7.5
    endloop
  endfacet
  facet normal 0 -1 0
    outer loop
      vertex -2 55.4 2.5
      vertex -1 55.4 7.5
      vertex -2 55.4 7.5
    endloop
  endfacet
  facet normal 0 -1 -0
    outer loop
      vertex -1 55.4 7.5
      vertex -2 55.4 2.5
      vertex -1 55.4 2.5
    endloop
  endfacet
  facet normal 0 1 -0
    outer loop
      vertex -1 56.6 2.5
      vertex -2 56.6 7.5
      vertex -1 56.6 7.5
    endloop
  endfacet
  facet normal 0 1 0
    outer loop
      vertex -2 56.6 7.5
      vertex -1 56.6 2.5
      vertex -2 56.6 2.5
    endloop
  endfacet
  facet normal -1 0 0
    outer loop
      vertex -2 57.4 2.5
      vertex -2 58.6 7.5
      vertex -2 58.6 2.5
    endloop
  endfacet
  facet normal -1 -0 0
    outer loop
      vertex -2 58.6 7.5
      vertex -2 57.4 2.5
      vertex -2 57.4 7.5
    endloop
  endfacet
  facet normal 0 -1 0
    outer loop
      vertex -2 57.4 2.5
      vertex -1 57.4 7.5
      vertex -2 57.4 7.5
    endloop
  endfacet
  facet normal 0 -1 -0
    outer loop
      vertex -1 57.4 7.5
      vertex -2 57.4 2.5
      vertex -1 57.4 2.5
    endloop
  endfacet
  facet normal 0 1 -0
    outer loop
      vertex -1 58.6 2.5
      vertex -2 58.6 7.5
      vertex -1 58.6 7.5
    endloop
  endfacet
  facet normal 0 1 0
    outer loop
      vertex -2 58.6 7.5
      vertex -1 58.6 2.5
      vertex -2 58.6 2.5
    endloop
  endfacet
  facet normal -1 0 0
    outer loop
      vertex -2 59.4 2.5
      vertex -2 60.6 7.5
      vertex -2 60.6 2.5
    endloop
  endfacet
  facet normal -1 -0 0
    outer loop
      vertex -2 60.6 7.5
      vertex -2 59.4 2.5
      vertex -2 59.4 7.5
    endloop
  endfacet
  facet normal 0 1 -0
    outer loop
      vertex -1 60.6 2.5
      vertex -2 60.6 7.5
      vertex -1 60.6 7.5
    endloop
  endfacet
  facet normal 0 1 0
    outer loop
      vertex -2 60.6 7.5
      vertex -1 60.6 2.5
      vertex -2 60.6 2.5
    endloop
  endfacet
  facet normal 0 -1 0
    outer loop
      vertex -2 59.4 2.5
      vertex -1 59.4 7.5
      vertex -2 59.4 7.5
    endloop
  endfacet
  facet normal 0 -1 -0
    outer loop
      vertex -1 59.4 7.5
      vertex -2 59.4 2.5
      vertex -1 59.4 2.5
    endloop
  endfacet
  facet normal -1 0 0
    outer loop
      vertex -2 61.4 2.5
      vertex -2 62.6 7.5
      vertex -2 62.6 2.5
    endloop
  endfacet
  facet normal -1 -0 0
    outer loop
      vertex -2 62.6 7.5
      vertex -2 61.4 2.5
      vertex -2 61.4 7.5
    endloop
  endfacet
  facet normal 0 -1 0
    outer loop
      vertex -2 61.4 2.5
      vertex -1 61.4 7.5
      vertex -2 61.4 7.5
    endloop
  endfacet
  facet normal 0 -1 -0
    outer loop
      vertex -1 61.4 7.5
      vertex -2 61.4 2.5
      vertex -1 61.4 2.5
    endloop
  endfacet
  facet normal 0 1 -0
    outer loop
      vertex -1 62.6 2.5
      vertex -2 62.6 7.5
      vertex -1 62.6 7.5
    endloop
  endfacet
  facet normal 0 1 0
    outer loop
      vertex -2 62.6 7.5
      vertex -1 62.6 2.5
      vertex -2 62.6 2.5
    endloop
  endfacet
  facet normal -1 0 0
    outer loop
      vertex -2 63.4 2.5
      vertex -2 64.6 7.5
      vertex -2 64.6 2.5
    endloop
  endfacet
  facet normal -1 -0 0
    outer loop
      vertex -2 64.6 7.5
      vertex -2 63.4 2.5
      vertex -2 63.4 7.5
    endloop
  endfacet
  facet normal 0 1 -0
    outer loop
      vertex -1 64.6 2.5
      vertex -2 64.6 7.5
      vertex -1 64.6 7.5
    endloop
  endfacet
  facet normal 0 1 0
    outer loop
      vertex -2 64.6 7.5
      vertex -1 64.6 2.5
      vertex -2 64.6 2.5
    endloop
  endfacet
  facet normal 0 -1 0
    outer loop
      vertex -2 63.4 2.5
      vertex -1 63.4 7.5
      vertex -2 63.4 7.5
    endloop
  endfacet
  facet normal 0 -1 -0
    outer loop
      vertex -1 63.4 7.5
      vertex -2 63.4 2.5
      vertex -1 63.4 2.5
    endloop
  endfacet
  facet normal -1 0 0
    outer loop
      vertex -2 65.4 2.5
      vertex -2 66.6 7.5
      vertex -2 66.6 2.5
    endloop
  endfacet
  facet normal -1 -0 0
    outer loop
      vertex -2 66.6 7.5
      vertex -2 65.4 2.5
      vertex -2 65.4 7.5
    endloop
  endfacet
  facet normal 0 1 -0
    outer loop
      vertex -1 66.6 2.5
      vertex -2 66.6 7.5
      vertex -1 66.6 7.5
    endloop
  endfacet
  facet normal 0 1 0
    outer loop
      vertex -2 66.6 7.5
      vertex -1 66.6 2.5
      vertex -2 66.6 2.5
    endloop
  endfacet
  facet normal 0 -1 0
    outer loop
      vertex -2 65.4 2.5
      vertex -1 65.4 7.5
      vertex -2 65.4 7.5
    endloop
  endfacet
  facet normal 0 -1 -0
    outer loop
      vertex -1 65.4 7.5
      vertex -2 65.4 2.5
      vertex -1 65.4 2.5
    endloop
  endfacet
  facet normal -1 0 0
    outer loop
      vertex -2 67.4 2.5
      vertex -2 68.6 7.5
      vertex -2 68.6 2.5
    endloop
  endfacet
  facet normal -1 -0 0
    outer loop
      vertex -2 68.6 7.5
      vertex -2 67.4 2.5
      vertex -2 67.4 7.5
    endloop
  endfacet
  facet normal 0 1 -0
    outer loop
      vertex -1 68.6 2.5
      vertex -2 68.6 7.5
      vertex -1 68.6 7.5
    endloop
  endfacet
  facet normal 0 1 0
    outer loop
      vertex -2 68.6 7.5
      vertex -1 68.6 2.5
      vertex -2 68.6 2.5
    endloop
  endfacet
  facet normal 0 -1 0
    outer loop
      vertex -2 67.4 2.5
      vertex -1 67.4 7.5
      vertex -2 67.4 7.5
    endloop
  endfacet
  facet normal 0 -1 -0
    outer loop
      vertex -1 67.4 7.5
      vertex -2 67.4 2.5
      vertex -1 67.4 2.5
    endloop
  endfacet
  facet normal -1 0 0
    outer loop
      vertex -2 69.4 2.5
      vertex -2 70.6 7.5
      vertex -2 70.6 2.5
    endloop
  endfacet
  facet normal -1 -0 0
    outer loop
      vertex -2 70.6 7.5
      vertex -2 69.4 2.5
      vertex -2 69.4 7.5
    endloop
  endfacet
  facet normal 0 -1 0
    outer loop
      vertex -2 69.4 2.5
      vertex -1 69.4 7.5
      vertex -2 69.4 7.5
    endloop
  endfacet
  facet normal 0 -1 -0
    outer loop
      vertex -1 69.4 7.5
      vertex -2 69.4 2.5
      vertex -1 69.4 2.5
    endloop
  endfacet
  facet normal 0 1 -0
    outer loop
      vertex -1 70.6 2.5
      vertex -2 70.6 7.5
      vertex -1 70.6 7.5
    endloop
  endfacet
  facet normal 0 1 0
    outer loop
      vertex -2 70.6 7.5
      vertex -1 70.6 2.5
      vertex -2 70.6 2.5
    endloop
  endfacet
  facet normal -1 0 0
    outer loop
      vertex -2 71.4 2.5
      vertex -2 72.6 7.5
      vertex -2 72.6 2.5
    endloop
  endfacet
  facet normal -1 -0 0
    outer loop
      vertex -2 72.6 7.5
      vertex -2 71.4 2.5
      vertex -2 71.4 7.5
    endloop
  endfacet
  facet normal 0 -1 0
    outer loop
      vertex -2 71.4 2.5
      vertex -1 71.4 7.5
      vertex -2 71.4 7.5
    endloop
  endfacet
  facet normal 0 -1 -0
    outer loop
      vertex -1 71.4 7.5
      vertex -2 71.4 2.5
      vertex -1 71.4 2.5
    endloop
  endfacet
  facet normal 0 1 -0
    outer loop
      vertex -1 72.6 2.5
      vertex -2 72.6 7.5
      vertex -1 72.6 7.5
    endloop
  endfacet
  facet normal 0 1 0
    outer loop
      vertex -2 72.6 7.5
      vertex -1 72.6 2.5
      vertex -2 72.6 2.5
    endloop
  endfacet
  facet normal -1 0 0
    outer loop
      vertex -2 73.4 2.5
      vertex -2 74.6 7.5
      vertex -2 74.6 2.5
    endloop
  endfacet
  facet normal -1 -0 0
    outer loop
      vertex -2 74.6 7.5
      vertex -2 73.4 2.5
      vertex -2 73.4 7.5
    endloop
  endfacet
  facet normal 0 1 -0
    outer loop
      vertex -1 74.6 2.5
      vertex -2 74.6 7.5
      vertex -1 74.6 7.5
    endloop
  endfacet
  facet normal 0 1 0
    outer loop
      vertex -2 74.6 7.5
      vertex -1 74.6 2.5
      vertex -2 74.6 2.5
    endloop
  endfacet
  facet normal 0 -1 0
    outer loop
      vertex -2 73.4 2.5
      vertex -1 73.4 7.5
      vertex -2 73.4 7.5
    endloop
  endfacet
  facet normal 0 -1 -0
    outer loop
      vertex -1 73.4 7.5
      vertex -2 73.4 2.5
      vertex -1 73.4 2.5
    endloop
  endfacet
  facet normal -1 0 0
    outer loop
      vertex -2 75.4 2.5
      vertex -2 76.6 7.5
      vertex -2 76.6 2.5
    endloop
  endfacet
  facet normal -1 -0 0
    outer loop
      vertex -2 76.6 7.5
      vertex -2 75.4 2.5
      vertex -2 75.4 7.5
    endloop
  endfacet
  facet normal 0 1 -0
    outer loop
      vertex -1 76.6 2.5
      vertex -2 76.6 7.5
      vertex -1 76.6 7.5
    endloop
  endfacet
  facet normal 0 1 0
    outer loop
      vertex -2 76.6 7.5
      vertex -1 76.6 2.5
      vertex -2 76.6 2.5
    endloop
  endfacet
  facet normal 0 -1 0
    outer loop
      vertex -2 75.4 2.5
      vertex -1 75.4 7.5
      vertex -2 75.4 7.5
    endloop
  endfacet
  facet normal 0 -1 -0
    outer loop
      vertex -1 75.4 7.5
      vertex -2 75.4 2.5
      vertex -1 75.4 2.5
    endloop
  endfacet
  facet normal -1 0 0
    outer loop
      vertex -2 77.4 2.5
      vertex -2 78.6 7.5
      vertex -2 78.6 2.5
    endloop
  endfacet
  facet normal -1 -0 0
    outer loop
      vertex -2 78.6 7.5
      vertex -2 77.4 2.5
      vertex -2 77.4 7.5
    endloop
  endfacet
  facet normal 0 1 -0
    outer loop
      vertex -1 78.6 2.5
      vertex -2 78.6 7.5
      vertex -1 78.6 7.5
    endloop
  endfacet
  facet normal 0 1 0
    outer loop
      vertex -2 78.6 7.5
      vertex -1 78.6 2.5
      vertex -2 78.6 2.5
    endloop
  endfacet
  facet normal 0 -1 0
    outer loop
      vertex -2 77.4 2.5
      vertex -1 77.4 7.5
      vertex -2 77.4 7.5
    endloop
  endfacet
  facet normal 0 -1 -0
    outer loop
      vertex -1 77.4 7.5
      vertex -2 77.4 2.5
      vertex -1 77.4 2.5
    endloop
  endfacet
  facet normal -1 0 0
    outer loop
      vertex -2 79.4 2.5
      vertex -2 80.6 7.5
      vertex -2 80.6 2.5
    endloop
  endfacet
  facet normal -1 -0 0
    outer loop
      vertex -2 80.6 7.5
      vertex -2 79.4 2.5
      vertex -2 79.4 7.5
    endloop
  endfacet
  facet normal 0 1 -0
    outer loop
      vertex -1 80.6 2.5
      vertex -2 80.6 7.5
      vertex -1 80.6 7.5
    endloop
  endfacet
  facet normal 0 1 0
    outer loop
      vertex -2 80.6 7.5
      vertex -1 80.6 2.5
      vertex -2 80.6 2.5
    endloop
  endfacet
  facet normal 0 -1 0
    outer loop
      vertex -2 79.4 2.5
      vertex -1 79.4 7.5
      vertex -2 79.4 7.5
    endloop
  endfacet
  facet normal 0 -1 -0
    outer loop
      vertex -1 79.4 7.5
      vertex -2 79.4 2.5
      vertex -1 79.4 2.5
    endloop
  endfacet
  facet normal -1 0 0
    outer loop
      vertex -2 81.4 2.5
      vertex -2 82.6 7.5
      vertex -2 82.6 2.5
    endloop
  endfacet
  facet normal -1 -0 0
    outer loop
      vertex -2 82.6 7.5
      vertex -2 81.4 2.5
      vertex -2 81.4 7.5
    endloop
  endfacet
  facet normal 0 1 -0
    outer loop
      vertex -1 82.6 2.5
      vertex -2 82.6 7.5
      vertex -1 82.6 7.5
    endloop
  endfacet
  facet normal 0 1 0
    outer loop
      vertex -2 82.6 7.5
      vertex -1 82.6 2.5
      vertex -2 82.6 2.5
    endloop
  endfacet
  facet normal 0 -1 0
    outer loop
      vertex -2 81.4 2.5
      vertex -1 81.4 7.5
      vertex -2 81.4 7.5
    endloop
  endfacet
  facet normal 0 -1 -0
    outer loop
      vertex -1 81.4 7.5
      vertex -2 81.4 2.5
      vertex -1 81.4 2.5
    endloop
  endfacet
  facet normal 1 -0 0
    outer loop
      vertex 1 -87.5 7.5
      vertex 1 85 2.5
      vertex 1 85 7.5
    endloop
  endfacet
  facet normal 1 0 0
    outer loop
      vertex 1 85 2.5
      vertex 1 -87.5 7.5
      vertex 1 -87.5 2.5
    endloop
  endfacet
  facet normal 0 -1 0
    outer loop
      vertex -86.25 -87.5 60
      vertex -85 -87.5 2.45
      vertex -85 -87.5 60
    endloop
  endfacet
  facet normal 0 -1 -0
    outer loop
      vertex -85 -87.5 2.45
      vertex -86.25 -87.5 1.25
      vertex 85 -87.5 2.45
    endloop
  endfacet
  facet normal 0 -1 0
    outer loop
      vertex -86.25 -87.5 1.25
      vertex -85 -87.5 2.45
      vertex -86.25 -87.5 60
    endloop
  endfacet
  facet normal 0 -1 0
    outer loop
      vertex 85 -87.5 2.45
      vertex 86.25 -87.5 60
      vertex 85 -87.5 60
    endloop
  endfacet
  facet normal 0 -1 0
    outer loop
      vertex 85 -87.5 2.45
      vertex 86.25 -87.5 1.25
      vertex 86.25 -87.5 60
    endloop
  endfacet
  facet normal 0 -1 0
    outer loop
      vertex 86.25 -87.5 1.25
      vertex 85 -87.5 2.45
      vertex -86.25 -87.5 1.25
    endloop
  endfacet
  facet normal 0 -1 0
    outer loop
      vertex -2 -87.5 2.5
      vertex 1 -87.5 7.5
      vertex -2 -87.5 7.5
    endloop
  endfacet
  facet normal 0 -1 -0
    outer loop
      vertex 1 -87.5 7.5
      vertex -2 -87.5 2.5
      vertex 1 -87.5 2.5
    endloop
  endfacet
  facet normal 0 0 -1
    outer loop
      vertex -86.25 -87.5 1.25
      vertex 86.25 -84.5 1.25
      vertex 86.25 -87.5 1.25
    endloop
  endfacet
  facet normal -0 0 -1
    outer loop
      vertex 86.25 -84.5 1.25
      vertex -86.25 -87.5 1.25
      vertex -86.25 -84.5 1.25
    endloop
  endfacet
  facet normal 0 -1 0
    outer loop
      vertex -87.5 -84.5 60
      vertex -86.25 -84.5 1.25
      vertex -86.25 -84.5 60
    endloop
  endfacet
  facet normal 0 -1 -0
    outer loop
      vertex -86.25 -84.5 1.25
      vertex -87.5 -84.5 0
      vertex 86.25 -84.5 1.25
    endloop
  endfacet
  facet normal 0 -1 0
    outer loop
      vertex -87.5 -84.5 0
      vertex -86.25 -84.5 1.25
      vertex -87.5 -84.5 60
    endloop
  endfacet
  facet normal 0 -1 0
    outer loop
      vertex 86.25 -84.5 1.25
      vertex 87.5 -84.5 60
      vertex 86.25 -84.5 60
    endloop
  endfacet
  facet normal 0 -1 0
    outer loop
      vertex 86.25 -84.5 1.25
      vertex 87.5 -84.5 0
      vertex 87.5 -84.5 60
    endloop
  endfacet
  facet normal 0 -1 0
    outer loop
      vertex 87.5 -84.5 0
      vertex 86.25 -84.5 1.25
      vertex -87.5 -84.5 0
    endloop
  endfacet
  facet normal -1 0 0
    outer loop
      vertex -86.25 -87.5 1.25
      vertex -86.25 -84.5 60
      vertex -86.25 -84.5 1.25
    endloop
  endfacet
  facet normal -1 -0 0
    outer loop
      vertex -86.25 -84.5 60
      vertex -86.25 -87.5 1.25
      vertex -86.25 -87.5 60
    endloop
  endfacet
  facet normal 1 -0 0
    outer loop
      vertex 86.25 -87.5 60
      vertex 86.25 -84.5 1.25
      vertex 86.25 -84.5 60
    endloop
  endfacet
  facet normal 1 0 0
    outer loop
      vertex 86.25 -84.5 1.25
      vertex 86.25 -87.5 60
      vertex 86.25 -87.5 1.25
    endloop
  endfacet
endsolid OpenSCAD_Model
