solid OpenSCAD_Model
  facet normal -1 0 0
    outer loop
      vertex -87.5 -87.5 0
      vertex -87.5 90.5 60
      vertex -87.5 90.5 0
    endloop
  endfacet
  facet normal -1 -0 0
    outer loop
      vertex -87.5 90.5 60
      vertex -87.5 -87.5 0
      vertex -87.5 -87.5 60
    endloop
  endfacet
  facet normal 0 0 1
    outer loop
      vertex -86.25 90.5 60
      vertex -87.5 90.5 60
      vertex -86.25 87.5 60
    endloop
  endfacet
  facet normal -0 0 1
    outer loop
      vertex -86.25 87.5 60
      vertex -85 86.8301 60
      vertex -85 87.5 60
    endloop
  endfacet
  facet normal 0 0 1
    outer loop
      vertex -85 86.8301 60
      vertex -86.25 87.5 60
      vertex -85 78.1699 60
    endloop
  endfacet
  facet normal 0 0 1
    outer loop
      vertex -87.5 90.5 60
      vertex -85 78.1699 60
      vertex -86.25 87.5 60
    endloop
  endfacet
  facet normal 0 0 1
    outer loop
      vertex -81 -81 60
      vertex -77.5 -81 60
      vertex -77.5274 -80.4774 60
    endloop
  endfacet
  facet normal 0 0 1
    outer loop
      vertex -81.0082 -80.8432 60
      vertex -77.5274 -80.4774 60
      vertex -77.6093 -79.9604 60
    endloop
  endfacet
  facet normal 0 0 1
    outer loop
      vertex -77.5 -81 60
      vertex -81 -81 60
      vertex -77.5274 -81.5226 60
    endloop
  endfacet
  facet normal 0 0 1
    outer loop
      vertex -81.0082 -80.8432 60
      vertex -77.6093 -79.9604 60
      vertex -77.7447 -79.4549 60
    endloop
  endfacet
  facet normal -0 0 1
    outer loop
      vertex -81.0082 -81.1568 60
      vertex -77.5274 -81.5226 60
      vertex -81 -81 60
    endloop
  endfacet
  facet normal 0 0 1
    outer loop
      vertex -81.0082 -80.8432 60
      vertex -77.7447 -79.4549 60
      vertex -77.9323 -78.9663 60
    endloop
  endfacet
  facet normal 0 0 1
    outer loop
      vertex -77.5274 -81.5226 60
      vertex -81.0082 -81.1568 60
      vertex -77.6093 -82.0396 60
    endloop
  endfacet
  facet normal 0 0 1
    outer loop
      vertex -81.0082 -80.8432 60
      vertex -77.9323 -78.9663 60
      vertex -78.1699 -78.5 60
    endloop
  endfacet
  facet normal -0 0 1
    outer loop
      vertex -81.0328 -81.3119 60
      vertex -77.6093 -82.0396 60
      vertex -81.0082 -81.1568 60
    endloop
  endfacet
  facet normal 0 0 1
    outer loop
      vertex -81.0082 -80.8432 60
      vertex -78.1699 -78.5 60
      vertex -78.4549 -78.0611 60
    endloop
  endfacet
  facet normal 0 0 1
    outer loop
      vertex -77.6093 -82.0396 60
      vertex -81.0328 -81.3119 60
      vertex -77.7447 -82.5451 60
    endloop
  endfacet
  facet normal 0 0 1
    outer loop
      vertex -81.0082 -80.8432 60
      vertex -78.4549 -78.0611 60
      vertex -78.7843 -77.6544 60
    endloop
  endfacet
  facet normal -0 0 1
    outer loop
      vertex -81.0734 -81.4635 60
      vertex -77.7447 -82.5451 60
      vertex -81.0328 -81.3119 60
    endloop
  endfacet
  facet normal 0 0 1
    outer loop
      vertex -81.0082 -80.8432 60
      vertex -78.7843 -77.6544 60
      vertex -79.1544 -77.2843 60
    endloop
  endfacet
  facet normal 0 0 1
    outer loop
      vertex -77.7447 -82.5451 60
      vertex -81.0734 -81.4635 60
      vertex -77.9323 -83.0337 60
    endloop
  endfacet
  facet normal -0 0 1
    outer loop
      vertex -81.1297 -81.6101 60
      vertex -77.9323 -83.0337 60
      vertex -81.0734 -81.4635 60
    endloop
  endfacet
  facet normal 0 0 1
    outer loop
      vertex -81.0082 -80.8432 60
      vertex -79.1544 -77.2843 60
      vertex -79.5611 -76.9549 60
    endloop
  endfacet
  facet normal 0 0 1
    outer loop
      vertex 81.1297 -80.3899 60
      vertex 77.9323 -78.9663 60
      vertex 81.0734 -80.5365 60
    endloop
  endfacet
  facet normal 0 0 1
    outer loop
      vertex 81 -81 60
      vertex 79.1544 -84.7157 60
      vertex 79.5054 -85 60
    endloop
  endfacet
  facet normal -0 0 1
    outer loop
      vertex 77.7447 -79.4549 60
      vertex 81.0734 -80.5365 60
      vertex 77.9323 -78.9663 60
    endloop
  endfacet
  facet normal 0 0 1
    outer loop
      vertex 81 -81 60
      vertex 78.7843 -84.3456 60
      vertex 79.1544 -84.7157 60
    endloop
  endfacet
  facet normal 0 0 1
    outer loop
      vertex 81.0734 -80.5365 60
      vertex 77.7447 -79.4549 60
      vertex 81.0328 -80.6881 60
    endloop
  endfacet
  facet normal 0 0 1
    outer loop
      vertex 81 -81 60
      vertex 78.4549 -83.9389 60
      vertex 78.7843 -84.3456 60
    endloop
  endfacet
  facet normal -0 0 1
    outer loop
      vertex 77.6093 -79.9604 60
      vertex 81.0328 -80.6881 60
      vertex 77.7447 -79.4549 60
    endloop
  endfacet
  facet normal 0 0 1
    outer loop
      vertex 81 -81 60
      vertex 78.1699 -83.5 60
      vertex 78.4549 -83.9389 60
    endloop
  endfacet
  facet normal 0 0 1
    outer loop
      vertex 81.0328 -80.6881 60
      vertex 77.6093 -79.9604 60
      vertex 81.0082 -80.8432 60
    endloop
  endfacet
  facet normal 0 0 1
    outer loop
      vertex 81 -81 60
      vertex 77.9323 -83.0337 60
      vertex 78.1699 -83.5 60
    endloop
  endfacet
  facet normal -0 0 1
    outer loop
      vertex 77.5274 -80.4774 60
      vertex 81.0082 -80.8432 60
      vertex 77.6093 -79.9604 60
    endloop
  endfacet
  facet normal 0 0 1
    outer loop
      vertex 81 -81 60
      vertex 77.7447 -82.5451 60
      vertex 77.9323 -83.0337 60
    endloop
  endfacet
  facet normal 0 0 1
    outer loop
      vertex 81.0082 -80.8432 60
      vertex 77.5274 -80.4774 60
      vertex 81 -81 60
    endloop
  endfacet
  facet normal 0 0 1
    outer loop
      vertex 81 -81 60
      vertex 77.6093 -82.0396 60
      vertex 77.7447 -82.5451 60
    endloop
  endfacet
  facet normal 0 0 1
    outer loop
      vertex 77.5 -81 60
      vertex 81 -81 60
      vertex 77.5274 -80.4774 60
    endloop
  endfacet
  facet normal 0 0 1
    outer loop
      vertex 81 -81 60
      vertex 77.5274 -81.5226 60
      vertex 77.6093 -82.0396 60
    endloop
  endfacet
  facet normal 0 0 1
    outer loop
      vertex 81 -81 60
      vertex 77.5 -81 60
      vertex 77.5274 -81.5226 60
    endloop
  endfacet
  facet normal 0 0 1
    outer loop
      vertex -77.5274 -80.4774 60
      vertex -81.0082 -80.8432 60
      vertex -81 -81 60
    endloop
  endfacet
  facet normal 0 0 1
    outer loop
      vertex -80.4663 -76.4323 60
      vertex -81.0328 -80.6881 60
      vertex -81.0082 -80.8432 60
    endloop
  endfacet
  facet normal 0 0 1
    outer loop
      vertex -80.4663 -76.4323 60
      vertex -81.0734 -80.5365 60
      vertex -81.0328 -80.6881 60
    endloop
  endfacet
  facet normal 0 0 1
    outer loop
      vertex -80.4663 -76.4323 60
      vertex -81.1297 -80.3899 60
      vertex -81.0734 -80.5365 60
    endloop
  endfacet
  facet normal 0 0 1
    outer loop
      vertex -80.4663 -76.4323 60
      vertex -81.201 -80.25 60
      vertex -81.1297 -80.3899 60
    endloop
  endfacet
  facet normal 0 0 1
    outer loop
      vertex -80.4663 -76.4323 60
      vertex -81.2865 -80.1183 60
      vertex -81.201 -80.25 60
    endloop
  endfacet
  facet normal 0 0 1
    outer loop
      vertex -80.4663 -76.4323 60
      vertex -81.3853 -79.9963 60
      vertex -81.2865 -80.1183 60
    endloop
  endfacet
  facet normal 0 0 1
    outer loop
      vertex -82.0365 -79.5734 60
      vertex -80.9549 -76.2447 60
      vertex -81.4604 -76.1093 60
    endloop
  endfacet
  facet normal 0 0 1
    outer loop
      vertex -80.4663 -76.4323 60
      vertex -81.4963 -79.8853 60
      vertex -81.3853 -79.9963 60
    endloop
  endfacet
  facet normal 0 0 1
    outer loop
      vertex -80.4663 -76.4323 60
      vertex -81.6183 -79.7865 60
      vertex -81.4963 -79.8853 60
    endloop
  endfacet
  facet normal 0 0 1
    outer loop
      vertex -80.4663 -76.4323 60
      vertex -81.75 -79.701 60
      vertex -81.6183 -79.7865 60
    endloop
  endfacet
  facet normal 0 0 1
    outer loop
      vertex -80.4663 -76.4323 60
      vertex -81.8899 -79.6297 60
      vertex -81.75 -79.701 60
    endloop
  endfacet
  facet normal 0 0 1
    outer loop
      vertex -82.1881 -79.5328 60
      vertex -81.4604 -76.1093 60
      vertex -81.9774 -76.0274 60
    endloop
  endfacet
  facet normal 0 0 1
    outer loop
      vertex -80.9549 -76.2447 60
      vertex -82.0365 -79.5734 60
      vertex -81.8899 -79.6297 60
    endloop
  endfacet
  facet normal 0 0 1
    outer loop
      vertex -81.4604 -76.1093 60
      vertex -82.1881 -79.5328 60
      vertex -82.0365 -79.5734 60
    endloop
  endfacet
  facet normal 0 0 1
    outer loop
      vertex -81.9774 -76.0274 60
      vertex -82.3432 -79.5082 60
      vertex -82.1881 -79.5328 60
    endloop
  endfacet
  facet normal 0 0 1
    outer loop
      vertex -82.5 -76 60
      vertex -82.3432 -79.5082 60
      vertex -81.9774 -76.0274 60
    endloop
  endfacet
  facet normal 0 0 1
    outer loop
      vertex -82.5 -76 60
      vertex -82.5 -79.5 60
      vertex -82.3432 -79.5082 60
    endloop
  endfacet
  facet normal 0 0 1
    outer loop
      vertex -82.5 -76 60
      vertex -82.6568 -79.5082 60
      vertex -82.5 -79.5 60
    endloop
  endfacet
  facet normal -0 0 1
    outer loop
      vertex -83.0226 -76.0274 60
      vertex -82.6568 -79.5082 60
      vertex -82.5 -76 60
    endloop
  endfacet
  facet normal 0 0 1
    outer loop
      vertex -82.6568 -79.5082 60
      vertex -83.0226 -76.0274 60
      vertex -82.8119 -79.5328 60
    endloop
  endfacet
  facet normal -0 0 1
    outer loop
      vertex -83.5396 -76.1093 60
      vertex -82.8119 -79.5328 60
      vertex -83.0226 -76.0274 60
    endloop
  endfacet
  facet normal 0 0 1
    outer loop
      vertex -82.8119 -79.5328 60
      vertex -83.5396 -76.1093 60
      vertex -82.9635 -79.5734 60
    endloop
  endfacet
  facet normal -0 0 1
    outer loop
      vertex -84.0451 -76.2447 60
      vertex -82.9635 -79.5734 60
      vertex -83.5396 -76.1093 60
    endloop
  endfacet
  facet normal 0 0 1
    outer loop
      vertex -82.9635 -79.5734 60
      vertex -84.0451 -76.2447 60
      vertex -83.1101 -79.6297 60
    endloop
  endfacet
  facet normal -0 0 1
    outer loop
      vertex -84.5337 -76.4323 60
      vertex -83.1101 -79.6297 60
      vertex -84.0451 -76.2447 60
    endloop
  endfacet
  facet normal 0 0 1
    outer loop
      vertex -83.1101 -79.6297 60
      vertex -84.5337 -76.4323 60
      vertex -83.25 -79.701 60
    endloop
  endfacet
  facet normal -0 0 1
    outer loop
      vertex -85 -76.6699 60
      vertex -83.25 -79.701 60
      vertex -84.5337 -76.4323 60
    endloop
  endfacet
  facet normal 0 0 1
    outer loop
      vertex -83.25 -79.701 60
      vertex -85 -76.6699 60
      vertex -83.3817 -79.7865 60
    endloop
  endfacet
  facet normal 0 0 1
    outer loop
      vertex -83.3817 -79.7865 60
      vertex -85 -76.6699 60
      vertex -83.5037 -79.8853 60
    endloop
  endfacet
  facet normal 0 0 1
    outer loop
      vertex -83.5037 -79.8853 60
      vertex -85 -76.6699 60
      vertex -83.6147 -79.9963 60
    endloop
  endfacet
  facet normal 0 0 1
    outer loop
      vertex -83.6147 -79.9963 60
      vertex -85 -76.6699 60
      vertex -83.7135 -80.1183 60
    endloop
  endfacet
  facet normal 0 0 1
    outer loop
      vertex -83.7135 -80.1183 60
      vertex -85 -76.6699 60
      vertex -83.799 -80.25 60
    endloop
  endfacet
  facet normal 0 0 1
    outer loop
      vertex -83.799 -80.25 60
      vertex -85 -76.6699 60
      vertex -83.8703 -80.3899 60
    endloop
  endfacet
  facet normal 0 0 1
    outer loop
      vertex -83.9266 -80.5365 60
      vertex -85 -76.6699 60
      vertex -83.9672 -80.6881 60
    endloop
  endfacet
  facet normal 0 0 1
    outer loop
      vertex -83.8703 -80.3899 60
      vertex -85 -76.6699 60
      vertex -83.9266 -80.5365 60
    endloop
  endfacet
  facet normal 0 0 1
    outer loop
      vertex -81 82.5 60
      vertex -77.5 82.5 60
      vertex -77.5274 83.0226 60
    endloop
  endfacet
  facet normal 0 0 1
    outer loop
      vertex -81.0082 82.6568 60
      vertex -77.5274 83.0226 60
      vertex -77.6093 83.5396 60
    endloop
  endfacet
  facet normal 0 0 1
    outer loop
      vertex -77.5 82.5 60
      vertex -81 82.5 60
      vertex -77.5274 81.9774 60
    endloop
  endfacet
  facet normal 0 0 1
    outer loop
      vertex -81.0328 82.8119 60
      vertex -77.6093 83.5396 60
      vertex -77.7447 84.0451 60
    endloop
  endfacet
  facet normal -0 0 1
    outer loop
      vertex -81.0082 82.3432 60
      vertex -77.5274 81.9774 60
      vertex -81 82.5 60
    endloop
  endfacet
  facet normal 0 0 1
    outer loop
      vertex -81.0734 82.9635 60
      vertex -77.7447 84.0451 60
      vertex -77.9323 84.5337 60
    endloop
  endfacet
  facet normal 0 0 1
    outer loop
      vertex -77.5274 81.9774 60
      vertex -81.0082 82.3432 60
      vertex -77.6093 81.4604 60
    endloop
  endfacet
  facet normal 0 0 1
    outer loop
      vertex -81.1297 83.1101 60
      vertex -77.9323 84.5337 60
      vertex -78.1699 85 60
    endloop
  endfacet
  facet normal -0 0 1
    outer loop
      vertex -81.0328 82.1881 60
      vertex -77.6093 81.4604 60
      vertex -81.0082 82.3432 60
    endloop
  endfacet
  facet normal 0 0 1
    outer loop
      vertex -81.201 83.25 60
      vertex -78.1699 85 60
      vertex -78.4549 85.4389 60
    endloop
  endfacet
  facet normal 0 0 1
    outer loop
      vertex -77.6093 81.4604 60
      vertex -81.0328 82.1881 60
      vertex -77.7447 80.9549 60
    endloop
  endfacet
  facet normal 0 0 1
    outer loop
      vertex -81.2865 83.3817 60
      vertex -78.4549 85.4389 60
      vertex -78.7843 85.8456 60
    endloop
  endfacet
  facet normal -0 0 1
    outer loop
      vertex -81.0734 82.0365 60
      vertex -77.7447 80.9549 60
      vertex -81.0328 82.1881 60
    endloop
  endfacet
  facet normal 0 0 1
    outer loop
      vertex -81.3853 83.5037 60
      vertex -78.7843 85.8456 60
      vertex -79.1544 86.2157 60
    endloop
  endfacet
  facet normal 0 0 1
    outer loop
      vertex -77.7447 80.9549 60
      vertex -81.0734 82.0365 60
      vertex -77.9323 80.4663 60
    endloop
  endfacet
  facet normal 0 0 1
    outer loop
      vertex -81.4963 83.6147 60
      vertex -79.1544 86.2157 60
      vertex -79.5611 86.5451 60
    endloop
  endfacet
  facet normal -0 0 1
    outer loop
      vertex -81.1297 81.8899 60
      vertex -77.9323 80.4663 60
      vertex -81.0734 82.0365 60
    endloop
  endfacet
  facet normal 0 0 1
    outer loop
      vertex -81.6183 83.7135 60
      vertex -79.5611 86.5451 60
      vertex -80 86.8301 60
    endloop
  endfacet
  facet normal 0 0 1
    outer loop
      vertex -77.9323 80.4663 60
      vertex -81.1297 81.8899 60
      vertex -78.1699 80 60
    endloop
  endfacet
  facet normal 0 0 1
    outer loop
      vertex -81.75 83.799 60
      vertex -80 86.8301 60
      vertex -80.4663 87.0677 60
    endloop
  endfacet
  facet normal -0 0 1
    outer loop
      vertex -81.201 81.75 60
      vertex -78.1699 80 60
      vertex -81.1297 81.8899 60
    endloop
  endfacet
  facet normal 0 0 1
    outer loop
      vertex -81.8899 83.8703 60
      vertex -80.4663 87.0677 60
      vertex -80.9549 87.2553 60
    endloop
  endfacet
  facet normal 0 0 1
    outer loop
      vertex -78.1699 80 60
      vertex -81.201 81.75 60
      vertex -78.4549 79.5611 60
    endloop
  endfacet
  facet normal -0 0 1
    outer loop
      vertex -81.2865 81.6183 60
      vertex -78.4549 79.5611 60
      vertex -81.201 81.75 60
    endloop
  endfacet
  facet normal 0 0 1
    outer loop
      vertex -77.5274 83.0226 60
      vertex -81.0082 82.6568 60
      vertex -81 82.5 60
    endloop
  endfacet
  facet normal 0 0 1
    outer loop
      vertex -77.6093 83.5396 60
      vertex -81.0328 82.8119 60
      vertex -81.0082 82.6568 60
    endloop
  endfacet
  facet normal 0 0 1
    outer loop
      vertex -77.7447 84.0451 60
      vertex -81.0734 82.9635 60
      vertex -81.0328 82.8119 60
    endloop
  endfacet
  facet normal 0 0 1
    outer loop
      vertex -77.9323 84.5337 60
      vertex -81.1297 83.1101 60
      vertex -81.0734 82.9635 60
    endloop
  endfacet
  facet normal 0 0 1
    outer loop
      vertex -78.1699 85 60
      vertex -81.201 83.25 60
      vertex -81.1297 83.1101 60
    endloop
  endfacet
  facet normal 0 0 1
    outer loop
      vertex -78.4549 85.4389 60
      vertex -81.2865 83.3817 60
      vertex -81.201 83.25 60
    endloop
  endfacet
  facet normal 0 0 1
    outer loop
      vertex -78.7843 85.8456 60
      vertex -81.3853 83.5037 60
      vertex -81.2865 83.3817 60
    endloop
  endfacet
  facet normal 0 0 1
    outer loop
      vertex -82.0365 83.9266 60
      vertex -80.9549 87.2553 60
      vertex -81.4604 87.3907 60
    endloop
  endfacet
  facet normal 0 0 1
    outer loop
      vertex -79.1544 86.2157 60
      vertex -81.4963 83.6147 60
      vertex -81.3853 83.5037 60
    endloop
  endfacet
  facet normal 0 0 1
    outer loop
      vertex -79.5611 86.5451 60
      vertex -81.6183 83.7135 60
      vertex -81.4963 83.6147 60
    endloop
  endfacet
  facet normal 0 0 1
    outer loop
      vertex -80 86.8301 60
      vertex -81.75 83.799 60
      vertex -81.6183 83.7135 60
    endloop
  endfacet
  facet normal 0 0 1
    outer loop
      vertex -80.4663 87.0677 60
      vertex -81.8899 83.8703 60
      vertex -81.75 83.799 60
    endloop
  endfacet
  facet normal 0 0 1
    outer loop
      vertex -82.1881 83.9672 60
      vertex -81.4604 87.3907 60
      vertex -81.9774 87.4726 60
    endloop
  endfacet
  facet normal 0 0 1
    outer loop
      vertex -80.9549 87.2553 60
      vertex -82.0365 83.9266 60
      vertex -81.8899 83.8703 60
    endloop
  endfacet
  facet normal 0 0 1
    outer loop
      vertex -81.4604 87.3907 60
      vertex -82.1881 83.9672 60
      vertex -82.0365 83.9266 60
    endloop
  endfacet
  facet normal 0 0 1
    outer loop
      vertex -81.9774 87.4726 60
      vertex -82.3432 83.9918 60
      vertex -82.1881 83.9672 60
    endloop
  endfacet
  facet normal 0 0 1
    outer loop
      vertex -82.5 87.5 60
      vertex -82.3432 83.9918 60
      vertex -81.9774 87.4726 60
    endloop
  endfacet
  facet normal 0 0 1
    outer loop
      vertex -82.5 87.5 60
      vertex -82.5 84 60
      vertex -82.3432 83.9918 60
    endloop
  endfacet
  facet normal 0 0 1
    outer loop
      vertex -82.5 87.5 60
      vertex -82.6568 83.9918 60
      vertex -82.5 84 60
    endloop
  endfacet
  facet normal -0 0 1
    outer loop
      vertex -83.0226 87.4726 60
      vertex -82.6568 83.9918 60
      vertex -82.5 87.5 60
    endloop
  endfacet
  facet normal 0 0 1
    outer loop
      vertex -82.6568 83.9918 60
      vertex -83.0226 87.4726 60
      vertex -82.8119 83.9672 60
    endloop
  endfacet
  facet normal -0 0 1
    outer loop
      vertex -83.5396 87.3907 60
      vertex -82.8119 83.9672 60
      vertex -83.0226 87.4726 60
    endloop
  endfacet
  facet normal 0 0 1
    outer loop
      vertex -82.8119 83.9672 60
      vertex -83.5396 87.3907 60
      vertex -82.9635 83.9266 60
    endloop
  endfacet
  facet normal -0 0 1
    outer loop
      vertex -84.0451 87.2553 60
      vertex -82.9635 83.9266 60
      vertex -83.5396 87.3907 60
    endloop
  endfacet
  facet normal 0 0 1
    outer loop
      vertex -82.9635 83.9266 60
      vertex -84.0451 87.2553 60
      vertex -83.1101 83.8703 60
    endloop
  endfacet
  facet normal -0 0 1
    outer loop
      vertex -84.5337 87.0677 60
      vertex -83.1101 83.8703 60
      vertex -84.0451 87.2553 60
    endloop
  endfacet
  facet normal 0 0 1
    outer loop
      vertex -83.1101 83.8703 60
      vertex -84.5337 87.0677 60
      vertex -83.25 83.799 60
    endloop
  endfacet
  facet normal -0 0 1
    outer loop
      vertex -85 86.8301 60
      vertex -83.25 83.799 60
      vertex -84.5337 87.0677 60
    endloop
  endfacet
  facet normal 0 0 1
    outer loop
      vertex -83.25 83.799 60
      vertex -85 86.8301 60
      vertex -83.3817 83.7135 60
    endloop
  endfacet
  facet normal 0 0 1
    outer loop
      vertex -83.3817 83.7135 60
      vertex -85 86.8301 60
      vertex -83.5037 83.6147 60
    endloop
  endfacet
  facet normal 0 0 1
    outer loop
      vertex -83.5037 83.6147 60
      vertex -85 86.8301 60
      vertex -83.6147 83.5037 60
    endloop
  endfacet
  facet normal 0 0 1
    outer loop
      vertex -83.6147 83.5037 60
      vertex -85 86.8301 60
      vertex -83.7135 83.3817 60
    endloop
  endfacet
  facet normal 0 0 1
    outer loop
      vertex -83.7135 83.3817 60
      vertex -85 86.8301 60
      vertex -83.799 83.25 60
    endloop
  endfacet
  facet normal 0 0 1
    outer loop
      vertex -83.799 83.25 60
      vertex -85 86.8301 60
      vertex -83.8703 83.1101 60
    endloop
  endfacet
  facet normal 0 0 1
    outer loop
      vertex -83.9266 82.9635 60
      vertex -85 86.8301 60
      vertex -83.9672 82.8119 60
    endloop
  endfacet
  facet normal 0 0 1
    outer loop
      vertex -83.8703 83.1101 60
      vertex -85 86.8301 60
      vertex -83.9266 82.9635 60
    endloop
  endfacet
  facet normal 0 0 1
    outer loop
      vertex -78.4549 79.5611 60
      vertex -81.2865 81.6183 60
      vertex -78.7843 79.1544 60
    endloop
  endfacet
  facet normal -0 0 1
    outer loop
      vertex -81.3853 81.4963 60
      vertex -78.7843 79.1544 60
      vertex -81.2865 81.6183 60
    endloop
  endfacet
  facet normal 0 0 1
    outer loop
      vertex -78.7843 79.1544 60
      vertex -81.3853 81.4963 60
      vertex -79.1544 78.7843 60
    endloop
  endfacet
  facet normal -0 0 1
    outer loop
      vertex -81.4963 81.3853 60
      vertex -79.1544 78.7843 60
      vertex -81.3853 81.4963 60
    endloop
  endfacet
  facet normal 0 0 1
    outer loop
      vertex -79.1544 78.7843 60
      vertex -81.4963 81.3853 60
      vertex -79.5611 78.4549 60
    endloop
  endfacet
  facet normal -0 0 1
    outer loop
      vertex -81.6183 81.2865 60
      vertex -79.5611 78.4549 60
      vertex -81.4963 81.3853 60
    endloop
  endfacet
  facet normal 0 0 1
    outer loop
      vertex -79.5611 78.4549 60
      vertex -81.6183 81.2865 60
      vertex -80 78.1699 60
    endloop
  endfacet
  facet normal -0 0 1
    outer loop
      vertex -81.75 81.201 60
      vertex -80 78.1699 60
      vertex -81.6183 81.2865 60
    endloop
  endfacet
  facet normal 0 0 1
    outer loop
      vertex -80 78.1699 60
      vertex -81.75 81.201 60
      vertex -80.4663 77.9323 60
    endloop
  endfacet
  facet normal -0 0 1
    outer loop
      vertex -81.8899 81.1297 60
      vertex -80.4663 77.9323 60
      vertex -81.75 81.201 60
    endloop
  endfacet
  facet normal 0 0 1
    outer loop
      vertex -80.4663 77.9323 60
      vertex -81.8899 81.1297 60
      vertex -80.9549 77.7447 60
    endloop
  endfacet
  facet normal -0 0 1
    outer loop
      vertex -82.0365 81.0734 60
      vertex -80.9549 77.7447 60
      vertex -81.8899 81.1297 60
    endloop
  endfacet
  facet normal 0 0 1
    outer loop
      vertex -80.9549 77.7447 60
      vertex -82.0365 81.0734 60
      vertex -81.4604 77.6093 60
    endloop
  endfacet
  facet normal -0 0 1
    outer loop
      vertex -82.1881 81.0328 60
      vertex -81.4604 77.6093 60
      vertex -82.0365 81.0734 60
    endloop
  endfacet
  facet normal 0 0 1
    outer loop
      vertex -81.4604 77.6093 60
      vertex -82.1881 81.0328 60
      vertex -81.9774 77.5274 60
    endloop
  endfacet
  facet normal -0 0 1
    outer loop
      vertex -82.3432 81.0082 60
      vertex -81.9774 77.5274 60
      vertex -82.1881 81.0328 60
    endloop
  endfacet
  facet normal -0 0 1
    outer loop
      vertex -82.5 81 60
      vertex -81.9774 77.5274 60
      vertex -82.3432 81.0082 60
    endloop
  endfacet
  facet normal 0 0 1
    outer loop
      vertex -82.5 81 60
      vertex -82.5 77.5 60
      vertex -81.9774 77.5274 60
    endloop
  endfacet
  facet normal 0 0 1
    outer loop
      vertex -82.6568 81.0082 60
      vertex -82.5 77.5 60
      vertex -82.5 81 60
    endloop
  endfacet
  facet normal 0 0 1
    outer loop
      vertex -83.0226 77.5274 60
      vertex -82.6568 81.0082 60
      vertex -82.8119 81.0328 60
    endloop
  endfacet
  facet normal 0 0 1
    outer loop
      vertex -83.5396 77.6093 60
      vertex -82.8119 81.0328 60
      vertex -82.9635 81.0734 60
    endloop
  endfacet
  facet normal 0 0 1
    outer loop
      vertex -82.6568 81.0082 60
      vertex -83.0226 77.5274 60
      vertex -82.5 77.5 60
    endloop
  endfacet
  facet normal 0 0 1
    outer loop
      vertex -84.0451 77.7447 60
      vertex -82.9635 81.0734 60
      vertex -83.1101 81.1297 60
    endloop
  endfacet
  facet normal 0 0 1
    outer loop
      vertex -84.5337 77.9323 60
      vertex -83.1101 81.1297 60
      vertex -83.25 81.201 60
    endloop
  endfacet
  facet normal 0 0 1
    outer loop
      vertex -85 78.1699 60
      vertex -83.25 81.201 60
      vertex -83.3817 81.2865 60
    endloop
  endfacet
  facet normal 0 0 1
    outer loop
      vertex -85 78.1699 60
      vertex -83.3817 81.2865 60
      vertex -83.5037 81.3853 60
    endloop
  endfacet
  facet normal 0 0 1
    outer loop
      vertex -82.8119 81.0328 60
      vertex -83.5396 77.6093 60
      vertex -83.0226 77.5274 60
    endloop
  endfacet
  facet normal 0 0 1
    outer loop
      vertex -85 78.1699 60
      vertex -83.5037 81.3853 60
      vertex -83.6147 81.4963 60
    endloop
  endfacet
  facet normal 0 0 1
    outer loop
      vertex -85 78.1699 60
      vertex -83.6147 81.4963 60
      vertex -83.7135 81.6183 60
    endloop
  endfacet
  facet normal 0 0 1
    outer loop
      vertex -85 78.1699 60
      vertex -83.7135 81.6183 60
      vertex -83.799 81.75 60
    endloop
  endfacet
  facet normal 0 0 1
    outer loop
      vertex -85 78.1699 60
      vertex -83.799 81.75 60
      vertex -83.8703 81.8899 60
    endloop
  endfacet
  facet normal 0 0 1
    outer loop
      vertex -85 78.1699 60
      vertex -83.8703 81.8899 60
      vertex -83.9266 82.0365 60
    endloop
  endfacet
  facet normal 0 0 1
    outer loop
      vertex -85 78.1699 60
      vertex -83.9266 82.0365 60
      vertex -83.9672 82.1881 60
    endloop
  endfacet
  facet normal 0 0 1
    outer loop
      vertex -85 78.1699 60
      vertex -83.9672 82.1881 60
      vertex -83.9918 82.3432 60
    endloop
  endfacet
  facet normal 0 0 1
    outer loop
      vertex -82.9635 81.0734 60
      vertex -84.0451 77.7447 60
      vertex -83.5396 77.6093 60
    endloop
  endfacet
  facet normal 0 0 1
    outer loop
      vertex -85 78.1699 60
      vertex -83.9918 82.3432 60
      vertex -84 82.5 60
    endloop
  endfacet
  facet normal 0 0 1
    outer loop
      vertex -83.9672 82.8119 60
      vertex -85 86.8301 60
      vertex -83.9918 82.6568 60
    endloop
  endfacet
  facet normal 0 0 1
    outer loop
      vertex -83.9918 82.6568 60
      vertex -85 86.8301 60
      vertex -84 82.5 60
    endloop
  endfacet
  facet normal 0 0 1
    outer loop
      vertex -83.1101 81.1297 60
      vertex -84.5337 77.9323 60
      vertex -84.0451 77.7447 60
    endloop
  endfacet
  facet normal 0 0 1
    outer loop
      vertex -85 78.1699 60
      vertex -84 82.5 60
      vertex -85 86.8301 60
    endloop
  endfacet
  facet normal 0 0 1
    outer loop
      vertex -83.25 81.201 60
      vertex -85 78.1699 60
      vertex -84.5337 77.9323 60
    endloop
  endfacet
  facet normal 0 0 1
    outer loop
      vertex 85 -76.6699 60
      vertex 83.9918 -80.8432 60
      vertex 84 -81 60
    endloop
  endfacet
  facet normal 0 0 1
    outer loop
      vertex 84.5337 -76.4323 60
      vertex 83.9672 -80.6881 60
      vertex 83.9918 -80.8432 60
    endloop
  endfacet
  facet normal 0 0 1
    outer loop
      vertex 84.5337 -76.4323 60
      vertex 83.9266 -80.5365 60
      vertex 83.9672 -80.6881 60
    endloop
  endfacet
  facet normal 0 0 1
    outer loop
      vertex 84.5337 -76.4323 60
      vertex 83.8703 -80.3899 60
      vertex 83.9266 -80.5365 60
    endloop
  endfacet
  facet normal 0 0 1
    outer loop
      vertex 84.5337 -76.4323 60
      vertex 83.799 -80.25 60
      vertex 83.8703 -80.3899 60
    endloop
  endfacet
  facet normal 0 0 1
    outer loop
      vertex 84.5337 -76.4323 60
      vertex 83.7135 -80.1183 60
      vertex 83.799 -80.25 60
    endloop
  endfacet
  facet normal 0 0 1
    outer loop
      vertex 84.5337 -76.4323 60
      vertex 83.6147 -79.9963 60
      vertex 83.7135 -80.1183 60
    endloop
  endfacet
  facet normal 0 0 1
    outer loop
      vertex 82.9635 -79.5734 60
      vertex 84.0451 -76.2447 60
      vertex 83.5396 -76.1093 60
    endloop
  endfacet
  facet normal 0 0 1
    outer loop
      vertex 84.5337 -76.4323 60
      vertex 83.5037 -79.8853 60
      vertex 83.6147 -79.9963 60
    endloop
  endfacet
  facet normal 0 0 1
    outer loop
      vertex 84.5337 -76.4323 60
      vertex 83.3817 -79.7865 60
      vertex 83.5037 -79.8853 60
    endloop
  endfacet
  facet normal 0 0 1
    outer loop
      vertex 84.5337 -76.4323 60
      vertex 83.25 -79.701 60
      vertex 83.3817 -79.7865 60
    endloop
  endfacet
  facet normal 0 0 1
    outer loop
      vertex 84.5337 -76.4323 60
      vertex 83.1101 -79.6297 60
      vertex 83.25 -79.701 60
    endloop
  endfacet
  facet normal 0 0 1
    outer loop
      vertex 82.8119 -79.5328 60
      vertex 83.5396 -76.1093 60
      vertex 83.0226 -76.0274 60
    endloop
  endfacet
  facet normal 0 0 1
    outer loop
      vertex 84.0451 -76.2447 60
      vertex 82.9635 -79.5734 60
      vertex 83.1101 -79.6297 60
    endloop
  endfacet
  facet normal 0 0 1
    outer loop
      vertex 83.5396 -76.1093 60
      vertex 82.8119 -79.5328 60
      vertex 82.9635 -79.5734 60
    endloop
  endfacet
  facet normal 0 0 1
    outer loop
      vertex 83.0226 -76.0274 60
      vertex 82.6568 -79.5082 60
      vertex 82.8119 -79.5328 60
    endloop
  endfacet
  facet normal 0 0 1
    outer loop
      vertex 82.5 -76 60
      vertex 82.6568 -79.5082 60
      vertex 83.0226 -76.0274 60
    endloop
  endfacet
  facet normal 0 0 1
    outer loop
      vertex 82.5 -76 60
      vertex 82.5 -79.5 60
      vertex 82.6568 -79.5082 60
    endloop
  endfacet
  facet normal 0 0 1
    outer loop
      vertex 82.5 -76 60
      vertex 82.3432 -79.5082 60
      vertex 82.5 -79.5 60
    endloop
  endfacet
  facet normal -0 0 1
    outer loop
      vertex 81.9774 -76.0274 60
      vertex 82.3432 -79.5082 60
      vertex 82.5 -76 60
    endloop
  endfacet
  facet normal 0 0 1
    outer loop
      vertex 82.3432 -79.5082 60
      vertex 81.9774 -76.0274 60
      vertex 82.1881 -79.5328 60
    endloop
  endfacet
  facet normal -0 0 1
    outer loop
      vertex 81.4604 -76.1093 60
      vertex 82.1881 -79.5328 60
      vertex 81.9774 -76.0274 60
    endloop
  endfacet
  facet normal 0 0 1
    outer loop
      vertex 82.1881 -79.5328 60
      vertex 81.4604 -76.1093 60
      vertex 82.0365 -79.5734 60
    endloop
  endfacet
  facet normal -0 0 1
    outer loop
      vertex 80.9549 -76.2447 60
      vertex 82.0365 -79.5734 60
      vertex 81.4604 -76.1093 60
    endloop
  endfacet
  facet normal 0 0 1
    outer loop
      vertex 82.0365 -79.5734 60
      vertex 80.9549 -76.2447 60
      vertex 81.8899 -79.6297 60
    endloop
  endfacet
  facet normal -0 0 1
    outer loop
      vertex 80.4663 -76.4323 60
      vertex 81.8899 -79.6297 60
      vertex 80.9549 -76.2447 60
    endloop
  endfacet
  facet normal 0 0 1
    outer loop
      vertex 81.8899 -79.6297 60
      vertex 80.4663 -76.4323 60
      vertex 81.75 -79.701 60
    endloop
  endfacet
  facet normal -0 0 1
    outer loop
      vertex 80 -76.6699 60
      vertex 81.75 -79.701 60
      vertex 80.4663 -76.4323 60
    endloop
  endfacet
  facet normal 0 0 1
    outer loop
      vertex 81.75 -79.701 60
      vertex 80 -76.6699 60
      vertex 81.6183 -79.7865 60
    endloop
  endfacet
  facet normal -0 0 1
    outer loop
      vertex 79.5611 -76.9549 60
      vertex 81.6183 -79.7865 60
      vertex 80 -76.6699 60
    endloop
  endfacet
  facet normal 0 0 1
    outer loop
      vertex 81.6183 -79.7865 60
      vertex 79.5611 -76.9549 60
      vertex 81.4963 -79.8853 60
    endloop
  endfacet
  facet normal -0 0 1
    outer loop
      vertex 79.1544 -77.2843 60
      vertex 81.4963 -79.8853 60
      vertex 79.5611 -76.9549 60
    endloop
  endfacet
  facet normal 0 0 1
    outer loop
      vertex 81.4963 -79.8853 60
      vertex 79.1544 -77.2843 60
      vertex 81.3853 -79.9963 60
    endloop
  endfacet
  facet normal -0 0 1
    outer loop
      vertex 78.7843 -77.6544 60
      vertex 81.3853 -79.9963 60
      vertex 79.1544 -77.2843 60
    endloop
  endfacet
  facet normal -0 0 1
    outer loop
      vertex 78.4549 -78.0611 60
      vertex 81.2865 -80.1183 60
      vertex 78.7843 -77.6544 60
    endloop
  endfacet
  facet normal 0 0 1
    outer loop
      vertex 81.3853 -79.9963 60
      vertex 78.7843 -77.6544 60
      vertex 81.2865 -80.1183 60
    endloop
  endfacet
  facet normal 0 0 1
    outer loop
      vertex 83.25 83.799 60
      vertex 85 86.8301 60
      vertex 84.5337 87.0677 60
    endloop
  endfacet
  facet normal 0 0 1
    outer loop
      vertex 85 86.8301 60
      vertex 84 82.5 60
      vertex 85 78.1699 60
    endloop
  endfacet
  facet normal 0 0 1
    outer loop
      vertex 83.1101 83.8703 60
      vertex 84.5337 87.0677 60
      vertex 84.0451 87.2553 60
    endloop
  endfacet
  facet normal -0 0 1
    outer loop
      vertex 83.9918 82.3432 60
      vertex 85 78.1699 60
      vertex 84 82.5 60
    endloop
  endfacet
  facet normal -0 0 1
    outer loop
      vertex 83.9672 82.1881 60
      vertex 85 78.1699 60
      vertex 83.9918 82.3432 60
    endloop
  endfacet
  facet normal 0 0 1
    outer loop
      vertex 85 86.8301 60
      vertex 83.9918 82.6568 60
      vertex 84 82.5 60
    endloop
  endfacet
  facet normal 0 0 1
    outer loop
      vertex 85 86.8301 60
      vertex 83.9672 82.8119 60
      vertex 83.9918 82.6568 60
    endloop
  endfacet
  facet normal 0 0 1
    outer loop
      vertex 85 86.8301 60
      vertex 83.9266 82.9635 60
      vertex 83.9672 82.8119 60
    endloop
  endfacet
  facet normal 0 0 1
    outer loop
      vertex 85 86.8301 60
      vertex 83.8703 83.1101 60
      vertex 83.9266 82.9635 60
    endloop
  endfacet
  facet normal 0 0 1
    outer loop
      vertex 85 86.8301 60
      vertex 83.799 83.25 60
      vertex 83.8703 83.1101 60
    endloop
  endfacet
  facet normal 0 0 1
    outer loop
      vertex 85 86.8301 60
      vertex 83.7135 83.3817 60
      vertex 83.799 83.25 60
    endloop
  endfacet
  facet normal 0 0 1
    outer loop
      vertex 85 86.8301 60
      vertex 83.6147 83.5037 60
      vertex 83.7135 83.3817 60
    endloop
  endfacet
  facet normal 0 0 1
    outer loop
      vertex 82.9635 83.9266 60
      vertex 84.0451 87.2553 60
      vertex 83.5396 87.3907 60
    endloop
  endfacet
  facet normal 0 0 1
    outer loop
      vertex 85 86.8301 60
      vertex 83.5037 83.6147 60
      vertex 83.6147 83.5037 60
    endloop
  endfacet
  facet normal 0 0 1
    outer loop
      vertex 85 86.8301 60
      vertex 83.3817 83.7135 60
      vertex 83.5037 83.6147 60
    endloop
  endfacet
  facet normal 0 0 1
    outer loop
      vertex 85 86.8301 60
      vertex 83.25 83.799 60
      vertex 83.3817 83.7135 60
    endloop
  endfacet
  facet normal 0 0 1
    outer loop
      vertex 84.5337 87.0677 60
      vertex 83.1101 83.8703 60
      vertex 83.25 83.799 60
    endloop
  endfacet
  facet normal 0 0 1
    outer loop
      vertex 82.8119 83.9672 60
      vertex 83.5396 87.3907 60
      vertex 83.0226 87.4726 60
    endloop
  endfacet
  facet normal 0 0 1
    outer loop
      vertex 84.0451 87.2553 60
      vertex 82.9635 83.9266 60
      vertex 83.1101 83.8703 60
    endloop
  endfacet
  facet normal 0 0 1
    outer loop
      vertex 83.5396 87.3907 60
      vertex 82.8119 83.9672 60
      vertex 82.9635 83.9266 60
    endloop
  endfacet
  facet normal 0 0 1
    outer loop
      vertex 83.0226 87.4726 60
      vertex 82.6568 83.9918 60
      vertex 82.8119 83.9672 60
    endloop
  endfacet
  facet normal 0 0 1
    outer loop
      vertex 82.5 87.5 60
      vertex 82.6568 83.9918 60
      vertex 83.0226 87.4726 60
    endloop
  endfacet
  facet normal 0 0 1
    outer loop
      vertex 82.5 87.5 60
      vertex 82.5 84 60
      vertex 82.6568 83.9918 60
    endloop
  endfacet
  facet normal 0 0 1
    outer loop
      vertex 82.5 87.5 60
      vertex 82.3432 83.9918 60
      vertex 82.5 84 60
    endloop
  endfacet
  facet normal -0 0 1
    outer loop
      vertex 81.9774 87.4726 60
      vertex 82.3432 83.9918 60
      vertex 82.5 87.5 60
    endloop
  endfacet
  facet normal 0 0 1
    outer loop
      vertex 82.3432 83.9918 60
      vertex 81.9774 87.4726 60
      vertex 82.1881 83.9672 60
    endloop
  endfacet
  facet normal -0 0 1
    outer loop
      vertex 81.4604 87.3907 60
      vertex 82.1881 83.9672 60
      vertex 81.9774 87.4726 60
    endloop
  endfacet
  facet normal 0 0 1
    outer loop
      vertex 82.1881 83.9672 60
      vertex 81.4604 87.3907 60
      vertex 82.0365 83.9266 60
    endloop
  endfacet
  facet normal -0 0 1
    outer loop
      vertex 80.9549 87.2553 60
      vertex 82.0365 83.9266 60
      vertex 81.4604 87.3907 60
    endloop
  endfacet
  facet normal 0 0 1
    outer loop
      vertex 82.0365 83.9266 60
      vertex 80.9549 87.2553 60
      vertex 81.8899 83.8703 60
    endloop
  endfacet
  facet normal -0 0 1
    outer loop
      vertex 80.4663 87.0677 60
      vertex 81.8899 83.8703 60
      vertex 80.9549 87.2553 60
    endloop
  endfacet
  facet normal 0 0 1
    outer loop
      vertex 81.8899 83.8703 60
      vertex 80.4663 87.0677 60
      vertex 81.75 83.799 60
    endloop
  endfacet
  facet normal -0 0 1
    outer loop
      vertex 80 86.8301 60
      vertex 81.75 83.799 60
      vertex 80.4663 87.0677 60
    endloop
  endfacet
  facet normal 0 0 1
    outer loop
      vertex 81.75 83.799 60
      vertex 80 86.8301 60
      vertex 81.6183 83.7135 60
    endloop
  endfacet
  facet normal -0 0 1
    outer loop
      vertex 79.5611 86.5451 60
      vertex 81.6183 83.7135 60
      vertex 80 86.8301 60
    endloop
  endfacet
  facet normal 0 0 1
    outer loop
      vertex 81.6183 83.7135 60
      vertex 79.5611 86.5451 60
      vertex 81.4963 83.6147 60
    endloop
  endfacet
  facet normal -0 0 1
    outer loop
      vertex 79.1544 86.2157 60
      vertex 81.4963 83.6147 60
      vertex 79.5611 86.5451 60
    endloop
  endfacet
  facet normal 0 0 1
    outer loop
      vertex 81.4963 83.6147 60
      vertex 79.1544 86.2157 60
      vertex 81.3853 83.5037 60
    endloop
  endfacet
  facet normal -0 0 1
    outer loop
      vertex 78.7843 85.8456 60
      vertex 81.3853 83.5037 60
      vertex 79.1544 86.2157 60
    endloop
  endfacet
  facet normal -0 0 1
    outer loop
      vertex 78.4549 85.4389 60
      vertex 81.2865 83.3817 60
      vertex 78.7843 85.8456 60
    endloop
  endfacet
  facet normal 0 0 1
    outer loop
      vertex 81.3853 83.5037 60
      vertex 78.7843 85.8456 60
      vertex 81.2865 83.3817 60
    endloop
  endfacet
  facet normal 0 0 1
    outer loop
      vertex 86.25 87.5 60
      vertex 87.5 90.5 60
      vertex 86.25 90.5 60
    endloop
  endfacet
  facet normal 0 0 1
    outer loop
      vertex 85 78.1699 60
      vertex 87.5 90.5 60
      vertex 86.25 87.5 60
    endloop
  endfacet
  facet normal 0 0 1
    outer loop
      vertex 85 86.8301 60
      vertex 86.25 87.5 60
      vertex 85 87.5 60
    endloop
  endfacet
  facet normal 0 0 1
    outer loop
      vertex 85 78.1699 60
      vertex 86.25 87.5 60
      vertex 85 86.8301 60
    endloop
  endfacet
  facet normal 0 0 1
    outer loop
      vertex 87.5 90.5 60
      vertex 85 78.1699 60
      vertex 87.5 -87.5 60
    endloop
  endfacet
  facet normal -0 0 1
    outer loop
      vertex 85 -76.6699 60
      vertex 87.5 -87.5 60
      vertex 85 78.1699 60
    endloop
  endfacet
  facet normal 0 0 1
    outer loop
      vertex 83.9918 -80.8432 60
      vertex 85 -76.6699 60
      vertex 84.5337 -76.4323 60
    endloop
  endfacet
  facet normal 0 0 1
    outer loop
      vertex 83.1101 -79.6297 60
      vertex 84.5337 -76.4323 60
      vertex 84.0451 -76.2447 60
    endloop
  endfacet
  facet normal 0 0 1
    outer loop
      vertex 85 -76.6699 60
      vertex 84 -81 60
      vertex 87.5 -87.5 60
    endloop
  endfacet
  facet normal -0 0 1
    outer loop
      vertex 83.9918 -81.1568 60
      vertex 87.5 -87.5 60
      vertex 84 -81 60
    endloop
  endfacet
  facet normal -0 0 1
    outer loop
      vertex 83.9672 -81.3119 60
      vertex 87.5 -87.5 60
      vertex 83.9918 -81.1568 60
    endloop
  endfacet
  facet normal -0 0 1
    outer loop
      vertex 83.9266 -81.4635 60
      vertex 87.5 -87.5 60
      vertex 83.9672 -81.3119 60
    endloop
  endfacet
  facet normal -0 0 1
    outer loop
      vertex 83.8703 -81.6101 60
      vertex 87.5 -87.5 60
      vertex 83.9266 -81.4635 60
    endloop
  endfacet
  facet normal -0 0 1
    outer loop
      vertex 83.799 -81.75 60
      vertex 87.5 -87.5 60
      vertex 83.8703 -81.6101 60
    endloop
  endfacet
  facet normal -0 0 1
    outer loop
      vertex 83.7135 -81.8817 60
      vertex 87.5 -87.5 60
      vertex 83.799 -81.75 60
    endloop
  endfacet
  facet normal -0 0 1
    outer loop
      vertex 83.6147 -82.0037 60
      vertex 87.5 -87.5 60
      vertex 83.7135 -81.8817 60
    endloop
  endfacet
  facet normal -0 0 1
    outer loop
      vertex 83.5037 -82.1147 60
      vertex 87.5 -87.5 60
      vertex 83.6147 -82.0037 60
    endloop
  endfacet
  facet normal -0 0 1
    outer loop
      vertex 83.3817 -82.2135 60
      vertex 87.5 -87.5 60
      vertex 83.5037 -82.1147 60
    endloop
  endfacet
  facet normal -0 0 1
    outer loop
      vertex 83.25 -82.299 60
      vertex 87.5 -87.5 60
      vertex 83.3817 -82.2135 60
    endloop
  endfacet
  facet normal -0 0 1
    outer loop
      vertex 83.1101 -82.3703 60
      vertex 87.5 -87.5 60
      vertex 83.25 -82.299 60
    endloop
  endfacet
  facet normal -0 0 1
    outer loop
      vertex 82.9635 -82.4266 60
      vertex 87.5 -87.5 60
      vertex 83.1101 -82.3703 60
    endloop
  endfacet
  facet normal -0 0 1
    outer loop
      vertex 82.8119 -82.4672 60
      vertex 87.5 -87.5 60
      vertex 82.9635 -82.4266 60
    endloop
  endfacet
  facet normal -0 0 1
    outer loop
      vertex 82.6568 -82.4918 60
      vertex 87.5 -87.5 60
      vertex 82.8119 -82.4672 60
    endloop
  endfacet
  facet normal 0 0 1
    outer loop
      vertex 79.5054 -85 60
      vertex 82.6568 -82.4918 60
      vertex 82.5 -82.5 60
    endloop
  endfacet
  facet normal 0 0 1
    outer loop
      vertex 79.5054 -85 60
      vertex 82.5 -82.5 60
      vertex 82.3432 -82.4918 60
    endloop
  endfacet
  facet normal 0 0 1
    outer loop
      vertex 79.5054 -85 60
      vertex 82.3432 -82.4918 60
      vertex 82.1881 -82.4672 60
    endloop
  endfacet
  facet normal 0 0 1
    outer loop
      vertex 79.5054 -85 60
      vertex 82.1881 -82.4672 60
      vertex 82.0365 -82.4266 60
    endloop
  endfacet
  facet normal 0 0 1
    outer loop
      vertex 79.5054 -85 60
      vertex 82.0365 -82.4266 60
      vertex 81.8899 -82.3703 60
    endloop
  endfacet
  facet normal 0 0 1
    outer loop
      vertex 79.5054 -85 60
      vertex 81.8899 -82.3703 60
      vertex 81.75 -82.299 60
    endloop
  endfacet
  facet normal 0 0 1
    outer loop
      vertex 79.5054 -85 60
      vertex 81.75 -82.299 60
      vertex 81.6183 -82.2135 60
    endloop
  endfacet
  facet normal 0 0 1
    outer loop
      vertex 79.5054 -85 60
      vertex 81.6183 -82.2135 60
      vertex 81.4963 -82.1147 60
    endloop
  endfacet
  facet normal 0 0 1
    outer loop
      vertex 81.2865 -80.1183 60
      vertex 78.4549 -78.0611 60
      vertex 81.201 -80.25 60
    endloop
  endfacet
  facet normal -0 0 1
    outer loop
      vertex 78.1699 -78.5 60
      vertex 81.201 -80.25 60
      vertex 78.4549 -78.0611 60
    endloop
  endfacet
  facet normal 0 0 1
    outer loop
      vertex 81.201 -80.25 60
      vertex 78.1699 -78.5 60
      vertex 81.1297 -80.3899 60
    endloop
  endfacet
  facet normal -0 0 1
    outer loop
      vertex 77.9323 -78.9663 60
      vertex 81.1297 -80.3899 60
      vertex 78.1699 -78.5 60
    endloop
  endfacet
  facet normal 0 0 1
    outer loop
      vertex 81 -81 60
      vertex 79.5054 -85 60
      vertex 81.0082 -81.1568 60
    endloop
  endfacet
  facet normal 0 0 1
    outer loop
      vertex 81.0082 -81.1568 60
      vertex 79.5054 -85 60
      vertex 81.0328 -81.3119 60
    endloop
  endfacet
  facet normal 0 0 1
    outer loop
      vertex 81.0328 -81.3119 60
      vertex 79.5054 -85 60
      vertex 81.0734 -81.4635 60
    endloop
  endfacet
  facet normal 0 0 1
    outer loop
      vertex 79.5054 -85 60
      vertex 81.1297 -81.6101 60
      vertex 81.0734 -81.4635 60
    endloop
  endfacet
  facet normal 0 0 1
    outer loop
      vertex 79.5054 -85 60
      vertex 81.201 -81.75 60
      vertex 81.1297 -81.6101 60
    endloop
  endfacet
  facet normal 0 0 1
    outer loop
      vertex 79.5054 -85 60
      vertex 81.2865 -81.8817 60
      vertex 81.201 -81.75 60
    endloop
  endfacet
  facet normal 0 0 1
    outer loop
      vertex 79.5054 -85 60
      vertex 81.3853 -82.0037 60
      vertex 81.2865 -81.8817 60
    endloop
  endfacet
  facet normal 0 0 1
    outer loop
      vertex 79.5054 -85 60
      vertex 81.4963 -82.1147 60
      vertex 81.3853 -82.0037 60
    endloop
  endfacet
  facet normal 0 0 1
    outer loop
      vertex 82.6568 -82.4918 60
      vertex 79.5054 -85 60
      vertex 87.5 -87.5 60
    endloop
  endfacet
  facet normal -0 0 1
    outer loop
      vertex -79.5054 -85 60
      vertex 87.5 -87.5 60
      vertex 79.5054 -85 60
    endloop
  endfacet
  facet normal 0 0 1
    outer loop
      vertex -81.0082 -80.8432 60
      vertex -79.5611 -76.9549 60
      vertex -80 -76.6699 60
    endloop
  endfacet
  facet normal 0 0 1
    outer loop
      vertex -81.0082 -80.8432 60
      vertex -80 -76.6699 60
      vertex -80.4663 -76.4323 60
    endloop
  endfacet
  facet normal 0 0 1
    outer loop
      vertex -81.8899 -79.6297 60
      vertex -80.4663 -76.4323 60
      vertex -80.9549 -76.2447 60
    endloop
  endfacet
  facet normal 0 0 1
    outer loop
      vertex -77.9323 -83.0337 60
      vertex -81.1297 -81.6101 60
      vertex -78.1699 -83.5 60
    endloop
  endfacet
  facet normal -0 0 1
    outer loop
      vertex -81.201 -81.75 60
      vertex -78.1699 -83.5 60
      vertex -81.1297 -81.6101 60
    endloop
  endfacet
  facet normal 0 0 1
    outer loop
      vertex -78.1699 -83.5 60
      vertex -81.201 -81.75 60
      vertex -78.4549 -83.9389 60
    endloop
  endfacet
  facet normal -0 0 1
    outer loop
      vertex -81.2865 -81.8817 60
      vertex -78.4549 -83.9389 60
      vertex -81.201 -81.75 60
    endloop
  endfacet
  facet normal 0 0 1
    outer loop
      vertex -78.4549 -83.9389 60
      vertex -81.2865 -81.8817 60
      vertex -78.7843 -84.3456 60
    endloop
  endfacet
  facet normal -0 0 1
    outer loop
      vertex -81.3853 -82.0037 60
      vertex -78.7843 -84.3456 60
      vertex -81.2865 -81.8817 60
    endloop
  endfacet
  facet normal 0 0 1
    outer loop
      vertex -78.7843 -84.3456 60
      vertex -81.3853 -82.0037 60
      vertex -79.1544 -84.7157 60
    endloop
  endfacet
  facet normal -0 0 1
    outer loop
      vertex -81.4963 -82.1147 60
      vertex -79.1544 -84.7157 60
      vertex -81.3853 -82.0037 60
    endloop
  endfacet
  facet normal 0 0 1
    outer loop
      vertex -79.1544 -84.7157 60
      vertex -81.4963 -82.1147 60
      vertex -79.5054 -85 60
    endloop
  endfacet
  facet normal -0 0 1
    outer loop
      vertex -81.6183 -82.2135 60
      vertex -79.5054 -85 60
      vertex -81.4963 -82.1147 60
    endloop
  endfacet
  facet normal -0 0 1
    outer loop
      vertex -81.75 -82.299 60
      vertex -79.5054 -85 60
      vertex -81.6183 -82.2135 60
    endloop
  endfacet
  facet normal -0 0 1
    outer loop
      vertex -81.8899 -82.3703 60
      vertex -79.5054 -85 60
      vertex -81.75 -82.299 60
    endloop
  endfacet
  facet normal -0 0 1
    outer loop
      vertex -82.0365 -82.4266 60
      vertex -79.5054 -85 60
      vertex -81.8899 -82.3703 60
    endloop
  endfacet
  facet normal -0 0 1
    outer loop
      vertex -82.1881 -82.4672 60
      vertex -79.5054 -85 60
      vertex -82.0365 -82.4266 60
    endloop
  endfacet
  facet normal -0 0 1
    outer loop
      vertex -82.3432 -82.4918 60
      vertex -79.5054 -85 60
      vertex -82.1881 -82.4672 60
    endloop
  endfacet
  facet normal -0 0 1
    outer loop
      vertex -82.5 -82.5 60
      vertex -79.5054 -85 60
      vertex -82.3432 -82.4918 60
    endloop
  endfacet
  facet normal 0 0 1
    outer loop
      vertex -82.6568 -82.4918 60
      vertex -79.5054 -85 60
      vertex -82.5 -82.5 60
    endloop
  endfacet
  facet normal 0 0 1
    outer loop
      vertex -82.8119 -82.4672 60
      vertex -79.5054 -85 60
      vertex -82.6568 -82.4918 60
    endloop
  endfacet
  facet normal 0 0 1
    outer loop
      vertex -87.5 -87.5 60
      vertex -82.8119 -82.4672 60
      vertex -82.9635 -82.4266 60
    endloop
  endfacet
  facet normal 0 0 1
    outer loop
      vertex -87.5 -87.5 60
      vertex -82.9635 -82.4266 60
      vertex -83.1101 -82.3703 60
    endloop
  endfacet
  facet normal 0 0 1
    outer loop
      vertex -87.5 -87.5 60
      vertex -83.1101 -82.3703 60
      vertex -83.25 -82.299 60
    endloop
  endfacet
  facet normal 0 0 1
    outer loop
      vertex -87.5 -87.5 60
      vertex -83.25 -82.299 60
      vertex -83.3817 -82.2135 60
    endloop
  endfacet
  facet normal 0 0 1
    outer loop
      vertex -83.9672 -80.6881 60
      vertex -85 -76.6699 60
      vertex -83.9918 -80.8432 60
    endloop
  endfacet
  facet normal 0 0 1
    outer loop
      vertex -83.9918 -80.8432 60
      vertex -85 -76.6699 60
      vertex -84 -81 60
    endloop
  endfacet
  facet normal 0 0 1
    outer loop
      vertex -87.5 -87.5 60
      vertex -84 -81 60
      vertex -85 -76.6699 60
    endloop
  endfacet
  facet normal 0 0 1
    outer loop
      vertex -84 -81 60
      vertex -87.5 -87.5 60
      vertex -83.9918 -81.1568 60
    endloop
  endfacet
  facet normal 0 0 1
    outer loop
      vertex -87.5 -87.5 60
      vertex -85 78.1699 60
      vertex -87.5 90.5 60
    endloop
  endfacet
  facet normal 0 0 1
    outer loop
      vertex -79.5054 -85 60
      vertex -87.5 -87.5 60
      vertex 87.5 -87.5 60
    endloop
  endfacet
  facet normal 0 0 1
    outer loop
      vertex -82.8119 -82.4672 60
      vertex -87.5 -87.5 60
      vertex -79.5054 -85 60
    endloop
  endfacet
  facet normal 0 0 1
    outer loop
      vertex -83.5037 -82.1147 60
      vertex -87.5 -87.5 60
      vertex -83.3817 -82.2135 60
    endloop
  endfacet
  facet normal 0 0 1
    outer loop
      vertex -83.6147 -82.0037 60
      vertex -87.5 -87.5 60
      vertex -83.5037 -82.1147 60
    endloop
  endfacet
  facet normal 0 0 1
    outer loop
      vertex -83.7135 -81.8817 60
      vertex -87.5 -87.5 60
      vertex -83.6147 -82.0037 60
    endloop
  endfacet
  facet normal 0 0 1
    outer loop
      vertex -83.799 -81.75 60
      vertex -87.5 -87.5 60
      vertex -83.7135 -81.8817 60
    endloop
  endfacet
  facet normal 0 0 1
    outer loop
      vertex -83.8703 -81.6101 60
      vertex -87.5 -87.5 60
      vertex -83.799 -81.75 60
    endloop
  endfacet
  facet normal 0 0 1
    outer loop
      vertex -83.9266 -81.4635 60
      vertex -87.5 -87.5 60
      vertex -83.8703 -81.6101 60
    endloop
  endfacet
  facet normal 0 0 1
    outer loop
      vertex -83.9672 -81.3119 60
      vertex -87.5 -87.5 60
      vertex -83.9266 -81.4635 60
    endloop
  endfacet
  facet normal 0 0 1
    outer loop
      vertex -83.9918 -81.1568 60
      vertex -87.5 -87.5 60
      vertex -83.9672 -81.3119 60
    endloop
  endfacet
  facet normal 0 0 1
    outer loop
      vertex -85 78.1699 60
      vertex -87.5 -87.5 60
      vertex -85 -76.6699 60
    endloop
  endfacet
  facet normal -0 0 1
    outer loop
      vertex 83.9266 82.0365 60
      vertex 85 78.1699 60
      vertex 83.9672 82.1881 60
    endloop
  endfacet
  facet normal -0 0 1
    outer loop
      vertex 83.8703 81.8899 60
      vertex 85 78.1699 60
      vertex 83.9266 82.0365 60
    endloop
  endfacet
  facet normal -0 0 1
    outer loop
      vertex 83.799 81.75 60
      vertex 85 78.1699 60
      vertex 83.8703 81.8899 60
    endloop
  endfacet
  facet normal -0 0 1
    outer loop
      vertex 83.7135 81.6183 60
      vertex 85 78.1699 60
      vertex 83.799 81.75 60
    endloop
  endfacet
  facet normal -0 0 1
    outer loop
      vertex 83.6147 81.4963 60
      vertex 85 78.1699 60
      vertex 83.7135 81.6183 60
    endloop
  endfacet
  facet normal -0 0 1
    outer loop
      vertex 83.5037 81.3853 60
      vertex 85 78.1699 60
      vertex 83.6147 81.4963 60
    endloop
  endfacet
  facet normal -0 0 1
    outer loop
      vertex 83.3817 81.2865 60
      vertex 85 78.1699 60
      vertex 83.5037 81.3853 60
    endloop
  endfacet
  facet normal -0 0 1
    outer loop
      vertex 83.25 81.201 60
      vertex 85 78.1699 60
      vertex 83.3817 81.2865 60
    endloop
  endfacet
  facet normal 0 0 1
    outer loop
      vertex 85 78.1699 60
      vertex 83.25 81.201 60
      vertex 84.5337 77.9323 60
    endloop
  endfacet
  facet normal -0 0 1
    outer loop
      vertex 83.1101 81.1297 60
      vertex 84.5337 77.9323 60
      vertex 83.25 81.201 60
    endloop
  endfacet
  facet normal 0 0 1
    outer loop
      vertex 84.5337 77.9323 60
      vertex 83.1101 81.1297 60
      vertex 84.0451 77.7447 60
    endloop
  endfacet
  facet normal -0 0 1
    outer loop
      vertex 82.9635 81.0734 60
      vertex 84.0451 77.7447 60
      vertex 83.1101 81.1297 60
    endloop
  endfacet
  facet normal 0 0 1
    outer loop
      vertex 84.0451 77.7447 60
      vertex 82.9635 81.0734 60
      vertex 83.5396 77.6093 60
    endloop
  endfacet
  facet normal -0 0 1
    outer loop
      vertex 82.8119 81.0328 60
      vertex 83.5396 77.6093 60
      vertex 82.9635 81.0734 60
    endloop
  endfacet
  facet normal 0 0 1
    outer loop
      vertex 83.5396 77.6093 60
      vertex 82.8119 81.0328 60
      vertex 83.0226 77.5274 60
    endloop
  endfacet
  facet normal -0 0 1
    outer loop
      vertex 82.6568 81.0082 60
      vertex 83.0226 77.5274 60
      vertex 82.8119 81.0328 60
    endloop
  endfacet
  facet normal -0 0 1
    outer loop
      vertex 82.5 81 60
      vertex 83.0226 77.5274 60
      vertex 82.6568 81.0082 60
    endloop
  endfacet
  facet normal 0 0 1
    outer loop
      vertex 82.5 81 60
      vertex 82.5 77.5 60
      vertex 83.0226 77.5274 60
    endloop
  endfacet
  facet normal 0 0 1
    outer loop
      vertex 82.3432 81.0082 60
      vertex 82.5 77.5 60
      vertex 82.5 81 60
    endloop
  endfacet
  facet normal 0 0 1
    outer loop
      vertex 81.9774 77.5274 60
      vertex 82.3432 81.0082 60
      vertex 82.1881 81.0328 60
    endloop
  endfacet
  facet normal 0 0 1
    outer loop
      vertex 81.4604 77.6093 60
      vertex 82.1881 81.0328 60
      vertex 82.0365 81.0734 60
    endloop
  endfacet
  facet normal 0 0 1
    outer loop
      vertex 82.3432 81.0082 60
      vertex 81.9774 77.5274 60
      vertex 82.5 77.5 60
    endloop
  endfacet
  facet normal 0 0 1
    outer loop
      vertex 80.9549 77.7447 60
      vertex 82.0365 81.0734 60
      vertex 81.8899 81.1297 60
    endloop
  endfacet
  facet normal 0 0 1
    outer loop
      vertex 80.4663 77.9323 60
      vertex 81.8899 81.1297 60
      vertex 81.75 81.201 60
    endloop
  endfacet
  facet normal 0 0 1
    outer loop
      vertex 80 78.1699 60
      vertex 81.75 81.201 60
      vertex 81.6183 81.2865 60
    endloop
  endfacet
  facet normal 0 0 1
    outer loop
      vertex 79.5611 78.4549 60
      vertex 81.6183 81.2865 60
      vertex 81.4963 81.3853 60
    endloop
  endfacet
  facet normal 0 0 1
    outer loop
      vertex 82.1881 81.0328 60
      vertex 81.4604 77.6093 60
      vertex 81.9774 77.5274 60
    endloop
  endfacet
  facet normal 0 0 1
    outer loop
      vertex 79.1544 78.7843 60
      vertex 81.4963 81.3853 60
      vertex 81.3853 81.4963 60
    endloop
  endfacet
  facet normal 0 0 1
    outer loop
      vertex 78.7843 79.1544 60
      vertex 81.3853 81.4963 60
      vertex 81.2865 81.6183 60
    endloop
  endfacet
  facet normal 0 0 1
    outer loop
      vertex 78.4549 79.5611 60
      vertex 81.2865 81.6183 60
      vertex 81.201 81.75 60
    endloop
  endfacet
  facet normal 0 0 1
    outer loop
      vertex 78.1699 80 60
      vertex 81.201 81.75 60
      vertex 81.1297 81.8899 60
    endloop
  endfacet
  facet normal 0 0 1
    outer loop
      vertex 77.9323 80.4663 60
      vertex 81.1297 81.8899 60
      vertex 81.0734 82.0365 60
    endloop
  endfacet
  facet normal 0 0 1
    outer loop
      vertex 77.7447 80.9549 60
      vertex 81.0734 82.0365 60
      vertex 81.0328 82.1881 60
    endloop
  endfacet
  facet normal 0 0 1
    outer loop
      vertex 77.6093 81.4604 60
      vertex 81.0328 82.1881 60
      vertex 81.0082 82.3432 60
    endloop
  endfacet
  facet normal 0 0 1
    outer loop
      vertex 82.0365 81.0734 60
      vertex 80.9549 77.7447 60
      vertex 81.4604 77.6093 60
    endloop
  endfacet
  facet normal 0 0 1
    outer loop
      vertex 77.5274 81.9774 60
      vertex 81.0082 82.3432 60
      vertex 81 82.5 60
    endloop
  endfacet
  facet normal 0 0 1
    outer loop
      vertex 81.2865 83.3817 60
      vertex 78.4549 85.4389 60
      vertex 81.201 83.25 60
    endloop
  endfacet
  facet normal -0 0 1
    outer loop
      vertex 78.1699 85 60
      vertex 81.201 83.25 60
      vertex 78.4549 85.4389 60
    endloop
  endfacet
  facet normal 0 0 1
    outer loop
      vertex 81.8899 81.1297 60
      vertex 80.4663 77.9323 60
      vertex 80.9549 77.7447 60
    endloop
  endfacet
  facet normal 0 0 1
    outer loop
      vertex 81.201 83.25 60
      vertex 78.1699 85 60
      vertex 81.1297 83.1101 60
    endloop
  endfacet
  facet normal 0 0 1
    outer loop
      vertex 81.75 81.201 60
      vertex 80 78.1699 60
      vertex 80.4663 77.9323 60
    endloop
  endfacet
  facet normal -0 0 1
    outer loop
      vertex 77.9323 84.5337 60
      vertex 81.1297 83.1101 60
      vertex 78.1699 85 60
    endloop
  endfacet
  facet normal 0 0 1
    outer loop
      vertex 81.6183 81.2865 60
      vertex 79.5611 78.4549 60
      vertex 80 78.1699 60
    endloop
  endfacet
  facet normal 0 0 1
    outer loop
      vertex 81.1297 83.1101 60
      vertex 77.9323 84.5337 60
      vertex 81.0734 82.9635 60
    endloop
  endfacet
  facet normal 0 0 1
    outer loop
      vertex 81.4963 81.3853 60
      vertex 79.1544 78.7843 60
      vertex 79.5611 78.4549 60
    endloop
  endfacet
  facet normal -0 0 1
    outer loop
      vertex 77.7447 84.0451 60
      vertex 81.0734 82.9635 60
      vertex 77.9323 84.5337 60
    endloop
  endfacet
  facet normal 0 0 1
    outer loop
      vertex 81.3853 81.4963 60
      vertex 78.7843 79.1544 60
      vertex 79.1544 78.7843 60
    endloop
  endfacet
  facet normal 0 0 1
    outer loop
      vertex 81.0734 82.9635 60
      vertex 77.7447 84.0451 60
      vertex 81.0328 82.8119 60
    endloop
  endfacet
  facet normal 0 0 1
    outer loop
      vertex 81.2865 81.6183 60
      vertex 78.4549 79.5611 60
      vertex 78.7843 79.1544 60
    endloop
  endfacet
  facet normal -0 0 1
    outer loop
      vertex 77.6093 83.5396 60
      vertex 81.0328 82.8119 60
      vertex 77.7447 84.0451 60
    endloop
  endfacet
  facet normal 0 0 1
    outer loop
      vertex 81.201 81.75 60
      vertex 78.1699 80 60
      vertex 78.4549 79.5611 60
    endloop
  endfacet
  facet normal 0 0 1
    outer loop
      vertex 81.0328 82.8119 60
      vertex 77.6093 83.5396 60
      vertex 81.0082 82.6568 60
    endloop
  endfacet
  facet normal 0 0 1
    outer loop
      vertex 81.1297 81.8899 60
      vertex 77.9323 80.4663 60
      vertex 78.1699 80 60
    endloop
  endfacet
  facet normal -0 0 1
    outer loop
      vertex 77.5274 83.0226 60
      vertex 81.0082 82.6568 60
      vertex 77.6093 83.5396 60
    endloop
  endfacet
  facet normal 0 0 1
    outer loop
      vertex 81.0734 82.0365 60
      vertex 77.7447 80.9549 60
      vertex 77.9323 80.4663 60
    endloop
  endfacet
  facet normal 0 0 1
    outer loop
      vertex 81.0082 82.6568 60
      vertex 77.5274 83.0226 60
      vertex 81 82.5 60
    endloop
  endfacet
  facet normal 0 0 1
    outer loop
      vertex 81.0328 82.1881 60
      vertex 77.6093 81.4604 60
      vertex 77.7447 80.9549 60
    endloop
  endfacet
  facet normal 0 0 1
    outer loop
      vertex 77.5 82.5 60
      vertex 81 82.5 60
      vertex 77.5274 83.0226 60
    endloop
  endfacet
  facet normal 0 0 1
    outer loop
      vertex 81.0082 82.3432 60
      vertex 77.5274 81.9774 60
      vertex 77.6093 81.4604 60
    endloop
  endfacet
  facet normal 0 0 1
    outer loop
      vertex 81 82.5 60
      vertex 77.5 82.5 60
      vertex 77.5274 81.9774 60
    endloop
  endfacet
  facet normal 1 -0 0
    outer loop
      vertex 87.5 -87.5 60
      vertex 87.5 90.5 0
      vertex 87.5 90.5 60
    endloop
  endfacet
  facet normal 1 0 0
    outer loop
      vertex 87.5 90.5 0
      vertex 87.5 -87.5 60
      vertex 87.5 -87.5 0
    endloop
  endfacet
  facet normal 0 0 -1
    outer loop
      vertex -87.5 -87.5 0
      vertex 87.5 90.5 0
      vertex 87.5 -87.5 0
    endloop
  endfacet
  facet normal -0 0 -1
    outer loop
      vertex 87.5 90.5 0
      vertex -87.5 -87.5 0
      vertex -87.5 90.5 0
    endloop
  endfacet
  facet normal 0 -1 0
    outer loop
      vertex -87.5 -87.5 0
      vertex 87.5 -87.5 60
      vertex -87.5 -87.5 60
    endloop
  endfacet
  facet normal 0 -1 -0
    outer loop
      vertex 87.5 -87.5 60
      vertex -87.5 -87.5 0
      vertex 87.5 -87.5 0
    endloop
  endfacet
  facet normal 1 0 0
    outer loop
      vertex -85 78.1699 60
      vertex -85 -76.6699 60
      vertex -85 78.1699 50
    endloop
  endfacet
  facet normal 1 0 0
    outer loop
      vertex -85 86.8301 50
      vertex -85 87.5 60
      vertex -85 86.8301 60
    endloop
  endfacet
  facet normal 1 0 0
    outer loop
      vertex -85 87.5 60
      vertex -85 86.8301 50
      vertex -85 87.5 2.45
    endloop
  endfacet
  facet normal 1 -0 0
    outer loop
      vertex -85 78.1699 50
      vertex -85 87.5 2.45
      vertex -85 86.8301 50
    endloop
  endfacet
  facet normal 1 0 0
    outer loop
      vertex -85 -76.6699 50
      vertex -85 78.1699 50
      vertex -85 -76.6699 60
    endloop
  endfacet
  facet normal 1 0 0
    outer loop
      vertex -85 -85 2.45
      vertex -85 78.1699 50
      vertex -85 -76.6699 50
    endloop
  endfacet
  facet normal 1 0 0
    outer loop
      vertex -85 -85 2.45
      vertex -85 -76.6699 50
      vertex -85 -85 50
    endloop
  endfacet
  facet normal 1 0 0
    outer loop
      vertex -85 78.1699 50
      vertex -85 -85 2.45
      vertex -85 87.5 2.45
    endloop
  endfacet
  facet normal -1 0 0
    outer loop
      vertex 85 87.5 2.45
      vertex 85 86.8301 50
      vertex 85 87.5 60
    endloop
  endfacet
  facet normal -1 0 0
    outer loop
      vertex 85 87.5 2.45
      vertex 85 78.1699 50
      vertex 85 86.8301 50
    endloop
  endfacet
  facet normal -1 0 0
    outer loop
      vertex 85 78.1699 50
      vertex 85 -76.6699 50
      vertex 85 78.1699 60
    endloop
  endfacet
  facet normal -1 0 0
    outer loop
      vertex 85 -85 2.45
      vertex 85 78.1699 50
      vertex 85 87.5 2.45
    endloop
  endfacet
  facet normal -1 -0 0
    outer loop
      vertex 85 78.1699 50
      vertex 85 -85 2.45
      vertex 85 -76.6699 50
    endloop
  endfacet
  facet normal -1 -0 0
    outer loop
      vertex 85 -76.6699 50
      vertex 85 -85 2.45
      vertex 85 -85 50
    endloop
  endfacet
  facet normal -1 -0 0
    outer loop
      vertex 85 87.5 60
      vertex 85 86.8301 50
      vertex 85 86.8301 60
    endloop
  endfacet
  facet normal -1 -0 0
    outer loop
      vertex 85 78.1699 60
      vertex 85 -76.6699 50
      vertex 85 -76.6699 60
    endloop
  endfacet
  facet normal 0 0 1
    outer loop
      vertex 85 87.5 2.45
      vertex 84 -75 2.45
      vertex 85 -85 2.45
    endloop
  endfacet
  facet normal 0 0 1
    outer loop
      vertex 85 87.5 2.45
      vertex 70 -75 2.45
      vertex 84 -75 2.45
    endloop
  endfacet
  facet normal 0 0 1
    outer loop
      vertex 70 -75 2.45
      vertex -70 -75 2.45
      vertex 70 -85 2.45
    endloop
  endfacet
  facet normal 0 0 1
    outer loop
      vertex 85 87.5 2.45
      vertex -70 -75 2.45
      vertex 70 -75 2.45
    endloop
  endfacet
  facet normal -0 0 1
    outer loop
      vertex -85 87.5 2.45
      vertex -70 -75 2.45
      vertex 85 87.5 2.45
    endloop
  endfacet
  facet normal 0 0 1
    outer loop
      vertex -70 -75 2.45
      vertex -85 87.5 2.45
      vertex -84 -75 2.45
    endloop
  endfacet
  facet normal 0 0 1
    outer loop
      vertex -85 -85 2.45
      vertex -84 -75 2.45
      vertex -85 87.5 2.45
    endloop
  endfacet
  facet normal 0 0 1
    outer loop
      vertex -84 -75 2.45
      vertex -85 -85 2.45
      vertex -84 -85 2.45
    endloop
  endfacet
  facet normal 0 0 1
    outer loop
      vertex 85 -85 2.45
      vertex 84 -75 2.45
      vertex 84 -85 2.45
    endloop
  endfacet
  facet normal 0 0 1
    outer loop
      vertex 70 -85 2.45
      vertex -70 -75 2.45
      vertex -70 -85 2.45
    endloop
  endfacet
  facet normal 0 1 -0
    outer loop
      vertex -71.9 -85 20.5
      vertex -82.1 -85 31
      vertex -71.9 -85 31
    endloop
  endfacet
  facet normal 0 1 0
    outer loop
      vertex -82.1 -85 31
      vertex -71.9 -85 20.5
      vertex -82.1 -85 20.5
    endloop
  endfacet
  facet normal 0 1 0
    outer loop
      vertex -79.5054 -85 60
      vertex -70 -85 31
      vertex -79.5054 -85 50
    endloop
  endfacet
  facet normal 0 1 -0
    outer loop
      vertex 70 -85 2.45
      vertex 1 -85 7.5
      vertex 70 -85 31
    endloop
  endfacet
  facet normal 0 1 0
    outer loop
      vertex 1 -85 2.5
      vertex 70 -85 2.45
      vertex -2 -85 2.5
    endloop
  endfacet
  facet normal 0 1 0
    outer loop
      vertex 1 -85 7.5
      vertex 70 -85 2.45
      vertex 1 -85 2.5
    endloop
  endfacet
  facet normal 0 1 -0
    outer loop
      vertex 82.1 -85 20.5
      vertex 71.9 -85 31
      vertex 82.1 -85 31
    endloop
  endfacet
  facet normal 0 1 0
    outer loop
      vertex 71.9 -85 31
      vertex 82.1 -85 20.5
      vertex 71.9 -85 20.5
    endloop
  endfacet
  facet normal 0 1 -0
    outer loop
      vertex 82.1 -85 31
      vertex 79.5054 -85 50
      vertex 85 -85 50
    endloop
  endfacet
  facet normal 0 1 0
    outer loop
      vertex 1 -85 7.5
      vertex 79.5054 -85 50
      vertex 70 -85 31
    endloop
  endfacet
  facet normal 0 1 0
    outer loop
      vertex 82.1 -85 31
      vertex 85 -85 50
      vertex 84 -85 31
    endloop
  endfacet
  facet normal 0 1 -0
    outer loop
      vertex 85 -85 2.45
      vertex 84 -85 31
      vertex 85 -85 50
    endloop
  endfacet
  facet normal 0 1 0
    outer loop
      vertex 84 -85 31
      vertex 85 -85 2.45
      vertex 84 -85 2.45
    endloop
  endfacet
  facet normal 0 1 0
    outer loop
      vertex 1 -85 7.5
      vertex 79.5054 -85 60
      vertex 79.5054 -85 50
    endloop
  endfacet
  facet normal 0 1 0
    outer loop
      vertex 79.5054 -85 60
      vertex 1 -85 7.5
      vertex -79.5054 -85 60
    endloop
  endfacet
  facet normal 0 1 0
    outer loop
      vertex 79.5054 -85 50
      vertex 82.1 -85 31
      vertex 71.9 -85 31
    endloop
  endfacet
  facet normal 0 1 0
    outer loop
      vertex 79.5054 -85 50
      vertex 71.9 -85 31
      vertex 70 -85 31
    endloop
  endfacet
  facet normal 0 1 -0
    outer loop
      vertex -2 -85 7.5
      vertex -79.5054 -85 60
      vertex 1 -85 7.5
    endloop
  endfacet
  facet normal 0 1 -0
    outer loop
      vertex -71.9 -85 31
      vertex -79.5054 -85 50
      vertex -70 -85 31
    endloop
  endfacet
  facet normal 0 1 0
    outer loop
      vertex -82.1 -85 31
      vertex -79.5054 -85 50
      vertex -71.9 -85 31
    endloop
  endfacet
  facet normal 0 1 0
    outer loop
      vertex -79.5054 -85 50
      vertex -82.1 -85 31
      vertex -85 -85 50
    endloop
  endfacet
  facet normal 0 1 -0
    outer loop
      vertex -84 -85 31
      vertex -85 -85 50
      vertex -82.1 -85 31
    endloop
  endfacet
  facet normal 0 1 0
    outer loop
      vertex -85 -85 2.45
      vertex -84 -85 31
      vertex -84 -85 2.45
    endloop
  endfacet
  facet normal 0 1 0
    outer loop
      vertex -84 -85 31
      vertex -85 -85 2.45
      vertex -85 -85 50
    endloop
  endfacet
  facet normal 0 1 0
    outer loop
      vertex -79.5054 -85 60
      vertex -2 -85 7.5
      vertex -70 -85 31
    endloop
  endfacet
  facet normal 0 1 0
    outer loop
      vertex -70 -85 2.45
      vertex -2 -85 7.5
      vertex -2 -85 2.5
    endloop
  endfacet
  facet normal 0 1 0
    outer loop
      vertex -2 -85 7.5
      vertex -70 -85 2.45
      vertex -70 -85 31
    endloop
  endfacet
  facet normal 0 1 0
    outer loop
      vertex -70 -85 2.45
      vertex -2 -85 2.5
      vertex 70 -85 2.45
    endloop
  endfacet
  facet normal 0.629391 0.777089 -0
    outer loop
      vertex -79.1544 -77.2843 50
      vertex -79.5611 -76.9549 60
      vertex -79.1544 -77.2843 60
    endloop
  endfacet
  facet normal 0.629391 0.777089 0
    outer loop
      vertex -79.5611 -76.9549 60
      vertex -79.1544 -77.2843 50
      vertex -79.5611 -76.9549 50
    endloop
  endfacet
  facet normal -0.258733 0.965949 0
    outer loop
      vertex -83.5396 -76.1093 50
      vertex -84.0451 -76.2447 60
      vertex -83.5396 -76.1093 60
    endloop
  endfacet
  facet normal -0.258733 0.965949 0
    outer loop
      vertex -84.0451 -76.2447 60
      vertex -83.5396 -76.1093 50
      vertex -84.0451 -76.2447 50
    endloop
  endfacet
  facet normal 0.891 0.454003 0
    outer loop
      vertex -77.9323 -78.9663 60
      vertex -78.1699 -78.5 50
      vertex -78.1699 -78.5 60
    endloop
  endfacet
  facet normal 0.891 0.454003 0
    outer loop
      vertex -78.1699 -78.5 50
      vertex -77.9323 -78.9663 60
      vertex -77.9323 -78.9663 50
    endloop
  endfacet
  facet normal 0.838692 0.544605 0
    outer loop
      vertex -78.1699 -78.5 60
      vertex -78.4549 -78.0611 50
      vertex -78.4549 -78.0611 60
    endloop
  endfacet
  facet normal 0.838692 0.544605 0
    outer loop
      vertex -78.4549 -78.0611 50
      vertex -78.1699 -78.5 60
      vertex -78.1699 -78.5 50
    endloop
  endfacet
  facet normal 0.707107 0.707107 0
    outer loop
      vertex -78.7843 -77.6544 60
      vertex -79.1544 -77.2843 50
      vertex -79.1544 -77.2843 60
    endloop
  endfacet
  facet normal 0.707107 0.707107 0
    outer loop
      vertex -79.1544 -77.2843 50
      vertex -78.7843 -77.6544 60
      vertex -78.7843 -77.6544 50
    endloop
  endfacet
  facet normal 0.358441 0.933552 -0
    outer loop
      vertex -80.4663 -76.4323 50
      vertex -80.9549 -76.2447 60
      vertex -80.4663 -76.4323 60
    endloop
  endfacet
  facet normal 0.358441 0.933552 0
    outer loop
      vertex -80.9549 -76.2447 60
      vertex -80.4663 -76.4323 50
      vertex -80.9549 -76.2447 50
    endloop
  endfacet
  facet normal -0.156463 0.987684 0
    outer loop
      vertex -83.0226 -76.0274 50
      vertex -83.5396 -76.1093 60
      vertex -83.0226 -76.0274 60
    endloop
  endfacet
  facet normal -0.156463 0.987684 0
    outer loop
      vertex -83.5396 -76.1093 60
      vertex -83.0226 -76.0274 50
      vertex -83.5396 -76.1093 50
    endloop
  endfacet
  facet normal 0.998628 -0.0523582 0
    outer loop
      vertex -77.5274 -81.5226 60
      vertex -77.5 -81 50
      vertex -77.5 -81 60
    endloop
  endfacet
  facet normal 0.998628 -0.0523582 0
    outer loop
      vertex -77.5 -81 50
      vertex -77.5274 -81.5226 60
      vertex -77.5274 -81.5226 50
    endloop
  endfacet
  facet normal 0.777089 -0.629391 0
    outer loop
      vertex -78.7843 -84.3456 60
      vertex -78.4549 -83.9389 50
      vertex -78.4549 -83.9389 60
    endloop
  endfacet
  facet normal 0.777089 -0.629391 0
    outer loop
      vertex -78.4549 -83.9389 50
      vertex -78.7843 -84.3456 60
      vertex -78.7843 -84.3456 50
    endloop
  endfacet
  facet normal 0.965949 0.258733 0
    outer loop
      vertex -77.6093 -79.9604 60
      vertex -77.7447 -79.4549 50
      vertex -77.7447 -79.4549 60
    endloop
  endfacet
  facet normal 0.965949 0.258733 0
    outer loop
      vertex -77.7447 -79.4549 50
      vertex -77.6093 -79.9604 60
      vertex -77.6093 -79.9604 50
    endloop
  endfacet
  facet normal 0.933552 0.358441 0
    outer loop
      vertex -77.7447 -79.4549 60
      vertex -77.9323 -78.9663 50
      vertex -77.9323 -78.9663 60
    endloop
  endfacet
  facet normal 0.933552 0.358441 0
    outer loop
      vertex -77.9323 -78.9663 50
      vertex -77.7447 -79.4549 60
      vertex -77.7447 -79.4549 50
    endloop
  endfacet
  facet normal 0.777089 0.629391 0
    outer loop
      vertex -78.4549 -78.0611 60
      vertex -78.7843 -77.6544 50
      vertex -78.7843 -77.6544 60
    endloop
  endfacet
  facet normal 0.777089 0.629391 0
    outer loop
      vertex -78.7843 -77.6544 50
      vertex -78.4549 -78.0611 60
      vertex -78.4549 -78.0611 50
    endloop
  endfacet
  facet normal 0.544605 0.838692 -0
    outer loop
      vertex -79.5611 -76.9549 50
      vertex -80 -76.6699 60
      vertex -79.5611 -76.9549 60
    endloop
  endfacet
  facet normal 0.544605 0.838692 0
    outer loop
      vertex -80 -76.6699 60
      vertex -79.5611 -76.9549 50
      vertex -80 -76.6699 50
    endloop
  endfacet
  facet normal 0.0523582 0.998628 -0
    outer loop
      vertex -81.9774 -76.0274 50
      vertex -82.5 -76 60
      vertex -81.9774 -76.0274 60
    endloop
  endfacet
  facet normal 0.0523582 0.998628 0
    outer loop
      vertex -82.5 -76 60
      vertex -81.9774 -76.0274 50
      vertex -82.5 -76 50
    endloop
  endfacet
  facet normal 0.454003 0.891 -0
    outer loop
      vertex -80 -76.6699 50
      vertex -80.4663 -76.4323 60
      vertex -80 -76.6699 60
    endloop
  endfacet
  facet normal 0.454003 0.891 0
    outer loop
      vertex -80.4663 -76.4323 60
      vertex -80 -76.6699 50
      vertex -80.4663 -76.4323 50
    endloop
  endfacet
  facet normal 0.258733 0.965949 -0
    outer loop
      vertex -80.9549 -76.2447 50
      vertex -81.4604 -76.1093 60
      vertex -80.9549 -76.2447 60
    endloop
  endfacet
  facet normal 0.258733 0.965949 0
    outer loop
      vertex -81.4604 -76.1093 60
      vertex -80.9549 -76.2447 50
      vertex -81.4604 -76.1093 50
    endloop
  endfacet
  facet normal -0.0523582 0.998628 0
    outer loop
      vertex -82.5 -76 50
      vertex -83.0226 -76.0274 60
      vertex -82.5 -76 60
    endloop
  endfacet
  facet normal -0.0523582 0.998628 0
    outer loop
      vertex -83.0226 -76.0274 60
      vertex -82.5 -76 50
      vertex -83.0226 -76.0274 50
    endloop
  endfacet
  facet normal -0.454003 0.891 0
    outer loop
      vertex -84.5337 -76.4323 50
      vertex -85 -76.6699 60
      vertex -84.5337 -76.4323 60
    endloop
  endfacet
  facet normal -0.454003 0.891 0
    outer loop
      vertex -85 -76.6699 60
      vertex -84.5337 -76.4323 50
      vertex -85 -76.6699 50
    endloop
  endfacet
  facet normal -0.358441 0.933552 0
    outer loop
      vertex -84.0451 -76.2447 50
      vertex -84.5337 -76.4323 60
      vertex -84.0451 -76.2447 60
    endloop
  endfacet
  facet normal -0.358441 0.933552 0
    outer loop
      vertex -84.5337 -76.4323 60
      vertex -84.0451 -76.2447 50
      vertex -84.5337 -76.4323 50
    endloop
  endfacet
  facet normal 0.998628 0.0523582 0
    outer loop
      vertex -77.5 -81 60
      vertex -77.5274 -80.4774 50
      vertex -77.5274 -80.4774 60
    endloop
  endfacet
  facet normal 0.998628 0.0523582 0
    outer loop
      vertex -77.5274 -80.4774 50
      vertex -77.5 -81 60
      vertex -77.5 -81 50
    endloop
  endfacet
  facet normal 0.629408 -0.777075 0
    outer loop
      vertex -79.5054 -85 50
      vertex -79.1544 -84.7157 60
      vertex -79.5054 -85 60
    endloop
  endfacet
  facet normal 0.629408 -0.777075 0
    outer loop
      vertex -79.1544 -84.7157 60
      vertex -79.5054 -85 50
      vertex -79.1544 -84.7157 50
    endloop
  endfacet
  facet normal 0.891 -0.454003 0
    outer loop
      vertex -78.1699 -83.5 60
      vertex -77.9323 -83.0337 50
      vertex -77.9323 -83.0337 60
    endloop
  endfacet
  facet normal 0.891 -0.454003 0
    outer loop
      vertex -77.9323 -83.0337 50
      vertex -78.1699 -83.5 60
      vertex -78.1699 -83.5 50
    endloop
  endfacet
  facet normal 0 0 -1
    outer loop
      vertex -81 -81 50
      vertex -77.5 -81 50
      vertex -77.5274 -81.5226 50
    endloop
  endfacet
  facet normal 0 0 -1
    outer loop
      vertex -81.0082 -81.1568 50
      vertex -77.5274 -81.5226 50
      vertex -77.6093 -82.0396 50
    endloop
  endfacet
  facet normal 0 0 -1
    outer loop
      vertex -77.5 -81 50
      vertex -81 -81 50
      vertex -77.5274 -80.4774 50
    endloop
  endfacet
  facet normal 0 0 -1
    outer loop
      vertex -81.0328 -81.3119 50
      vertex -77.6093 -82.0396 50
      vertex -77.7447 -82.5451 50
    endloop
  endfacet
  facet normal 0 0 -1
    outer loop
      vertex -81.0082 -80.8432 50
      vertex -77.5274 -80.4774 50
      vertex -81 -81 50
    endloop
  endfacet
  facet normal 0 0 -1
    outer loop
      vertex -81.0734 -81.4635 50
      vertex -77.7447 -82.5451 50
      vertex -77.9323 -83.0337 50
    endloop
  endfacet
  facet normal -0 0 -1
    outer loop
      vertex -77.5274 -80.4774 50
      vertex -81.0082 -80.8432 50
      vertex -77.6093 -79.9604 50
    endloop
  endfacet
  facet normal 0 0 -1
    outer loop
      vertex -81.1297 -81.6101 50
      vertex -77.9323 -83.0337 50
      vertex -78.1699 -83.5 50
    endloop
  endfacet
  facet normal 0 0 -1
    outer loop
      vertex -81.0328 -80.6881 50
      vertex -77.6093 -79.9604 50
      vertex -81.0082 -80.8432 50
    endloop
  endfacet
  facet normal 0 0 -1
    outer loop
      vertex -81.201 -81.75 50
      vertex -78.1699 -83.5 50
      vertex -78.4549 -83.9389 50
    endloop
  endfacet
  facet normal -0 0 -1
    outer loop
      vertex -77.6093 -79.9604 50
      vertex -81.0328 -80.6881 50
      vertex -77.7447 -79.4549 50
    endloop
  endfacet
  facet normal 0 0 -1
    outer loop
      vertex -81.2865 -81.8817 50
      vertex -78.4549 -83.9389 50
      vertex -78.7843 -84.3456 50
    endloop
  endfacet
  facet normal 0 0 -1
    outer loop
      vertex -81.0734 -80.5365 50
      vertex -77.7447 -79.4549 50
      vertex -81.0328 -80.6881 50
    endloop
  endfacet
  facet normal 0 0 -1
    outer loop
      vertex -81.3853 -82.0037 50
      vertex -78.7843 -84.3456 50
      vertex -79.1544 -84.7157 50
    endloop
  endfacet
  facet normal -0 0 -1
    outer loop
      vertex -77.7447 -79.4549 50
      vertex -81.0734 -80.5365 50
      vertex -77.9323 -78.9663 50
    endloop
  endfacet
  facet normal 0 0 -1
    outer loop
      vertex -81.4963 -82.1147 50
      vertex -79.1544 -84.7157 50
      vertex -79.5054 -85 50
    endloop
  endfacet
  facet normal 0 0 -1
    outer loop
      vertex -81.1297 -80.3899 50
      vertex -77.9323 -78.9663 50
      vertex -81.0734 -80.5365 50
    endloop
  endfacet
  facet normal -0 0 -1
    outer loop
      vertex -77.9323 -78.9663 50
      vertex -81.1297 -80.3899 50
      vertex -78.1699 -78.5 50
    endloop
  endfacet
  facet normal -0 0 -1
    outer loop
      vertex -78.1699 -78.5 50
      vertex -81.201 -80.25 50
      vertex -78.4549 -78.0611 50
    endloop
  endfacet
  facet normal 0 0 -1
    outer loop
      vertex -81.2865 -80.1183 50
      vertex -78.4549 -78.0611 50
      vertex -81.201 -80.25 50
    endloop
  endfacet
  facet normal 0 0 -1
    outer loop
      vertex -81.201 -80.25 50
      vertex -78.1699 -78.5 50
      vertex -81.1297 -80.3899 50
    endloop
  endfacet
  facet normal 0 0 -1
    outer loop
      vertex -77.5274 -81.5226 50
      vertex -81.0082 -81.1568 50
      vertex -81 -81 50
    endloop
  endfacet
  facet normal 0 0 -1
    outer loop
      vertex -77.6093 -82.0396 50
      vertex -81.0328 -81.3119 50
      vertex -81.0082 -81.1568 50
    endloop
  endfacet
  facet normal 0 0 -1
    outer loop
      vertex -77.7447 -82.5451 50
      vertex -81.0734 -81.4635 50
      vertex -81.0328 -81.3119 50
    endloop
  endfacet
  facet normal 0 0 -1
    outer loop
      vertex -77.9323 -83.0337 50
      vertex -81.1297 -81.6101 50
      vertex -81.0734 -81.4635 50
    endloop
  endfacet
  facet normal 0 0 -1
    outer loop
      vertex -78.1699 -83.5 50
      vertex -81.201 -81.75 50
      vertex -81.1297 -81.6101 50
    endloop
  endfacet
  facet normal 0 0 -1
    outer loop
      vertex -78.4549 -83.9389 50
      vertex -81.2865 -81.8817 50
      vertex -81.201 -81.75 50
    endloop
  endfacet
  facet normal 0 0 -1
    outer loop
      vertex -78.7843 -84.3456 50
      vertex -81.3853 -82.0037 50
      vertex -81.2865 -81.8817 50
    endloop
  endfacet
  facet normal 0 0 -1
    outer loop
      vertex -79.1544 -84.7157 50
      vertex -81.4963 -82.1147 50
      vertex -81.3853 -82.0037 50
    endloop
  endfacet
  facet normal 0 0 -1
    outer loop
      vertex -79.5054 -85 50
      vertex -81.6183 -82.2135 50
      vertex -81.4963 -82.1147 50
    endloop
  endfacet
  facet normal 0 0 -1
    outer loop
      vertex -79.5054 -85 50
      vertex -81.75 -82.299 50
      vertex -81.6183 -82.2135 50
    endloop
  endfacet
  facet normal 0 0 -1
    outer loop
      vertex -79.5054 -85 50
      vertex -81.8899 -82.3703 50
      vertex -81.75 -82.299 50
    endloop
  endfacet
  facet normal 0 0 -1
    outer loop
      vertex -79.5054 -85 50
      vertex -82.0365 -82.4266 50
      vertex -81.8899 -82.3703 50
    endloop
  endfacet
  facet normal 0 0 -1
    outer loop
      vertex -79.5054 -85 50
      vertex -82.1881 -82.4672 50
      vertex -82.0365 -82.4266 50
    endloop
  endfacet
  facet normal 0 0 -1
    outer loop
      vertex -79.5054 -85 50
      vertex -82.3432 -82.4918 50
      vertex -82.1881 -82.4672 50
    endloop
  endfacet
  facet normal 0 0 -1
    outer loop
      vertex -79.5054 -85 50
      vertex -82.5 -82.5 50
      vertex -82.3432 -82.4918 50
    endloop
  endfacet
  facet normal 0 0 -1
    outer loop
      vertex -85 -85 50
      vertex -82.5 -82.5 50
      vertex -79.5054 -85 50
    endloop
  endfacet
  facet normal -0 0 -1
    outer loop
      vertex -82.5 -82.5 50
      vertex -85 -85 50
      vertex -82.6568 -82.4918 50
    endloop
  endfacet
  facet normal -0 0 -1
    outer loop
      vertex -82.6568 -82.4918 50
      vertex -85 -85 50
      vertex -82.8119 -82.4672 50
    endloop
  endfacet
  facet normal -0 0 -1
    outer loop
      vertex -82.8119 -82.4672 50
      vertex -85 -85 50
      vertex -82.9635 -82.4266 50
    endloop
  endfacet
  facet normal -0 0 -1
    outer loop
      vertex -82.9635 -82.4266 50
      vertex -85 -85 50
      vertex -83.1101 -82.3703 50
    endloop
  endfacet
  facet normal -0 0 -1
    outer loop
      vertex -83.1101 -82.3703 50
      vertex -85 -85 50
      vertex -83.25 -82.299 50
    endloop
  endfacet
  facet normal 0 0 -1
    outer loop
      vertex -83.1101 -79.6297 50
      vertex -84.5337 -76.4323 50
      vertex -84.0451 -76.2447 50
    endloop
  endfacet
  facet normal 0 0 -1
    outer loop
      vertex -85 -85 50
      vertex -84 -81 50
      vertex -83.9918 -81.1568 50
    endloop
  endfacet
  facet normal -0 0 -1
    outer loop
      vertex -83.25 -82.299 50
      vertex -85 -85 50
      vertex -83.3817 -82.2135 50
    endloop
  endfacet
  facet normal 0 0 -1
    outer loop
      vertex -85 -85 50
      vertex -83.5037 -82.1147 50
      vertex -83.3817 -82.2135 50
    endloop
  endfacet
  facet normal 0 0 -1
    outer loop
      vertex -85 -85 50
      vertex -83.6147 -82.0037 50
      vertex -83.5037 -82.1147 50
    endloop
  endfacet
  facet normal 0 0 -1
    outer loop
      vertex -85 -85 50
      vertex -83.7135 -81.8817 50
      vertex -83.6147 -82.0037 50
    endloop
  endfacet
  facet normal 0 0 -1
    outer loop
      vertex -85 -85 50
      vertex -83.799 -81.75 50
      vertex -83.7135 -81.8817 50
    endloop
  endfacet
  facet normal 0 0 -1
    outer loop
      vertex -85 -85 50
      vertex -83.8703 -81.6101 50
      vertex -83.799 -81.75 50
    endloop
  endfacet
  facet normal 0 0 -1
    outer loop
      vertex -85 -85 50
      vertex -83.9266 -81.4635 50
      vertex -83.8703 -81.6101 50
    endloop
  endfacet
  facet normal 0 0 -1
    outer loop
      vertex -85 -85 50
      vertex -83.9672 -81.3119 50
      vertex -83.9266 -81.4635 50
    endloop
  endfacet
  facet normal 0 0 -1
    outer loop
      vertex -85 -85 50
      vertex -83.9918 -81.1568 50
      vertex -83.9672 -81.3119 50
    endloop
  endfacet
  facet normal -0 0 -1
    outer loop
      vertex -84 -81 50
      vertex -85 -85 50
      vertex -85 -76.6699 50
    endloop
  endfacet
  facet normal 0 0 -1
    outer loop
      vertex -83.9918 -80.8432 50
      vertex -85 -76.6699 50
      vertex -84.5337 -76.4323 50
    endloop
  endfacet
  facet normal -0 0 -1
    outer loop
      vertex -78.4549 -78.0611 50
      vertex -81.2865 -80.1183 50
      vertex -78.7843 -77.6544 50
    endloop
  endfacet
  facet normal 0 0 -1
    outer loop
      vertex -81.3853 -79.9963 50
      vertex -78.7843 -77.6544 50
      vertex -81.2865 -80.1183 50
    endloop
  endfacet
  facet normal -0 0 -1
    outer loop
      vertex -78.7843 -77.6544 50
      vertex -81.3853 -79.9963 50
      vertex -79.1544 -77.2843 50
    endloop
  endfacet
  facet normal 0 0 -1
    outer loop
      vertex -81.4963 -79.8853 50
      vertex -79.1544 -77.2843 50
      vertex -81.3853 -79.9963 50
    endloop
  endfacet
  facet normal -0 0 -1
    outer loop
      vertex -79.1544 -77.2843 50
      vertex -81.4963 -79.8853 50
      vertex -79.5611 -76.9549 50
    endloop
  endfacet
  facet normal 0 0 -1
    outer loop
      vertex -81.6183 -79.7865 50
      vertex -79.5611 -76.9549 50
      vertex -81.4963 -79.8853 50
    endloop
  endfacet
  facet normal -0 0 -1
    outer loop
      vertex -79.5611 -76.9549 50
      vertex -81.6183 -79.7865 50
      vertex -80 -76.6699 50
    endloop
  endfacet
  facet normal 0 0 -1
    outer loop
      vertex -81.75 -79.701 50
      vertex -80 -76.6699 50
      vertex -81.6183 -79.7865 50
    endloop
  endfacet
  facet normal -0 0 -1
    outer loop
      vertex -80 -76.6699 50
      vertex -81.75 -79.701 50
      vertex -80.4663 -76.4323 50
    endloop
  endfacet
  facet normal 0 0 -1
    outer loop
      vertex -81.8899 -79.6297 50
      vertex -80.4663 -76.4323 50
      vertex -81.75 -79.701 50
    endloop
  endfacet
  facet normal -0 0 -1
    outer loop
      vertex -80.4663 -76.4323 50
      vertex -81.8899 -79.6297 50
      vertex -80.9549 -76.2447 50
    endloop
  endfacet
  facet normal 0 0 -1
    outer loop
      vertex -82.0365 -79.5734 50
      vertex -80.9549 -76.2447 50
      vertex -81.8899 -79.6297 50
    endloop
  endfacet
  facet normal -0 0 -1
    outer loop
      vertex -80.9549 -76.2447 50
      vertex -82.0365 -79.5734 50
      vertex -81.4604 -76.1093 50
    endloop
  endfacet
  facet normal 0 0 -1
    outer loop
      vertex -82.1881 -79.5328 50
      vertex -81.4604 -76.1093 50
      vertex -82.0365 -79.5734 50
    endloop
  endfacet
  facet normal -0 0 -1
    outer loop
      vertex -81.4604 -76.1093 50
      vertex -82.1881 -79.5328 50
      vertex -81.9774 -76.0274 50
    endloop
  endfacet
  facet normal 0 0 -1
    outer loop
      vertex -82.3432 -79.5082 50
      vertex -81.9774 -76.0274 50
      vertex -82.1881 -79.5328 50
    endloop
  endfacet
  facet normal 0 0 -1
    outer loop
      vertex -82.5 -79.5 50
      vertex -81.9774 -76.0274 50
      vertex -82.3432 -79.5082 50
    endloop
  endfacet
  facet normal 0 0 -1
    outer loop
      vertex -82.5 -79.5 50
      vertex -82.5 -76 50
      vertex -81.9774 -76.0274 50
    endloop
  endfacet
  facet normal 0 0 -1
    outer loop
      vertex -82.6568 -79.5082 50
      vertex -82.5 -76 50
      vertex -82.5 -79.5 50
    endloop
  endfacet
  facet normal 0 0 -1
    outer loop
      vertex -83.0226 -76.0274 50
      vertex -82.6568 -79.5082 50
      vertex -82.8119 -79.5328 50
    endloop
  endfacet
  facet normal 0 0 -1
    outer loop
      vertex -83.5396 -76.1093 50
      vertex -82.8119 -79.5328 50
      vertex -82.9635 -79.5734 50
    endloop
  endfacet
  facet normal 0 0 -1
    outer loop
      vertex -82.6568 -79.5082 50
      vertex -83.0226 -76.0274 50
      vertex -82.5 -76 50
    endloop
  endfacet
  facet normal 0 0 -1
    outer loop
      vertex -84.0451 -76.2447 50
      vertex -82.9635 -79.5734 50
      vertex -83.1101 -79.6297 50
    endloop
  endfacet
  facet normal 0 0 -1
    outer loop
      vertex -84.5337 -76.4323 50
      vertex -83.1101 -79.6297 50
      vertex -83.25 -79.701 50
    endloop
  endfacet
  facet normal 0 0 -1
    outer loop
      vertex -84.5337 -76.4323 50
      vertex -83.25 -79.701 50
      vertex -83.3817 -79.7865 50
    endloop
  endfacet
  facet normal 0 0 -1
    outer loop
      vertex -84.5337 -76.4323 50
      vertex -83.3817 -79.7865 50
      vertex -83.5037 -79.8853 50
    endloop
  endfacet
  facet normal 0 0 -1
    outer loop
      vertex -82.8119 -79.5328 50
      vertex -83.5396 -76.1093 50
      vertex -83.0226 -76.0274 50
    endloop
  endfacet
  facet normal 0 0 -1
    outer loop
      vertex -84.5337 -76.4323 50
      vertex -83.5037 -79.8853 50
      vertex -83.6147 -79.9963 50
    endloop
  endfacet
  facet normal 0 0 -1
    outer loop
      vertex -84.5337 -76.4323 50
      vertex -83.6147 -79.9963 50
      vertex -83.7135 -80.1183 50
    endloop
  endfacet
  facet normal 0 0 -1
    outer loop
      vertex -84.5337 -76.4323 50
      vertex -83.7135 -80.1183 50
      vertex -83.799 -80.25 50
    endloop
  endfacet
  facet normal 0 0 -1
    outer loop
      vertex -84.5337 -76.4323 50
      vertex -83.799 -80.25 50
      vertex -83.8703 -80.3899 50
    endloop
  endfacet
  facet normal 0 0 -1
    outer loop
      vertex -84.5337 -76.4323 50
      vertex -83.8703 -80.3899 50
      vertex -83.9266 -80.5365 50
    endloop
  endfacet
  facet normal 0 0 -1
    outer loop
      vertex -84.5337 -76.4323 50
      vertex -83.9266 -80.5365 50
      vertex -83.9672 -80.6881 50
    endloop
  endfacet
  facet normal 0 0 -1
    outer loop
      vertex -84.5337 -76.4323 50
      vertex -83.9672 -80.6881 50
      vertex -83.9918 -80.8432 50
    endloop
  endfacet
  facet normal 0 0 -1
    outer loop
      vertex -82.9635 -79.5734 50
      vertex -84.0451 -76.2447 50
      vertex -83.5396 -76.1093 50
    endloop
  endfacet
  facet normal 0 0 -1
    outer loop
      vertex -85 -76.6699 50
      vertex -83.9918 -80.8432 50
      vertex -84 -81 50
    endloop
  endfacet
  facet normal 0.987684 0.156463 0
    outer loop
      vertex -77.5274 -80.4774 60
      vertex -77.6093 -79.9604 50
      vertex -77.6093 -79.9604 60
    endloop
  endfacet
  facet normal 0.987684 0.156463 0
    outer loop
      vertex -77.6093 -79.9604 50
      vertex -77.5274 -80.4774 60
      vertex -77.5274 -80.4774 50
    endloop
  endfacet
  facet normal 0.156463 0.987684 -0
    outer loop
      vertex -81.4604 -76.1093 50
      vertex -81.9774 -76.0274 60
      vertex -81.4604 -76.1093 60
    endloop
  endfacet
  facet normal 0.156463 0.987684 0
    outer loop
      vertex -81.9774 -76.0274 60
      vertex -81.4604 -76.1093 50
      vertex -81.9774 -76.0274 50
    endloop
  endfacet
  facet normal 0.987684 -0.156463 0
    outer loop
      vertex -77.6093 -82.0396 60
      vertex -77.5274 -81.5226 50
      vertex -77.5274 -81.5226 60
    endloop
  endfacet
  facet normal 0.987684 -0.156463 0
    outer loop
      vertex -77.5274 -81.5226 50
      vertex -77.6093 -82.0396 60
      vertex -77.6093 -82.0396 50
    endloop
  endfacet
  facet normal 0.965949 -0.258733 0
    outer loop
      vertex -77.7447 -82.5451 60
      vertex -77.6093 -82.0396 50
      vertex -77.6093 -82.0396 60
    endloop
  endfacet
  facet normal 0.965949 -0.258733 0
    outer loop
      vertex -77.6093 -82.0396 50
      vertex -77.7447 -82.5451 60
      vertex -77.7447 -82.5451 50
    endloop
  endfacet
  facet normal 0.707107 -0.707107 0
    outer loop
      vertex -79.1544 -84.7157 60
      vertex -78.7843 -84.3456 50
      vertex -78.7843 -84.3456 60
    endloop
  endfacet
  facet normal 0.707107 -0.707107 0
    outer loop
      vertex -78.7843 -84.3456 50
      vertex -79.1544 -84.7157 60
      vertex -79.1544 -84.7157 50
    endloop
  endfacet
  facet normal 0.933552 -0.358441 0
    outer loop
      vertex -77.9323 -83.0337 60
      vertex -77.7447 -82.5451 50
      vertex -77.7447 -82.5451 60
    endloop
  endfacet
  facet normal 0.933552 -0.358441 0
    outer loop
      vertex -77.7447 -82.5451 50
      vertex -77.9323 -83.0337 60
      vertex -77.9323 -83.0337 50
    endloop
  endfacet
  facet normal 0.838692 -0.544605 0
    outer loop
      vertex -78.4549 -83.9389 60
      vertex -78.1699 -83.5 50
      vertex -78.1699 -83.5 60
    endloop
  endfacet
  facet normal 0.838692 -0.544605 0
    outer loop
      vertex -78.1699 -83.5 50
      vertex -78.4549 -83.9389 60
      vertex -78.4549 -83.9389 50
    endloop
  endfacet
  facet normal -0.998635 -0.0522246 0
    outer loop
      vertex -81 -81 50
      vertex -81.0082 -80.8432 60
      vertex -81.0082 -80.8432 50
    endloop
  endfacet
  facet normal -0.998635 -0.0522246 0
    outer loop
      vertex -81.0082 -80.8432 60
      vertex -81 -81 50
      vertex -81 -81 60
    endloop
  endfacet
  facet normal 0.998635 -0.0522246 0
    outer loop
      vertex -84 -81 60
      vertex -83.9918 -80.8432 50
      vertex -83.9918 -80.8432 60
    endloop
  endfacet
  facet normal 0.998635 -0.0522246 0
    outer loop
      vertex -83.9918 -80.8432 50
      vertex -84 -81 60
      vertex -84 -81 50
    endloop
  endfacet
  facet normal -0.0522246 -0.998635 0
    outer loop
      vertex -82.5 -79.5 50
      vertex -82.3432 -79.5082 60
      vertex -82.5 -79.5 60
    endloop
  endfacet
  facet normal -0.0522246 -0.998635 -0
    outer loop
      vertex -82.3432 -79.5082 60
      vertex -82.5 -79.5 50
      vertex -82.3432 -79.5082 50
    endloop
  endfacet
  facet normal 0.0522246 0.998635 -0
    outer loop
      vertex -82.5 -82.5 50
      vertex -82.6568 -82.4918 60
      vertex -82.5 -82.5 60
    endloop
  endfacet
  facet normal 0.0522246 0.998635 0
    outer loop
      vertex -82.6568 -82.4918 60
      vertex -82.5 -82.5 50
      vertex -82.6568 -82.4918 50
    endloop
  endfacet
  facet normal 0.777126 0.629345 0
    outer loop
      vertex -83.6147 -82.0037 60
      vertex -83.7135 -81.8817 50
      vertex -83.7135 -81.8817 60
    endloop
  endfacet
  facet normal 0.777126 0.629345 0
    outer loop
      vertex -83.7135 -81.8817 50
      vertex -83.6147 -82.0037 60
      vertex -83.6147 -82.0037 50
    endloop
  endfacet
  facet normal -0.707107 -0.707107 0
    outer loop
      vertex -81.3853 -79.9963 50
      vertex -81.4963 -79.8853 60
      vertex -81.4963 -79.8853 50
    endloop
  endfacet
  facet normal -0.707107 -0.707107 0
    outer loop
      vertex -81.4963 -79.8853 60
      vertex -81.3853 -79.9963 50
      vertex -81.3853 -79.9963 60
    endloop
  endfacet
  facet normal 0.629345 -0.777126 0
    outer loop
      vertex -83.5037 -79.8853 50
      vertex -83.3817 -79.7865 60
      vertex -83.5037 -79.8853 60
    endloop
  endfacet
  facet normal 0.629345 -0.777126 0
    outer loop
      vertex -83.3817 -79.7865 60
      vertex -83.5037 -79.8853 50
      vertex -83.3817 -79.7865 50
    endloop
  endfacet
  facet normal 0.35851 -0.933526 0
    outer loop
      vertex -83.1101 -79.6297 50
      vertex -82.9635 -79.5734 60
      vertex -83.1101 -79.6297 60
    endloop
  endfacet
  facet normal 0.35851 -0.933526 0
    outer loop
      vertex -82.9635 -79.5734 60
      vertex -83.1101 -79.6297 50
      vertex -82.9635 -79.5734 50
    endloop
  endfacet
  facet normal 0.933526 0.35851 0
    outer loop
      vertex -83.8703 -81.6101 60
      vertex -83.9266 -81.4635 50
      vertex -83.9266 -81.4635 60
    endloop
  endfacet
  facet normal 0.933526 0.35851 0
    outer loop
      vertex -83.9266 -81.4635 50
      vertex -83.8703 -81.6101 60
      vertex -83.8703 -81.6101 50
    endloop
  endfacet
  facet normal -0.890962 -0.454078 0
    outer loop
      vertex -81.1297 -80.3899 50
      vertex -81.201 -80.25 60
      vertex -81.201 -80.25 50
    endloop
  endfacet
  facet normal -0.890962 -0.454078 0
    outer loop
      vertex -81.201 -80.25 60
      vertex -81.1297 -80.3899 50
      vertex -81.1297 -80.3899 60
    endloop
  endfacet
  facet normal -0.454078 -0.890962 0
    outer loop
      vertex -81.8899 -79.6297 50
      vertex -81.75 -79.701 60
      vertex -81.8899 -79.6297 60
    endloop
  endfacet
  facet normal -0.454078 -0.890962 -0
    outer loop
      vertex -81.75 -79.701 60
      vertex -81.8899 -79.6297 50
      vertex -81.75 -79.701 50
    endloop
  endfacet
  facet normal -0.544518 -0.838749 0
    outer loop
      vertex -81.75 -79.701 50
      vertex -81.6183 -79.7865 60
      vertex -81.75 -79.701 60
    endloop
  endfacet
  facet normal -0.544518 -0.838749 -0
    outer loop
      vertex -81.6183 -79.7865 60
      vertex -81.75 -79.701 50
      vertex -81.6183 -79.7865 50
    endloop
  endfacet
  facet normal 0.890962 -0.454078 0
    outer loop
      vertex -83.8703 -80.3899 60
      vertex -83.799 -80.25 50
      vertex -83.799 -80.25 60
    endloop
  endfacet
  facet normal 0.890962 -0.454078 0
    outer loop
      vertex -83.799 -80.25 50
      vertex -83.8703 -80.3899 60
      vertex -83.8703 -80.3899 50
    endloop
  endfacet
  facet normal 0.454078 -0.890962 0
    outer loop
      vertex -83.25 -79.701 50
      vertex -83.1101 -79.6297 60
      vertex -83.25 -79.701 60
    endloop
  endfacet
  facet normal 0.454078 -0.890962 0
    outer loop
      vertex -83.1101 -79.6297 60
      vertex -83.25 -79.701 50
      vertex -83.1101 -79.6297 50
    endloop
  endfacet
  facet normal 0.156649 -0.987654 0
    outer loop
      vertex -82.8119 -79.5328 50
      vertex -82.6568 -79.5082 60
      vertex -82.8119 -79.5328 60
    endloop
  endfacet
  facet normal 0.156649 -0.987654 0
    outer loop
      vertex -82.6568 -79.5082 60
      vertex -82.8119 -79.5328 50
      vertex -82.6568 -79.5082 50
    endloop
  endfacet
  facet normal -0.933526 0.35851 0
    outer loop
      vertex -81.1297 -81.6101 50
      vertex -81.0734 -81.4635 60
      vertex -81.0734 -81.4635 50
    endloop
  endfacet
  facet normal -0.933526 0.35851 0
    outer loop
      vertex -81.0734 -81.4635 60
      vertex -81.1297 -81.6101 50
      vertex -81.1297 -81.6101 60
    endloop
  endfacet
  facet normal 0.890962 0.454078 0
    outer loop
      vertex -83.799 -81.75 60
      vertex -83.8703 -81.6101 50
      vertex -83.8703 -81.6101 60
    endloop
  endfacet
  facet normal 0.890962 0.454078 0
    outer loop
      vertex -83.8703 -81.6101 50
      vertex -83.799 -81.75 60
      vertex -83.799 -81.75 50
    endloop
  endfacet
  facet normal -0.965959 -0.258694 0
    outer loop
      vertex -81.0328 -80.6881 50
      vertex -81.0734 -80.5365 60
      vertex -81.0734 -80.5365 50
    endloop
  endfacet
  facet normal -0.965959 -0.258694 0
    outer loop
      vertex -81.0734 -80.5365 60
      vertex -81.0328 -80.6881 50
      vertex -81.0328 -80.6881 60
    endloop
  endfacet
  facet normal -0.987654 -0.156649 0
    outer loop
      vertex -81.0082 -80.8432 50
      vertex -81.0328 -80.6881 60
      vertex -81.0328 -80.6881 50
    endloop
  endfacet
  facet normal -0.987654 -0.156649 0
    outer loop
      vertex -81.0328 -80.6881 60
      vertex -81.0082 -80.8432 50
      vertex -81.0082 -80.8432 60
    endloop
  endfacet
  facet normal -0.933526 -0.35851 0
    outer loop
      vertex -81.0734 -80.5365 50
      vertex -81.1297 -80.3899 60
      vertex -81.1297 -80.3899 50
    endloop
  endfacet
  facet normal -0.933526 -0.35851 0
    outer loop
      vertex -81.1297 -80.3899 60
      vertex -81.0734 -80.5365 50
      vertex -81.0734 -80.5365 60
    endloop
  endfacet
  facet normal -0.777126 -0.629345 0
    outer loop
      vertex -81.2865 -80.1183 50
      vertex -81.3853 -79.9963 60
      vertex -81.3853 -79.9963 50
    endloop
  endfacet
  facet normal -0.777126 -0.629345 0
    outer loop
      vertex -81.3853 -79.9963 60
      vertex -81.2865 -80.1183 50
      vertex -81.2865 -80.1183 60
    endloop
  endfacet
  facet normal -0.838749 -0.544518 0
    outer loop
      vertex -81.201 -80.25 50
      vertex -81.2865 -80.1183 60
      vertex -81.2865 -80.1183 50
    endloop
  endfacet
  facet normal -0.838749 -0.544518 0
    outer loop
      vertex -81.2865 -80.1183 60
      vertex -81.201 -80.25 50
      vertex -81.201 -80.25 60
    endloop
  endfacet
  facet normal -0.258694 -0.965959 0
    outer loop
      vertex -82.1881 -79.5328 50
      vertex -82.0365 -79.5734 60
      vertex -82.1881 -79.5328 60
    endloop
  endfacet
  facet normal -0.258694 -0.965959 -0
    outer loop
      vertex -82.0365 -79.5734 60
      vertex -82.1881 -79.5328 50
      vertex -82.0365 -79.5734 50
    endloop
  endfacet
  facet normal -0.35851 -0.933526 0
    outer loop
      vertex -82.0365 -79.5734 50
      vertex -81.8899 -79.6297 60
      vertex -82.0365 -79.5734 60
    endloop
  endfacet
  facet normal -0.35851 -0.933526 -0
    outer loop
      vertex -81.8899 -79.6297 60
      vertex -82.0365 -79.5734 50
      vertex -81.8899 -79.6297 50
    endloop
  endfacet
  facet normal -0.156649 -0.987654 0
    outer loop
      vertex -82.3432 -79.5082 50
      vertex -82.1881 -79.5328 60
      vertex -82.3432 -79.5082 60
    endloop
  endfacet
  facet normal -0.156649 -0.987654 -0
    outer loop
      vertex -82.1881 -79.5328 60
      vertex -82.3432 -79.5082 50
      vertex -82.1881 -79.5328 50
    endloop
  endfacet
  facet normal -0.629345 -0.777126 0
    outer loop
      vertex -81.6183 -79.7865 50
      vertex -81.4963 -79.8853 60
      vertex -81.6183 -79.7865 60
    endloop
  endfacet
  facet normal -0.629345 -0.777126 -0
    outer loop
      vertex -81.4963 -79.8853 60
      vertex -81.6183 -79.7865 50
      vertex -81.4963 -79.8853 50
    endloop
  endfacet
  facet normal 0.965959 -0.258694 0
    outer loop
      vertex -83.9672 -80.6881 60
      vertex -83.9266 -80.5365 50
      vertex -83.9266 -80.5365 60
    endloop
  endfacet
  facet normal 0.965959 -0.258694 0
    outer loop
      vertex -83.9266 -80.5365 50
      vertex -83.9672 -80.6881 60
      vertex -83.9672 -80.6881 50
    endloop
  endfacet
  facet normal 0.777126 -0.629345 0
    outer loop
      vertex -83.7135 -80.1183 60
      vertex -83.6147 -79.9963 50
      vertex -83.6147 -79.9963 60
    endloop
  endfacet
  facet normal 0.777126 -0.629345 0
    outer loop
      vertex -83.6147 -79.9963 50
      vertex -83.7135 -80.1183 60
      vertex -83.7135 -80.1183 50
    endloop
  endfacet
  facet normal 0.707107 -0.707107 0
    outer loop
      vertex -83.6147 -79.9963 60
      vertex -83.5037 -79.8853 50
      vertex -83.5037 -79.8853 60
    endloop
  endfacet
  facet normal 0.707107 -0.707107 0
    outer loop
      vertex -83.5037 -79.8853 50
      vertex -83.6147 -79.9963 60
      vertex -83.6147 -79.9963 50
    endloop
  endfacet
  facet normal 0.838749 -0.544518 0
    outer loop
      vertex -83.799 -80.25 60
      vertex -83.7135 -80.1183 50
      vertex -83.7135 -80.1183 60
    endloop
  endfacet
  facet normal 0.838749 -0.544518 0
    outer loop
      vertex -83.7135 -80.1183 50
      vertex -83.799 -80.25 60
      vertex -83.799 -80.25 50
    endloop
  endfacet
  facet normal 0.933526 -0.35851 0
    outer loop
      vertex -83.9266 -80.5365 60
      vertex -83.8703 -80.3899 50
      vertex -83.8703 -80.3899 60
    endloop
  endfacet
  facet normal 0.933526 -0.35851 0
    outer loop
      vertex -83.8703 -80.3899 50
      vertex -83.9266 -80.5365 60
      vertex -83.9266 -80.5365 50
    endloop
  endfacet
  facet normal 0.987654 -0.156649 0
    outer loop
      vertex -83.9918 -80.8432 60
      vertex -83.9672 -80.6881 50
      vertex -83.9672 -80.6881 60
    endloop
  endfacet
  facet normal 0.987654 -0.156649 0
    outer loop
      vertex -83.9672 -80.6881 50
      vertex -83.9918 -80.8432 60
      vertex -83.9918 -80.8432 50
    endloop
  endfacet
  facet normal 0.544518 -0.838749 0
    outer loop
      vertex -83.3817 -79.7865 50
      vertex -83.25 -79.701 60
      vertex -83.3817 -79.7865 60
    endloop
  endfacet
  facet normal 0.544518 -0.838749 0
    outer loop
      vertex -83.25 -79.701 60
      vertex -83.3817 -79.7865 50
      vertex -83.25 -79.701 50
    endloop
  endfacet
  facet normal 0.258694 -0.965959 0
    outer loop
      vertex -82.9635 -79.5734 50
      vertex -82.8119 -79.5328 60
      vertex -82.9635 -79.5734 60
    endloop
  endfacet
  facet normal 0.258694 -0.965959 0
    outer loop
      vertex -82.8119 -79.5328 60
      vertex -82.9635 -79.5734 50
      vertex -82.8119 -79.5328 50
    endloop
  endfacet
  facet normal 0.0522246 -0.998635 0
    outer loop
      vertex -82.6568 -79.5082 50
      vertex -82.5 -79.5 60
      vertex -82.6568 -79.5082 60
    endloop
  endfacet
  facet normal 0.0522246 -0.998635 0
    outer loop
      vertex -82.5 -79.5 60
      vertex -82.6568 -79.5082 50
      vertex -82.5 -79.5 50
    endloop
  endfacet
  facet normal -0.998635 0.0522246 0
    outer loop
      vertex -81.0082 -81.1568 50
      vertex -81 -81 60
      vertex -81 -81 50
    endloop
  endfacet
  facet normal -0.998635 0.0522246 0
    outer loop
      vertex -81 -81 60
      vertex -81.0082 -81.1568 50
      vertex -81.0082 -81.1568 60
    endloop
  endfacet
  facet normal -0.0522246 0.998635 0
    outer loop
      vertex -82.3432 -82.4918 50
      vertex -82.5 -82.5 60
      vertex -82.3432 -82.4918 60
    endloop
  endfacet
  facet normal -0.0522246 0.998635 0
    outer loop
      vertex -82.5 -82.5 60
      vertex -82.3432 -82.4918 50
      vertex -82.5 -82.5 50
    endloop
  endfacet
  facet normal -0.258694 0.965959 0
    outer loop
      vertex -82.0365 -82.4266 50
      vertex -82.1881 -82.4672 60
      vertex -82.0365 -82.4266 60
    endloop
  endfacet
  facet normal -0.258694 0.965959 0
    outer loop
      vertex -82.1881 -82.4672 60
      vertex -82.0365 -82.4266 50
      vertex -82.1881 -82.4672 50
    endloop
  endfacet
  facet normal -0.629345 0.777126 0
    outer loop
      vertex -81.4963 -82.1147 50
      vertex -81.6183 -82.2135 60
      vertex -81.4963 -82.1147 60
    endloop
  endfacet
  facet normal -0.629345 0.777126 0
    outer loop
      vertex -81.6183 -82.2135 60
      vertex -81.4963 -82.1147 50
      vertex -81.6183 -82.2135 50
    endloop
  endfacet
  facet normal -0.454078 0.890962 0
    outer loop
      vertex -81.75 -82.299 50
      vertex -81.8899 -82.3703 60
      vertex -81.75 -82.299 60
    endloop
  endfacet
  facet normal -0.454078 0.890962 0
    outer loop
      vertex -81.8899 -82.3703 60
      vertex -81.75 -82.299 50
      vertex -81.8899 -82.3703 50
    endloop
  endfacet
  facet normal -0.777126 0.629345 0
    outer loop
      vertex -81.3853 -82.0037 50
      vertex -81.2865 -81.8817 60
      vertex -81.2865 -81.8817 50
    endloop
  endfacet
  facet normal -0.777126 0.629345 0
    outer loop
      vertex -81.2865 -81.8817 60
      vertex -81.3853 -82.0037 50
      vertex -81.3853 -82.0037 60
    endloop
  endfacet
  facet normal -0.890962 0.454078 0
    outer loop
      vertex -81.201 -81.75 50
      vertex -81.1297 -81.6101 60
      vertex -81.1297 -81.6101 50
    endloop
  endfacet
  facet normal -0.890962 0.454078 0
    outer loop
      vertex -81.1297 -81.6101 60
      vertex -81.201 -81.75 50
      vertex -81.201 -81.75 60
    endloop
  endfacet
  facet normal 0.707107 0.707107 0
    outer loop
      vertex -83.5037 -82.1147 60
      vertex -83.6147 -82.0037 50
      vertex -83.6147 -82.0037 60
    endloop
  endfacet
  facet normal 0.707107 0.707107 0
    outer loop
      vertex -83.6147 -82.0037 50
      vertex -83.5037 -82.1147 60
      vertex -83.5037 -82.1147 50
    endloop
  endfacet
  facet normal 0.544518 0.838749 -0
    outer loop
      vertex -83.25 -82.299 50
      vertex -83.3817 -82.2135 60
      vertex -83.25 -82.299 60
    endloop
  endfacet
  facet normal 0.544518 0.838749 0
    outer loop
      vertex -83.3817 -82.2135 60
      vertex -83.25 -82.299 50
      vertex -83.3817 -82.2135 50
    endloop
  endfacet
  facet normal 0.35851 0.933526 -0
    outer loop
      vertex -82.9635 -82.4266 50
      vertex -83.1101 -82.3703 60
      vertex -82.9635 -82.4266 60
    endloop
  endfacet
  facet normal 0.35851 0.933526 0
    outer loop
      vertex -83.1101 -82.3703 60
      vertex -82.9635 -82.4266 50
      vertex -83.1101 -82.3703 50
    endloop
  endfacet
  facet normal 0.156649 0.987654 -0
    outer loop
      vertex -82.6568 -82.4918 50
      vertex -82.8119 -82.4672 60
      vertex -82.6568 -82.4918 60
    endloop
  endfacet
  facet normal 0.156649 0.987654 0
    outer loop
      vertex -82.8119 -82.4672 60
      vertex -82.6568 -82.4918 50
      vertex -82.8119 -82.4672 50
    endloop
  endfacet
  facet normal 0.838749 0.544518 0
    outer loop
      vertex -83.7135 -81.8817 60
      vertex -83.799 -81.75 50
      vertex -83.799 -81.75 60
    endloop
  endfacet
  facet normal 0.838749 0.544518 0
    outer loop
      vertex -83.799 -81.75 50
      vertex -83.7135 -81.8817 60
      vertex -83.7135 -81.8817 50
    endloop
  endfacet
  facet normal 0.965959 0.258694 0
    outer loop
      vertex -83.9266 -81.4635 60
      vertex -83.9672 -81.3119 50
      vertex -83.9672 -81.3119 60
    endloop
  endfacet
  facet normal 0.965959 0.258694 0
    outer loop
      vertex -83.9672 -81.3119 50
      vertex -83.9266 -81.4635 60
      vertex -83.9266 -81.4635 50
    endloop
  endfacet
  facet normal 0.998635 0.0522246 0
    outer loop
      vertex -83.9918 -81.1568 60
      vertex -84 -81 50
      vertex -84 -81 60
    endloop
  endfacet
  facet normal 0.998635 0.0522246 0
    outer loop
      vertex -84 -81 50
      vertex -83.9918 -81.1568 60
      vertex -83.9918 -81.1568 50
    endloop
  endfacet
  facet normal -0.156649 0.987654 0
    outer loop
      vertex -82.1881 -82.4672 50
      vertex -82.3432 -82.4918 60
      vertex -82.1881 -82.4672 60
    endloop
  endfacet
  facet normal -0.156649 0.987654 0
    outer loop
      vertex -82.3432 -82.4918 60
      vertex -82.1881 -82.4672 50
      vertex -82.3432 -82.4918 50
    endloop
  endfacet
  facet normal -0.35851 0.933526 0
    outer loop
      vertex -81.8899 -82.3703 50
      vertex -82.0365 -82.4266 60
      vertex -81.8899 -82.3703 60
    endloop
  endfacet
  facet normal -0.35851 0.933526 0
    outer loop
      vertex -82.0365 -82.4266 60
      vertex -81.8899 -82.3703 50
      vertex -82.0365 -82.4266 50
    endloop
  endfacet
  facet normal -0.707107 0.707107 0
    outer loop
      vertex -81.4963 -82.1147 50
      vertex -81.3853 -82.0037 60
      vertex -81.3853 -82.0037 50
    endloop
  endfacet
  facet normal -0.707107 0.707107 0
    outer loop
      vertex -81.3853 -82.0037 60
      vertex -81.4963 -82.1147 50
      vertex -81.4963 -82.1147 60
    endloop
  endfacet
  facet normal -0.544518 0.838749 0
    outer loop
      vertex -81.6183 -82.2135 50
      vertex -81.75 -82.299 60
      vertex -81.6183 -82.2135 60
    endloop
  endfacet
  facet normal -0.544518 0.838749 0
    outer loop
      vertex -81.75 -82.299 60
      vertex -81.6183 -82.2135 50
      vertex -81.75 -82.299 50
    endloop
  endfacet
  facet normal -0.838749 0.544518 0
    outer loop
      vertex -81.2865 -81.8817 50
      vertex -81.201 -81.75 60
      vertex -81.201 -81.75 50
    endloop
  endfacet
  facet normal -0.838749 0.544518 0
    outer loop
      vertex -81.201 -81.75 60
      vertex -81.2865 -81.8817 50
      vertex -81.2865 -81.8817 60
    endloop
  endfacet
  facet normal -0.987654 0.156649 0
    outer loop
      vertex -81.0328 -81.3119 50
      vertex -81.0082 -81.1568 60
      vertex -81.0082 -81.1568 50
    endloop
  endfacet
  facet normal -0.987654 0.156649 0
    outer loop
      vertex -81.0082 -81.1568 60
      vertex -81.0328 -81.3119 50
      vertex -81.0328 -81.3119 60
    endloop
  endfacet
  facet normal -0.965959 0.258694 0
    outer loop
      vertex -81.0734 -81.4635 50
      vertex -81.0328 -81.3119 60
      vertex -81.0328 -81.3119 50
    endloop
  endfacet
  facet normal -0.965959 0.258694 0
    outer loop
      vertex -81.0328 -81.3119 60
      vertex -81.0734 -81.4635 50
      vertex -81.0734 -81.4635 60
    endloop
  endfacet
  facet normal 0.629345 0.777126 -0
    outer loop
      vertex -83.3817 -82.2135 50
      vertex -83.5037 -82.1147 60
      vertex -83.3817 -82.2135 60
    endloop
  endfacet
  facet normal 0.629345 0.777126 0
    outer loop
      vertex -83.5037 -82.1147 60
      vertex -83.3817 -82.2135 50
      vertex -83.5037 -82.1147 50
    endloop
  endfacet
  facet normal 0.454078 0.890962 -0
    outer loop
      vertex -83.1101 -82.3703 50
      vertex -83.25 -82.299 60
      vertex -83.1101 -82.3703 60
    endloop
  endfacet
  facet normal 0.454078 0.890962 0
    outer loop
      vertex -83.25 -82.299 60
      vertex -83.1101 -82.3703 50
      vertex -83.25 -82.299 50
    endloop
  endfacet
  facet normal 0.258694 0.965959 -0
    outer loop
      vertex -82.8119 -82.4672 50
      vertex -82.9635 -82.4266 60
      vertex -82.8119 -82.4672 60
    endloop
  endfacet
  facet normal 0.258694 0.965959 0
    outer loop
      vertex -82.9635 -82.4266 60
      vertex -82.8119 -82.4672 50
      vertex -82.9635 -82.4266 50
    endloop
  endfacet
  facet normal 0.987654 0.156649 0
    outer loop
      vertex -83.9672 -81.3119 60
      vertex -83.9918 -81.1568 50
      vertex -83.9918 -81.1568 60
    endloop
  endfacet
  facet normal 0.987654 0.156649 0
    outer loop
      vertex -83.9918 -81.1568 50
      vertex -83.9672 -81.3119 60
      vertex -83.9672 -81.3119 50
    endloop
  endfacet
  facet normal -0.258733 0.965949 0
    outer loop
      vertex 81.4604 -76.1093 50
      vertex 80.9549 -76.2447 60
      vertex 81.4604 -76.1093 60
    endloop
  endfacet
  facet normal -0.258733 0.965949 0
    outer loop
      vertex 80.9549 -76.2447 60
      vertex 81.4604 -76.1093 50
      vertex 80.9549 -76.2447 50
    endloop
  endfacet
  facet normal -0.891 0.454003 0
    outer loop
      vertex 77.9323 -78.9663 50
      vertex 78.1699 -78.5 60
      vertex 78.1699 -78.5 50
    endloop
  endfacet
  facet normal -0.891 0.454003 0
    outer loop
      vertex 78.1699 -78.5 60
      vertex 77.9323 -78.9663 50
      vertex 77.9323 -78.9663 60
    endloop
  endfacet
  facet normal 0.358441 0.933552 -0
    outer loop
      vertex 84.5337 -76.4323 50
      vertex 84.0451 -76.2447 60
      vertex 84.5337 -76.4323 60
    endloop
  endfacet
  facet normal 0.358441 0.933552 0
    outer loop
      vertex 84.0451 -76.2447 60
      vertex 84.5337 -76.4323 50
      vertex 84.0451 -76.2447 50
    endloop
  endfacet
  facet normal -0.987684 0.156463 0
    outer loop
      vertex 77.5274 -80.4774 50
      vertex 77.6093 -79.9604 60
      vertex 77.6093 -79.9604 50
    endloop
  endfacet
  facet normal -0.987684 0.156463 0
    outer loop
      vertex 77.6093 -79.9604 60
      vertex 77.5274 -80.4774 50
      vertex 77.5274 -80.4774 60
    endloop
  endfacet
  facet normal -0.707107 0.707107 0
    outer loop
      vertex 78.7843 -77.6544 50
      vertex 79.1544 -77.2843 60
      vertex 79.1544 -77.2843 50
    endloop
  endfacet
  facet normal -0.707107 0.707107 0
    outer loop
      vertex 79.1544 -77.2843 60
      vertex 78.7843 -77.6544 50
      vertex 78.7843 -77.6544 60
    endloop
  endfacet
  facet normal -0.156463 0.987684 0
    outer loop
      vertex 81.9774 -76.0274 50
      vertex 81.4604 -76.1093 60
      vertex 81.9774 -76.0274 60
    endloop
  endfacet
  facet normal -0.156463 0.987684 0
    outer loop
      vertex 81.4604 -76.1093 60
      vertex 81.9774 -76.0274 50
      vertex 81.4604 -76.1093 50
    endloop
  endfacet
  facet normal -0.707107 -0.707107 0
    outer loop
      vertex 79.1544 -84.7157 50
      vertex 78.7843 -84.3456 60
      vertex 78.7843 -84.3456 50
    endloop
  endfacet
  facet normal -0.707107 -0.707107 0
    outer loop
      vertex 78.7843 -84.3456 60
      vertex 79.1544 -84.7157 50
      vertex 79.1544 -84.7157 60
    endloop
  endfacet
  facet normal -0.987684 -0.156463 0
    outer loop
      vertex 77.6093 -82.0396 50
      vertex 77.5274 -81.5226 60
      vertex 77.5274 -81.5226 50
    endloop
  endfacet
  facet normal -0.987684 -0.156463 0
    outer loop
      vertex 77.5274 -81.5226 60
      vertex 77.6093 -82.0396 50
      vertex 77.6093 -82.0396 60
    endloop
  endfacet
  facet normal -0.777089 -0.629391 0
    outer loop
      vertex 78.7843 -84.3456 50
      vertex 78.4549 -83.9389 60
      vertex 78.4549 -83.9389 50
    endloop
  endfacet
  facet normal -0.777089 -0.629391 0
    outer loop
      vertex 78.4549 -83.9389 60
      vertex 78.7843 -84.3456 50
      vertex 78.7843 -84.3456 60
    endloop
  endfacet
  facet normal 0.0523582 0.998628 -0
    outer loop
      vertex 83.0226 -76.0274 50
      vertex 82.5 -76 60
      vertex 83.0226 -76.0274 60
    endloop
  endfacet
  facet normal 0.0523582 0.998628 0
    outer loop
      vertex 82.5 -76 60
      vertex 83.0226 -76.0274 50
      vertex 82.5 -76 50
    endloop
  endfacet
  facet normal 0.454003 0.891 -0
    outer loop
      vertex 85 -76.6699 50
      vertex 84.5337 -76.4323 60
      vertex 85 -76.6699 60
    endloop
  endfacet
  facet normal 0.454003 0.891 0
    outer loop
      vertex 84.5337 -76.4323 60
      vertex 85 -76.6699 50
      vertex 84.5337 -76.4323 50
    endloop
  endfacet
  facet normal 0.258733 0.965949 -0
    outer loop
      vertex 84.0451 -76.2447 50
      vertex 83.5396 -76.1093 60
      vertex 84.0451 -76.2447 60
    endloop
  endfacet
  facet normal 0.258733 0.965949 0
    outer loop
      vertex 83.5396 -76.1093 60
      vertex 84.0451 -76.2447 50
      vertex 83.5396 -76.1093 50
    endloop
  endfacet
  facet normal -0.998628 0.0523582 0
    outer loop
      vertex 77.5 -81 50
      vertex 77.5274 -80.4774 60
      vertex 77.5274 -80.4774 50
    endloop
  endfacet
  facet normal -0.998628 0.0523582 0
    outer loop
      vertex 77.5274 -80.4774 60
      vertex 77.5 -81 50
      vertex 77.5 -81 60
    endloop
  endfacet
  facet normal -0.933552 0.358441 0
    outer loop
      vertex 77.7447 -79.4549 50
      vertex 77.9323 -78.9663 60
      vertex 77.9323 -78.9663 50
    endloop
  endfacet
  facet normal -0.933552 0.358441 0
    outer loop
      vertex 77.9323 -78.9663 60
      vertex 77.7447 -79.4549 50
      vertex 77.7447 -79.4549 60
    endloop
  endfacet
  facet normal -0.965949 0.258733 0
    outer loop
      vertex 77.6093 -79.9604 50
      vertex 77.7447 -79.4549 60
      vertex 77.7447 -79.4549 50
    endloop
  endfacet
  facet normal -0.965949 0.258733 0
    outer loop
      vertex 77.7447 -79.4549 60
      vertex 77.6093 -79.9604 50
      vertex 77.6093 -79.9604 60
    endloop
  endfacet
  facet normal -0.838692 0.544605 0
    outer loop
      vertex 78.1699 -78.5 50
      vertex 78.4549 -78.0611 60
      vertex 78.4549 -78.0611 50
    endloop
  endfacet
  facet normal -0.838692 0.544605 0
    outer loop
      vertex 78.4549 -78.0611 60
      vertex 78.1699 -78.5 50
      vertex 78.1699 -78.5 60
    endloop
  endfacet
  facet normal -0.777089 0.629391 0
    outer loop
      vertex 78.4549 -78.0611 50
      vertex 78.7843 -77.6544 60
      vertex 78.7843 -77.6544 50
    endloop
  endfacet
  facet normal -0.777089 0.629391 0
    outer loop
      vertex 78.7843 -77.6544 60
      vertex 78.4549 -78.0611 50
      vertex 78.4549 -78.0611 60
    endloop
  endfacet
  facet normal -0.0523582 0.998628 0
    outer loop
      vertex 82.5 -76 50
      vertex 81.9774 -76.0274 60
      vertex 82.5 -76 60
    endloop
  endfacet
  facet normal -0.0523582 0.998628 0
    outer loop
      vertex 81.9774 -76.0274 60
      vertex 82.5 -76 50
      vertex 81.9774 -76.0274 50
    endloop
  endfacet
  facet normal -0.454003 0.891 0
    outer loop
      vertex 80.4663 -76.4323 50
      vertex 80 -76.6699 60
      vertex 80.4663 -76.4323 60
    endloop
  endfacet
  facet normal -0.454003 0.891 0
    outer loop
      vertex 80 -76.6699 60
      vertex 80.4663 -76.4323 50
      vertex 80 -76.6699 50
    endloop
  endfacet
  facet normal -0.544605 0.838692 0
    outer loop
      vertex 80 -76.6699 50
      vertex 79.5611 -76.9549 60
      vertex 80 -76.6699 60
    endloop
  endfacet
  facet normal -0.544605 0.838692 0
    outer loop
      vertex 79.5611 -76.9549 60
      vertex 80 -76.6699 50
      vertex 79.5611 -76.9549 50
    endloop
  endfacet
  facet normal -0.358441 0.933552 0
    outer loop
      vertex 80.9549 -76.2447 50
      vertex 80.4663 -76.4323 60
      vertex 80.9549 -76.2447 60
    endloop
  endfacet
  facet normal -0.358441 0.933552 0
    outer loop
      vertex 80.4663 -76.4323 60
      vertex 80.9549 -76.2447 50
      vertex 80.4663 -76.4323 50
    endloop
  endfacet
  facet normal -0.629391 0.777089 0
    outer loop
      vertex 79.5611 -76.9549 50
      vertex 79.1544 -77.2843 60
      vertex 79.5611 -76.9549 60
    endloop
  endfacet
  facet normal -0.629391 0.777089 0
    outer loop
      vertex 79.1544 -77.2843 60
      vertex 79.5611 -76.9549 50
      vertex 79.1544 -77.2843 50
    endloop
  endfacet
  facet normal -0.965949 -0.258733 0
    outer loop
      vertex 77.7447 -82.5451 50
      vertex 77.6093 -82.0396 60
      vertex 77.6093 -82.0396 50
    endloop
  endfacet
  facet normal -0.965949 -0.258733 0
    outer loop
      vertex 77.6093 -82.0396 60
      vertex 77.7447 -82.5451 50
      vertex 77.7447 -82.5451 60
    endloop
  endfacet
  facet normal -0.998628 -0.0523582 0
    outer loop
      vertex 77.5274 -81.5226 50
      vertex 77.5 -81 60
      vertex 77.5 -81 50
    endloop
  endfacet
  facet normal -0.998628 -0.0523582 0
    outer loop
      vertex 77.5 -81 60
      vertex 77.5274 -81.5226 50
      vertex 77.5274 -81.5226 60
    endloop
  endfacet
  facet normal 0 0 -1
    outer loop
      vertex 84 -81 50
      vertex 85 -76.6699 50
      vertex 85 -85 50
    endloop
  endfacet
  facet normal 0 0 -1
    outer loop
      vertex 83.9672 -80.6881 50
      vertex 85 -76.6699 50
      vertex 83.9918 -80.8432 50
    endloop
  endfacet
  facet normal 0 0 -1
    outer loop
      vertex 85 -76.6699 50
      vertex 84 -81 50
      vertex 83.9918 -80.8432 50
    endloop
  endfacet
  facet normal 0 0 -1
    outer loop
      vertex 85 -85 50
      vertex 83.9918 -81.1568 50
      vertex 84 -81 50
    endloop
  endfacet
  facet normal 0 0 -1
    outer loop
      vertex 85 -85 50
      vertex 83.9672 -81.3119 50
      vertex 83.9918 -81.1568 50
    endloop
  endfacet
  facet normal 0 0 -1
    outer loop
      vertex 85 -85 50
      vertex 83.9266 -81.4635 50
      vertex 83.9672 -81.3119 50
    endloop
  endfacet
  facet normal 0 0 -1
    outer loop
      vertex 85 -85 50
      vertex 83.8703 -81.6101 50
      vertex 83.9266 -81.4635 50
    endloop
  endfacet
  facet normal 0 0 -1
    outer loop
      vertex 85 -85 50
      vertex 83.799 -81.75 50
      vertex 83.8703 -81.6101 50
    endloop
  endfacet
  facet normal 0 0 -1
    outer loop
      vertex 85 -85 50
      vertex 83.7135 -81.8817 50
      vertex 83.799 -81.75 50
    endloop
  endfacet
  facet normal 0 0 -1
    outer loop
      vertex 85 -85 50
      vertex 83.6147 -82.0037 50
      vertex 83.7135 -81.8817 50
    endloop
  endfacet
  facet normal 0 0 -1
    outer loop
      vertex 85 -85 50
      vertex 83.5037 -82.1147 50
      vertex 83.6147 -82.0037 50
    endloop
  endfacet
  facet normal 0 0 -1
    outer loop
      vertex 85 -85 50
      vertex 83.3817 -82.2135 50
      vertex 83.5037 -82.1147 50
    endloop
  endfacet
  facet normal 0 0 -1
    outer loop
      vertex 85 -85 50
      vertex 83.25 -82.299 50
      vertex 83.3817 -82.2135 50
    endloop
  endfacet
  facet normal 0 0 -1
    outer loop
      vertex 85 -85 50
      vertex 83.1101 -82.3703 50
      vertex 83.25 -82.299 50
    endloop
  endfacet
  facet normal 0 0 -1
    outer loop
      vertex 85 -85 50
      vertex 82.9635 -82.4266 50
      vertex 83.1101 -82.3703 50
    endloop
  endfacet
  facet normal 0 0 -1
    outer loop
      vertex 85 -85 50
      vertex 82.8119 -82.4672 50
      vertex 82.9635 -82.4266 50
    endloop
  endfacet
  facet normal 0 0 -1
    outer loop
      vertex 85 -85 50
      vertex 82.6568 -82.4918 50
      vertex 82.8119 -82.4672 50
    endloop
  endfacet
  facet normal 0 0 -1
    outer loop
      vertex 85 -85 50
      vertex 82.5 -82.5 50
      vertex 82.6568 -82.4918 50
    endloop
  endfacet
  facet normal 0 0 -1
    outer loop
      vertex 85 -85 50
      vertex 82.3432 -82.4918 50
      vertex 82.5 -82.5 50
    endloop
  endfacet
  facet normal 0 0 -1
    outer loop
      vertex 79.5054 -85 50
      vertex 82.3432 -82.4918 50
      vertex 85 -85 50
    endloop
  endfacet
  facet normal -0 0 -1
    outer loop
      vertex 82.3432 -82.4918 50
      vertex 79.5054 -85 50
      vertex 82.1881 -82.4672 50
    endloop
  endfacet
  facet normal -0 0 -1
    outer loop
      vertex 82.1881 -82.4672 50
      vertex 79.5054 -85 50
      vertex 82.0365 -82.4266 50
    endloop
  endfacet
  facet normal -0 0 -1
    outer loop
      vertex 82.0365 -82.4266 50
      vertex 79.5054 -85 50
      vertex 81.8899 -82.3703 50
    endloop
  endfacet
  facet normal -0 0 -1
    outer loop
      vertex 81.8899 -82.3703 50
      vertex 79.5054 -85 50
      vertex 81.75 -82.299 50
    endloop
  endfacet
  facet normal -0 0 -1
    outer loop
      vertex 81.75 -82.299 50
      vertex 79.5054 -85 50
      vertex 81.6183 -82.2135 50
    endloop
  endfacet
  facet normal 0 0 -1
    outer loop
      vertex 81.8899 -79.6297 50
      vertex 80.4663 -76.4323 50
      vertex 80.9549 -76.2447 50
    endloop
  endfacet
  facet normal 0 0 -1
    outer loop
      vertex 77.5 -81 50
      vertex 81 -81 50
      vertex 81.0082 -81.1568 50
    endloop
  endfacet
  facet normal 0 0 -1
    outer loop
      vertex 81.0082 -80.8432 50
      vertex 80 -76.6699 50
      vertex 80.4663 -76.4323 50
    endloop
  endfacet
  facet normal 0 0 -1
    outer loop
      vertex 77.5274 -81.5226 50
      vertex 81.0082 -81.1568 50
      vertex 81.0328 -81.3119 50
    endloop
  endfacet
  facet normal 0 0 -1
    outer loop
      vertex 81.0082 -80.8432 50
      vertex 79.5611 -76.9549 50
      vertex 80 -76.6699 50
    endloop
  endfacet
  facet normal 0 0 -1
    outer loop
      vertex 77.6093 -82.0396 50
      vertex 81.0328 -81.3119 50
      vertex 81.0734 -81.4635 50
    endloop
  endfacet
  facet normal -0 0 -1
    outer loop
      vertex 81.6183 -82.2135 50
      vertex 79.5054 -85 50
      vertex 81.4963 -82.1147 50
    endloop
  endfacet
  facet normal 0 0 -1
    outer loop
      vertex 79.1544 -84.7157 50
      vertex 81.4963 -82.1147 50
      vertex 79.5054 -85 50
    endloop
  endfacet
  facet normal -0 0 -1
    outer loop
      vertex 81.4963 -82.1147 50
      vertex 79.1544 -84.7157 50
      vertex 81.3853 -82.0037 50
    endloop
  endfacet
  facet normal 0 0 -1
    outer loop
      vertex 78.7843 -84.3456 50
      vertex 81.3853 -82.0037 50
      vertex 79.1544 -84.7157 50
    endloop
  endfacet
  facet normal -0 0 -1
    outer loop
      vertex 81.3853 -82.0037 50
      vertex 78.7843 -84.3456 50
      vertex 81.2865 -81.8817 50
    endloop
  endfacet
  facet normal 0 0 -1
    outer loop
      vertex 78.4549 -83.9389 50
      vertex 81.2865 -81.8817 50
      vertex 78.7843 -84.3456 50
    endloop
  endfacet
  facet normal -0 0 -1
    outer loop
      vertex 81.2865 -81.8817 50
      vertex 78.4549 -83.9389 50
      vertex 81.201 -81.75 50
    endloop
  endfacet
  facet normal 0 0 -1
    outer loop
      vertex 78.1699 -83.5 50
      vertex 81.201 -81.75 50
      vertex 78.4549 -83.9389 50
    endloop
  endfacet
  facet normal 0 0 -1
    outer loop
      vertex 81.0082 -80.8432 50
      vertex 79.1544 -77.2843 50
      vertex 79.5611 -76.9549 50
    endloop
  endfacet
  facet normal -0 0 -1
    outer loop
      vertex 81.201 -81.75 50
      vertex 78.1699 -83.5 50
      vertex 81.1297 -81.6101 50
    endloop
  endfacet
  facet normal 0 0 -1
    outer loop
      vertex 81.0082 -80.8432 50
      vertex 78.7843 -77.6544 50
      vertex 79.1544 -77.2843 50
    endloop
  endfacet
  facet normal 0 0 -1
    outer loop
      vertex 77.9323 -83.0337 50
      vertex 81.1297 -81.6101 50
      vertex 78.1699 -83.5 50
    endloop
  endfacet
  facet normal 0 0 -1
    outer loop
      vertex 81.0082 -80.8432 50
      vertex 78.4549 -78.0611 50
      vertex 78.7843 -77.6544 50
    endloop
  endfacet
  facet normal -0 0 -1
    outer loop
      vertex 81.1297 -81.6101 50
      vertex 77.9323 -83.0337 50
      vertex 81.0734 -81.4635 50
    endloop
  endfacet
  facet normal 0 0 -1
    outer loop
      vertex 81.0082 -80.8432 50
      vertex 78.1699 -78.5 50
      vertex 78.4549 -78.0611 50
    endloop
  endfacet
  facet normal 0 0 -1
    outer loop
      vertex 77.7447 -82.5451 50
      vertex 81.0734 -81.4635 50
      vertex 77.9323 -83.0337 50
    endloop
  endfacet
  facet normal 0 0 -1
    outer loop
      vertex 81.0082 -80.8432 50
      vertex 77.9323 -78.9663 50
      vertex 78.1699 -78.5 50
    endloop
  endfacet
  facet normal 0 0 -1
    outer loop
      vertex 77.6093 -82.0396 50
      vertex 81.0734 -81.4635 50
      vertex 77.7447 -82.5451 50
    endloop
  endfacet
  facet normal 0 0 -1
    outer loop
      vertex 81.0082 -80.8432 50
      vertex 77.7447 -79.4549 50
      vertex 77.9323 -78.9663 50
    endloop
  endfacet
  facet normal 0 0 -1
    outer loop
      vertex 81.0328 -81.3119 50
      vertex 77.6093 -82.0396 50
      vertex 77.5274 -81.5226 50
    endloop
  endfacet
  facet normal 0 0 -1
    outer loop
      vertex 81.0082 -80.8432 50
      vertex 77.6093 -79.9604 50
      vertex 77.7447 -79.4549 50
    endloop
  endfacet
  facet normal -0 0 -1
    outer loop
      vertex 81.0082 -81.1568 50
      vertex 77.5274 -81.5226 50
      vertex 77.5 -81 50
    endloop
  endfacet
  facet normal 0 0 -1
    outer loop
      vertex 81.0082 -80.8432 50
      vertex 77.5274 -80.4774 50
      vertex 77.6093 -79.9604 50
    endloop
  endfacet
  facet normal 0 0 -1
    outer loop
      vertex 81 -81 50
      vertex 77.5 -81 50
      vertex 77.5274 -80.4774 50
    endloop
  endfacet
  facet normal 0 0 -1
    outer loop
      vertex 83.9266 -80.5365 50
      vertex 85 -76.6699 50
      vertex 83.9672 -80.6881 50
    endloop
  endfacet
  facet normal 0 0 -1
    outer loop
      vertex 83.8703 -80.3899 50
      vertex 85 -76.6699 50
      vertex 83.9266 -80.5365 50
    endloop
  endfacet
  facet normal 0 0 -1
    outer loop
      vertex 83.799 -80.25 50
      vertex 85 -76.6699 50
      vertex 83.8703 -80.3899 50
    endloop
  endfacet
  facet normal 0 0 -1
    outer loop
      vertex 83.7135 -80.1183 50
      vertex 85 -76.6699 50
      vertex 83.799 -80.25 50
    endloop
  endfacet
  facet normal 0 0 -1
    outer loop
      vertex 83.6147 -79.9963 50
      vertex 85 -76.6699 50
      vertex 83.7135 -80.1183 50
    endloop
  endfacet
  facet normal 0 0 -1
    outer loop
      vertex 83.5037 -79.8853 50
      vertex 85 -76.6699 50
      vertex 83.6147 -79.9963 50
    endloop
  endfacet
  facet normal 0 0 -1
    outer loop
      vertex 83.3817 -79.7865 50
      vertex 85 -76.6699 50
      vertex 83.5037 -79.8853 50
    endloop
  endfacet
  facet normal 0 0 -1
    outer loop
      vertex 83.25 -79.701 50
      vertex 85 -76.6699 50
      vertex 83.3817 -79.7865 50
    endloop
  endfacet
  facet normal -0 0 -1
    outer loop
      vertex 85 -76.6699 50
      vertex 83.25 -79.701 50
      vertex 84.5337 -76.4323 50
    endloop
  endfacet
  facet normal 0 0 -1
    outer loop
      vertex 83.1101 -79.6297 50
      vertex 84.5337 -76.4323 50
      vertex 83.25 -79.701 50
    endloop
  endfacet
  facet normal -0 0 -1
    outer loop
      vertex 84.5337 -76.4323 50
      vertex 83.1101 -79.6297 50
      vertex 84.0451 -76.2447 50
    endloop
  endfacet
  facet normal 0 0 -1
    outer loop
      vertex 82.9635 -79.5734 50
      vertex 84.0451 -76.2447 50
      vertex 83.1101 -79.6297 50
    endloop
  endfacet
  facet normal -0 0 -1
    outer loop
      vertex 84.0451 -76.2447 50
      vertex 82.9635 -79.5734 50
      vertex 83.5396 -76.1093 50
    endloop
  endfacet
  facet normal 0 0 -1
    outer loop
      vertex 82.8119 -79.5328 50
      vertex 83.5396 -76.1093 50
      vertex 82.9635 -79.5734 50
    endloop
  endfacet
  facet normal -0 0 -1
    outer loop
      vertex 83.5396 -76.1093 50
      vertex 82.8119 -79.5328 50
      vertex 83.0226 -76.0274 50
    endloop
  endfacet
  facet normal 0 0 -1
    outer loop
      vertex 82.6568 -79.5082 50
      vertex 83.0226 -76.0274 50
      vertex 82.8119 -79.5328 50
    endloop
  endfacet
  facet normal 0 0 -1
    outer loop
      vertex 82.5 -79.5 50
      vertex 83.0226 -76.0274 50
      vertex 82.6568 -79.5082 50
    endloop
  endfacet
  facet normal 0 0 -1
    outer loop
      vertex 82.5 -79.5 50
      vertex 82.5 -76 50
      vertex 83.0226 -76.0274 50
    endloop
  endfacet
  facet normal 0 0 -1
    outer loop
      vertex 82.3432 -79.5082 50
      vertex 82.5 -76 50
      vertex 82.5 -79.5 50
    endloop
  endfacet
  facet normal 0 0 -1
    outer loop
      vertex 81.9774 -76.0274 50
      vertex 82.3432 -79.5082 50
      vertex 82.1881 -79.5328 50
    endloop
  endfacet
  facet normal 0 0 -1
    outer loop
      vertex 81.4604 -76.1093 50
      vertex 82.1881 -79.5328 50
      vertex 82.0365 -79.5734 50
    endloop
  endfacet
  facet normal 0 0 -1
    outer loop
      vertex 82.3432 -79.5082 50
      vertex 81.9774 -76.0274 50
      vertex 82.5 -76 50
    endloop
  endfacet
  facet normal 0 0 -1
    outer loop
      vertex 80.9549 -76.2447 50
      vertex 82.0365 -79.5734 50
      vertex 81.8899 -79.6297 50
    endloop
  endfacet
  facet normal 0 0 -1
    outer loop
      vertex 80.4663 -76.4323 50
      vertex 81.8899 -79.6297 50
      vertex 81.75 -79.701 50
    endloop
  endfacet
  facet normal 0 0 -1
    outer loop
      vertex 80.4663 -76.4323 50
      vertex 81.75 -79.701 50
      vertex 81.6183 -79.7865 50
    endloop
  endfacet
  facet normal 0 0 -1
    outer loop
      vertex 80.4663 -76.4323 50
      vertex 81.6183 -79.7865 50
      vertex 81.4963 -79.8853 50
    endloop
  endfacet
  facet normal 0 0 -1
    outer loop
      vertex 82.1881 -79.5328 50
      vertex 81.4604 -76.1093 50
      vertex 81.9774 -76.0274 50
    endloop
  endfacet
  facet normal 0 0 -1
    outer loop
      vertex 80.4663 -76.4323 50
      vertex 81.4963 -79.8853 50
      vertex 81.3853 -79.9963 50
    endloop
  endfacet
  facet normal 0 0 -1
    outer loop
      vertex 80.4663 -76.4323 50
      vertex 81.3853 -79.9963 50
      vertex 81.2865 -80.1183 50
    endloop
  endfacet
  facet normal 0 0 -1
    outer loop
      vertex 80.4663 -76.4323 50
      vertex 81.2865 -80.1183 50
      vertex 81.201 -80.25 50
    endloop
  endfacet
  facet normal 0 0 -1
    outer loop
      vertex 80.4663 -76.4323 50
      vertex 81.201 -80.25 50
      vertex 81.1297 -80.3899 50
    endloop
  endfacet
  facet normal 0 0 -1
    outer loop
      vertex 80.4663 -76.4323 50
      vertex 81.1297 -80.3899 50
      vertex 81.0734 -80.5365 50
    endloop
  endfacet
  facet normal 0 0 -1
    outer loop
      vertex 80.4663 -76.4323 50
      vertex 81.0734 -80.5365 50
      vertex 81.0328 -80.6881 50
    endloop
  endfacet
  facet normal 0 0 -1
    outer loop
      vertex 80.4663 -76.4323 50
      vertex 81.0328 -80.6881 50
      vertex 81.0082 -80.8432 50
    endloop
  endfacet
  facet normal 0 0 -1
    outer loop
      vertex 82.0365 -79.5734 50
      vertex 80.9549 -76.2447 50
      vertex 81.4604 -76.1093 50
    endloop
  endfacet
  facet normal 0 0 -1
    outer loop
      vertex 77.5274 -80.4774 50
      vertex 81.0082 -80.8432 50
      vertex 81 -81 50
    endloop
  endfacet
  facet normal -0.838692 -0.544605 0
    outer loop
      vertex 78.4549 -83.9389 50
      vertex 78.1699 -83.5 60
      vertex 78.1699 -83.5 50
    endloop
  endfacet
  facet normal -0.838692 -0.544605 0
    outer loop
      vertex 78.1699 -83.5 60
      vertex 78.4549 -83.9389 50
      vertex 78.4549 -83.9389 60
    endloop
  endfacet
  facet normal -0.891 -0.454003 0
    outer loop
      vertex 78.1699 -83.5 50
      vertex 77.9323 -83.0337 60
      vertex 77.9323 -83.0337 50
    endloop
  endfacet
  facet normal -0.891 -0.454003 0
    outer loop
      vertex 77.9323 -83.0337 60
      vertex 78.1699 -83.5 50
      vertex 78.1699 -83.5 60
    endloop
  endfacet
  facet normal -0.933552 -0.358441 0
    outer loop
      vertex 77.9323 -83.0337 50
      vertex 77.7447 -82.5451 60
      vertex 77.7447 -82.5451 50
    endloop
  endfacet
  facet normal -0.933552 -0.358441 0
    outer loop
      vertex 77.7447 -82.5451 60
      vertex 77.9323 -83.0337 50
      vertex 77.9323 -83.0337 60
    endloop
  endfacet
  facet normal 0.156463 0.987684 -0
    outer loop
      vertex 83.5396 -76.1093 50
      vertex 83.0226 -76.0274 60
      vertex 83.5396 -76.1093 60
    endloop
  endfacet
  facet normal 0.156463 0.987684 0
    outer loop
      vertex 83.0226 -76.0274 60
      vertex 83.5396 -76.1093 50
      vertex 83.0226 -76.0274 50
    endloop
  endfacet
  facet normal -0.629408 -0.777075 0
    outer loop
      vertex 79.1544 -84.7157 50
      vertex 79.5054 -85 60
      vertex 79.1544 -84.7157 60
    endloop
  endfacet
  facet normal -0.629408 -0.777075 -0
    outer loop
      vertex 79.5054 -85 60
      vertex 79.1544 -84.7157 50
      vertex 79.5054 -85 50
    endloop
  endfacet
  facet normal -0.998635 -0.0522246 0
    outer loop
      vertex 84 -81 50
      vertex 83.9918 -80.8432 60
      vertex 83.9918 -80.8432 50
    endloop
  endfacet
  facet normal -0.998635 -0.0522246 0
    outer loop
      vertex 83.9918 -80.8432 60
      vertex 84 -81 50
      vertex 84 -81 60
    endloop
  endfacet
  facet normal 0.998635 -0.0522246 0
    outer loop
      vertex 81 -81 60
      vertex 81.0082 -80.8432 50
      vertex 81.0082 -80.8432 60
    endloop
  endfacet
  facet normal 0.998635 -0.0522246 0
    outer loop
      vertex 81.0082 -80.8432 50
      vertex 81 -81 60
      vertex 81 -81 50
    endloop
  endfacet
  facet normal -0.0522246 -0.998635 0
    outer loop
      vertex 82.5 -79.5 50
      vertex 82.6568 -79.5082 60
      vertex 82.5 -79.5 60
    endloop
  endfacet
  facet normal -0.0522246 -0.998635 -0
    outer loop
      vertex 82.6568 -79.5082 60
      vertex 82.5 -79.5 50
      vertex 82.6568 -79.5082 50
    endloop
  endfacet
  facet normal 0.0522246 0.998635 -0
    outer loop
      vertex 82.5 -82.5 50
      vertex 82.3432 -82.4918 60
      vertex 82.5 -82.5 60
    endloop
  endfacet
  facet normal 0.0522246 0.998635 0
    outer loop
      vertex 82.3432 -82.4918 60
      vertex 82.5 -82.5 50
      vertex 82.3432 -82.4918 50
    endloop
  endfacet
  facet normal 0.777126 0.629345 0
    outer loop
      vertex 81.3853 -82.0037 60
      vertex 81.2865 -81.8817 50
      vertex 81.2865 -81.8817 60
    endloop
  endfacet
  facet normal 0.777126 0.629345 0
    outer loop
      vertex 81.2865 -81.8817 50
      vertex 81.3853 -82.0037 60
      vertex 81.3853 -82.0037 50
    endloop
  endfacet
  facet normal -0.707107 -0.707107 0
    outer loop
      vertex 83.6147 -79.9963 50
      vertex 83.5037 -79.8853 60
      vertex 83.5037 -79.8853 50
    endloop
  endfacet
  facet normal -0.707107 -0.707107 0
    outer loop
      vertex 83.5037 -79.8853 60
      vertex 83.6147 -79.9963 50
      vertex 83.6147 -79.9963 60
    endloop
  endfacet
  facet normal 0.629345 -0.777126 0
    outer loop
      vertex 81.4963 -79.8853 50
      vertex 81.6183 -79.7865 60
      vertex 81.4963 -79.8853 60
    endloop
  endfacet
  facet normal 0.629345 -0.777126 0
    outer loop
      vertex 81.6183 -79.7865 60
      vertex 81.4963 -79.8853 50
      vertex 81.6183 -79.7865 50
    endloop
  endfacet
  facet normal 0.35851 -0.933526 0
    outer loop
      vertex 81.8899 -79.6297 50
      vertex 82.0365 -79.5734 60
      vertex 81.8899 -79.6297 60
    endloop
  endfacet
  facet normal 0.35851 -0.933526 0
    outer loop
      vertex 82.0365 -79.5734 60
      vertex 81.8899 -79.6297 50
      vertex 82.0365 -79.5734 50
    endloop
  endfacet
  facet normal 0.933526 0.35851 0
    outer loop
      vertex 81.1297 -81.6101 60
      vertex 81.0734 -81.4635 50
      vertex 81.0734 -81.4635 60
    endloop
  endfacet
  facet normal 0.933526 0.35851 0
    outer loop
      vertex 81.0734 -81.4635 50
      vertex 81.1297 -81.6101 60
      vertex 81.1297 -81.6101 50
    endloop
  endfacet
  facet normal -0.890962 -0.454078 0
    outer loop
      vertex 83.8703 -80.3899 50
      vertex 83.799 -80.25 60
      vertex 83.799 -80.25 50
    endloop
  endfacet
  facet normal -0.890962 -0.454078 0
    outer loop
      vertex 83.799 -80.25 60
      vertex 83.8703 -80.3899 50
      vertex 83.8703 -80.3899 60
    endloop
  endfacet
  facet normal -0.454078 -0.890962 0
    outer loop
      vertex 83.1101 -79.6297 50
      vertex 83.25 -79.701 60
      vertex 83.1101 -79.6297 60
    endloop
  endfacet
  facet normal -0.454078 -0.890962 -0
    outer loop
      vertex 83.25 -79.701 60
      vertex 83.1101 -79.6297 50
      vertex 83.25 -79.701 50
    endloop
  endfacet
  facet normal -0.544518 -0.838749 0
    outer loop
      vertex 83.25 -79.701 50
      vertex 83.3817 -79.7865 60
      vertex 83.25 -79.701 60
    endloop
  endfacet
  facet normal -0.544518 -0.838749 -0
    outer loop
      vertex 83.3817 -79.7865 60
      vertex 83.25 -79.701 50
      vertex 83.3817 -79.7865 50
    endloop
  endfacet
  facet normal 0.890962 -0.454078 0
    outer loop
      vertex 81.1297 -80.3899 60
      vertex 81.201 -80.25 50
      vertex 81.201 -80.25 60
    endloop
  endfacet
  facet normal 0.890962 -0.454078 0
    outer loop
      vertex 81.201 -80.25 50
      vertex 81.1297 -80.3899 60
      vertex 81.1297 -80.3899 50
    endloop
  endfacet
  facet normal 0.454078 -0.890962 0
    outer loop
      vertex 81.75 -79.701 50
      vertex 81.8899 -79.6297 60
      vertex 81.75 -79.701 60
    endloop
  endfacet
  facet normal 0.454078 -0.890962 0
    outer loop
      vertex 81.8899 -79.6297 60
      vertex 81.75 -79.701 50
      vertex 81.8899 -79.6297 50
    endloop
  endfacet
  facet normal 0.156649 -0.987654 0
    outer loop
      vertex 82.1881 -79.5328 50
      vertex 82.3432 -79.5082 60
      vertex 82.1881 -79.5328 60
    endloop
  endfacet
  facet normal 0.156649 -0.987654 0
    outer loop
      vertex 82.3432 -79.5082 60
      vertex 82.1881 -79.5328 50
      vertex 82.3432 -79.5082 50
    endloop
  endfacet
  facet normal -0.933526 0.35851 0
    outer loop
      vertex 83.8703 -81.6101 50
      vertex 83.9266 -81.4635 60
      vertex 83.9266 -81.4635 50
    endloop
  endfacet
  facet normal -0.933526 0.35851 0
    outer loop
      vertex 83.9266 -81.4635 60
      vertex 83.8703 -81.6101 50
      vertex 83.8703 -81.6101 60
    endloop
  endfacet
  facet normal 0.890962 0.454078 0
    outer loop
      vertex 81.201 -81.75 60
      vertex 81.1297 -81.6101 50
      vertex 81.1297 -81.6101 60
    endloop
  endfacet
  facet normal 0.890962 0.454078 0
    outer loop
      vertex 81.1297 -81.6101 50
      vertex 81.201 -81.75 60
      vertex 81.201 -81.75 50
    endloop
  endfacet
  facet normal -0.965959 -0.258694 0
    outer loop
      vertex 83.9672 -80.6881 50
      vertex 83.9266 -80.5365 60
      vertex 83.9266 -80.5365 50
    endloop
  endfacet
  facet normal -0.965959 -0.258694 0
    outer loop
      vertex 83.9266 -80.5365 60
      vertex 83.9672 -80.6881 50
      vertex 83.9672 -80.6881 60
    endloop
  endfacet
  facet normal -0.987654 -0.156649 0
    outer loop
      vertex 83.9918 -80.8432 50
      vertex 83.9672 -80.6881 60
      vertex 83.9672 -80.6881 50
    endloop
  endfacet
  facet normal -0.987654 -0.156649 0
    outer loop
      vertex 83.9672 -80.6881 60
      vertex 83.9918 -80.8432 50
      vertex 83.9918 -80.8432 60
    endloop
  endfacet
  facet normal -0.933526 -0.35851 0
    outer loop
      vertex 83.9266 -80.5365 50
      vertex 83.8703 -80.3899 60
      vertex 83.8703 -80.3899 50
    endloop
  endfacet
  facet normal -0.933526 -0.35851 0
    outer loop
      vertex 83.8703 -80.3899 60
      vertex 83.9266 -80.5365 50
      vertex 83.9266 -80.5365 60
    endloop
  endfacet
  facet normal -0.777126 -0.629345 0
    outer loop
      vertex 83.7135 -80.1183 50
      vertex 83.6147 -79.9963 60
      vertex 83.6147 -79.9963 50
    endloop
  endfacet
  facet normal -0.777126 -0.629345 0
    outer loop
      vertex 83.6147 -79.9963 60
      vertex 83.7135 -80.1183 50
      vertex 83.7135 -80.1183 60
    endloop
  endfacet
  facet normal -0.838749 -0.544518 0
    outer loop
      vertex 83.799 -80.25 50
      vertex 83.7135 -80.1183 60
      vertex 83.7135 -80.1183 50
    endloop
  endfacet
  facet normal -0.838749 -0.544518 0
    outer loop
      vertex 83.7135 -80.1183 60
      vertex 83.799 -80.25 50
      vertex 83.799 -80.25 60
    endloop
  endfacet
  facet normal -0.258694 -0.965959 0
    outer loop
      vertex 82.8119 -79.5328 50
      vertex 82.9635 -79.5734 60
      vertex 82.8119 -79.5328 60
    endloop
  endfacet
  facet normal -0.258694 -0.965959 -0
    outer loop
      vertex 82.9635 -79.5734 60
      vertex 82.8119 -79.5328 50
      vertex 82.9635 -79.5734 50
    endloop
  endfacet
  facet normal -0.35851 -0.933526 0
    outer loop
      vertex 82.9635 -79.5734 50
      vertex 83.1101 -79.6297 60
      vertex 82.9635 -79.5734 60
    endloop
  endfacet
  facet normal -0.35851 -0.933526 -0
    outer loop
      vertex 83.1101 -79.6297 60
      vertex 82.9635 -79.5734 50
      vertex 83.1101 -79.6297 50
    endloop
  endfacet
  facet normal -0.156649 -0.987654 0
    outer loop
      vertex 82.6568 -79.5082 50
      vertex 82.8119 -79.5328 60
      vertex 82.6568 -79.5082 60
    endloop
  endfacet
  facet normal -0.156649 -0.987654 -0
    outer loop
      vertex 82.8119 -79.5328 60
      vertex 82.6568 -79.5082 50
      vertex 82.8119 -79.5328 50
    endloop
  endfacet
  facet normal -0.629345 -0.777126 0
    outer loop
      vertex 83.3817 -79.7865 50
      vertex 83.5037 -79.8853 60
      vertex 83.3817 -79.7865 60
    endloop
  endfacet
  facet normal -0.629345 -0.777126 -0
    outer loop
      vertex 83.5037 -79.8853 60
      vertex 83.3817 -79.7865 50
      vertex 83.5037 -79.8853 50
    endloop
  endfacet
  facet normal 0.965959 -0.258694 0
    outer loop
      vertex 81.0328 -80.6881 60
      vertex 81.0734 -80.5365 50
      vertex 81.0734 -80.5365 60
    endloop
  endfacet
  facet normal 0.965959 -0.258694 0
    outer loop
      vertex 81.0734 -80.5365 50
      vertex 81.0328 -80.6881 60
      vertex 81.0328 -80.6881 50
    endloop
  endfacet
  facet normal 0.777126 -0.629345 0
    outer loop
      vertex 81.2865 -80.1183 60
      vertex 81.3853 -79.9963 50
      vertex 81.3853 -79.9963 60
    endloop
  endfacet
  facet normal 0.777126 -0.629345 0
    outer loop
      vertex 81.3853 -79.9963 50
      vertex 81.2865 -80.1183 60
      vertex 81.2865 -80.1183 50
    endloop
  endfacet
  facet normal 0.707107 -0.707107 0
    outer loop
      vertex 81.3853 -79.9963 60
      vertex 81.4963 -79.8853 50
      vertex 81.4963 -79.8853 60
    endloop
  endfacet
  facet normal 0.707107 -0.707107 0
    outer loop
      vertex 81.4963 -79.8853 50
      vertex 81.3853 -79.9963 60
      vertex 81.3853 -79.9963 50
    endloop
  endfacet
  facet normal 0.838749 -0.544518 0
    outer loop
      vertex 81.201 -80.25 60
      vertex 81.2865 -80.1183 50
      vertex 81.2865 -80.1183 60
    endloop
  endfacet
  facet normal 0.838749 -0.544518 0
    outer loop
      vertex 81.2865 -80.1183 50
      vertex 81.201 -80.25 60
      vertex 81.201 -80.25 50
    endloop
  endfacet
  facet normal 0.933526 -0.35851 0
    outer loop
      vertex 81.0734 -80.5365 60
      vertex 81.1297 -80.3899 50
      vertex 81.1297 -80.3899 60
    endloop
  endfacet
  facet normal 0.933526 -0.35851 0
    outer loop
      vertex 81.1297 -80.3899 50
      vertex 81.0734 -80.5365 60
      vertex 81.0734 -80.5365 50
    endloop
  endfacet
  facet normal 0.987654 -0.156649 0
    outer loop
      vertex 81.0082 -80.8432 60
      vertex 81.0328 -80.6881 50
      vertex 81.0328 -80.6881 60
    endloop
  endfacet
  facet normal 0.987654 -0.156649 0
    outer loop
      vertex 81.0328 -80.6881 50
      vertex 81.0082 -80.8432 60
      vertex 81.0082 -80.8432 50
    endloop
  endfacet
  facet normal 0.544518 -0.838749 0
    outer loop
      vertex 81.6183 -79.7865 50
      vertex 81.75 -79.701 60
      vertex 81.6183 -79.7865 60
    endloop
  endfacet
  facet normal 0.544518 -0.838749 0
    outer loop
      vertex 81.75 -79.701 60
      vertex 81.6183 -79.7865 50
      vertex 81.75 -79.701 50
    endloop
  endfacet
  facet normal 0.258694 -0.965959 0
    outer loop
      vertex 82.0365 -79.5734 50
      vertex 82.1881 -79.5328 60
      vertex 82.0365 -79.5734 60
    endloop
  endfacet
  facet normal 0.258694 -0.965959 0
    outer loop
      vertex 82.1881 -79.5328 60
      vertex 82.0365 -79.5734 50
      vertex 82.1881 -79.5328 50
    endloop
  endfacet
  facet normal 0.0522246 -0.998635 0
    outer loop
      vertex 82.3432 -79.5082 50
      vertex 82.5 -79.5 60
      vertex 82.3432 -79.5082 60
    endloop
  endfacet
  facet normal 0.0522246 -0.998635 0
    outer loop
      vertex 82.5 -79.5 60
      vertex 82.3432 -79.5082 50
      vertex 82.5 -79.5 50
    endloop
  endfacet
  facet normal -0.998635 0.0522246 0
    outer loop
      vertex 83.9918 -81.1568 50
      vertex 84 -81 60
      vertex 84 -81 50
    endloop
  endfacet
  facet normal -0.998635 0.0522246 0
    outer loop
      vertex 84 -81 60
      vertex 83.9918 -81.1568 50
      vertex 83.9918 -81.1568 60
    endloop
  endfacet
  facet normal -0.0522246 0.998635 0
    outer loop
      vertex 82.6568 -82.4918 50
      vertex 82.5 -82.5 60
      vertex 82.6568 -82.4918 60
    endloop
  endfacet
  facet normal -0.0522246 0.998635 0
    outer loop
      vertex 82.5 -82.5 60
      vertex 82.6568 -82.4918 50
      vertex 82.5 -82.5 50
    endloop
  endfacet
  facet normal -0.258694 0.965959 0
    outer loop
      vertex 82.9635 -82.4266 50
      vertex 82.8119 -82.4672 60
      vertex 82.9635 -82.4266 60
    endloop
  endfacet
  facet normal -0.258694 0.965959 0
    outer loop
      vertex 82.8119 -82.4672 60
      vertex 82.9635 -82.4266 50
      vertex 82.8119 -82.4672 50
    endloop
  endfacet
  facet normal -0.629345 0.777126 0
    outer loop
      vertex 83.5037 -82.1147 50
      vertex 83.3817 -82.2135 60
      vertex 83.5037 -82.1147 60
    endloop
  endfacet
  facet normal -0.629345 0.777126 0
    outer loop
      vertex 83.3817 -82.2135 60
      vertex 83.5037 -82.1147 50
      vertex 83.3817 -82.2135 50
    endloop
  endfacet
  facet normal -0.454078 0.890962 0
    outer loop
      vertex 83.25 -82.299 50
      vertex 83.1101 -82.3703 60
      vertex 83.25 -82.299 60
    endloop
  endfacet
  facet normal -0.454078 0.890962 0
    outer loop
      vertex 83.1101 -82.3703 60
      vertex 83.25 -82.299 50
      vertex 83.1101 -82.3703 50
    endloop
  endfacet
  facet normal -0.777126 0.629345 0
    outer loop
      vertex 83.6147 -82.0037 50
      vertex 83.7135 -81.8817 60
      vertex 83.7135 -81.8817 50
    endloop
  endfacet
  facet normal -0.777126 0.629345 0
    outer loop
      vertex 83.7135 -81.8817 60
      vertex 83.6147 -82.0037 50
      vertex 83.6147 -82.0037 60
    endloop
  endfacet
  facet normal -0.890962 0.454078 0
    outer loop
      vertex 83.799 -81.75 50
      vertex 83.8703 -81.6101 60
      vertex 83.8703 -81.6101 50
    endloop
  endfacet
  facet normal -0.890962 0.454078 0
    outer loop
      vertex 83.8703 -81.6101 60
      vertex 83.799 -81.75 50
      vertex 83.799 -81.75 60
    endloop
  endfacet
  facet normal 0.707107 0.707107 0
    outer loop
      vertex 81.4963 -82.1147 60
      vertex 81.3853 -82.0037 50
      vertex 81.3853 -82.0037 60
    endloop
  endfacet
  facet normal 0.707107 0.707107 0
    outer loop
      vertex 81.3853 -82.0037 50
      vertex 81.4963 -82.1147 60
      vertex 81.4963 -82.1147 50
    endloop
  endfacet
  facet normal 0.544518 0.838749 -0
    outer loop
      vertex 81.75 -82.299 50
      vertex 81.6183 -82.2135 60
      vertex 81.75 -82.299 60
    endloop
  endfacet
  facet normal 0.544518 0.838749 0
    outer loop
      vertex 81.6183 -82.2135 60
      vertex 81.75 -82.299 50
      vertex 81.6183 -82.2135 50
    endloop
  endfacet
  facet normal 0.35851 0.933526 -0
    outer loop
      vertex 82.0365 -82.4266 50
      vertex 81.8899 -82.3703 60
      vertex 82.0365 -82.4266 60
    endloop
  endfacet
  facet normal 0.35851 0.933526 0
    outer loop
      vertex 81.8899 -82.3703 60
      vertex 82.0365 -82.4266 50
      vertex 81.8899 -82.3703 50
    endloop
  endfacet
  facet normal 0.156649 0.987654 -0
    outer loop
      vertex 82.3432 -82.4918 50
      vertex 82.1881 -82.4672 60
      vertex 82.3432 -82.4918 60
    endloop
  endfacet
  facet normal 0.156649 0.987654 0
    outer loop
      vertex 82.1881 -82.4672 60
      vertex 82.3432 -82.4918 50
      vertex 82.1881 -82.4672 50
    endloop
  endfacet
  facet normal 0.838749 0.544518 0
    outer loop
      vertex 81.2865 -81.8817 60
      vertex 81.201 -81.75 50
      vertex 81.201 -81.75 60
    endloop
  endfacet
  facet normal 0.838749 0.544518 0
    outer loop
      vertex 81.201 -81.75 50
      vertex 81.2865 -81.8817 60
      vertex 81.2865 -81.8817 50
    endloop
  endfacet
  facet normal 0.965959 0.258694 0
    outer loop
      vertex 81.0734 -81.4635 60
      vertex 81.0328 -81.3119 50
      vertex 81.0328 -81.3119 60
    endloop
  endfacet
  facet normal 0.965959 0.258694 0
    outer loop
      vertex 81.0328 -81.3119 50
      vertex 81.0734 -81.4635 60
      vertex 81.0734 -81.4635 50
    endloop
  endfacet
  facet normal 0.998635 0.0522246 0
    outer loop
      vertex 81.0082 -81.1568 60
      vertex 81 -81 50
      vertex 81 -81 60
    endloop
  endfacet
  facet normal 0.998635 0.0522246 0
    outer loop
      vertex 81 -81 50
      vertex 81.0082 -81.1568 60
      vertex 81.0082 -81.1568 50
    endloop
  endfacet
  facet normal -0.156649 0.987654 0
    outer loop
      vertex 82.8119 -82.4672 50
      vertex 82.6568 -82.4918 60
      vertex 82.8119 -82.4672 60
    endloop
  endfacet
  facet normal -0.156649 0.987654 0
    outer loop
      vertex 82.6568 -82.4918 60
      vertex 82.8119 -82.4672 50
      vertex 82.6568 -82.4918 50
    endloop
  endfacet
  facet normal -0.35851 0.933526 0
    outer loop
      vertex 83.1101 -82.3703 50
      vertex 82.9635 -82.4266 60
      vertex 83.1101 -82.3703 60
    endloop
  endfacet
  facet normal -0.35851 0.933526 0
    outer loop
      vertex 82.9635 -82.4266 60
      vertex 83.1101 -82.3703 50
      vertex 82.9635 -82.4266 50
    endloop
  endfacet
  facet normal -0.707107 0.707107 0
    outer loop
      vertex 83.5037 -82.1147 50
      vertex 83.6147 -82.0037 60
      vertex 83.6147 -82.0037 50
    endloop
  endfacet
  facet normal -0.707107 0.707107 0
    outer loop
      vertex 83.6147 -82.0037 60
      vertex 83.5037 -82.1147 50
      vertex 83.5037 -82.1147 60
    endloop
  endfacet
  facet normal -0.544518 0.838749 0
    outer loop
      vertex 83.3817 -82.2135 50
      vertex 83.25 -82.299 60
      vertex 83.3817 -82.2135 60
    endloop
  endfacet
  facet normal -0.544518 0.838749 0
    outer loop
      vertex 83.25 -82.299 60
      vertex 83.3817 -82.2135 50
      vertex 83.25 -82.299 50
    endloop
  endfacet
  facet normal -0.838749 0.544518 0
    outer loop
      vertex 83.7135 -81.8817 50
      vertex 83.799 -81.75 60
      vertex 83.799 -81.75 50
    endloop
  endfacet
  facet normal -0.838749 0.544518 0
    outer loop
      vertex 83.799 -81.75 60
      vertex 83.7135 -81.8817 50
      vertex 83.7135 -81.8817 60
    endloop
  endfacet
  facet normal -0.987654 0.156649 0
    outer loop
      vertex 83.9672 -81.3119 50
      vertex 83.9918 -81.1568 60
      vertex 83.9918 -81.1568 50
    endloop
  endfacet
  facet normal -0.987654 0.156649 0
    outer loop
      vertex 83.9918 -81.1568 60
      vertex 83.9672 -81.3119 50
      vertex 83.9672 -81.3119 60
    endloop
  endfacet
  facet normal -0.965959 0.258694 0
    outer loop
      vertex 83.9266 -81.4635 50
      vertex 83.9672 -81.3119 60
      vertex 83.9672 -81.3119 50
    endloop
  endfacet
  facet normal -0.965959 0.258694 0
    outer loop
      vertex 83.9672 -81.3119 60
      vertex 83.9266 -81.4635 50
      vertex 83.9266 -81.4635 60
    endloop
  endfacet
  facet normal 0.629345 0.777126 -0
    outer loop
      vertex 81.6183 -82.2135 50
      vertex 81.4963 -82.1147 60
      vertex 81.6183 -82.2135 60
    endloop
  endfacet
  facet normal 0.629345 0.777126 0
    outer loop
      vertex 81.4963 -82.1147 60
      vertex 81.6183 -82.2135 50
      vertex 81.4963 -82.1147 50
    endloop
  endfacet
  facet normal 0.454078 0.890962 -0
    outer loop
      vertex 81.8899 -82.3703 50
      vertex 81.75 -82.299 60
      vertex 81.8899 -82.3703 60
    endloop
  endfacet
  facet normal 0.454078 0.890962 0
    outer loop
      vertex 81.75 -82.299 60
      vertex 81.8899 -82.3703 50
      vertex 81.75 -82.299 50
    endloop
  endfacet
  facet normal 0.258694 0.965959 -0
    outer loop
      vertex 82.1881 -82.4672 50
      vertex 82.0365 -82.4266 60
      vertex 82.1881 -82.4672 60
    endloop
  endfacet
  facet normal 0.258694 0.965959 0
    outer loop
      vertex 82.0365 -82.4266 60
      vertex 82.1881 -82.4672 50
      vertex 82.0365 -82.4266 50
    endloop
  endfacet
  facet normal 0.987654 0.156649 0
    outer loop
      vertex 81.0328 -81.3119 60
      vertex 81.0082 -81.1568 50
      vertex 81.0082 -81.1568 60
    endloop
  endfacet
  facet normal 0.987654 0.156649 0
    outer loop
      vertex 81.0082 -81.1568 50
      vertex 81.0328 -81.3119 60
      vertex 81.0328 -81.3119 50
    endloop
  endfacet
  facet normal 0.629391 0.777089 -0
    outer loop
      vertex -79.1544 86.2157 50
      vertex -79.5611 86.5451 60
      vertex -79.1544 86.2157 60
    endloop
  endfacet
  facet normal 0.629391 0.777089 0
    outer loop
      vertex -79.5611 86.5451 60
      vertex -79.1544 86.2157 50
      vertex -79.5611 86.5451 50
    endloop
  endfacet
  facet normal -0.258733 0.965949 0
    outer loop
      vertex -83.5396 87.3907 50
      vertex -84.0451 87.2553 60
      vertex -83.5396 87.3907 60
    endloop
  endfacet
  facet normal -0.258733 0.965949 0
    outer loop
      vertex -84.0451 87.2553 60
      vertex -83.5396 87.3907 50
      vertex -84.0451 87.2553 50
    endloop
  endfacet
  facet normal 0.891 0.454003 0
    outer loop
      vertex -77.9323 84.5337 60
      vertex -78.1699 85 50
      vertex -78.1699 85 60
    endloop
  endfacet
  facet normal 0.891 0.454003 0
    outer loop
      vertex -78.1699 85 50
      vertex -77.9323 84.5337 60
      vertex -77.9323 84.5337 50
    endloop
  endfacet
  facet normal 0.838692 0.544605 0
    outer loop
      vertex -78.1699 85 60
      vertex -78.4549 85.4389 50
      vertex -78.4549 85.4389 60
    endloop
  endfacet
  facet normal 0.838692 0.544605 0
    outer loop
      vertex -78.4549 85.4389 50
      vertex -78.1699 85 60
      vertex -78.1699 85 50
    endloop
  endfacet
  facet normal 0.707107 0.707107 0
    outer loop
      vertex -78.7843 85.8456 60
      vertex -79.1544 86.2157 50
      vertex -79.1544 86.2157 60
    endloop
  endfacet
  facet normal 0.707107 0.707107 0
    outer loop
      vertex -79.1544 86.2157 50
      vertex -78.7843 85.8456 60
      vertex -78.7843 85.8456 50
    endloop
  endfacet
  facet normal 0.358441 0.933552 -0
    outer loop
      vertex -80.4663 87.0677 50
      vertex -80.9549 87.2553 60
      vertex -80.4663 87.0677 60
    endloop
  endfacet
  facet normal 0.358441 0.933552 0
    outer loop
      vertex -80.9549 87.2553 60
      vertex -80.4663 87.0677 50
      vertex -80.9549 87.2553 50
    endloop
  endfacet
  facet normal -0.156463 0.987684 0
    outer loop
      vertex -83.0226 87.4726 50
      vertex -83.5396 87.3907 60
      vertex -83.0226 87.4726 60
    endloop
  endfacet
  facet normal -0.156463 0.987684 0
    outer loop
      vertex -83.5396 87.3907 60
      vertex -83.0226 87.4726 50
      vertex -83.5396 87.3907 50
    endloop
  endfacet
  facet normal 0.998628 -0.0523582 0
    outer loop
      vertex -77.5274 81.9774 60
      vertex -77.5 82.5 50
      vertex -77.5 82.5 60
    endloop
  endfacet
  facet normal 0.998628 -0.0523582 0
    outer loop
      vertex -77.5 82.5 50
      vertex -77.5274 81.9774 60
      vertex -77.5274 81.9774 50
    endloop
  endfacet
  facet normal 0.777089 -0.629391 0
    outer loop
      vertex -78.7843 79.1544 60
      vertex -78.4549 79.5611 50
      vertex -78.4549 79.5611 60
    endloop
  endfacet
  facet normal 0.777089 -0.629391 0
    outer loop
      vertex -78.4549 79.5611 50
      vertex -78.7843 79.1544 60
      vertex -78.7843 79.1544 50
    endloop
  endfacet
  facet normal -0.156463 -0.987684 0
    outer loop
      vertex -83.5396 77.6093 50
      vertex -83.0226 77.5274 60
      vertex -83.5396 77.6093 60
    endloop
  endfacet
  facet normal -0.156463 -0.987684 -0
    outer loop
      vertex -83.0226 77.5274 60
      vertex -83.5396 77.6093 50
      vertex -83.0226 77.5274 50
    endloop
  endfacet
  facet normal 0.965949 0.258733 0
    outer loop
      vertex -77.6093 83.5396 60
      vertex -77.7447 84.0451 50
      vertex -77.7447 84.0451 60
    endloop
  endfacet
  facet normal 0.965949 0.258733 0
    outer loop
      vertex -77.7447 84.0451 50
      vertex -77.6093 83.5396 60
      vertex -77.6093 83.5396 50
    endloop
  endfacet
  facet normal 0.933552 0.358441 0
    outer loop
      vertex -77.7447 84.0451 60
      vertex -77.9323 84.5337 50
      vertex -77.9323 84.5337 60
    endloop
  endfacet
  facet normal 0.933552 0.358441 0
    outer loop
      vertex -77.9323 84.5337 50
      vertex -77.7447 84.0451 60
      vertex -77.7447 84.0451 50
    endloop
  endfacet
  facet normal 0.777089 0.629391 0
    outer loop
      vertex -78.4549 85.4389 60
      vertex -78.7843 85.8456 50
      vertex -78.7843 85.8456 60
    endloop
  endfacet
  facet normal 0.777089 0.629391 0
    outer loop
      vertex -78.7843 85.8456 50
      vertex -78.4549 85.4389 60
      vertex -78.4549 85.4389 50
    endloop
  endfacet
  facet normal 0.544605 0.838692 -0
    outer loop
      vertex -79.5611 86.5451 50
      vertex -80 86.8301 60
      vertex -79.5611 86.5451 60
    endloop
  endfacet
  facet normal 0.544605 0.838692 0
    outer loop
      vertex -80 86.8301 60
      vertex -79.5611 86.5451 50
      vertex -80 86.8301 50
    endloop
  endfacet
  facet normal 0.0523582 0.998628 -0
    outer loop
      vertex -81.9774 87.4726 50
      vertex -82.5 87.5 60
      vertex -81.9774 87.4726 60
    endloop
  endfacet
  facet normal 0.0523582 0.998628 0
    outer loop
      vertex -82.5 87.5 60
      vertex -81.9774 87.4726 50
      vertex -82.5 87.5 50
    endloop
  endfacet
  facet normal 0.454003 0.891 -0
    outer loop
      vertex -80 86.8301 50
      vertex -80.4663 87.0677 60
      vertex -80 86.8301 60
    endloop
  endfacet
  facet normal 0.454003 0.891 0
    outer loop
      vertex -80.4663 87.0677 60
      vertex -80 86.8301 50
      vertex -80.4663 87.0677 50
    endloop
  endfacet
  facet normal 0.258733 0.965949 -0
    outer loop
      vertex -80.9549 87.2553 50
      vertex -81.4604 87.3907 60
      vertex -80.9549 87.2553 60
    endloop
  endfacet
  facet normal 0.258733 0.965949 0
    outer loop
      vertex -81.4604 87.3907 60
      vertex -80.9549 87.2553 50
      vertex -81.4604 87.3907 50
    endloop
  endfacet
  facet normal -0.0523582 0.998628 0
    outer loop
      vertex -82.5 87.5 50
      vertex -83.0226 87.4726 60
      vertex -82.5 87.5 60
    endloop
  endfacet
  facet normal -0.0523582 0.998628 0
    outer loop
      vertex -83.0226 87.4726 60
      vertex -82.5 87.5 50
      vertex -83.0226 87.4726 50
    endloop
  endfacet
  facet normal -0.454003 0.891 0
    outer loop
      vertex -84.5337 87.0677 50
      vertex -85 86.8301 60
      vertex -84.5337 87.0677 60
    endloop
  endfacet
  facet normal -0.454003 0.891 0
    outer loop
      vertex -85 86.8301 60
      vertex -84.5337 87.0677 50
      vertex -85 86.8301 50
    endloop
  endfacet
  facet normal -0.358441 0.933552 0
    outer loop
      vertex -84.0451 87.2553 50
      vertex -84.5337 87.0677 60
      vertex -84.0451 87.2553 60
    endloop
  endfacet
  facet normal -0.358441 0.933552 0
    outer loop
      vertex -84.5337 87.0677 60
      vertex -84.0451 87.2553 50
      vertex -84.5337 87.0677 50
    endloop
  endfacet
  facet normal 0.998628 0.0523582 0
    outer loop
      vertex -77.5 82.5 60
      vertex -77.5274 83.0226 50
      vertex -77.5274 83.0226 60
    endloop
  endfacet
  facet normal 0.998628 0.0523582 0
    outer loop
      vertex -77.5274 83.0226 50
      vertex -77.5 82.5 60
      vertex -77.5 82.5 50
    endloop
  endfacet
  facet normal 0.0523582 -0.998628 0
    outer loop
      vertex -82.5 77.5 50
      vertex -81.9774 77.5274 60
      vertex -82.5 77.5 60
    endloop
  endfacet
  facet normal 0.0523582 -0.998628 0
    outer loop
      vertex -81.9774 77.5274 60
      vertex -82.5 77.5 50
      vertex -81.9774 77.5274 50
    endloop
  endfacet
  facet normal 0.156463 -0.987684 0
    outer loop
      vertex -81.9774 77.5274 50
      vertex -81.4604 77.6093 60
      vertex -81.9774 77.5274 60
    endloop
  endfacet
  facet normal 0.156463 -0.987684 0
    outer loop
      vertex -81.4604 77.6093 60
      vertex -81.9774 77.5274 50
      vertex -81.4604 77.6093 50
    endloop
  endfacet
  facet normal 0.258733 -0.965949 0
    outer loop
      vertex -81.4604 77.6093 50
      vertex -80.9549 77.7447 60
      vertex -81.4604 77.6093 60
    endloop
  endfacet
  facet normal 0.258733 -0.965949 0
    outer loop
      vertex -80.9549 77.7447 60
      vertex -81.4604 77.6093 50
      vertex -80.9549 77.7447 50
    endloop
  endfacet
  facet normal 0.629391 -0.777089 0
    outer loop
      vertex -79.5611 78.4549 50
      vertex -79.1544 78.7843 60
      vertex -79.5611 78.4549 60
    endloop
  endfacet
  facet normal 0.629391 -0.777089 0
    outer loop
      vertex -79.1544 78.7843 60
      vertex -79.5611 78.4549 50
      vertex -79.1544 78.7843 50
    endloop
  endfacet
  facet normal 0.454003 -0.891 0
    outer loop
      vertex -80.4663 77.9323 50
      vertex -80 78.1699 60
      vertex -80.4663 77.9323 60
    endloop
  endfacet
  facet normal 0.454003 -0.891 0
    outer loop
      vertex -80 78.1699 60
      vertex -80.4663 77.9323 50
      vertex -80 78.1699 50
    endloop
  endfacet
  facet normal 0.891 -0.454003 0
    outer loop
      vertex -78.1699 80 60
      vertex -77.9323 80.4663 50
      vertex -77.9323 80.4663 60
    endloop
  endfacet
  facet normal 0.891 -0.454003 0
    outer loop
      vertex -77.9323 80.4663 50
      vertex -78.1699 80 60
      vertex -78.1699 80 50
    endloop
  endfacet
  facet normal -0.0523582 -0.998628 0
    outer loop
      vertex -83.0226 77.5274 50
      vertex -82.5 77.5 60
      vertex -83.0226 77.5274 60
    endloop
  endfacet
  facet normal -0.0523582 -0.998628 -0
    outer loop
      vertex -82.5 77.5 60
      vertex -83.0226 77.5274 50
      vertex -82.5 77.5 50
    endloop
  endfacet
  facet normal -0.358441 -0.933552 0
    outer loop
      vertex -84.5337 77.9323 50
      vertex -84.0451 77.7447 60
      vertex -84.5337 77.9323 60
    endloop
  endfacet
  facet normal -0.358441 -0.933552 -0
    outer loop
      vertex -84.0451 77.7447 60
      vertex -84.5337 77.9323 50
      vertex -84.0451 77.7447 50
    endloop
  endfacet
  facet normal 0 0 -1
    outer loop
      vertex -81 82.5 50
      vertex -77.5 82.5 50
      vertex -77.5274 81.9774 50
    endloop
  endfacet
  facet normal 0 0 -1
    outer loop
      vertex -81.0082 82.3432 50
      vertex -77.5274 81.9774 50
      vertex -77.6093 81.4604 50
    endloop
  endfacet
  facet normal 0 0 -1
    outer loop
      vertex -77.5 82.5 50
      vertex -81 82.5 50
      vertex -77.5274 83.0226 50
    endloop
  endfacet
  facet normal 0 0 -1
    outer loop
      vertex -81.0328 82.1881 50
      vertex -77.6093 81.4604 50
      vertex -77.7447 80.9549 50
    endloop
  endfacet
  facet normal 0 0 -1
    outer loop
      vertex -81.0082 82.6568 50
      vertex -77.5274 83.0226 50
      vertex -81 82.5 50
    endloop
  endfacet
  facet normal 0 0 -1
    outer loop
      vertex -81.0734 82.0365 50
      vertex -77.7447 80.9549 50
      vertex -77.9323 80.4663 50
    endloop
  endfacet
  facet normal -0 0 -1
    outer loop
      vertex -77.5274 83.0226 50
      vertex -81.0082 82.6568 50
      vertex -77.6093 83.5396 50
    endloop
  endfacet
  facet normal 0 0 -1
    outer loop
      vertex -81.1297 81.8899 50
      vertex -77.9323 80.4663 50
      vertex -78.1699 80 50
    endloop
  endfacet
  facet normal 0 0 -1
    outer loop
      vertex -81.0328 82.8119 50
      vertex -77.6093 83.5396 50
      vertex -81.0082 82.6568 50
    endloop
  endfacet
  facet normal 0 0 -1
    outer loop
      vertex -81.201 81.75 50
      vertex -78.1699 80 50
      vertex -78.4549 79.5611 50
    endloop
  endfacet
  facet normal -0 0 -1
    outer loop
      vertex -77.6093 83.5396 50
      vertex -81.0328 82.8119 50
      vertex -77.7447 84.0451 50
    endloop
  endfacet
  facet normal 0 0 -1
    outer loop
      vertex -81.2865 81.6183 50
      vertex -78.4549 79.5611 50
      vertex -78.7843 79.1544 50
    endloop
  endfacet
  facet normal 0 0 -1
    outer loop
      vertex -81.0734 82.9635 50
      vertex -77.7447 84.0451 50
      vertex -81.0328 82.8119 50
    endloop
  endfacet
  facet normal 0 0 -1
    outer loop
      vertex -81.3853 81.4963 50
      vertex -78.7843 79.1544 50
      vertex -79.1544 78.7843 50
    endloop
  endfacet
  facet normal -0 0 -1
    outer loop
      vertex -77.7447 84.0451 50
      vertex -81.0734 82.9635 50
      vertex -77.9323 84.5337 50
    endloop
  endfacet
  facet normal 0 0 -1
    outer loop
      vertex -81.4963 81.3853 50
      vertex -79.1544 78.7843 50
      vertex -79.5611 78.4549 50
    endloop
  endfacet
  facet normal 0 0 -1
    outer loop
      vertex -81.1297 83.1101 50
      vertex -77.9323 84.5337 50
      vertex -81.0734 82.9635 50
    endloop
  endfacet
  facet normal 0 0 -1
    outer loop
      vertex -81.6183 81.2865 50
      vertex -79.5611 78.4549 50
      vertex -80 78.1699 50
    endloop
  endfacet
  facet normal -0 0 -1
    outer loop
      vertex -77.9323 84.5337 50
      vertex -81.1297 83.1101 50
      vertex -78.1699 85 50
    endloop
  endfacet
  facet normal 0 0 -1
    outer loop
      vertex -81.75 81.201 50
      vertex -80 78.1699 50
      vertex -80.4663 77.9323 50
    endloop
  endfacet
  facet normal 0 0 -1
    outer loop
      vertex -81.201 83.25 50
      vertex -78.1699 85 50
      vertex -81.1297 83.1101 50
    endloop
  endfacet
  facet normal 0 0 -1
    outer loop
      vertex -81.8899 81.1297 50
      vertex -80.4663 77.9323 50
      vertex -80.9549 77.7447 50
    endloop
  endfacet
  facet normal -0 0 -1
    outer loop
      vertex -78.1699 85 50
      vertex -81.201 83.25 50
      vertex -78.4549 85.4389 50
    endloop
  endfacet
  facet normal 0 0 -1
    outer loop
      vertex -81.2865 83.3817 50
      vertex -78.4549 85.4389 50
      vertex -81.201 83.25 50
    endloop
  endfacet
  facet normal 0 0 -1
    outer loop
      vertex -77.5274 81.9774 50
      vertex -81.0082 82.3432 50
      vertex -81 82.5 50
    endloop
  endfacet
  facet normal 0 0 -1
    outer loop
      vertex -77.6093 81.4604 50
      vertex -81.0328 82.1881 50
      vertex -81.0082 82.3432 50
    endloop
  endfacet
  facet normal 0 0 -1
    outer loop
      vertex -77.7447 80.9549 50
      vertex -81.0734 82.0365 50
      vertex -81.0328 82.1881 50
    endloop
  endfacet
  facet normal 0 0 -1
    outer loop
      vertex -77.9323 80.4663 50
      vertex -81.1297 81.8899 50
      vertex -81.0734 82.0365 50
    endloop
  endfacet
  facet normal 0 0 -1
    outer loop
      vertex -78.1699 80 50
      vertex -81.201 81.75 50
      vertex -81.1297 81.8899 50
    endloop
  endfacet
  facet normal 0 0 -1
    outer loop
      vertex -78.4549 79.5611 50
      vertex -81.2865 81.6183 50
      vertex -81.201 81.75 50
    endloop
  endfacet
  facet normal 0 0 -1
    outer loop
      vertex -78.7843 79.1544 50
      vertex -81.3853 81.4963 50
      vertex -81.2865 81.6183 50
    endloop
  endfacet
  facet normal 0 0 -1
    outer loop
      vertex -82.0365 81.0734 50
      vertex -80.9549 77.7447 50
      vertex -81.4604 77.6093 50
    endloop
  endfacet
  facet normal 0 0 -1
    outer loop
      vertex -79.1544 78.7843 50
      vertex -81.4963 81.3853 50
      vertex -81.3853 81.4963 50
    endloop
  endfacet
  facet normal 0 0 -1
    outer loop
      vertex -79.5611 78.4549 50
      vertex -81.6183 81.2865 50
      vertex -81.4963 81.3853 50
    endloop
  endfacet
  facet normal 0 0 -1
    outer loop
      vertex -80 78.1699 50
      vertex -81.75 81.201 50
      vertex -81.6183 81.2865 50
    endloop
  endfacet
  facet normal 0 0 -1
    outer loop
      vertex -80.4663 77.9323 50
      vertex -81.8899 81.1297 50
      vertex -81.75 81.201 50
    endloop
  endfacet
  facet normal 0 0 -1
    outer loop
      vertex -82.1881 81.0328 50
      vertex -81.4604 77.6093 50
      vertex -81.9774 77.5274 50
    endloop
  endfacet
  facet normal 0 0 -1
    outer loop
      vertex -80.9549 77.7447 50
      vertex -82.0365 81.0734 50
      vertex -81.8899 81.1297 50
    endloop
  endfacet
  facet normal 0 0 -1
    outer loop
      vertex -81.4604 77.6093 50
      vertex -82.1881 81.0328 50
      vertex -82.0365 81.0734 50
    endloop
  endfacet
  facet normal 0 0 -1
    outer loop
      vertex -81.9774 77.5274 50
      vertex -82.3432 81.0082 50
      vertex -82.1881 81.0328 50
    endloop
  endfacet
  facet normal 0 0 -1
    outer loop
      vertex -82.5 77.5 50
      vertex -82.3432 81.0082 50
      vertex -81.9774 77.5274 50
    endloop
  endfacet
  facet normal 0 0 -1
    outer loop
      vertex -82.5 77.5 50
      vertex -82.5 81 50
      vertex -82.3432 81.0082 50
    endloop
  endfacet
  facet normal 0 0 -1
    outer loop
      vertex -82.5 77.5 50
      vertex -82.6568 81.0082 50
      vertex -82.5 81 50
    endloop
  endfacet
  facet normal 0 0 -1
    outer loop
      vertex -83.0226 77.5274 50
      vertex -82.6568 81.0082 50
      vertex -82.5 77.5 50
    endloop
  endfacet
  facet normal -0 0 -1
    outer loop
      vertex -82.6568 81.0082 50
      vertex -83.0226 77.5274 50
      vertex -82.8119 81.0328 50
    endloop
  endfacet
  facet normal 0 0 -1
    outer loop
      vertex -83.5396 77.6093 50
      vertex -82.8119 81.0328 50
      vertex -83.0226 77.5274 50
    endloop
  endfacet
  facet normal -0 0 -1
    outer loop
      vertex -82.8119 81.0328 50
      vertex -83.5396 77.6093 50
      vertex -82.9635 81.0734 50
    endloop
  endfacet
  facet normal 0 0 -1
    outer loop
      vertex -84.0451 77.7447 50
      vertex -82.9635 81.0734 50
      vertex -83.5396 77.6093 50
    endloop
  endfacet
  facet normal -0 0 -1
    outer loop
      vertex -82.9635 81.0734 50
      vertex -84.0451 77.7447 50
      vertex -83.1101 81.1297 50
    endloop
  endfacet
  facet normal 0 0 -1
    outer loop
      vertex -84.5337 77.9323 50
      vertex -83.1101 81.1297 50
      vertex -84.0451 77.7447 50
    endloop
  endfacet
  facet normal -0 0 -1
    outer loop
      vertex -83.1101 81.1297 50
      vertex -84.5337 77.9323 50
      vertex -83.25 81.201 50
    endloop
  endfacet
  facet normal 0 0 -1
    outer loop
      vertex -85 78.1699 50
      vertex -83.25 81.201 50
      vertex -84.5337 77.9323 50
    endloop
  endfacet
  facet normal -0 0 -1
    outer loop
      vertex -83.25 81.201 50
      vertex -85 78.1699 50
      vertex -83.3817 81.2865 50
    endloop
  endfacet
  facet normal -0 0 -1
    outer loop
      vertex -83.3817 81.2865 50
      vertex -85 78.1699 50
      vertex -83.5037 81.3853 50
    endloop
  endfacet
  facet normal -0 0 -1
    outer loop
      vertex -83.5037 81.3853 50
      vertex -85 78.1699 50
      vertex -83.6147 81.4963 50
    endloop
  endfacet
  facet normal -0 0 -1
    outer loop
      vertex -83.6147 81.4963 50
      vertex -85 78.1699 50
      vertex -83.7135 81.6183 50
    endloop
  endfacet
  facet normal -0 0 -1
    outer loop
      vertex -83.7135 81.6183 50
      vertex -85 78.1699 50
      vertex -83.799 81.75 50
    endloop
  endfacet
  facet normal -0 0 -1
    outer loop
      vertex -83.799 81.75 50
      vertex -85 78.1699 50
      vertex -83.8703 81.8899 50
    endloop
  endfacet
  facet normal -0 0 -1
    outer loop
      vertex -83.9266 82.0365 50
      vertex -85 78.1699 50
      vertex -83.9672 82.1881 50
    endloop
  endfacet
  facet normal -0 0 -1
    outer loop
      vertex -83.8703 81.8899 50
      vertex -85 78.1699 50
      vertex -83.9266 82.0365 50
    endloop
  endfacet
  facet normal -0 0 -1
    outer loop
      vertex -78.4549 85.4389 50
      vertex -81.2865 83.3817 50
      vertex -78.7843 85.8456 50
    endloop
  endfacet
  facet normal 0 0 -1
    outer loop
      vertex -81.3853 83.5037 50
      vertex -78.7843 85.8456 50
      vertex -81.2865 83.3817 50
    endloop
  endfacet
  facet normal -0 0 -1
    outer loop
      vertex -78.7843 85.8456 50
      vertex -81.3853 83.5037 50
      vertex -79.1544 86.2157 50
    endloop
  endfacet
  facet normal 0 0 -1
    outer loop
      vertex -81.4963 83.6147 50
      vertex -79.1544 86.2157 50
      vertex -81.3853 83.5037 50
    endloop
  endfacet
  facet normal -0 0 -1
    outer loop
      vertex -79.1544 86.2157 50
      vertex -81.4963 83.6147 50
      vertex -79.5611 86.5451 50
    endloop
  endfacet
  facet normal 0 0 -1
    outer loop
      vertex -81.6183 83.7135 50
      vertex -79.5611 86.5451 50
      vertex -81.4963 83.6147 50
    endloop
  endfacet
  facet normal -0 0 -1
    outer loop
      vertex -79.5611 86.5451 50
      vertex -81.6183 83.7135 50
      vertex -80 86.8301 50
    endloop
  endfacet
  facet normal 0 0 -1
    outer loop
      vertex -81.75 83.799 50
      vertex -80 86.8301 50
      vertex -81.6183 83.7135 50
    endloop
  endfacet
  facet normal -0 0 -1
    outer loop
      vertex -80 86.8301 50
      vertex -81.75 83.799 50
      vertex -80.4663 87.0677 50
    endloop
  endfacet
  facet normal 0 0 -1
    outer loop
      vertex -81.8899 83.8703 50
      vertex -80.4663 87.0677 50
      vertex -81.75 83.799 50
    endloop
  endfacet
  facet normal -0 0 -1
    outer loop
      vertex -80.4663 87.0677 50
      vertex -81.8899 83.8703 50
      vertex -80.9549 87.2553 50
    endloop
  endfacet
  facet normal 0 0 -1
    outer loop
      vertex -82.0365 83.9266 50
      vertex -80.9549 87.2553 50
      vertex -81.8899 83.8703 50
    endloop
  endfacet
  facet normal -0 0 -1
    outer loop
      vertex -80.9549 87.2553 50
      vertex -82.0365 83.9266 50
      vertex -81.4604 87.3907 50
    endloop
  endfacet
  facet normal 0 0 -1
    outer loop
      vertex -82.1881 83.9672 50
      vertex -81.4604 87.3907 50
      vertex -82.0365 83.9266 50
    endloop
  endfacet
  facet normal -0 0 -1
    outer loop
      vertex -81.4604 87.3907 50
      vertex -82.1881 83.9672 50
      vertex -81.9774 87.4726 50
    endloop
  endfacet
  facet normal 0 0 -1
    outer loop
      vertex -82.3432 83.9918 50
      vertex -81.9774 87.4726 50
      vertex -82.1881 83.9672 50
    endloop
  endfacet
  facet normal 0 0 -1
    outer loop
      vertex -82.5 84 50
      vertex -81.9774 87.4726 50
      vertex -82.3432 83.9918 50
    endloop
  endfacet
  facet normal 0 0 -1
    outer loop
      vertex -82.5 84 50
      vertex -82.5 87.5 50
      vertex -81.9774 87.4726 50
    endloop
  endfacet
  facet normal 0 0 -1
    outer loop
      vertex -82.6568 83.9918 50
      vertex -82.5 87.5 50
      vertex -82.5 84 50
    endloop
  endfacet
  facet normal 0 0 -1
    outer loop
      vertex -83.0226 87.4726 50
      vertex -82.6568 83.9918 50
      vertex -82.8119 83.9672 50
    endloop
  endfacet
  facet normal 0 0 -1
    outer loop
      vertex -83.5396 87.3907 50
      vertex -82.8119 83.9672 50
      vertex -82.9635 83.9266 50
    endloop
  endfacet
  facet normal 0 0 -1
    outer loop
      vertex -82.6568 83.9918 50
      vertex -83.0226 87.4726 50
      vertex -82.5 87.5 50
    endloop
  endfacet
  facet normal 0 0 -1
    outer loop
      vertex -84.0451 87.2553 50
      vertex -82.9635 83.9266 50
      vertex -83.1101 83.8703 50
    endloop
  endfacet
  facet normal 0 0 -1
    outer loop
      vertex -84.5337 87.0677 50
      vertex -83.1101 83.8703 50
      vertex -83.25 83.799 50
    endloop
  endfacet
  facet normal 0 0 -1
    outer loop
      vertex -85 86.8301 50
      vertex -83.25 83.799 50
      vertex -83.3817 83.7135 50
    endloop
  endfacet
  facet normal 0 0 -1
    outer loop
      vertex -85 86.8301 50
      vertex -83.3817 83.7135 50
      vertex -83.5037 83.6147 50
    endloop
  endfacet
  facet normal 0 0 -1
    outer loop
      vertex -82.8119 83.9672 50
      vertex -83.5396 87.3907 50
      vertex -83.0226 87.4726 50
    endloop
  endfacet
  facet normal 0 0 -1
    outer loop
      vertex -85 86.8301 50
      vertex -83.5037 83.6147 50
      vertex -83.6147 83.5037 50
    endloop
  endfacet
  facet normal 0 0 -1
    outer loop
      vertex -85 86.8301 50
      vertex -83.6147 83.5037 50
      vertex -83.7135 83.3817 50
    endloop
  endfacet
  facet normal 0 0 -1
    outer loop
      vertex -85 86.8301 50
      vertex -83.7135 83.3817 50
      vertex -83.799 83.25 50
    endloop
  endfacet
  facet normal 0 0 -1
    outer loop
      vertex -85 86.8301 50
      vertex -83.799 83.25 50
      vertex -83.8703 83.1101 50
    endloop
  endfacet
  facet normal 0 0 -1
    outer loop
      vertex -85 86.8301 50
      vertex -83.8703 83.1101 50
      vertex -83.9266 82.9635 50
    endloop
  endfacet
  facet normal 0 0 -1
    outer loop
      vertex -85 86.8301 50
      vertex -83.9266 82.9635 50
      vertex -83.9672 82.8119 50
    endloop
  endfacet
  facet normal 0 0 -1
    outer loop
      vertex -85 86.8301 50
      vertex -83.9672 82.8119 50
      vertex -83.9918 82.6568 50
    endloop
  endfacet
  facet normal 0 0 -1
    outer loop
      vertex -82.9635 83.9266 50
      vertex -84.0451 87.2553 50
      vertex -83.5396 87.3907 50
    endloop
  endfacet
  facet normal 0 0 -1
    outer loop
      vertex -85 86.8301 50
      vertex -83.9918 82.6568 50
      vertex -84 82.5 50
    endloop
  endfacet
  facet normal -0 0 -1
    outer loop
      vertex -83.9672 82.1881 50
      vertex -85 78.1699 50
      vertex -83.9918 82.3432 50
    endloop
  endfacet
  facet normal -0 0 -1
    outer loop
      vertex -83.9918 82.3432 50
      vertex -85 78.1699 50
      vertex -84 82.5 50
    endloop
  endfacet
  facet normal 0 0 -1
    outer loop
      vertex -83.1101 83.8703 50
      vertex -84.5337 87.0677 50
      vertex -84.0451 87.2553 50
    endloop
  endfacet
  facet normal 0 0 -1
    outer loop
      vertex -85 86.8301 50
      vertex -84 82.5 50
      vertex -85 78.1699 50
    endloop
  endfacet
  facet normal 0 0 -1
    outer loop
      vertex -83.25 83.799 50
      vertex -85 86.8301 50
      vertex -84.5337 87.0677 50
    endloop
  endfacet
  facet normal 0.987684 0.156463 0
    outer loop
      vertex -77.5274 83.0226 60
      vertex -77.6093 83.5396 50
      vertex -77.6093 83.5396 60
    endloop
  endfacet
  facet normal 0.987684 0.156463 0
    outer loop
      vertex -77.6093 83.5396 50
      vertex -77.5274 83.0226 60
      vertex -77.5274 83.0226 50
    endloop
  endfacet
  facet normal 0.156463 0.987684 -0
    outer loop
      vertex -81.4604 87.3907 50
      vertex -81.9774 87.4726 60
      vertex -81.4604 87.3907 60
    endloop
  endfacet
  facet normal 0.156463 0.987684 0
    outer loop
      vertex -81.9774 87.4726 60
      vertex -81.4604 87.3907 50
      vertex -81.9774 87.4726 50
    endloop
  endfacet
  facet normal 0.987684 -0.156463 0
    outer loop
      vertex -77.6093 81.4604 60
      vertex -77.5274 81.9774 50
      vertex -77.5274 81.9774 60
    endloop
  endfacet
  facet normal 0.987684 -0.156463 0
    outer loop
      vertex -77.5274 81.9774 50
      vertex -77.6093 81.4604 60
      vertex -77.6093 81.4604 50
    endloop
  endfacet
  facet normal 0.965949 -0.258733 0
    outer loop
      vertex -77.7447 80.9549 60
      vertex -77.6093 81.4604 50
      vertex -77.6093 81.4604 60
    endloop
  endfacet
  facet normal 0.965949 -0.258733 0
    outer loop
      vertex -77.6093 81.4604 50
      vertex -77.7447 80.9549 60
      vertex -77.7447 80.9549 50
    endloop
  endfacet
  facet normal 0.358441 -0.933552 0
    outer loop
      vertex -80.9549 77.7447 50
      vertex -80.4663 77.9323 60
      vertex -80.9549 77.7447 60
    endloop
  endfacet
  facet normal 0.358441 -0.933552 0
    outer loop
      vertex -80.4663 77.9323 60
      vertex -80.9549 77.7447 50
      vertex -80.4663 77.9323 50
    endloop
  endfacet
  facet normal 0.707107 -0.707107 0
    outer loop
      vertex -79.1544 78.7843 60
      vertex -78.7843 79.1544 50
      vertex -78.7843 79.1544 60
    endloop
  endfacet
  facet normal 0.707107 -0.707107 0
    outer loop
      vertex -78.7843 79.1544 50
      vertex -79.1544 78.7843 60
      vertex -79.1544 78.7843 50
    endloop
  endfacet
  facet normal 0.544605 -0.838692 0
    outer loop
      vertex -80 78.1699 50
      vertex -79.5611 78.4549 60
      vertex -80 78.1699 60
    endloop
  endfacet
  facet normal 0.544605 -0.838692 0
    outer loop
      vertex -79.5611 78.4549 60
      vertex -80 78.1699 50
      vertex -79.5611 78.4549 50
    endloop
  endfacet
  facet normal 0.933552 -0.358441 0
    outer loop
      vertex -77.9323 80.4663 60
      vertex -77.7447 80.9549 50
      vertex -77.7447 80.9549 60
    endloop
  endfacet
  facet normal 0.933552 -0.358441 0
    outer loop
      vertex -77.7447 80.9549 50
      vertex -77.9323 80.4663 60
      vertex -77.9323 80.4663 50
    endloop
  endfacet
  facet normal 0.838692 -0.544605 0
    outer loop
      vertex -78.4549 79.5611 60
      vertex -78.1699 80 50
      vertex -78.1699 80 60
    endloop
  endfacet
  facet normal 0.838692 -0.544605 0
    outer loop
      vertex -78.1699 80 50
      vertex -78.4549 79.5611 60
      vertex -78.4549 79.5611 50
    endloop
  endfacet
  facet normal -0.258733 -0.965949 0
    outer loop
      vertex -84.0451 77.7447 50
      vertex -83.5396 77.6093 60
      vertex -84.0451 77.7447 60
    endloop
  endfacet
  facet normal -0.258733 -0.965949 -0
    outer loop
      vertex -83.5396 77.6093 60
      vertex -84.0451 77.7447 50
      vertex -83.5396 77.6093 50
    endloop
  endfacet
  facet normal -0.454003 -0.891 0
    outer loop
      vertex -85 78.1699 50
      vertex -84.5337 77.9323 60
      vertex -85 78.1699 60
    endloop
  endfacet
  facet normal -0.454003 -0.891 -0
    outer loop
      vertex -84.5337 77.9323 60
      vertex -85 78.1699 50
      vertex -84.5337 77.9323 50
    endloop
  endfacet
  facet normal -0.998635 -0.0522246 0
    outer loop
      vertex -81 82.5 50
      vertex -81.0082 82.6568 60
      vertex -81.0082 82.6568 50
    endloop
  endfacet
  facet normal -0.998635 -0.0522246 0
    outer loop
      vertex -81.0082 82.6568 60
      vertex -81 82.5 50
      vertex -81 82.5 60
    endloop
  endfacet
  facet normal 0.998635 -0.0522246 0
    outer loop
      vertex -84 82.5 60
      vertex -83.9918 82.6568 50
      vertex -83.9918 82.6568 60
    endloop
  endfacet
  facet normal 0.998635 -0.0522246 0
    outer loop
      vertex -83.9918 82.6568 50
      vertex -84 82.5 60
      vertex -84 82.5 50
    endloop
  endfacet
  facet normal -0.0522246 -0.998635 0
    outer loop
      vertex -82.5 84 50
      vertex -82.3432 83.9918 60
      vertex -82.5 84 60
    endloop
  endfacet
  facet normal -0.0522246 -0.998635 -0
    outer loop
      vertex -82.3432 83.9918 60
      vertex -82.5 84 50
      vertex -82.3432 83.9918 50
    endloop
  endfacet
  facet normal 0.0522246 0.998635 -0
    outer loop
      vertex -82.5 81 50
      vertex -82.6568 81.0082 60
      vertex -82.5 81 60
    endloop
  endfacet
  facet normal 0.0522246 0.998635 0
    outer loop
      vertex -82.6568 81.0082 60
      vertex -82.5 81 50
      vertex -82.6568 81.0082 50
    endloop
  endfacet
  facet normal 0.777126 0.629345 0
    outer loop
      vertex -83.6147 81.4963 60
      vertex -83.7135 81.6183 50
      vertex -83.7135 81.6183 60
    endloop
  endfacet
  facet normal 0.777126 0.629345 0
    outer loop
      vertex -83.7135 81.6183 50
      vertex -83.6147 81.4963 60
      vertex -83.6147 81.4963 50
    endloop
  endfacet
  facet normal -0.707107 -0.707107 0
    outer loop
      vertex -81.3853 83.5037 50
      vertex -81.4963 83.6147 60
      vertex -81.4963 83.6147 50
    endloop
  endfacet
  facet normal -0.707107 -0.707107 0
    outer loop
      vertex -81.4963 83.6147 60
      vertex -81.3853 83.5037 50
      vertex -81.3853 83.5037 60
    endloop
  endfacet
  facet normal 0.629345 -0.777126 0
    outer loop
      vertex -83.5037 83.6147 50
      vertex -83.3817 83.7135 60
      vertex -83.5037 83.6147 60
    endloop
  endfacet
  facet normal 0.629345 -0.777126 0
    outer loop
      vertex -83.3817 83.7135 60
      vertex -83.5037 83.6147 50
      vertex -83.3817 83.7135 50
    endloop
  endfacet
  facet normal 0.35851 -0.933526 0
    outer loop
      vertex -83.1101 83.8703 50
      vertex -82.9635 83.9266 60
      vertex -83.1101 83.8703 60
    endloop
  endfacet
  facet normal 0.35851 -0.933526 0
    outer loop
      vertex -82.9635 83.9266 60
      vertex -83.1101 83.8703 50
      vertex -82.9635 83.9266 50
    endloop
  endfacet
  facet normal 0.933526 0.35851 0
    outer loop
      vertex -83.8703 81.8899 60
      vertex -83.9266 82.0365 50
      vertex -83.9266 82.0365 60
    endloop
  endfacet
  facet normal 0.933526 0.35851 0
    outer loop
      vertex -83.9266 82.0365 50
      vertex -83.8703 81.8899 60
      vertex -83.8703 81.8899 50
    endloop
  endfacet
  facet normal -0.890962 -0.454078 0
    outer loop
      vertex -81.1297 83.1101 50
      vertex -81.201 83.25 60
      vertex -81.201 83.25 50
    endloop
  endfacet
  facet normal -0.890962 -0.454078 0
    outer loop
      vertex -81.201 83.25 60
      vertex -81.1297 83.1101 50
      vertex -81.1297 83.1101 60
    endloop
  endfacet
  facet normal -0.454078 -0.890962 0
    outer loop
      vertex -81.8899 83.8703 50
      vertex -81.75 83.799 60
      vertex -81.8899 83.8703 60
    endloop
  endfacet
  facet normal -0.454078 -0.890962 -0
    outer loop
      vertex -81.75 83.799 60
      vertex -81.8899 83.8703 50
      vertex -81.75 83.799 50
    endloop
  endfacet
  facet normal -0.544518 -0.838749 0
    outer loop
      vertex -81.75 83.799 50
      vertex -81.6183 83.7135 60
      vertex -81.75 83.799 60
    endloop
  endfacet
  facet normal -0.544518 -0.838749 -0
    outer loop
      vertex -81.6183 83.7135 60
      vertex -81.75 83.799 50
      vertex -81.6183 83.7135 50
    endloop
  endfacet
  facet normal 0.890962 -0.454078 0
    outer loop
      vertex -83.8703 83.1101 60
      vertex -83.799 83.25 50
      vertex -83.799 83.25 60
    endloop
  endfacet
  facet normal 0.890962 -0.454078 0
    outer loop
      vertex -83.799 83.25 50
      vertex -83.8703 83.1101 60
      vertex -83.8703 83.1101 50
    endloop
  endfacet
  facet normal 0.454078 -0.890962 0
    outer loop
      vertex -83.25 83.799 50
      vertex -83.1101 83.8703 60
      vertex -83.25 83.799 60
    endloop
  endfacet
  facet normal 0.454078 -0.890962 0
    outer loop
      vertex -83.1101 83.8703 60
      vertex -83.25 83.799 50
      vertex -83.1101 83.8703 50
    endloop
  endfacet
  facet normal 0.156649 -0.987654 0
    outer loop
      vertex -82.8119 83.9672 50
      vertex -82.6568 83.9918 60
      vertex -82.8119 83.9672 60
    endloop
  endfacet
  facet normal 0.156649 -0.987654 0
    outer loop
      vertex -82.6568 83.9918 60
      vertex -82.8119 83.9672 50
      vertex -82.6568 83.9918 50
    endloop
  endfacet
  facet normal -0.933526 0.35851 0
    outer loop
      vertex -81.1297 81.8899 50
      vertex -81.0734 82.0365 60
      vertex -81.0734 82.0365 50
    endloop
  endfacet
  facet normal -0.933526 0.35851 0
    outer loop
      vertex -81.0734 82.0365 60
      vertex -81.1297 81.8899 50
      vertex -81.1297 81.8899 60
    endloop
  endfacet
  facet normal 0.890962 0.454078 0
    outer loop
      vertex -83.799 81.75 60
      vertex -83.8703 81.8899 50
      vertex -83.8703 81.8899 60
    endloop
  endfacet
  facet normal 0.890962 0.454078 0
    outer loop
      vertex -83.8703 81.8899 50
      vertex -83.799 81.75 60
      vertex -83.799 81.75 50
    endloop
  endfacet
  facet normal -0.965959 -0.258694 0
    outer loop
      vertex -81.0328 82.8119 50
      vertex -81.0734 82.9635 60
      vertex -81.0734 82.9635 50
    endloop
  endfacet
  facet normal -0.965959 -0.258694 0
    outer loop
      vertex -81.0734 82.9635 60
      vertex -81.0328 82.8119 50
      vertex -81.0328 82.8119 60
    endloop
  endfacet
  facet normal -0.987654 -0.156649 0
    outer loop
      vertex -81.0082 82.6568 50
      vertex -81.0328 82.8119 60
      vertex -81.0328 82.8119 50
    endloop
  endfacet
  facet normal -0.987654 -0.156649 0
    outer loop
      vertex -81.0328 82.8119 60
      vertex -81.0082 82.6568 50
      vertex -81.0082 82.6568 60
    endloop
  endfacet
  facet normal -0.933526 -0.35851 0
    outer loop
      vertex -81.0734 82.9635 50
      vertex -81.1297 83.1101 60
      vertex -81.1297 83.1101 50
    endloop
  endfacet
  facet normal -0.933526 -0.35851 0
    outer loop
      vertex -81.1297 83.1101 60
      vertex -81.0734 82.9635 50
      vertex -81.0734 82.9635 60
    endloop
  endfacet
  facet normal -0.777126 -0.629345 0
    outer loop
      vertex -81.2865 83.3817 50
      vertex -81.3853 83.5037 60
      vertex -81.3853 83.5037 50
    endloop
  endfacet
  facet normal -0.777126 -0.629345 0
    outer loop
      vertex -81.3853 83.5037 60
      vertex -81.2865 83.3817 50
      vertex -81.2865 83.3817 60
    endloop
  endfacet
  facet normal -0.838749 -0.544518 0
    outer loop
      vertex -81.201 83.25 50
      vertex -81.2865 83.3817 60
      vertex -81.2865 83.3817 50
    endloop
  endfacet
  facet normal -0.838749 -0.544518 0
    outer loop
      vertex -81.2865 83.3817 60
      vertex -81.201 83.25 50
      vertex -81.201 83.25 60
    endloop
  endfacet
  facet normal -0.258694 -0.965959 0
    outer loop
      vertex -82.1881 83.9672 50
      vertex -82.0365 83.9266 60
      vertex -82.1881 83.9672 60
    endloop
  endfacet
  facet normal -0.258694 -0.965959 -0
    outer loop
      vertex -82.0365 83.9266 60
      vertex -82.1881 83.9672 50
      vertex -82.0365 83.9266 50
    endloop
  endfacet
  facet normal -0.35851 -0.933526 0
    outer loop
      vertex -82.0365 83.9266 50
      vertex -81.8899 83.8703 60
      vertex -82.0365 83.9266 60
    endloop
  endfacet
  facet normal -0.35851 -0.933526 -0
    outer loop
      vertex -81.8899 83.8703 60
      vertex -82.0365 83.9266 50
      vertex -81.8899 83.8703 50
    endloop
  endfacet
  facet normal -0.156649 -0.987654 0
    outer loop
      vertex -82.3432 83.9918 50
      vertex -82.1881 83.9672 60
      vertex -82.3432 83.9918 60
    endloop
  endfacet
  facet normal -0.156649 -0.987654 -0
    outer loop
      vertex -82.1881 83.9672 60
      vertex -82.3432 83.9918 50
      vertex -82.1881 83.9672 50
    endloop
  endfacet
  facet normal -0.629345 -0.777126 0
    outer loop
      vertex -81.6183 83.7135 50
      vertex -81.4963 83.6147 60
      vertex -81.6183 83.7135 60
    endloop
  endfacet
  facet normal -0.629345 -0.777126 -0
    outer loop
      vertex -81.4963 83.6147 60
      vertex -81.6183 83.7135 50
      vertex -81.4963 83.6147 50
    endloop
  endfacet
  facet normal 0.965959 -0.258694 0
    outer loop
      vertex -83.9672 82.8119 60
      vertex -83.9266 82.9635 50
      vertex -83.9266 82.9635 60
    endloop
  endfacet
  facet normal 0.965959 -0.258694 0
    outer loop
      vertex -83.9266 82.9635 50
      vertex -83.9672 82.8119 60
      vertex -83.9672 82.8119 50
    endloop
  endfacet
  facet normal 0.777126 -0.629345 0
    outer loop
      vertex -83.7135 83.3817 60
      vertex -83.6147 83.5037 50
      vertex -83.6147 83.5037 60
    endloop
  endfacet
  facet normal 0.777126 -0.629345 0
    outer loop
      vertex -83.6147 83.5037 50
      vertex -83.7135 83.3817 60
      vertex -83.7135 83.3817 50
    endloop
  endfacet
  facet normal 0.707107 -0.707107 0
    outer loop
      vertex -83.6147 83.5037 60
      vertex -83.5037 83.6147 50
      vertex -83.5037 83.6147 60
    endloop
  endfacet
  facet normal 0.707107 -0.707107 0
    outer loop
      vertex -83.5037 83.6147 50
      vertex -83.6147 83.5037 60
      vertex -83.6147 83.5037 50
    endloop
  endfacet
  facet normal 0.838749 -0.544518 0
    outer loop
      vertex -83.799 83.25 60
      vertex -83.7135 83.3817 50
      vertex -83.7135 83.3817 60
    endloop
  endfacet
  facet normal 0.838749 -0.544518 0
    outer loop
      vertex -83.7135 83.3817 50
      vertex -83.799 83.25 60
      vertex -83.799 83.25 50
    endloop
  endfacet
  facet normal 0.933526 -0.35851 0
    outer loop
      vertex -83.9266 82.9635 60
      vertex -83.8703 83.1101 50
      vertex -83.8703 83.1101 60
    endloop
  endfacet
  facet normal 0.933526 -0.35851 0
    outer loop
      vertex -83.8703 83.1101 50
      vertex -83.9266 82.9635 60
      vertex -83.9266 82.9635 50
    endloop
  endfacet
  facet normal 0.987654 -0.156649 0
    outer loop
      vertex -83.9918 82.6568 60
      vertex -83.9672 82.8119 50
      vertex -83.9672 82.8119 60
    endloop
  endfacet
  facet normal 0.987654 -0.156649 0
    outer loop
      vertex -83.9672 82.8119 50
      vertex -83.9918 82.6568 60
      vertex -83.9918 82.6568 50
    endloop
  endfacet
  facet normal 0.544518 -0.838749 0
    outer loop
      vertex -83.3817 83.7135 50
      vertex -83.25 83.799 60
      vertex -83.3817 83.7135 60
    endloop
  endfacet
  facet normal 0.544518 -0.838749 0
    outer loop
      vertex -83.25 83.799 60
      vertex -83.3817 83.7135 50
      vertex -83.25 83.799 50
    endloop
  endfacet
  facet normal 0.258694 -0.965959 0
    outer loop
      vertex -82.9635 83.9266 50
      vertex -82.8119 83.9672 60
      vertex -82.9635 83.9266 60
    endloop
  endfacet
  facet normal 0.258694 -0.965959 0
    outer loop
      vertex -82.8119 83.9672 60
      vertex -82.9635 83.9266 50
      vertex -82.8119 83.9672 50
    endloop
  endfacet
  facet normal 0.0522246 -0.998635 0
    outer loop
      vertex -82.6568 83.9918 50
      vertex -82.5 84 60
      vertex -82.6568 83.9918 60
    endloop
  endfacet
  facet normal 0.0522246 -0.998635 0
    outer loop
      vertex -82.5 84 60
      vertex -82.6568 83.9918 50
      vertex -82.5 84 50
    endloop
  endfacet
  facet normal -0.998635 0.0522246 0
    outer loop
      vertex -81.0082 82.3432 50
      vertex -81 82.5 60
      vertex -81 82.5 50
    endloop
  endfacet
  facet normal -0.998635 0.0522246 0
    outer loop
      vertex -81 82.5 60
      vertex -81.0082 82.3432 50
      vertex -81.0082 82.3432 60
    endloop
  endfacet
  facet normal -0.0522246 0.998635 0
    outer loop
      vertex -82.3432 81.0082 50
      vertex -82.5 81 60
      vertex -82.3432 81.0082 60
    endloop
  endfacet
  facet normal -0.0522246 0.998635 0
    outer loop
      vertex -82.5 81 60
      vertex -82.3432 81.0082 50
      vertex -82.5 81 50
    endloop
  endfacet
  facet normal -0.258694 0.965959 0
    outer loop
      vertex -82.0365 81.0734 50
      vertex -82.1881 81.0328 60
      vertex -82.0365 81.0734 60
    endloop
  endfacet
  facet normal -0.258694 0.965959 0
    outer loop
      vertex -82.1881 81.0328 60
      vertex -82.0365 81.0734 50
      vertex -82.1881 81.0328 50
    endloop
  endfacet
  facet normal -0.629345 0.777126 0
    outer loop
      vertex -81.4963 81.3853 50
      vertex -81.6183 81.2865 60
      vertex -81.4963 81.3853 60
    endloop
  endfacet
  facet normal -0.629345 0.777126 0
    outer loop
      vertex -81.6183 81.2865 60
      vertex -81.4963 81.3853 50
      vertex -81.6183 81.2865 50
    endloop
  endfacet
  facet normal -0.454078 0.890962 0
    outer loop
      vertex -81.75 81.201 50
      vertex -81.8899 81.1297 60
      vertex -81.75 81.201 60
    endloop
  endfacet
  facet normal -0.454078 0.890962 0
    outer loop
      vertex -81.8899 81.1297 60
      vertex -81.75 81.201 50
      vertex -81.8899 81.1297 50
    endloop
  endfacet
  facet normal -0.777126 0.629345 0
    outer loop
      vertex -81.3853 81.4963 50
      vertex -81.2865 81.6183 60
      vertex -81.2865 81.6183 50
    endloop
  endfacet
  facet normal -0.777126 0.629345 0
    outer loop
      vertex -81.2865 81.6183 60
      vertex -81.3853 81.4963 50
      vertex -81.3853 81.4963 60
    endloop
  endfacet
  facet normal -0.890962 0.454078 0
    outer loop
      vertex -81.201 81.75 50
      vertex -81.1297 81.8899 60
      vertex -81.1297 81.8899 50
    endloop
  endfacet
  facet normal -0.890962 0.454078 0
    outer loop
      vertex -81.1297 81.8899 60
      vertex -81.201 81.75 50
      vertex -81.201 81.75 60
    endloop
  endfacet
  facet normal 0.707107 0.707107 0
    outer loop
      vertex -83.5037 81.3853 60
      vertex -83.6147 81.4963 50
      vertex -83.6147 81.4963 60
    endloop
  endfacet
  facet normal 0.707107 0.707107 0
    outer loop
      vertex -83.6147 81.4963 50
      vertex -83.5037 81.3853 60
      vertex -83.5037 81.3853 50
    endloop
  endfacet
  facet normal 0.544518 0.838749 -0
    outer loop
      vertex -83.25 81.201 50
      vertex -83.3817 81.2865 60
      vertex -83.25 81.201 60
    endloop
  endfacet
  facet normal 0.544518 0.838749 0
    outer loop
      vertex -83.3817 81.2865 60
      vertex -83.25 81.201 50
      vertex -83.3817 81.2865 50
    endloop
  endfacet
  facet normal 0.35851 0.933526 -0
    outer loop
      vertex -82.9635 81.0734 50
      vertex -83.1101 81.1297 60
      vertex -82.9635 81.0734 60
    endloop
  endfacet
  facet normal 0.35851 0.933526 0
    outer loop
      vertex -83.1101 81.1297 60
      vertex -82.9635 81.0734 50
      vertex -83.1101 81.1297 50
    endloop
  endfacet
  facet normal 0.156649 0.987654 -0
    outer loop
      vertex -82.6568 81.0082 50
      vertex -82.8119 81.0328 60
      vertex -82.6568 81.0082 60
    endloop
  endfacet
  facet normal 0.156649 0.987654 0
    outer loop
      vertex -82.8119 81.0328 60
      vertex -82.6568 81.0082 50
      vertex -82.8119 81.0328 50
    endloop
  endfacet
  facet normal 0.838749 0.544518 0
    outer loop
      vertex -83.7135 81.6183 60
      vertex -83.799 81.75 50
      vertex -83.799 81.75 60
    endloop
  endfacet
  facet normal 0.838749 0.544518 0
    outer loop
      vertex -83.799 81.75 50
      vertex -83.7135 81.6183 60
      vertex -83.7135 81.6183 50
    endloop
  endfacet
  facet normal 0.965959 0.258694 0
    outer loop
      vertex -83.9266 82.0365 60
      vertex -83.9672 82.1881 50
      vertex -83.9672 82.1881 60
    endloop
  endfacet
  facet normal 0.965959 0.258694 0
    outer loop
      vertex -83.9672 82.1881 50
      vertex -83.9266 82.0365 60
      vertex -83.9266 82.0365 50
    endloop
  endfacet
  facet normal 0.998635 0.0522246 0
    outer loop
      vertex -83.9918 82.3432 60
      vertex -84 82.5 50
      vertex -84 82.5 60
    endloop
  endfacet
  facet normal 0.998635 0.0522246 0
    outer loop
      vertex -84 82.5 50
      vertex -83.9918 82.3432 60
      vertex -83.9918 82.3432 50
    endloop
  endfacet
  facet normal -0.156649 0.987654 0
    outer loop
      vertex -82.1881 81.0328 50
      vertex -82.3432 81.0082 60
      vertex -82.1881 81.0328 60
    endloop
  endfacet
  facet normal -0.156649 0.987654 0
    outer loop
      vertex -82.3432 81.0082 60
      vertex -82.1881 81.0328 50
      vertex -82.3432 81.0082 50
    endloop
  endfacet
  facet normal -0.35851 0.933526 0
    outer loop
      vertex -81.8899 81.1297 50
      vertex -82.0365 81.0734 60
      vertex -81.8899 81.1297 60
    endloop
  endfacet
  facet normal -0.35851 0.933526 0
    outer loop
      vertex -82.0365 81.0734 60
      vertex -81.8899 81.1297 50
      vertex -82.0365 81.0734 50
    endloop
  endfacet
  facet normal -0.707107 0.707107 0
    outer loop
      vertex -81.4963 81.3853 50
      vertex -81.3853 81.4963 60
      vertex -81.3853 81.4963 50
    endloop
  endfacet
  facet normal -0.707107 0.707107 0
    outer loop
      vertex -81.3853 81.4963 60
      vertex -81.4963 81.3853 50
      vertex -81.4963 81.3853 60
    endloop
  endfacet
  facet normal -0.544518 0.838749 0
    outer loop
      vertex -81.6183 81.2865 50
      vertex -81.75 81.201 60
      vertex -81.6183 81.2865 60
    endloop
  endfacet
  facet normal -0.544518 0.838749 0
    outer loop
      vertex -81.75 81.201 60
      vertex -81.6183 81.2865 50
      vertex -81.75 81.201 50
    endloop
  endfacet
  facet normal -0.838749 0.544518 0
    outer loop
      vertex -81.2865 81.6183 50
      vertex -81.201 81.75 60
      vertex -81.201 81.75 50
    endloop
  endfacet
  facet normal -0.838749 0.544518 0
    outer loop
      vertex -81.201 81.75 60
      vertex -81.2865 81.6183 50
      vertex -81.2865 81.6183 60
    endloop
  endfacet
  facet normal -0.987654 0.156649 0
    outer loop
      vertex -81.0328 82.1881 50
      vertex -81.0082 82.3432 60
      vertex -81.0082 82.3432 50
    endloop
  endfacet
  facet normal -0.987654 0.156649 0
    outer loop
      vertex -81.0082 82.3432 60
      vertex -81.0328 82.1881 50
      vertex -81.0328 82.1881 60
    endloop
  endfacet
  facet normal -0.965959 0.258694 0
    outer loop
      vertex -81.0734 82.0365 50
      vertex -81.0328 82.1881 60
      vertex -81.0328 82.1881 50
    endloop
  endfacet
  facet normal -0.965959 0.258694 0
    outer loop
      vertex -81.0328 82.1881 60
      vertex -81.0734 82.0365 50
      vertex -81.0734 82.0365 60
    endloop
  endfacet
  facet normal 0.629345 0.777126 -0
    outer loop
      vertex -83.3817 81.2865 50
      vertex -83.5037 81.3853 60
      vertex -83.3817 81.2865 60
    endloop
  endfacet
  facet normal 0.629345 0.777126 0
    outer loop
      vertex -83.5037 81.3853 60
      vertex -83.3817 81.2865 50
      vertex -83.5037 81.3853 50
    endloop
  endfacet
  facet normal 0.454078 0.890962 -0
    outer loop
      vertex -83.1101 81.1297 50
      vertex -83.25 81.201 60
      vertex -83.1101 81.1297 60
    endloop
  endfacet
  facet normal 0.454078 0.890962 0
    outer loop
      vertex -83.25 81.201 60
      vertex -83.1101 81.1297 50
      vertex -83.25 81.201 50
    endloop
  endfacet
  facet normal 0.258694 0.965959 -0
    outer loop
      vertex -82.8119 81.0328 50
      vertex -82.9635 81.0734 60
      vertex -82.8119 81.0328 60
    endloop
  endfacet
  facet normal 0.258694 0.965959 0
    outer loop
      vertex -82.9635 81.0734 60
      vertex -82.8119 81.0328 50
      vertex -82.9635 81.0734 50
    endloop
  endfacet
  facet normal 0.987654 0.156649 0
    outer loop
      vertex -83.9672 82.1881 60
      vertex -83.9918 82.3432 50
      vertex -83.9918 82.3432 60
    endloop
  endfacet
  facet normal 0.987654 0.156649 0
    outer loop
      vertex -83.9918 82.3432 50
      vertex -83.9672 82.1881 60
      vertex -83.9672 82.1881 50
    endloop
  endfacet
  facet normal -0.258733 0.965949 0
    outer loop
      vertex 81.4604 87.3907 50
      vertex 80.9549 87.2553 60
      vertex 81.4604 87.3907 60
    endloop
  endfacet
  facet normal -0.258733 0.965949 0
    outer loop
      vertex 80.9549 87.2553 60
      vertex 81.4604 87.3907 50
      vertex 80.9549 87.2553 50
    endloop
  endfacet
  facet normal -0.891 0.454003 0
    outer loop
      vertex 77.9323 84.5337 50
      vertex 78.1699 85 60
      vertex 78.1699 85 50
    endloop
  endfacet
  facet normal -0.891 0.454003 0
    outer loop
      vertex 78.1699 85 60
      vertex 77.9323 84.5337 50
      vertex 77.9323 84.5337 60
    endloop
  endfacet
  facet normal 0.358441 0.933552 -0
    outer loop
      vertex 84.5337 87.0677 50
      vertex 84.0451 87.2553 60
      vertex 84.5337 87.0677 60
    endloop
  endfacet
  facet normal 0.358441 0.933552 0
    outer loop
      vertex 84.0451 87.2553 60
      vertex 84.5337 87.0677 50
      vertex 84.0451 87.2553 50
    endloop
  endfacet
  facet normal -0.987684 0.156463 0
    outer loop
      vertex 77.5274 83.0226 50
      vertex 77.6093 83.5396 60
      vertex 77.6093 83.5396 50
    endloop
  endfacet
  facet normal -0.987684 0.156463 0
    outer loop
      vertex 77.6093 83.5396 60
      vertex 77.5274 83.0226 50
      vertex 77.5274 83.0226 60
    endloop
  endfacet
  facet normal -0.707107 0.707107 0
    outer loop
      vertex 78.7843 85.8456 50
      vertex 79.1544 86.2157 60
      vertex 79.1544 86.2157 50
    endloop
  endfacet
  facet normal -0.707107 0.707107 0
    outer loop
      vertex 79.1544 86.2157 60
      vertex 78.7843 85.8456 50
      vertex 78.7843 85.8456 60
    endloop
  endfacet
  facet normal -0.156463 0.987684 0
    outer loop
      vertex 81.9774 87.4726 50
      vertex 81.4604 87.3907 60
      vertex 81.9774 87.4726 60
    endloop
  endfacet
  facet normal -0.156463 0.987684 0
    outer loop
      vertex 81.4604 87.3907 60
      vertex 81.9774 87.4726 50
      vertex 81.4604 87.3907 50
    endloop
  endfacet
  facet normal -0.156463 -0.987684 0
    outer loop
      vertex 81.4604 77.6093 50
      vertex 81.9774 77.5274 60
      vertex 81.4604 77.6093 60
    endloop
  endfacet
  facet normal -0.156463 -0.987684 -0
    outer loop
      vertex 81.9774 77.5274 60
      vertex 81.4604 77.6093 50
      vertex 81.9774 77.5274 50
    endloop
  endfacet
  facet normal -0.707107 -0.707107 0
    outer loop
      vertex 79.1544 78.7843 50
      vertex 78.7843 79.1544 60
      vertex 78.7843 79.1544 50
    endloop
  endfacet
  facet normal -0.707107 -0.707107 0
    outer loop
      vertex 78.7843 79.1544 60
      vertex 79.1544 78.7843 50
      vertex 79.1544 78.7843 60
    endloop
  endfacet
  facet normal -0.987684 -0.156463 0
    outer loop
      vertex 77.6093 81.4604 50
      vertex 77.5274 81.9774 60
      vertex 77.5274 81.9774 50
    endloop
  endfacet
  facet normal -0.987684 -0.156463 0
    outer loop
      vertex 77.5274 81.9774 60
      vertex 77.6093 81.4604 50
      vertex 77.6093 81.4604 60
    endloop
  endfacet
  facet normal -0.777089 -0.629391 0
    outer loop
      vertex 78.7843 79.1544 50
      vertex 78.4549 79.5611 60
      vertex 78.4549 79.5611 50
    endloop
  endfacet
  facet normal -0.777089 -0.629391 0
    outer loop
      vertex 78.4549 79.5611 60
      vertex 78.7843 79.1544 50
      vertex 78.7843 79.1544 60
    endloop
  endfacet
  facet normal 0.0523582 0.998628 -0
    outer loop
      vertex 83.0226 87.4726 50
      vertex 82.5 87.5 60
      vertex 83.0226 87.4726 60
    endloop
  endfacet
  facet normal 0.0523582 0.998628 0
    outer loop
      vertex 82.5 87.5 60
      vertex 83.0226 87.4726 50
      vertex 82.5 87.5 50
    endloop
  endfacet
  facet normal 0.454003 0.891 -0
    outer loop
      vertex 85 86.8301 50
      vertex 84.5337 87.0677 60
      vertex 85 86.8301 60
    endloop
  endfacet
  facet normal 0.454003 0.891 0
    outer loop
      vertex 84.5337 87.0677 60
      vertex 85 86.8301 50
      vertex 84.5337 87.0677 50
    endloop
  endfacet
  facet normal 0.258733 0.965949 -0
    outer loop
      vertex 84.0451 87.2553 50
      vertex 83.5396 87.3907 60
      vertex 84.0451 87.2553 60
    endloop
  endfacet
  facet normal 0.258733 0.965949 0
    outer loop
      vertex 83.5396 87.3907 60
      vertex 84.0451 87.2553 50
      vertex 83.5396 87.3907 50
    endloop
  endfacet
  facet normal -0.998628 0.0523582 0
    outer loop
      vertex 77.5 82.5 50
      vertex 77.5274 83.0226 60
      vertex 77.5274 83.0226 50
    endloop
  endfacet
  facet normal -0.998628 0.0523582 0
    outer loop
      vertex 77.5274 83.0226 60
      vertex 77.5 82.5 50
      vertex 77.5 82.5 60
    endloop
  endfacet
  facet normal -0.933552 0.358441 0
    outer loop
      vertex 77.7447 84.0451 50
      vertex 77.9323 84.5337 60
      vertex 77.9323 84.5337 50
    endloop
  endfacet
  facet normal -0.933552 0.358441 0
    outer loop
      vertex 77.9323 84.5337 60
      vertex 77.7447 84.0451 50
      vertex 77.7447 84.0451 60
    endloop
  endfacet
  facet normal -0.965949 0.258733 0
    outer loop
      vertex 77.6093 83.5396 50
      vertex 77.7447 84.0451 60
      vertex 77.7447 84.0451 50
    endloop
  endfacet
  facet normal -0.965949 0.258733 0
    outer loop
      vertex 77.7447 84.0451 60
      vertex 77.6093 83.5396 50
      vertex 77.6093 83.5396 60
    endloop
  endfacet
  facet normal -0.838692 0.544605 0
    outer loop
      vertex 78.1699 85 50
      vertex 78.4549 85.4389 60
      vertex 78.4549 85.4389 50
    endloop
  endfacet
  facet normal -0.838692 0.544605 0
    outer loop
      vertex 78.4549 85.4389 60
      vertex 78.1699 85 50
      vertex 78.1699 85 60
    endloop
  endfacet
  facet normal -0.777089 0.629391 0
    outer loop
      vertex 78.4549 85.4389 50
      vertex 78.7843 85.8456 60
      vertex 78.7843 85.8456 50
    endloop
  endfacet
  facet normal -0.777089 0.629391 0
    outer loop
      vertex 78.7843 85.8456 60
      vertex 78.4549 85.4389 50
      vertex 78.4549 85.4389 60
    endloop
  endfacet
  facet normal -0.0523582 0.998628 0
    outer loop
      vertex 82.5 87.5 50
      vertex 81.9774 87.4726 60
      vertex 82.5 87.5 60
    endloop
  endfacet
  facet normal -0.0523582 0.998628 0
    outer loop
      vertex 81.9774 87.4726 60
      vertex 82.5 87.5 50
      vertex 81.9774 87.4726 50
    endloop
  endfacet
  facet normal -0.454003 0.891 0
    outer loop
      vertex 80.4663 87.0677 50
      vertex 80 86.8301 60
      vertex 80.4663 87.0677 60
    endloop
  endfacet
  facet normal -0.454003 0.891 0
    outer loop
      vertex 80 86.8301 60
      vertex 80.4663 87.0677 50
      vertex 80 86.8301 50
    endloop
  endfacet
  facet normal -0.544605 0.838692 0
    outer loop
      vertex 80 86.8301 50
      vertex 79.5611 86.5451 60
      vertex 80 86.8301 60
    endloop
  endfacet
  facet normal -0.544605 0.838692 0
    outer loop
      vertex 79.5611 86.5451 60
      vertex 80 86.8301 50
      vertex 79.5611 86.5451 50
    endloop
  endfacet
  facet normal -0.358441 0.933552 0
    outer loop
      vertex 80.9549 87.2553 50
      vertex 80.4663 87.0677 60
      vertex 80.9549 87.2553 60
    endloop
  endfacet
  facet normal -0.358441 0.933552 0
    outer loop
      vertex 80.4663 87.0677 60
      vertex 80.9549 87.2553 50
      vertex 80.4663 87.0677 50
    endloop
  endfacet
  facet normal -0.629391 0.777089 0
    outer loop
      vertex 79.5611 86.5451 50
      vertex 79.1544 86.2157 60
      vertex 79.5611 86.5451 60
    endloop
  endfacet
  facet normal -0.629391 0.777089 0
    outer loop
      vertex 79.1544 86.2157 60
      vertex 79.5611 86.5451 50
      vertex 79.1544 86.2157 50
    endloop
  endfacet
  facet normal 0.0523582 -0.998628 0
    outer loop
      vertex 82.5 77.5 50
      vertex 83.0226 77.5274 60
      vertex 82.5 77.5 60
    endloop
  endfacet
  facet normal 0.0523582 -0.998628 0
    outer loop
      vertex 83.0226 77.5274 60
      vertex 82.5 77.5 50
      vertex 83.0226 77.5274 50
    endloop
  endfacet
  facet normal 0.156463 -0.987684 0
    outer loop
      vertex 83.0226 77.5274 50
      vertex 83.5396 77.6093 60
      vertex 83.0226 77.5274 60
    endloop
  endfacet
  facet normal 0.156463 -0.987684 0
    outer loop
      vertex 83.5396 77.6093 60
      vertex 83.0226 77.5274 50
      vertex 83.5396 77.6093 50
    endloop
  endfacet
  facet normal 0.258733 -0.965949 0
    outer loop
      vertex 83.5396 77.6093 50
      vertex 84.0451 77.7447 60
      vertex 83.5396 77.6093 60
    endloop
  endfacet
  facet normal 0.258733 -0.965949 0
    outer loop
      vertex 84.0451 77.7447 60
      vertex 83.5396 77.6093 50
      vertex 84.0451 77.7447 50
    endloop
  endfacet
  facet normal 0.454003 -0.891 0
    outer loop
      vertex 84.5337 77.9323 50
      vertex 85 78.1699 60
      vertex 84.5337 77.9323 60
    endloop
  endfacet
  facet normal 0.454003 -0.891 0
    outer loop
      vertex 85 78.1699 60
      vertex 84.5337 77.9323 50
      vertex 85 78.1699 50
    endloop
  endfacet
  facet normal -0.0523582 -0.998628 0
    outer loop
      vertex 81.9774 77.5274 50
      vertex 82.5 77.5 60
      vertex 81.9774 77.5274 60
    endloop
  endfacet
  facet normal -0.0523582 -0.998628 -0
    outer loop
      vertex 82.5 77.5 60
      vertex 81.9774 77.5274 50
      vertex 82.5 77.5 50
    endloop
  endfacet
  facet normal -0.358441 -0.933552 0
    outer loop
      vertex 80.4663 77.9323 50
      vertex 80.9549 77.7447 60
      vertex 80.4663 77.9323 60
    endloop
  endfacet
  facet normal -0.358441 -0.933552 -0
    outer loop
      vertex 80.9549 77.7447 60
      vertex 80.4663 77.9323 50
      vertex 80.9549 77.7447 50
    endloop
  endfacet
  facet normal -0.544605 -0.838692 0
    outer loop
      vertex 79.5611 78.4549 50
      vertex 80 78.1699 60
      vertex 79.5611 78.4549 60
    endloop
  endfacet
  facet normal -0.544605 -0.838692 -0
    outer loop
      vertex 80 78.1699 60
      vertex 79.5611 78.4549 50
      vertex 80 78.1699 50
    endloop
  endfacet
  facet normal -0.965949 -0.258733 0
    outer loop
      vertex 77.7447 80.9549 50
      vertex 77.6093 81.4604 60
      vertex 77.6093 81.4604 50
    endloop
  endfacet
  facet normal -0.965949 -0.258733 0
    outer loop
      vertex 77.6093 81.4604 60
      vertex 77.7447 80.9549 50
      vertex 77.7447 80.9549 60
    endloop
  endfacet
  facet normal -0.998628 -0.0523582 0
    outer loop
      vertex 77.5274 81.9774 50
      vertex 77.5 82.5 60
      vertex 77.5 82.5 50
    endloop
  endfacet
  facet normal -0.998628 -0.0523582 0
    outer loop
      vertex 77.5 82.5 60
      vertex 77.5274 81.9774 50
      vertex 77.5274 81.9774 60
    endloop
  endfacet
  facet normal 0 0 -1
    outer loop
      vertex 83.25 81.201 50
      vertex 85 78.1699 50
      vertex 84.5337 77.9323 50
    endloop
  endfacet
  facet normal 0 0 -1
    outer loop
      vertex 85 78.1699 50
      vertex 84 82.5 50
      vertex 85 86.8301 50
    endloop
  endfacet
  facet normal 0 0 -1
    outer loop
      vertex 83.1101 81.1297 50
      vertex 84.5337 77.9323 50
      vertex 84.0451 77.7447 50
    endloop
  endfacet
  facet normal 0 0 -1
    outer loop
      vertex 83.9918 82.6568 50
      vertex 85 86.8301 50
      vertex 84 82.5 50
    endloop
  endfacet
  facet normal 0 0 -1
    outer loop
      vertex 83.9672 82.8119 50
      vertex 85 86.8301 50
      vertex 83.9918 82.6568 50
    endloop
  endfacet
  facet normal 0 0 -1
    outer loop
      vertex 85 78.1699 50
      vertex 83.9918 82.3432 50
      vertex 84 82.5 50
    endloop
  endfacet
  facet normal 0 0 -1
    outer loop
      vertex 85 78.1699 50
      vertex 83.9672 82.1881 50
      vertex 83.9918 82.3432 50
    endloop
  endfacet
  facet normal 0 0 -1
    outer loop
      vertex 85 78.1699 50
      vertex 83.9266 82.0365 50
      vertex 83.9672 82.1881 50
    endloop
  endfacet
  facet normal 0 0 -1
    outer loop
      vertex 85 78.1699 50
      vertex 83.8703 81.8899 50
      vertex 83.9266 82.0365 50
    endloop
  endfacet
  facet normal 0 0 -1
    outer loop
      vertex 85 78.1699 50
      vertex 83.799 81.75 50
      vertex 83.8703 81.8899 50
    endloop
  endfacet
  facet normal 0 0 -1
    outer loop
      vertex 85 78.1699 50
      vertex 83.7135 81.6183 50
      vertex 83.799 81.75 50
    endloop
  endfacet
  facet normal 0 0 -1
    outer loop
      vertex 85 78.1699 50
      vertex 83.6147 81.4963 50
      vertex 83.7135 81.6183 50
    endloop
  endfacet
  facet normal 0 0 -1
    outer loop
      vertex 82.9635 81.0734 50
      vertex 84.0451 77.7447 50
      vertex 83.5396 77.6093 50
    endloop
  endfacet
  facet normal 0 0 -1
    outer loop
      vertex 85 78.1699 50
      vertex 83.5037 81.3853 50
      vertex 83.6147 81.4963 50
    endloop
  endfacet
  facet normal 0 0 -1
    outer loop
      vertex 85 78.1699 50
      vertex 83.3817 81.2865 50
      vertex 83.5037 81.3853 50
    endloop
  endfacet
  facet normal 0 0 -1
    outer loop
      vertex 85 78.1699 50
      vertex 83.25 81.201 50
      vertex 83.3817 81.2865 50
    endloop
  endfacet
  facet normal 0 0 -1
    outer loop
      vertex 84.5337 77.9323 50
      vertex 83.1101 81.1297 50
      vertex 83.25 81.201 50
    endloop
  endfacet
  facet normal 0 0 -1
    outer loop
      vertex 82.8119 81.0328 50
      vertex 83.5396 77.6093 50
      vertex 83.0226 77.5274 50
    endloop
  endfacet
  facet normal 0 0 -1
    outer loop
      vertex 84.0451 77.7447 50
      vertex 82.9635 81.0734 50
      vertex 83.1101 81.1297 50
    endloop
  endfacet
  facet normal 0 0 -1
    outer loop
      vertex 83.5396 77.6093 50
      vertex 82.8119 81.0328 50
      vertex 82.9635 81.0734 50
    endloop
  endfacet
  facet normal 0 0 -1
    outer loop
      vertex 83.0226 77.5274 50
      vertex 82.6568 81.0082 50
      vertex 82.8119 81.0328 50
    endloop
  endfacet
  facet normal 0 0 -1
    outer loop
      vertex 82.5 77.5 50
      vertex 82.6568 81.0082 50
      vertex 83.0226 77.5274 50
    endloop
  endfacet
  facet normal 0 0 -1
    outer loop
      vertex 82.5 77.5 50
      vertex 82.5 81 50
      vertex 82.6568 81.0082 50
    endloop
  endfacet
  facet normal 0 0 -1
    outer loop
      vertex 82.5 77.5 50
      vertex 82.3432 81.0082 50
      vertex 82.5 81 50
    endloop
  endfacet
  facet normal 0 0 -1
    outer loop
      vertex 81.9774 77.5274 50
      vertex 82.3432 81.0082 50
      vertex 82.5 77.5 50
    endloop
  endfacet
  facet normal -0 0 -1
    outer loop
      vertex 82.3432 81.0082 50
      vertex 81.9774 77.5274 50
      vertex 82.1881 81.0328 50
    endloop
  endfacet
  facet normal 0 0 -1
    outer loop
      vertex 81.4604 77.6093 50
      vertex 82.1881 81.0328 50
      vertex 81.9774 77.5274 50
    endloop
  endfacet
  facet normal -0 0 -1
    outer loop
      vertex 82.1881 81.0328 50
      vertex 81.4604 77.6093 50
      vertex 82.0365 81.0734 50
    endloop
  endfacet
  facet normal 0 0 -1
    outer loop
      vertex 80.9549 77.7447 50
      vertex 82.0365 81.0734 50
      vertex 81.4604 77.6093 50
    endloop
  endfacet
  facet normal -0 0 -1
    outer loop
      vertex 82.0365 81.0734 50
      vertex 80.9549 77.7447 50
      vertex 81.8899 81.1297 50
    endloop
  endfacet
  facet normal 0 0 -1
    outer loop
      vertex 80.4663 77.9323 50
      vertex 81.8899 81.1297 50
      vertex 80.9549 77.7447 50
    endloop
  endfacet
  facet normal -0 0 -1
    outer loop
      vertex 81.8899 81.1297 50
      vertex 80.4663 77.9323 50
      vertex 81.75 81.201 50
    endloop
  endfacet
  facet normal 0 0 -1
    outer loop
      vertex 80 78.1699 50
      vertex 81.75 81.201 50
      vertex 80.4663 77.9323 50
    endloop
  endfacet
  facet normal -0 0 -1
    outer loop
      vertex 81.75 81.201 50
      vertex 80 78.1699 50
      vertex 81.6183 81.2865 50
    endloop
  endfacet
  facet normal 0 0 -1
    outer loop
      vertex 79.5611 78.4549 50
      vertex 81.6183 81.2865 50
      vertex 80 78.1699 50
    endloop
  endfacet
  facet normal -0 0 -1
    outer loop
      vertex 81.6183 81.2865 50
      vertex 79.5611 78.4549 50
      vertex 81.4963 81.3853 50
    endloop
  endfacet
  facet normal 0 0 -1
    outer loop
      vertex 79.1544 78.7843 50
      vertex 81.4963 81.3853 50
      vertex 79.5611 78.4549 50
    endloop
  endfacet
  facet normal -0 0 -1
    outer loop
      vertex 81.4963 81.3853 50
      vertex 79.1544 78.7843 50
      vertex 81.3853 81.4963 50
    endloop
  endfacet
  facet normal 0 0 -1
    outer loop
      vertex 78.7843 79.1544 50
      vertex 81.3853 81.4963 50
      vertex 79.1544 78.7843 50
    endloop
  endfacet
  facet normal 0 0 -1
    outer loop
      vertex 78.4549 79.5611 50
      vertex 81.2865 81.6183 50
      vertex 78.7843 79.1544 50
    endloop
  endfacet
  facet normal -0 0 -1
    outer loop
      vertex 81.3853 81.4963 50
      vertex 78.7843 79.1544 50
      vertex 81.2865 81.6183 50
    endloop
  endfacet
  facet normal 0 0 -1
    outer loop
      vertex 83.9266 82.9635 50
      vertex 85 86.8301 50
      vertex 83.9672 82.8119 50
    endloop
  endfacet
  facet normal 0 0 -1
    outer loop
      vertex 83.8703 83.1101 50
      vertex 85 86.8301 50
      vertex 83.9266 82.9635 50
    endloop
  endfacet
  facet normal 0 0 -1
    outer loop
      vertex 83.799 83.25 50
      vertex 85 86.8301 50
      vertex 83.8703 83.1101 50
    endloop
  endfacet
  facet normal 0 0 -1
    outer loop
      vertex 83.7135 83.3817 50
      vertex 85 86.8301 50
      vertex 83.799 83.25 50
    endloop
  endfacet
  facet normal 0 0 -1
    outer loop
      vertex 83.6147 83.5037 50
      vertex 85 86.8301 50
      vertex 83.7135 83.3817 50
    endloop
  endfacet
  facet normal 0 0 -1
    outer loop
      vertex 83.5037 83.6147 50
      vertex 85 86.8301 50
      vertex 83.6147 83.5037 50
    endloop
  endfacet
  facet normal 0 0 -1
    outer loop
      vertex 83.3817 83.7135 50
      vertex 85 86.8301 50
      vertex 83.5037 83.6147 50
    endloop
  endfacet
  facet normal 0 0 -1
    outer loop
      vertex 83.25 83.799 50
      vertex 85 86.8301 50
      vertex 83.3817 83.7135 50
    endloop
  endfacet
  facet normal -0 0 -1
    outer loop
      vertex 85 86.8301 50
      vertex 83.25 83.799 50
      vertex 84.5337 87.0677 50
    endloop
  endfacet
  facet normal 0 0 -1
    outer loop
      vertex 83.1101 83.8703 50
      vertex 84.5337 87.0677 50
      vertex 83.25 83.799 50
    endloop
  endfacet
  facet normal -0 0 -1
    outer loop
      vertex 84.5337 87.0677 50
      vertex 83.1101 83.8703 50
      vertex 84.0451 87.2553 50
    endloop
  endfacet
  facet normal 0 0 -1
    outer loop
      vertex 82.9635 83.9266 50
      vertex 84.0451 87.2553 50
      vertex 83.1101 83.8703 50
    endloop
  endfacet
  facet normal -0 0 -1
    outer loop
      vertex 84.0451 87.2553 50
      vertex 82.9635 83.9266 50
      vertex 83.5396 87.3907 50
    endloop
  endfacet
  facet normal 0 0 -1
    outer loop
      vertex 82.8119 83.9672 50
      vertex 83.5396 87.3907 50
      vertex 82.9635 83.9266 50
    endloop
  endfacet
  facet normal -0 0 -1
    outer loop
      vertex 83.5396 87.3907 50
      vertex 82.8119 83.9672 50
      vertex 83.0226 87.4726 50
    endloop
  endfacet
  facet normal 0 0 -1
    outer loop
      vertex 82.6568 83.9918 50
      vertex 83.0226 87.4726 50
      vertex 82.8119 83.9672 50
    endloop
  endfacet
  facet normal 0 0 -1
    outer loop
      vertex 82.5 84 50
      vertex 83.0226 87.4726 50
      vertex 82.6568 83.9918 50
    endloop
  endfacet
  facet normal 0 0 -1
    outer loop
      vertex 82.5 84 50
      vertex 82.5 87.5 50
      vertex 83.0226 87.4726 50
    endloop
  endfacet
  facet normal 0 0 -1
    outer loop
      vertex 82.3432 83.9918 50
      vertex 82.5 87.5 50
      vertex 82.5 84 50
    endloop
  endfacet
  facet normal 0 0 -1
    outer loop
      vertex 81.9774 87.4726 50
      vertex 82.3432 83.9918 50
      vertex 82.1881 83.9672 50
    endloop
  endfacet
  facet normal 0 0 -1
    outer loop
      vertex 81.4604 87.3907 50
      vertex 82.1881 83.9672 50
      vertex 82.0365 83.9266 50
    endloop
  endfacet
  facet normal 0 0 -1
    outer loop
      vertex 82.3432 83.9918 50
      vertex 81.9774 87.4726 50
      vertex 82.5 87.5 50
    endloop
  endfacet
  facet normal 0 0 -1
    outer loop
      vertex 80.9549 87.2553 50
      vertex 82.0365 83.9266 50
      vertex 81.8899 83.8703 50
    endloop
  endfacet
  facet normal 0 0 -1
    outer loop
      vertex 80.4663 87.0677 50
      vertex 81.8899 83.8703 50
      vertex 81.75 83.799 50
    endloop
  endfacet
  facet normal 0 0 -1
    outer loop
      vertex 80 86.8301 50
      vertex 81.75 83.799 50
      vertex 81.6183 83.7135 50
    endloop
  endfacet
  facet normal 0 0 -1
    outer loop
      vertex 79.5611 86.5451 50
      vertex 81.6183 83.7135 50
      vertex 81.4963 83.6147 50
    endloop
  endfacet
  facet normal 0 0 -1
    outer loop
      vertex 82.1881 83.9672 50
      vertex 81.4604 87.3907 50
      vertex 81.9774 87.4726 50
    endloop
  endfacet
  facet normal 0 0 -1
    outer loop
      vertex 79.1544 86.2157 50
      vertex 81.4963 83.6147 50
      vertex 81.3853 83.5037 50
    endloop
  endfacet
  facet normal 0 0 -1
    outer loop
      vertex 78.7843 85.8456 50
      vertex 81.3853 83.5037 50
      vertex 81.2865 83.3817 50
    endloop
  endfacet
  facet normal 0 0 -1
    outer loop
      vertex 78.4549 85.4389 50
      vertex 81.2865 83.3817 50
      vertex 81.201 83.25 50
    endloop
  endfacet
  facet normal 0 0 -1
    outer loop
      vertex 78.1699 85 50
      vertex 81.201 83.25 50
      vertex 81.1297 83.1101 50
    endloop
  endfacet
  facet normal 0 0 -1
    outer loop
      vertex 77.9323 84.5337 50
      vertex 81.1297 83.1101 50
      vertex 81.0734 82.9635 50
    endloop
  endfacet
  facet normal 0 0 -1
    outer loop
      vertex 77.7447 84.0451 50
      vertex 81.0734 82.9635 50
      vertex 81.0328 82.8119 50
    endloop
  endfacet
  facet normal 0 0 -1
    outer loop
      vertex 77.6093 83.5396 50
      vertex 81.0328 82.8119 50
      vertex 81.0082 82.6568 50
    endloop
  endfacet
  facet normal 0 0 -1
    outer loop
      vertex 82.0365 83.9266 50
      vertex 80.9549 87.2553 50
      vertex 81.4604 87.3907 50
    endloop
  endfacet
  facet normal 0 0 -1
    outer loop
      vertex 77.5274 83.0226 50
      vertex 81.0082 82.6568 50
      vertex 81 82.5 50
    endloop
  endfacet
  facet normal -0 0 -1
    outer loop
      vertex 81.2865 81.6183 50
      vertex 78.4549 79.5611 50
      vertex 81.201 81.75 50
    endloop
  endfacet
  facet normal 0 0 -1
    outer loop
      vertex 78.1699 80 50
      vertex 81.201 81.75 50
      vertex 78.4549 79.5611 50
    endloop
  endfacet
  facet normal 0 0 -1
    outer loop
      vertex 81.8899 83.8703 50
      vertex 80.4663 87.0677 50
      vertex 80.9549 87.2553 50
    endloop
  endfacet
  facet normal -0 0 -1
    outer loop
      vertex 81.201 81.75 50
      vertex 78.1699 80 50
      vertex 81.1297 81.8899 50
    endloop
  endfacet
  facet normal 0 0 -1
    outer loop
      vertex 81.75 83.799 50
      vertex 80 86.8301 50
      vertex 80.4663 87.0677 50
    endloop
  endfacet
  facet normal 0 0 -1
    outer loop
      vertex 77.9323 80.4663 50
      vertex 81.1297 81.8899 50
      vertex 78.1699 80 50
    endloop
  endfacet
  facet normal 0 0 -1
    outer loop
      vertex 81.6183 83.7135 50
      vertex 79.5611 86.5451 50
      vertex 80 86.8301 50
    endloop
  endfacet
  facet normal -0 0 -1
    outer loop
      vertex 81.1297 81.8899 50
      vertex 77.9323 80.4663 50
      vertex 81.0734 82.0365 50
    endloop
  endfacet
  facet normal 0 0 -1
    outer loop
      vertex 81.4963 83.6147 50
      vertex 79.1544 86.2157 50
      vertex 79.5611 86.5451 50
    endloop
  endfacet
  facet normal 0 0 -1
    outer loop
      vertex 77.7447 80.9549 50
      vertex 81.0734 82.0365 50
      vertex 77.9323 80.4663 50
    endloop
  endfacet
  facet normal 0 0 -1
    outer loop
      vertex 81.3853 83.5037 50
      vertex 78.7843 85.8456 50
      vertex 79.1544 86.2157 50
    endloop
  endfacet
  facet normal -0 0 -1
    outer loop
      vertex 81.0734 82.0365 50
      vertex 77.7447 80.9549 50
      vertex 81.0328 82.1881 50
    endloop
  endfacet
  facet normal 0 0 -1
    outer loop
      vertex 81.2865 83.3817 50
      vertex 78.4549 85.4389 50
      vertex 78.7843 85.8456 50
    endloop
  endfacet
  facet normal 0 0 -1
    outer loop
      vertex 77.6093 81.4604 50
      vertex 81.0328 82.1881 50
      vertex 77.7447 80.9549 50
    endloop
  endfacet
  facet normal 0 0 -1
    outer loop
      vertex 81.201 83.25 50
      vertex 78.1699 85 50
      vertex 78.4549 85.4389 50
    endloop
  endfacet
  facet normal -0 0 -1
    outer loop
      vertex 81.0328 82.1881 50
      vertex 77.6093 81.4604 50
      vertex 81.0082 82.3432 50
    endloop
  endfacet
  facet normal 0 0 -1
    outer loop
      vertex 81.1297 83.1101 50
      vertex 77.9323 84.5337 50
      vertex 78.1699 85 50
    endloop
  endfacet
  facet normal 0 0 -1
    outer loop
      vertex 77.5274 81.9774 50
      vertex 81.0082 82.3432 50
      vertex 77.6093 81.4604 50
    endloop
  endfacet
  facet normal 0 0 -1
    outer loop
      vertex 81.0734 82.9635 50
      vertex 77.7447 84.0451 50
      vertex 77.9323 84.5337 50
    endloop
  endfacet
  facet normal -0 0 -1
    outer loop
      vertex 81.0082 82.3432 50
      vertex 77.5274 81.9774 50
      vertex 81 82.5 50
    endloop
  endfacet
  facet normal 0 0 -1
    outer loop
      vertex 81.0328 82.8119 50
      vertex 77.6093 83.5396 50
      vertex 77.7447 84.0451 50
    endloop
  endfacet
  facet normal 0 0 -1
    outer loop
      vertex 77.5 82.5 50
      vertex 81 82.5 50
      vertex 77.5274 81.9774 50
    endloop
  endfacet
  facet normal 0 0 -1
    outer loop
      vertex 81.0082 82.6568 50
      vertex 77.5274 83.0226 50
      vertex 77.6093 83.5396 50
    endloop
  endfacet
  facet normal 0 0 -1
    outer loop
      vertex 81 82.5 50
      vertex 77.5 82.5 50
      vertex 77.5274 83.0226 50
    endloop
  endfacet
  facet normal -0.838692 -0.544605 0
    outer loop
      vertex 78.4549 79.5611 50
      vertex 78.1699 80 60
      vertex 78.1699 80 50
    endloop
  endfacet
  facet normal -0.838692 -0.544605 0
    outer loop
      vertex 78.1699 80 60
      vertex 78.4549 79.5611 50
      vertex 78.4549 79.5611 60
    endloop
  endfacet
  facet normal -0.891 -0.454003 0
    outer loop
      vertex 78.1699 80 50
      vertex 77.9323 80.4663 60
      vertex 77.9323 80.4663 50
    endloop
  endfacet
  facet normal -0.891 -0.454003 0
    outer loop
      vertex 77.9323 80.4663 60
      vertex 78.1699 80 50
      vertex 78.1699 80 60
    endloop
  endfacet
  facet normal -0.933552 -0.358441 0
    outer loop
      vertex 77.9323 80.4663 50
      vertex 77.7447 80.9549 60
      vertex 77.7447 80.9549 50
    endloop
  endfacet
  facet normal -0.933552 -0.358441 0
    outer loop
      vertex 77.7447 80.9549 60
      vertex 77.9323 80.4663 50
      vertex 77.9323 80.4663 60
    endloop
  endfacet
  facet normal 0.156463 0.987684 -0
    outer loop
      vertex 83.5396 87.3907 50
      vertex 83.0226 87.4726 60
      vertex 83.5396 87.3907 60
    endloop
  endfacet
  facet normal 0.156463 0.987684 0
    outer loop
      vertex 83.0226 87.4726 60
      vertex 83.5396 87.3907 50
      vertex 83.0226 87.4726 50
    endloop
  endfacet
  facet normal 0.358441 -0.933552 0
    outer loop
      vertex 84.0451 77.7447 50
      vertex 84.5337 77.9323 60
      vertex 84.0451 77.7447 60
    endloop
  endfacet
  facet normal 0.358441 -0.933552 0
    outer loop
      vertex 84.5337 77.9323 60
      vertex 84.0451 77.7447 50
      vertex 84.5337 77.9323 50
    endloop
  endfacet
  facet normal -0.258733 -0.965949 0
    outer loop
      vertex 80.9549 77.7447 50
      vertex 81.4604 77.6093 60
      vertex 80.9549 77.7447 60
    endloop
  endfacet
  facet normal -0.258733 -0.965949 -0
    outer loop
      vertex 81.4604 77.6093 60
      vertex 80.9549 77.7447 50
      vertex 81.4604 77.6093 50
    endloop
  endfacet
  facet normal -0.454003 -0.891 0
    outer loop
      vertex 80 78.1699 50
      vertex 80.4663 77.9323 60
      vertex 80 78.1699 60
    endloop
  endfacet
  facet normal -0.454003 -0.891 -0
    outer loop
      vertex 80.4663 77.9323 60
      vertex 80 78.1699 50
      vertex 80.4663 77.9323 50
    endloop
  endfacet
  facet normal -0.629391 -0.777089 0
    outer loop
      vertex 79.1544 78.7843 50
      vertex 79.5611 78.4549 60
      vertex 79.1544 78.7843 60
    endloop
  endfacet
  facet normal -0.629391 -0.777089 -0
    outer loop
      vertex 79.5611 78.4549 60
      vertex 79.1544 78.7843 50
      vertex 79.5611 78.4549 50
    endloop
  endfacet
  facet normal -0.998635 -0.0522246 0
    outer loop
      vertex 84 82.5 50
      vertex 83.9918 82.6568 60
      vertex 83.9918 82.6568 50
    endloop
  endfacet
  facet normal -0.998635 -0.0522246 0
    outer loop
      vertex 83.9918 82.6568 60
      vertex 84 82.5 50
      vertex 84 82.5 60
    endloop
  endfacet
  facet normal 0.998635 -0.0522246 0
    outer loop
      vertex 81 82.5 60
      vertex 81.0082 82.6568 50
      vertex 81.0082 82.6568 60
    endloop
  endfacet
  facet normal 0.998635 -0.0522246 0
    outer loop
      vertex 81.0082 82.6568 50
      vertex 81 82.5 60
      vertex 81 82.5 50
    endloop
  endfacet
  facet normal -0.0522246 -0.998635 0
    outer loop
      vertex 82.5 84 50
      vertex 82.6568 83.9918 60
      vertex 82.5 84 60
    endloop
  endfacet
  facet normal -0.0522246 -0.998635 -0
    outer loop
      vertex 82.6568 83.9918 60
      vertex 82.5 84 50
      vertex 82.6568 83.9918 50
    endloop
  endfacet
  facet normal 0.0522246 0.998635 -0
    outer loop
      vertex 82.5 81 50
      vertex 82.3432 81.0082 60
      vertex 82.5 81 60
    endloop
  endfacet
  facet normal 0.0522246 0.998635 0
    outer loop
      vertex 82.3432 81.0082 60
      vertex 82.5 81 50
      vertex 82.3432 81.0082 50
    endloop
  endfacet
  facet normal 0.777126 0.629345 0
    outer loop
      vertex 81.3853 81.4963 60
      vertex 81.2865 81.6183 50
      vertex 81.2865 81.6183 60
    endloop
  endfacet
  facet normal 0.777126 0.629345 0
    outer loop
      vertex 81.2865 81.6183 50
      vertex 81.3853 81.4963 60
      vertex 81.3853 81.4963 50
    endloop
  endfacet
  facet normal -0.707107 -0.707107 0
    outer loop
      vertex 83.6147 83.5037 50
      vertex 83.5037 83.6147 60
      vertex 83.5037 83.6147 50
    endloop
  endfacet
  facet normal -0.707107 -0.707107 0
    outer loop
      vertex 83.5037 83.6147 60
      vertex 83.6147 83.5037 50
      vertex 83.6147 83.5037 60
    endloop
  endfacet
  facet normal 0.629345 -0.777126 0
    outer loop
      vertex 81.4963 83.6147 50
      vertex 81.6183 83.7135 60
      vertex 81.4963 83.6147 60
    endloop
  endfacet
  facet normal 0.629345 -0.777126 0
    outer loop
      vertex 81.6183 83.7135 60
      vertex 81.4963 83.6147 50
      vertex 81.6183 83.7135 50
    endloop
  endfacet
  facet normal 0.35851 -0.933526 0
    outer loop
      vertex 81.8899 83.8703 50
      vertex 82.0365 83.9266 60
      vertex 81.8899 83.8703 60
    endloop
  endfacet
  facet normal 0.35851 -0.933526 0
    outer loop
      vertex 82.0365 83.9266 60
      vertex 81.8899 83.8703 50
      vertex 82.0365 83.9266 50
    endloop
  endfacet
  facet normal 0.933526 0.35851 0
    outer loop
      vertex 81.1297 81.8899 60
      vertex 81.0734 82.0365 50
      vertex 81.0734 82.0365 60
    endloop
  endfacet
  facet normal 0.933526 0.35851 0
    outer loop
      vertex 81.0734 82.0365 50
      vertex 81.1297 81.8899 60
      vertex 81.1297 81.8899 50
    endloop
  endfacet
  facet normal -0.890962 -0.454078 0
    outer loop
      vertex 83.8703 83.1101 50
      vertex 83.799 83.25 60
      vertex 83.799 83.25 50
    endloop
  endfacet
  facet normal -0.890962 -0.454078 0
    outer loop
      vertex 83.799 83.25 60
      vertex 83.8703 83.1101 50
      vertex 83.8703 83.1101 60
    endloop
  endfacet
  facet normal -0.454078 -0.890962 0
    outer loop
      vertex 83.1101 83.8703 50
      vertex 83.25 83.799 60
      vertex 83.1101 83.8703 60
    endloop
  endfacet
  facet normal -0.454078 -0.890962 -0
    outer loop
      vertex 83.25 83.799 60
      vertex 83.1101 83.8703 50
      vertex 83.25 83.799 50
    endloop
  endfacet
  facet normal -0.544518 -0.838749 0
    outer loop
      vertex 83.25 83.799 50
      vertex 83.3817 83.7135 60
      vertex 83.25 83.799 60
    endloop
  endfacet
  facet normal -0.544518 -0.838749 -0
    outer loop
      vertex 83.3817 83.7135 60
      vertex 83.25 83.799 50
      vertex 83.3817 83.7135 50
    endloop
  endfacet
  facet normal 0.890962 -0.454078 0
    outer loop
      vertex 81.1297 83.1101 60
      vertex 81.201 83.25 50
      vertex 81.201 83.25 60
    endloop
  endfacet
  facet normal 0.890962 -0.454078 0
    outer loop
      vertex 81.201 83.25 50
      vertex 81.1297 83.1101 60
      vertex 81.1297 83.1101 50
    endloop
  endfacet
  facet normal 0.454078 -0.890962 0
    outer loop
      vertex 81.75 83.799 50
      vertex 81.8899 83.8703 60
      vertex 81.75 83.799 60
    endloop
  endfacet
  facet normal 0.454078 -0.890962 0
    outer loop
      vertex 81.8899 83.8703 60
      vertex 81.75 83.799 50
      vertex 81.8899 83.8703 50
    endloop
  endfacet
  facet normal 0.156649 -0.987654 0
    outer loop
      vertex 82.1881 83.9672 50
      vertex 82.3432 83.9918 60
      vertex 82.1881 83.9672 60
    endloop
  endfacet
  facet normal 0.156649 -0.987654 0
    outer loop
      vertex 82.3432 83.9918 60
      vertex 82.1881 83.9672 50
      vertex 82.3432 83.9918 50
    endloop
  endfacet
  facet normal -0.933526 0.35851 0
    outer loop
      vertex 83.8703 81.8899 50
      vertex 83.9266 82.0365 60
      vertex 83.9266 82.0365 50
    endloop
  endfacet
  facet normal -0.933526 0.35851 0
    outer loop
      vertex 83.9266 82.0365 60
      vertex 83.8703 81.8899 50
      vertex 83.8703 81.8899 60
    endloop
  endfacet
  facet normal 0.890962 0.454078 0
    outer loop
      vertex 81.201 81.75 60
      vertex 81.1297 81.8899 50
      vertex 81.1297 81.8899 60
    endloop
  endfacet
  facet normal 0.890962 0.454078 0
    outer loop
      vertex 81.1297 81.8899 50
      vertex 81.201 81.75 60
      vertex 81.201 81.75 50
    endloop
  endfacet
  facet normal -0.965959 -0.258694 0
    outer loop
      vertex 83.9672 82.8119 50
      vertex 83.9266 82.9635 60
      vertex 83.9266 82.9635 50
    endloop
  endfacet
  facet normal -0.965959 -0.258694 0
    outer loop
      vertex 83.9266 82.9635 60
      vertex 83.9672 82.8119 50
      vertex 83.9672 82.8119 60
    endloop
  endfacet
  facet normal -0.987654 -0.156649 0
    outer loop
      vertex 83.9918 82.6568 50
      vertex 83.9672 82.8119 60
      vertex 83.9672 82.8119 50
    endloop
  endfacet
  facet normal -0.987654 -0.156649 0
    outer loop
      vertex 83.9672 82.8119 60
      vertex 83.9918 82.6568 50
      vertex 83.9918 82.6568 60
    endloop
  endfacet
  facet normal -0.933526 -0.35851 0
    outer loop
      vertex 83.9266 82.9635 50
      vertex 83.8703 83.1101 60
      vertex 83.8703 83.1101 50
    endloop
  endfacet
  facet normal -0.933526 -0.35851 0
    outer loop
      vertex 83.8703 83.1101 60
      vertex 83.9266 82.9635 50
      vertex 83.9266 82.9635 60
    endloop
  endfacet
  facet normal -0.777126 -0.629345 0
    outer loop
      vertex 83.7135 83.3817 50
      vertex 83.6147 83.5037 60
      vertex 83.6147 83.5037 50
    endloop
  endfacet
  facet normal -0.777126 -0.629345 0
    outer loop
      vertex 83.6147 83.5037 60
      vertex 83.7135 83.3817 50
      vertex 83.7135 83.3817 60
    endloop
  endfacet
  facet normal -0.838749 -0.544518 0
    outer loop
      vertex 83.799 83.25 50
      vertex 83.7135 83.3817 60
      vertex 83.7135 83.3817 50
    endloop
  endfacet
  facet normal -0.838749 -0.544518 0
    outer loop
      vertex 83.7135 83.3817 60
      vertex 83.799 83.25 50
      vertex 83.799 83.25 60
    endloop
  endfacet
  facet normal -0.258694 -0.965959 0
    outer loop
      vertex 82.8119 83.9672 50
      vertex 82.9635 83.9266 60
      vertex 82.8119 83.9672 60
    endloop
  endfacet
  facet normal -0.258694 -0.965959 -0
    outer loop
      vertex 82.9635 83.9266 60
      vertex 82.8119 83.9672 50
      vertex 82.9635 83.9266 50
    endloop
  endfacet
  facet normal -0.35851 -0.933526 0
    outer loop
      vertex 82.9635 83.9266 50
      vertex 83.1101 83.8703 60
      vertex 82.9635 83.9266 60
    endloop
  endfacet
  facet normal -0.35851 -0.933526 -0
    outer loop
      vertex 83.1101 83.8703 60
      vertex 82.9635 83.9266 50
      vertex 83.1101 83.8703 50
    endloop
  endfacet
  facet normal -0.156649 -0.987654 0
    outer loop
      vertex 82.6568 83.9918 50
      vertex 82.8119 83.9672 60
      vertex 82.6568 83.9918 60
    endloop
  endfacet
  facet normal -0.156649 -0.987654 -0
    outer loop
      vertex 82.8119 83.9672 60
      vertex 82.6568 83.9918 50
      vertex 82.8119 83.9672 50
    endloop
  endfacet
  facet normal -0.629345 -0.777126 0
    outer loop
      vertex 83.3817 83.7135 50
      vertex 83.5037 83.6147 60
      vertex 83.3817 83.7135 60
    endloop
  endfacet
  facet normal -0.629345 -0.777126 -0
    outer loop
      vertex 83.5037 83.6147 60
      vertex 83.3817 83.7135 50
      vertex 83.5037 83.6147 50
    endloop
  endfacet
  facet normal 0.965959 -0.258694 0
    outer loop
      vertex 81.0328 82.8119 60
      vertex 81.0734 82.9635 50
      vertex 81.0734 82.9635 60
    endloop
  endfacet
  facet normal 0.965959 -0.258694 0
    outer loop
      vertex 81.0734 82.9635 50
      vertex 81.0328 82.8119 60
      vertex 81.0328 82.8119 50
    endloop
  endfacet
  facet normal 0.777126 -0.629345 0
    outer loop
      vertex 81.2865 83.3817 60
      vertex 81.3853 83.5037 50
      vertex 81.3853 83.5037 60
    endloop
  endfacet
  facet normal 0.777126 -0.629345 0
    outer loop
      vertex 81.3853 83.5037 50
      vertex 81.2865 83.3817 60
      vertex 81.2865 83.3817 50
    endloop
  endfacet
  facet normal 0.707107 -0.707107 0
    outer loop
      vertex 81.3853 83.5037 60
      vertex 81.4963 83.6147 50
      vertex 81.4963 83.6147 60
    endloop
  endfacet
  facet normal 0.707107 -0.707107 0
    outer loop
      vertex 81.4963 83.6147 50
      vertex 81.3853 83.5037 60
      vertex 81.3853 83.5037 50
    endloop
  endfacet
  facet normal 0.838749 -0.544518 0
    outer loop
      vertex 81.201 83.25 60
      vertex 81.2865 83.3817 50
      vertex 81.2865 83.3817 60
    endloop
  endfacet
  facet normal 0.838749 -0.544518 0
    outer loop
      vertex 81.2865 83.3817 50
      vertex 81.201 83.25 60
      vertex 81.201 83.25 50
    endloop
  endfacet
  facet normal 0.933526 -0.35851 0
    outer loop
      vertex 81.0734 82.9635 60
      vertex 81.1297 83.1101 50
      vertex 81.1297 83.1101 60
    endloop
  endfacet
  facet normal 0.933526 -0.35851 0
    outer loop
      vertex 81.1297 83.1101 50
      vertex 81.0734 82.9635 60
      vertex 81.0734 82.9635 50
    endloop
  endfacet
  facet normal 0.987654 -0.156649 0
    outer loop
      vertex 81.0082 82.6568 60
      vertex 81.0328 82.8119 50
      vertex 81.0328 82.8119 60
    endloop
  endfacet
  facet normal 0.987654 -0.156649 0
    outer loop
      vertex 81.0328 82.8119 50
      vertex 81.0082 82.6568 60
      vertex 81.0082 82.6568 50
    endloop
  endfacet
  facet normal 0.544518 -0.838749 0
    outer loop
      vertex 81.6183 83.7135 50
      vertex 81.75 83.799 60
      vertex 81.6183 83.7135 60
    endloop
  endfacet
  facet normal 0.544518 -0.838749 0
    outer loop
      vertex 81.75 83.799 60
      vertex 81.6183 83.7135 50
      vertex 81.75 83.799 50
    endloop
  endfacet
  facet normal 0.258694 -0.965959 0
    outer loop
      vertex 82.0365 83.9266 50
      vertex 82.1881 83.9672 60
      vertex 82.0365 83.9266 60
    endloop
  endfacet
  facet normal 0.258694 -0.965959 0
    outer loop
      vertex 82.1881 83.9672 60
      vertex 82.0365 83.9266 50
      vertex 82.1881 83.9672 50
    endloop
  endfacet
  facet normal 0.0522246 -0.998635 0
    outer loop
      vertex 82.3432 83.9918 50
      vertex 82.5 84 60
      vertex 82.3432 83.9918 60
    endloop
  endfacet
  facet normal 0.0522246 -0.998635 0
    outer loop
      vertex 82.5 84 60
      vertex 82.3432 83.9918 50
      vertex 82.5 84 50
    endloop
  endfacet
  facet normal -0.998635 0.0522246 0
    outer loop
      vertex 83.9918 82.3432 50
      vertex 84 82.5 60
      vertex 84 82.5 50
    endloop
  endfacet
  facet normal -0.998635 0.0522246 0
    outer loop
      vertex 84 82.5 60
      vertex 83.9918 82.3432 50
      vertex 83.9918 82.3432 60
    endloop
  endfacet
  facet normal -0.0522246 0.998635 0
    outer loop
      vertex 82.6568 81.0082 50
      vertex 82.5 81 60
      vertex 82.6568 81.0082 60
    endloop
  endfacet
  facet normal -0.0522246 0.998635 0
    outer loop
      vertex 82.5 81 60
      vertex 82.6568 81.0082 50
      vertex 82.5 81 50
    endloop
  endfacet
  facet normal -0.258694 0.965959 0
    outer loop
      vertex 82.9635 81.0734 50
      vertex 82.8119 81.0328 60
      vertex 82.9635 81.0734 60
    endloop
  endfacet
  facet normal -0.258694 0.965959 0
    outer loop
      vertex 82.8119 81.0328 60
      vertex 82.9635 81.0734 50
      vertex 82.8119 81.0328 50
    endloop
  endfacet
  facet normal -0.629345 0.777126 0
    outer loop
      vertex 83.5037 81.3853 50
      vertex 83.3817 81.2865 60
      vertex 83.5037 81.3853 60
    endloop
  endfacet
  facet normal -0.629345 0.777126 0
    outer loop
      vertex 83.3817 81.2865 60
      vertex 83.5037 81.3853 50
      vertex 83.3817 81.2865 50
    endloop
  endfacet
  facet normal -0.454078 0.890962 0
    outer loop
      vertex 83.25 81.201 50
      vertex 83.1101 81.1297 60
      vertex 83.25 81.201 60
    endloop
  endfacet
  facet normal -0.454078 0.890962 0
    outer loop
      vertex 83.1101 81.1297 60
      vertex 83.25 81.201 50
      vertex 83.1101 81.1297 50
    endloop
  endfacet
  facet normal -0.777126 0.629345 0
    outer loop
      vertex 83.6147 81.4963 50
      vertex 83.7135 81.6183 60
      vertex 83.7135 81.6183 50
    endloop
  endfacet
  facet normal -0.777126 0.629345 0
    outer loop
      vertex 83.7135 81.6183 60
      vertex 83.6147 81.4963 50
      vertex 83.6147 81.4963 60
    endloop
  endfacet
  facet normal -0.890962 0.454078 0
    outer loop
      vertex 83.799 81.75 50
      vertex 83.8703 81.8899 60
      vertex 83.8703 81.8899 50
    endloop
  endfacet
  facet normal -0.890962 0.454078 0
    outer loop
      vertex 83.8703 81.8899 60
      vertex 83.799 81.75 50
      vertex 83.799 81.75 60
    endloop
  endfacet
  facet normal 0.707107 0.707107 0
    outer loop
      vertex 81.4963 81.3853 60
      vertex 81.3853 81.4963 50
      vertex 81.3853 81.4963 60
    endloop
  endfacet
  facet normal 0.707107 0.707107 0
    outer loop
      vertex 81.3853 81.4963 50
      vertex 81.4963 81.3853 60
      vertex 81.4963 81.3853 50
    endloop
  endfacet
  facet normal 0.544518 0.838749 -0
    outer loop
      vertex 81.75 81.201 50
      vertex 81.6183 81.2865 60
      vertex 81.75 81.201 60
    endloop
  endfacet
  facet normal 0.544518 0.838749 0
    outer loop
      vertex 81.6183 81.2865 60
      vertex 81.75 81.201 50
      vertex 81.6183 81.2865 50
    endloop
  endfacet
  facet normal 0.35851 0.933526 -0
    outer loop
      vertex 82.0365 81.0734 50
      vertex 81.8899 81.1297 60
      vertex 82.0365 81.0734 60
    endloop
  endfacet
  facet normal 0.35851 0.933526 0
    outer loop
      vertex 81.8899 81.1297 60
      vertex 82.0365 81.0734 50
      vertex 81.8899 81.1297 50
    endloop
  endfacet
  facet normal 0.156649 0.987654 -0
    outer loop
      vertex 82.3432 81.0082 50
      vertex 82.1881 81.0328 60
      vertex 82.3432 81.0082 60
    endloop
  endfacet
  facet normal 0.156649 0.987654 0
    outer loop
      vertex 82.1881 81.0328 60
      vertex 82.3432 81.0082 50
      vertex 82.1881 81.0328 50
    endloop
  endfacet
  facet normal 0.838749 0.544518 0
    outer loop
      vertex 81.2865 81.6183 60
      vertex 81.201 81.75 50
      vertex 81.201 81.75 60
    endloop
  endfacet
  facet normal 0.838749 0.544518 0
    outer loop
      vertex 81.201 81.75 50
      vertex 81.2865 81.6183 60
      vertex 81.2865 81.6183 50
    endloop
  endfacet
  facet normal 0.965959 0.258694 0
    outer loop
      vertex 81.0734 82.0365 60
      vertex 81.0328 82.1881 50
      vertex 81.0328 82.1881 60
    endloop
  endfacet
  facet normal 0.965959 0.258694 0
    outer loop
      vertex 81.0328 82.1881 50
      vertex 81.0734 82.0365 60
      vertex 81.0734 82.0365 50
    endloop
  endfacet
  facet normal 0.998635 0.0522246 0
    outer loop
      vertex 81.0082 82.3432 60
      vertex 81 82.5 50
      vertex 81 82.5 60
    endloop
  endfacet
  facet normal 0.998635 0.0522246 0
    outer loop
      vertex 81 82.5 50
      vertex 81.0082 82.3432 60
      vertex 81.0082 82.3432 50
    endloop
  endfacet
  facet normal -0.156649 0.987654 0
    outer loop
      vertex 82.8119 81.0328 50
      vertex 82.6568 81.0082 60
      vertex 82.8119 81.0328 60
    endloop
  endfacet
  facet normal -0.156649 0.987654 0
    outer loop
      vertex 82.6568 81.0082 60
      vertex 82.8119 81.0328 50
      vertex 82.6568 81.0082 50
    endloop
  endfacet
  facet normal -0.35851 0.933526 0
    outer loop
      vertex 83.1101 81.1297 50
      vertex 82.9635 81.0734 60
      vertex 83.1101 81.1297 60
    endloop
  endfacet
  facet normal -0.35851 0.933526 0
    outer loop
      vertex 82.9635 81.0734 60
      vertex 83.1101 81.1297 50
      vertex 82.9635 81.0734 50
    endloop
  endfacet
  facet normal -0.707107 0.707107 0
    outer loop
      vertex 83.5037 81.3853 50
      vertex 83.6147 81.4963 60
      vertex 83.6147 81.4963 50
    endloop
  endfacet
  facet normal -0.707107 0.707107 0
    outer loop
      vertex 83.6147 81.4963 60
      vertex 83.5037 81.3853 50
      vertex 83.5037 81.3853 60
    endloop
  endfacet
  facet normal -0.544518 0.838749 0
    outer loop
      vertex 83.3817 81.2865 50
      vertex 83.25 81.201 60
      vertex 83.3817 81.2865 60
    endloop
  endfacet
  facet normal -0.544518 0.838749 0
    outer loop
      vertex 83.25 81.201 60
      vertex 83.3817 81.2865 50
      vertex 83.25 81.201 50
    endloop
  endfacet
  facet normal -0.838749 0.544518 0
    outer loop
      vertex 83.7135 81.6183 50
      vertex 83.799 81.75 60
      vertex 83.799 81.75 50
    endloop
  endfacet
  facet normal -0.838749 0.544518 0
    outer loop
      vertex 83.799 81.75 60
      vertex 83.7135 81.6183 50
      vertex 83.7135 81.6183 60
    endloop
  endfacet
  facet normal -0.987654 0.156649 0
    outer loop
      vertex 83.9672 82.1881 50
      vertex 83.9918 82.3432 60
      vertex 83.9918 82.3432 50
    endloop
  endfacet
  facet normal -0.987654 0.156649 0
    outer loop
      vertex 83.9918 82.3432 60
      vertex 83.9672 82.1881 50
      vertex 83.9672 82.1881 60
    endloop
  endfacet
  facet normal -0.965959 0.258694 0
    outer loop
      vertex 83.9266 82.0365 50
      vertex 83.9672 82.1881 60
      vertex 83.9672 82.1881 50
    endloop
  endfacet
  facet normal -0.965959 0.258694 0
    outer loop
      vertex 83.9672 82.1881 60
      vertex 83.9266 82.0365 50
      vertex 83.9266 82.0365 60
    endloop
  endfacet
  facet normal 0.629345 0.777126 -0
    outer loop
      vertex 81.6183 81.2865 50
      vertex 81.4963 81.3853 60
      vertex 81.6183 81.2865 60
    endloop
  endfacet
  facet normal 0.629345 0.777126 0
    outer loop
      vertex 81.4963 81.3853 60
      vertex 81.6183 81.2865 50
      vertex 81.4963 81.3853 50
    endloop
  endfacet
  facet normal 0.454078 0.890962 -0
    outer loop
      vertex 81.8899 81.1297 50
      vertex 81.75 81.201 60
      vertex 81.8899 81.1297 60
    endloop
  endfacet
  facet normal 0.454078 0.890962 0
    outer loop
      vertex 81.75 81.201 60
      vertex 81.8899 81.1297 50
      vertex 81.75 81.201 50
    endloop
  endfacet
  facet normal 0.258694 0.965959 -0
    outer loop
      vertex 82.1881 81.0328 50
      vertex 82.0365 81.0734 60
      vertex 82.1881 81.0328 60
    endloop
  endfacet
  facet normal 0.258694 0.965959 0
    outer loop
      vertex 82.0365 81.0734 60
      vertex 82.1881 81.0328 50
      vertex 82.0365 81.0734 50
    endloop
  endfacet
  facet normal 0.987654 0.156649 0
    outer loop
      vertex 81.0328 82.1881 60
      vertex 81.0082 82.3432 50
      vertex 81.0082 82.3432 60
    endloop
  endfacet
  facet normal 0.987654 0.156649 0
    outer loop
      vertex 81.0082 82.3432 50
      vertex 81.0328 82.1881 60
      vertex 81.0328 82.1881 50
    endloop
  endfacet
  facet normal -1 0 0
    outer loop
      vertex -84 -85 2.45
      vertex -84 -75 31
      vertex -84 -75 2.45
    endloop
  endfacet
  facet normal -1 -0 0
    outer loop
      vertex -84 -75 31
      vertex -84 -85 2.45
      vertex -84 -85 31
    endloop
  endfacet
  facet normal -0 0 1
    outer loop
      vertex -71.9 -75 31
      vertex -70 -85 31
      vertex -70 -75 31
    endloop
  endfacet
  facet normal 0 0 1
    outer loop
      vertex -70 -85 31
      vertex -71.9 -75 31
      vertex -71.9 -85 31
    endloop
  endfacet
  facet normal -0 0 1
    outer loop
      vertex -84 -75 31
      vertex -82.1 -85 31
      vertex -82.1 -75 31
    endloop
  endfacet
  facet normal 0 0 1
    outer loop
      vertex -82.1 -85 31
      vertex -84 -75 31
      vertex -84 -85 31
    endloop
  endfacet
  facet normal 1 -0 0
    outer loop
      vertex -70 -85 31
      vertex -70 -75 2.45
      vertex -70 -75 31
    endloop
  endfacet
  facet normal 1 0 0
    outer loop
      vertex -70 -75 2.45
      vertex -70 -85 31
      vertex -70 -85 2.45
    endloop
  endfacet
  facet normal 0 1 0
    outer loop
      vertex -70 -75 31
      vertex -71.9 -75 20.5
      vertex -71.9 -75 31
    endloop
  endfacet
  facet normal 0 1 0
    outer loop
      vertex -71.9 -75 20.5
      vertex -70 -75 2.45
      vertex -82.1 -75 20.5
    endloop
  endfacet
  facet normal 0 1 -0
    outer loop
      vertex -70 -75 2.45
      vertex -71.9 -75 20.5
      vertex -70 -75 31
    endloop
  endfacet
  facet normal 0 1 -0
    outer loop
      vertex -82.1 -75 20.5
      vertex -84 -75 31
      vertex -82.1 -75 31
    endloop
  endfacet
  facet normal 0 1 0
    outer loop
      vertex -82.1 -75 20.5
      vertex -84 -75 2.45
      vertex -84 -75 31
    endloop
  endfacet
  facet normal 0 1 0
    outer loop
      vertex -84 -75 2.45
      vertex -82.1 -75 20.5
      vertex -70 -75 2.45
    endloop
  endfacet
  facet normal 1 -0 0
    outer loop
      vertex -82.1 -85 31
      vertex -82.1 -75 20.5
      vertex -82.1 -75 31
    endloop
  endfacet
  facet normal 1 0 0
    outer loop
      vertex -82.1 -75 20.5
      vertex -82.1 -85 31
      vertex -82.1 -85 20.5
    endloop
  endfacet
  facet normal -1 0 0
    outer loop
      vertex -71.9 -85 20.5
      vertex -71.9 -75 31
      vertex -71.9 -75 20.5
    endloop
  endfacet
  facet normal -1 -0 0
    outer loop
      vertex -71.9 -75 31
      vertex -71.9 -85 20.5
      vertex -71.9 -85 31
    endloop
  endfacet
  facet normal -0 0 1
    outer loop
      vertex -82.1 -75 20.5
      vertex -71.9 -85 20.5
      vertex -71.9 -75 20.5
    endloop
  endfacet
  facet normal 0 0 1
    outer loop
      vertex -71.9 -85 20.5
      vertex -82.1 -75 20.5
      vertex -82.1 -85 20.5
    endloop
  endfacet
  facet normal -1 0 0
    outer loop
      vertex 70 -85 2.45
      vertex 70 -75 31
      vertex 70 -75 2.45
    endloop
  endfacet
  facet normal -1 -0 0
    outer loop
      vertex 70 -75 31
      vertex 70 -85 2.45
      vertex 70 -85 31
    endloop
  endfacet
  facet normal -0 0 1
    outer loop
      vertex 82.1 -75 31
      vertex 84 -85 31
      vertex 84 -75 31
    endloop
  endfacet
  facet normal 0 0 1
    outer loop
      vertex 84 -85 31
      vertex 82.1 -75 31
      vertex 82.1 -85 31
    endloop
  endfacet
  facet normal -0 0 1
    outer loop
      vertex 70 -75 31
      vertex 71.9 -85 31
      vertex 71.9 -75 31
    endloop
  endfacet
  facet normal 0 0 1
    outer loop
      vertex 71.9 -85 31
      vertex 70 -75 31
      vertex 70 -85 31
    endloop
  endfacet
  facet normal 1 -0 0
    outer loop
      vertex 84 -85 31
      vertex 84 -75 2.45
      vertex 84 -75 31
    endloop
  endfacet
  facet normal 1 0 0
    outer loop
      vertex 84 -75 2.45
      vertex 84 -85 31
      vertex 84 -85 2.45
    endloop
  endfacet
  facet normal 0 1 0
    outer loop
      vertex 84 -75 31
      vertex 82.1 -75 20.5
      vertex 82.1 -75 31
    endloop
  endfacet
  facet normal 0 1 0
    outer loop
      vertex 82.1 -75 20.5
      vertex 84 -75 2.45
      vertex 71.9 -75 20.5
    endloop
  endfacet
  facet normal 0 1 -0
    outer loop
      vertex 84 -75 2.45
      vertex 82.1 -75 20.5
      vertex 84 -75 31
    endloop
  endfacet
  facet normal 0 1 -0
    outer loop
      vertex 71.9 -75 20.5
      vertex 70 -75 31
      vertex 71.9 -75 31
    endloop
  endfacet
  facet normal 0 1 0
    outer loop
      vertex 71.9 -75 20.5
      vertex 70 -75 2.45
      vertex 70 -75 31
    endloop
  endfacet
  facet normal 0 1 0
    outer loop
      vertex 70 -75 2.45
      vertex 71.9 -75 20.5
      vertex 84 -75 2.45
    endloop
  endfacet
  facet normal 1 -0 0
    outer loop
      vertex 71.9 -85 31
      vertex 71.9 -75 20.5
      vertex 71.9 -75 31
    endloop
  endfacet
  facet normal 1 0 0
    outer loop
      vertex 71.9 -75 20.5
      vertex 71.9 -85 31
      vertex 71.9 -85 20.5
    endloop
  endfacet
  facet normal -1 0 0
    outer loop
      vertex 82.1 -85 20.5
      vertex 82.1 -75 31
      vertex 82.1 -75 20.5
    endloop
  endfacet
  facet normal -1 -0 0
    outer loop
      vertex 82.1 -75 31
      vertex 82.1 -85 20.5
      vertex 82.1 -85 31
    endloop
  endfacet
  facet normal -0 0 1
    outer loop
      vertex 71.9 -75 20.5
      vertex 82.1 -85 20.5
      vertex 82.1 -75 20.5
    endloop
  endfacet
  facet normal 0 0 1
    outer loop
      vertex 82.1 -85 20.5
      vertex 71.9 -75 20.5
      vertex 71.9 -85 20.5
    endloop
  endfacet
  facet normal -1 0 0
    outer loop
      vertex -2 -85 2.5
      vertex -2 -84.4 7.5
      vertex -2 -84.4 2.5
    endloop
  endfacet
  facet normal -1 -0 0
    outer loop
      vertex -2 -84.4 7.5
      vertex -2 -85 2.5
      vertex -2 -85 7.5
    endloop
  endfacet
  facet normal -0 0 1
    outer loop
      vertex -2 -82.4 7.5
      vertex -1 -83.6 7.5
      vertex -1 -82.4 7.5
    endloop
  endfacet
  facet normal 0 0 1
    outer loop
      vertex -1 -83.6 7.5
      vertex -2 -82.4 7.5
      vertex -2 -83.6 7.5
    endloop
  endfacet
  facet normal -0 0 1
    outer loop
      vertex -2 -80.4 7.5
      vertex -1 -81.6 7.5
      vertex -1 -80.4 7.5
    endloop
  endfacet
  facet normal 0 0 1
    outer loop
      vertex -1 -81.6 7.5
      vertex -2 -80.4 7.5
      vertex -2 -81.6 7.5
    endloop
  endfacet
  facet normal -0 0 1
    outer loop
      vertex -2 -78.4 7.5
      vertex -1 -79.6 7.5
      vertex -1 -78.4 7.5
    endloop
  endfacet
  facet normal 0 0 1
    outer loop
      vertex -1 -79.6 7.5
      vertex -2 -78.4 7.5
      vertex -2 -79.6 7.5
    endloop
  endfacet
  facet normal -0 0 1
    outer loop
      vertex -2 -76.4 7.5
      vertex -1 -77.6 7.5
      vertex -1 -76.4 7.5
    endloop
  endfacet
  facet normal 0 0 1
    outer loop
      vertex -1 -77.6 7.5
      vertex -2 -76.4 7.5
      vertex -2 -77.6 7.5
    endloop
  endfacet
  facet normal -0 0 1
    outer loop
      vertex -2 -74.4 7.5
      vertex -1 -75.6 7.5
      vertex -1 -74.4 7.5
    endloop
  endfacet
  facet normal 0 0 1
    outer loop
      vertex -1 -75.6 7.5
      vertex -2 -74.4 7.5
      vertex -2 -75.6 7.5
    endloop
  endfacet
  facet normal -0 0 1
    outer loop
      vertex -2 -72.4 7.5
      vertex -1 -73.6 7.5
      vertex -1 -72.4 7.5
    endloop
  endfacet
  facet normal 0 0 1
    outer loop
      vertex -1 -73.6 7.5
      vertex -2 -72.4 7.5
      vertex -2 -73.6 7.5
    endloop
  endfacet
  facet normal -0 0 1
    outer loop
      vertex -2 -70.4 7.5
      vertex -1 -71.6 7.5
      vertex -1 -70.4 7.5
    endloop
  endfacet
  facet normal 0 0 1
    outer loop
      vertex -1 -71.6 7.5
      vertex -2 -70.4 7.5
      vertex -2 -71.6 7.5
    endloop
  endfacet
  facet normal -0 0 1
    outer loop
      vertex -2 -68.4 7.5
      vertex -1 -69.6 7.5
      vertex -1 -68.4 7.5
    endloop
  endfacet
  facet normal 0 0 1
    outer loop
      vertex -1 -69.6 7.5
      vertex -2 -68.4 7.5
      vertex -2 -69.6 7.5
    endloop
  endfacet
  facet normal -0 0 1
    outer loop
      vertex -2 -66.4 7.5
      vertex -1 -67.6 7.5
      vertex -1 -66.4 7.5
    endloop
  endfacet
  facet normal 0 0 1
    outer loop
      vertex -1 -67.6 7.5
      vertex -2 -66.4 7.5
      vertex -2 -67.6 7.5
    endloop
  endfacet
  facet normal -0 0 1
    outer loop
      vertex -2 -64.4 7.5
      vertex -1 -65.6 7.5
      vertex -1 -64.4 7.5
    endloop
  endfacet
  facet normal 0 0 1
    outer loop
      vertex -1 -65.6 7.5
      vertex -2 -64.4 7.5
      vertex -2 -65.6 7.5
    endloop
  endfacet
  facet normal -0 0 1
    outer loop
      vertex -2 -62.4 7.5
      vertex -1 -63.6 7.5
      vertex -1 -62.4 7.5
    endloop
  endfacet
  facet normal 0 0 1
    outer loop
      vertex -1 -63.6 7.5
      vertex -2 -62.4 7.5
      vertex -2 -63.6 7.5
    endloop
  endfacet
  facet normal -0 0 1
    outer loop
      vertex -2 -60.4 7.5
      vertex -1 -61.6 7.5
      vertex -1 -60.4 7.5
    endloop
  endfacet
  facet normal 0 0 1
    outer loop
      vertex -1 -61.6 7.5
      vertex -2 -60.4 7.5
      vertex -2 -61.6 7.5
    endloop
  endfacet
  facet normal -0 0 1
    outer loop
      vertex -2 -58.4 7.5
      vertex -1 -59.6 7.5
      vertex -1 -58.4 7.5
    endloop
  endfacet
  facet normal 0 0 1
    outer loop
      vertex -1 -59.6 7.5
      vertex -2 -58.4 7.5
      vertex -2 -59.6 7.5
    endloop
  endfacet
  facet normal -0 0 1
    outer loop
      vertex -2 -56.4 7.5
      vertex -1 -57.6 7.5
      vertex -1 -56.4 7.5
    endloop
  endfacet
  facet normal 0 0 1
    outer loop
      vertex -1 -57.6 7.5
      vertex -2 -56.4 7.5
      vertex -2 -57.6 7.5
    endloop
  endfacet
  facet normal -0 0 1
    outer loop
      vertex -2 -54.4 7.5
      vertex -1 -55.6 7.5
      vertex -1 -54.4 7.5
    endloop
  endfacet
  facet normal 0 0 1
    outer loop
      vertex -1 -55.6 7.5
      vertex -2 -54.4 7.5
      vertex -2 -55.6 7.5
    endloop
  endfacet
  facet normal -0 0 1
    outer loop
      vertex -2 -52.4 7.5
      vertex -1 -53.6 7.5
      vertex -1 -52.4 7.5
    endloop
  endfacet
  facet normal 0 0 1
    outer loop
      vertex -1 -53.6 7.5
      vertex -2 -52.4 7.5
      vertex -2 -53.6 7.5
    endloop
  endfacet
  facet normal -0 0 1
    outer loop
      vertex -2 -50.4 7.5
      vertex -1 -51.6 7.5
      vertex -1 -50.4 7.5
    endloop
  endfacet
  facet normal 0 0 1
    outer loop
      vertex -1 -51.6 7.5
      vertex -2 -50.4 7.5
      vertex -2 -51.6 7.5
    endloop
  endfacet
  facet normal -0 0 1
    outer loop
      vertex -2 -48.4 7.5
      vertex -1 -49.6 7.5
      vertex -1 -48.4 7.5
    endloop
  endfacet
  facet normal 0 0 1
    outer loop
      vertex -1 -49.6 7.5
      vertex -2 -48.4 7.5
      vertex -2 -49.6 7.5
    endloop
  endfacet
  facet normal -0 0 1
    outer loop
      vertex -2 -46.4 7.5
      vertex -1 -47.6 7.5
      vertex -1 -46.4 7.5
    endloop
  endfacet
  facet normal 0 0 1
    outer loop
      vertex -1 -47.6 7.5
      vertex -2 -46.4 7.5
      vertex -2 -47.6 7.5
    endloop
  endfacet
  facet normal -0 0 1
    outer loop
      vertex -2 -44.4 7.5
      vertex -1 -45.6 7.5
      vertex -1 -44.4 7.5
    endloop
  endfacet
  facet normal 0 0 1
    outer loop
      vertex -1 -45.6 7.5
      vertex -2 -44.4 7.5
      vertex -2 -45.6 7.5
    endloop
  endfacet
  facet normal -0 0 1
    outer loop
      vertex -2 -42.4 7.5
      vertex -1 -43.6 7.5
      vertex -1 -42.4 7.5
    endloop
  endfacet
  facet normal 0 0 1
    outer loop
      vertex -1 -43.6 7.5
      vertex -2 -42.4 7.5
      vertex -2 -43.6 7.5
    endloop
  endfacet
  facet normal -0 0 1
    outer loop
      vertex -2 -40.4 7.5
      vertex -1 -41.6 7.5
      vertex -1 -40.4 7.5
    endloop
  endfacet
  facet normal 0 0 1
    outer loop
      vertex -1 -41.6 7.5
      vertex -2 -40.4 7.5
      vertex -2 -41.6 7.5
    endloop
  endfacet
  facet normal -0 0 1
    outer loop
      vertex -2 -38.4 7.5
      vertex -1 -39.6 7.5
      vertex -1 -38.4 7.5
    endloop
  endfacet
  facet normal 0 0 1
    outer loop
      vertex -1 -39.6 7.5
      vertex -2 -38.4 7.5
      vertex -2 -39.6 7.5
    endloop
  endfacet
  facet normal -0 0 1
    outer loop
      vertex -2 -36.4 7.5
      vertex -1 -37.6 7.5
      vertex -1 -36.4 7.5
    endloop
  endfacet
  facet normal 0 0 1
    outer loop
      vertex -1 -37.6 7.5
      vertex -2 -36.4 7.5
      vertex -2 -37.6 7.5
    endloop
  endfacet
  facet normal -0 0 1
    outer loop
      vertex -2 -34.4 7.5
      vertex -1 -35.6 7.5
      vertex -1 -34.4 7.5
    endloop
  endfacet
  facet normal 0 0 1
    outer loop
      vertex -1 -35.6 7.5
      vertex -2 -34.4 7.5
      vertex -2 -35.6 7.5
    endloop
  endfacet
  facet normal -0 0 1
    outer loop
      vertex -2 -32.4 7.5
      vertex -1 -33.6 7.5
      vertex -1 -32.4 7.5
    endloop
  endfacet
  facet normal 0 0 1
    outer loop
      vertex -1 -33.6 7.5
      vertex -2 -32.4 7.5
      vertex -2 -33.6 7.5
    endloop
  endfacet
  facet normal -0 0 1
    outer loop
      vertex -2 -30.4 7.5
      vertex -1 -31.6 7.5
      vertex -1 -30.4 7.5
    endloop
  endfacet
  facet normal 0 0 1
    outer loop
      vertex -1 -31.6 7.5
      vertex -2 -30.4 7.5
      vertex -2 -31.6 7.5
    endloop
  endfacet
  facet normal -0 0 1
    outer loop
      vertex -2 -28.4 7.5
      vertex -1 -29.6 7.5
      vertex -1 -28.4 7.5
    endloop
  endfacet
  facet normal 0 0 1
    outer loop
      vertex -1 -29.6 7.5
      vertex -2 -28.4 7.5
      vertex -2 -29.6 7.5
    endloop
  endfacet
  facet normal -0 0 1
    outer loop
      vertex -2 -26.4 7.5
      vertex -1 -27.6 7.5
      vertex -1 -26.4 7.5
    endloop
  endfacet
  facet normal 0 0 1
    outer loop
      vertex -1 -27.6 7.5
      vertex -2 -26.4 7.5
      vertex -2 -27.6 7.5
    endloop
  endfacet
  facet normal -0 0 1
    outer loop
      vertex -2 -24.4 7.5
      vertex -1 -25.6 7.5
      vertex -1 -24.4 7.5
    endloop
  endfacet
  facet normal 0 0 1
    outer loop
      vertex -1 -25.6 7.5
      vertex -2 -24.4 7.5
      vertex -2 -25.6 7.5
    endloop
  endfacet
  facet normal -0 0 1
    outer loop
      vertex -2 -22.4 7.5
      vertex -1 -23.6 7.5
      vertex -1 -22.4 7.5
    endloop
  endfacet
  facet normal 0 0 1
    outer loop
      vertex -1 -23.6 7.5
      vertex -2 -22.4 7.5
      vertex -2 -23.6 7.5
    endloop
  endfacet
  facet normal -0 0 1
    outer loop
      vertex -2 -20.4 7.5
      vertex -1 -21.6 7.5
      vertex -1 -20.4 7.5
    endloop
  endfacet
  facet normal 0 0 1
    outer loop
      vertex -1 -21.6 7.5
      vertex -2 -20.4 7.5
      vertex -2 -21.6 7.5
    endloop
  endfacet
  facet normal -0 0 1
    outer loop
      vertex -2 -18.4 7.5
      vertex -1 -19.6 7.5
      vertex -1 -18.4 7.5
    endloop
  endfacet
  facet normal 0 0 1
    outer loop
      vertex -1 -19.6 7.5
      vertex -2 -18.4 7.5
      vertex -2 -19.6 7.5
    endloop
  endfacet
  facet normal -0 0 1
    outer loop
      vertex -2 -16.4 7.5
      vertex -1 -17.6 7.5
      vertex -1 -16.4 7.5
    endloop
  endfacet
  facet normal 0 0 1
    outer loop
      vertex -1 -17.6 7.5
      vertex -2 -16.4 7.5
      vertex -2 -17.6 7.5
    endloop
  endfacet
  facet normal -0 0 1
    outer loop
      vertex -2 -14.4 7.5
      vertex -1 -15.6 7.5
      vertex -1 -14.4 7.5
    endloop
  endfacet
  facet normal 0 0 1
    outer loop
      vertex -1 -15.6 7.5
      vertex -2 -14.4 7.5
      vertex -2 -15.6 7.5
    endloop
  endfacet
  facet normal -0 0 1
    outer loop
      vertex -2 -12.4 7.5
      vertex -1 -13.6 7.5
      vertex -1 -12.4 7.5
    endloop
  endfacet
  facet normal 0 0 1
    outer loop
      vertex -1 -13.6 7.5
      vertex -2 -12.4 7.5
      vertex -2 -13.6 7.5
    endloop
  endfacet
  facet normal -0 0 1
    outer loop
      vertex -2 -10.4 7.5
      vertex -1 -11.6 7.5
      vertex -1 -10.4 7.5
    endloop
  endfacet
  facet normal 0 0 1
    outer loop
      vertex -1 -11.6 7.5
      vertex -2 -10.4 7.5
      vertex -2 -11.6 7.5
    endloop
  endfacet
  facet normal -0 0 1
    outer loop
      vertex -2 -8.4 7.5
      vertex -1 -9.6 7.5
      vertex -1 -8.4 7.5
    endloop
  endfacet
  facet normal 0 0 1
    outer loop
      vertex -1 -9.6 7.5
      vertex -2 -8.4 7.5
      vertex -2 -9.6 7.5
    endloop
  endfacet
  facet normal -0 0 1
    outer loop
      vertex -2 -6.4 7.5
      vertex -1 -7.6 7.5
      vertex -1 -6.4 7.5
    endloop
  endfacet
  facet normal 0 0 1
    outer loop
      vertex -1 -7.6 7.5
      vertex -2 -6.4 7.5
      vertex -2 -7.6 7.5
    endloop
  endfacet
  facet normal -0 0 1
    outer loop
      vertex -2 -4.4 7.5
      vertex -1 -5.6 7.5
      vertex -1 -4.4 7.5
    endloop
  endfacet
  facet normal 0 0 1
    outer loop
      vertex -1 -5.6 7.5
      vertex -2 -4.4 7.5
      vertex -2 -5.6 7.5
    endloop
  endfacet
  facet normal -0 0 1
    outer loop
      vertex -2 -2.4 7.5
      vertex -1 -3.6 7.5
      vertex -1 -2.4 7.5
    endloop
  endfacet
  facet normal 0 0 1
    outer loop
      vertex -1 -3.6 7.5
      vertex -2 -2.4 7.5
      vertex -2 -3.6 7.5
    endloop
  endfacet
  facet normal -0 0 1
    outer loop
      vertex -2 -0.4 7.5
      vertex -1 -1.6 7.5
      vertex -1 -0.4 7.5
    endloop
  endfacet
  facet normal 0 0 1
    outer loop
      vertex -1 -1.6 7.5
      vertex -2 -0.4 7.5
      vertex -2 -1.6 7.5
    endloop
  endfacet
  facet normal -0 0 1
    outer loop
      vertex -2 1.6 7.5
      vertex -1 0.400001 7.5
      vertex -1 1.6 7.5
    endloop
  endfacet
  facet normal 0 0 1
    outer loop
      vertex -1 0.400001 7.5
      vertex -2 1.6 7.5
      vertex -2 0.400001 7.5
    endloop
  endfacet
  facet normal -0 0 1
    outer loop
      vertex -2 3.6 7.5
      vertex -1 2.4 7.5
      vertex -1 3.6 7.5
    endloop
  endfacet
  facet normal 0 0 1
    outer loop
      vertex -1 2.4 7.5
      vertex -2 3.6 7.5
      vertex -2 2.4 7.5
    endloop
  endfacet
  facet normal -0 0 1
    outer loop
      vertex -2 5.6 7.5
      vertex -1 4.4 7.5
      vertex -1 5.6 7.5
    endloop
  endfacet
  facet normal 0 0 1
    outer loop
      vertex -1 4.4 7.5
      vertex -2 5.6 7.5
      vertex -2 4.4 7.5
    endloop
  endfacet
  facet normal -0 0 1
    outer loop
      vertex -2 7.6 7.5
      vertex -1 6.4 7.5
      vertex -1 7.6 7.5
    endloop
  endfacet
  facet normal 0 0 1
    outer loop
      vertex -1 6.4 7.5
      vertex -2 7.6 7.5
      vertex -2 6.4 7.5
    endloop
  endfacet
  facet normal -0 0 1
    outer loop
      vertex -2 9.6 7.5
      vertex -1 8.4 7.5
      vertex -1 9.6 7.5
    endloop
  endfacet
  facet normal 0 0 1
    outer loop
      vertex -1 8.4 7.5
      vertex -2 9.6 7.5
      vertex -2 8.4 7.5
    endloop
  endfacet
  facet normal -0 0 1
    outer loop
      vertex -2 11.6 7.5
      vertex -1 10.4 7.5
      vertex -1 11.6 7.5
    endloop
  endfacet
  facet normal 0 0 1
    outer loop
      vertex -1 10.4 7.5
      vertex -2 11.6 7.5
      vertex -2 10.4 7.5
    endloop
  endfacet
  facet normal -0 0 1
    outer loop
      vertex -2 13.6 7.5
      vertex -1 12.4 7.5
      vertex -1 13.6 7.5
    endloop
  endfacet
  facet normal 0 0 1
    outer loop
      vertex -1 12.4 7.5
      vertex -2 13.6 7.5
      vertex -2 12.4 7.5
    endloop
  endfacet
  facet normal -0 0 1
    outer loop
      vertex -2 15.6 7.5
      vertex -1 14.4 7.5
      vertex -1 15.6 7.5
    endloop
  endfacet
  facet normal 0 0 1
    outer loop
      vertex -1 14.4 7.5
      vertex -2 15.6 7.5
      vertex -2 14.4 7.5
    endloop
  endfacet
  facet normal -0 0 1
    outer loop
      vertex -2 17.6 7.5
      vertex -1 16.4 7.5
      vertex -1 17.6 7.5
    endloop
  endfacet
  facet normal 0 0 1
    outer loop
      vertex -1 16.4 7.5
      vertex -2 17.6 7.5
      vertex -2 16.4 7.5
    endloop
  endfacet
  facet normal -0 0 1
    outer loop
      vertex -2 19.6 7.5
      vertex -1 18.4 7.5
      vertex -1 19.6 7.5
    endloop
  endfacet
  facet normal 0 0 1
    outer loop
      vertex -1 18.4 7.5
      vertex -2 19.6 7.5
      vertex -2 18.4 7.5
    endloop
  endfacet
  facet normal -0 0 1
    outer loop
      vertex -2 21.6 7.5
      vertex -1 20.4 7.5
      vertex -1 21.6 7.5
    endloop
  endfacet
  facet normal 0 0 1
    outer loop
      vertex -1 20.4 7.5
      vertex -2 21.6 7.5
      vertex -2 20.4 7.5
    endloop
  endfacet
  facet normal -0 0 1
    outer loop
      vertex -2 23.6 7.5
      vertex -1 22.4 7.5
      vertex -1 23.6 7.5
    endloop
  endfacet
  facet normal 0 0 1
    outer loop
      vertex -1 22.4 7.5
      vertex -2 23.6 7.5
      vertex -2 22.4 7.5
    endloop
  endfacet
  facet normal -0 0 1
    outer loop
      vertex -2 25.6 7.5
      vertex -1 24.4 7.5
      vertex -1 25.6 7.5
    endloop
  endfacet
  facet normal 0 0 1
    outer loop
      vertex -1 24.4 7.5
      vertex -2 25.6 7.5
      vertex -2 24.4 7.5
    endloop
  endfacet
  facet normal -0 0 1
    outer loop
      vertex -2 27.6 7.5
      vertex -1 26.4 7.5
      vertex -1 27.6 7.5
    endloop
  endfacet
  facet normal 0 0 1
    outer loop
      vertex -1 26.4 7.5
      vertex -2 27.6 7.5
      vertex -2 26.4 7.5
    endloop
  endfacet
  facet normal -0 0 1
    outer loop
      vertex -2 29.6 7.5
      vertex -1 28.4 7.5
      vertex -1 29.6 7.5
    endloop
  endfacet
  facet normal 0 0 1
    outer loop
      vertex -1 28.4 7.5
      vertex -2 29.6 7.5
      vertex -2 28.4 7.5
    endloop
  endfacet
  facet normal -0 0 1
    outer loop
      vertex -2 31.6 7.5
      vertex -1 30.4 7.5
      vertex -1 31.6 7.5
    endloop
  endfacet
  facet normal 0 0 1
    outer loop
      vertex -1 30.4 7.5
      vertex -2 31.6 7.5
      vertex -2 30.4 7.5
    endloop
  endfacet
  facet normal -0 0 1
    outer loop
      vertex -2 33.6 7.5
      vertex -1 32.4 7.5
      vertex -1 33.6 7.5
    endloop
  endfacet
  facet normal 0 0 1
    outer loop
      vertex -1 32.4 7.5
      vertex -2 33.6 7.5
      vertex -2 32.4 7.5
    endloop
  endfacet
  facet normal -0 0 1
    outer loop
      vertex -2 35.6 7.5
      vertex -1 34.4 7.5
      vertex -1 35.6 7.5
    endloop
  endfacet
  facet normal 0 0 1
    outer loop
      vertex -1 34.4 7.5
      vertex -2 35.6 7.5
      vertex -2 34.4 7.5
    endloop
  endfacet
  facet normal -0 0 1
    outer loop
      vertex -2 37.6 7.5
      vertex -1 36.4 7.5
      vertex -1 37.6 7.5
    endloop
  endfacet
  facet normal 0 0 1
    outer loop
      vertex -1 36.4 7.5
      vertex -2 37.6 7.5
      vertex -2 36.4 7.5
    endloop
  endfacet
  facet normal -0 0 1
    outer loop
      vertex -2 39.6 7.5
      vertex -1 38.4 7.5
      vertex -1 39.6 7.5
    endloop
  endfacet
  facet normal 0 0 1
    outer loop
      vertex -1 38.4 7.5
      vertex -2 39.6 7.5
      vertex -2 38.4 7.5
    endloop
  endfacet
  facet normal -0 0 1
    outer loop
      vertex -2 41.6 7.5
      vertex -1 40.4 7.5
      vertex -1 41.6 7.5
    endloop
  endfacet
  facet normal 0 0 1
    outer loop
      vertex -1 40.4 7.5
      vertex -2 41.6 7.5
      vertex -2 40.4 7.5
    endloop
  endfacet
  facet normal -0 0 1
    outer loop
      vertex -2 43.6 7.5
      vertex -1 42.4 7.5
      vertex -1 43.6 7.5
    endloop
  endfacet
  facet normal 0 0 1
    outer loop
      vertex -1 42.4 7.5
      vertex -2 43.6 7.5
      vertex -2 42.4 7.5
    endloop
  endfacet
  facet normal -0 0 1
    outer loop
      vertex -2 45.6 7.5
      vertex -1 44.4 7.5
      vertex -1 45.6 7.5
    endloop
  endfacet
  facet normal 0 0 1
    outer loop
      vertex -1 44.4 7.5
      vertex -2 45.6 7.5
      vertex -2 44.4 7.5
    endloop
  endfacet
  facet normal -0 0 1
    outer loop
      vertex -2 47.6 7.5
      vertex -1 46.4 7.5
      vertex -1 47.6 7.5
    endloop
  endfacet
  facet normal 0 0 1
    outer loop
      vertex -1 46.4 7.5
      vertex -2 47.6 7.5
      vertex -2 46.4 7.5
    endloop
  endfacet
  facet normal -0 0 1
    outer loop
      vertex -2 49.6 7.5
      vertex -1 48.4 7.5
      vertex -1 49.6 7.5
    endloop
  endfacet
  facet normal 0 0 1
    outer loop
      vertex -1 48.4 7.5
      vertex -2 49.6 7.5
      vertex -2 48.4 7.5
    endloop
  endfacet
  facet normal -0 0 1
    outer loop
      vertex -2 51.6 7.5
      vertex -1 50.4 7.5
      vertex -1 51.6 7.5
    endloop
  endfacet
  facet normal 0 0 1
    outer loop
      vertex -1 50.4 7.5
      vertex -2 51.6 7.5
      vertex -2 50.4 7.5
    endloop
  endfacet
  facet normal -0 0 1
    outer loop
      vertex -2 53.6 7.5
      vertex -1 52.4 7.5
      vertex -1 53.6 7.5
    endloop
  endfacet
  facet normal 0 0 1
    outer loop
      vertex -1 52.4 7.5
      vertex -2 53.6 7.5
      vertex -2 52.4 7.5
    endloop
  endfacet
  facet normal -0 0 1
    outer loop
      vertex -2 55.6 7.5
      vertex -1 54.4 7.5
      vertex -1 55.6 7.5
    endloop
  endfacet
  facet normal 0 0 1
    outer loop
      vertex -1 54.4 7.5
      vertex -2 55.6 7.5
      vertex -2 54.4 7.5
    endloop
  endfacet
  facet normal -0 0 1
    outer loop
      vertex -2 57.6 7.5
      vertex -1 56.4 7.5
      vertex -1 57.6 7.5
    endloop
  endfacet
  facet normal 0 0 1
    outer loop
      vertex -1 56.4 7.5
      vertex -2 57.6 7.5
      vertex -2 56.4 7.5
    endloop
  endfacet
  facet normal -0 0 1
    outer loop
      vertex -2 59.6 7.5
      vertex -1 58.4 7.5
      vertex -1 59.6 7.5
    endloop
  endfacet
  facet normal 0 0 1
    outer loop
      vertex -1 58.4 7.5
      vertex -2 59.6 7.5
      vertex -2 58.4 7.5
    endloop
  endfacet
  facet normal -0 0 1
    outer loop
      vertex -2 61.6 7.5
      vertex -1 60.4 7.5
      vertex -1 61.6 7.5
    endloop
  endfacet
  facet normal 0 0 1
    outer loop
      vertex -1 60.4 7.5
      vertex -2 61.6 7.5
      vertex -2 60.4 7.5
    endloop
  endfacet
  facet normal -0 0 1
    outer loop
      vertex -2 63.6 7.5
      vertex -1 62.4 7.5
      vertex -1 63.6 7.5
    endloop
  endfacet
  facet normal 0 0 1
    outer loop
      vertex -1 62.4 7.5
      vertex -2 63.6 7.5
      vertex -2 62.4 7.5
    endloop
  endfacet
  facet normal -0 0 1
    outer loop
      vertex -2 65.6 7.5
      vertex -1 64.4 7.5
      vertex -1 65.6 7.5
    endloop
  endfacet
  facet normal 0 0 1
    outer loop
      vertex -1 64.4 7.5
      vertex -2 65.6 7.5
      vertex -2 64.4 7.5
    endloop
  endfacet
  facet normal -0 0 1
    outer loop
      vertex -2 67.6 7.5
      vertex -1 66.4 7.5
      vertex -1 67.6 7.5
    endloop
  endfacet
  facet normal 0 0 1
    outer loop
      vertex -1 66.4 7.5
      vertex -2 67.6 7.5
      vertex -2 66.4 7.5
    endloop
  endfacet
  facet normal -0 0 1
    outer loop
      vertex -2 69.6 7.5
      vertex -1 68.4 7.5
      vertex -1 69.6 7.5
    endloop
  endfacet
  facet normal 0 0 1
    outer loop
      vertex -1 68.4 7.5
      vertex -2 69.6 7.5
      vertex -2 68.4 7.5
    endloop
  endfacet
  facet normal -0 0 1
    outer loop
      vertex -2 71.6 7.5
      vertex -1 70.4 7.5
      vertex -1 71.6 7.5
    endloop
  endfacet
  facet normal 0 0 1
    outer loop
      vertex -1 70.4 7.5
      vertex -2 71.6 7.5
      vertex -2 70.4 7.5
    endloop
  endfacet
  facet normal -0 0 1
    outer loop
      vertex -2 73.6 7.5
      vertex -1 72.4 7.5
      vertex -1 73.6 7.5
    endloop
  endfacet
  facet normal 0 0 1
    outer loop
      vertex -1 72.4 7.5
      vertex -2 73.6 7.5
      vertex -2 72.4 7.5
    endloop
  endfacet
  facet normal -0 0 1
    outer loop
      vertex -2 75.6 7.5
      vertex -1 74.4 7.5
      vertex -1 75.6 7.5
    endloop
  endfacet
  facet normal 0 0 1
    outer loop
      vertex -1 74.4 7.5
      vertex -2 75.6 7.5
      vertex -2 74.4 7.5
    endloop
  endfacet
  facet normal -0 0 1
    outer loop
      vertex -2 77.6 7.5
      vertex -1 76.4 7.5
      vertex -1 77.6 7.5
    endloop
  endfacet
  facet normal 0 0 1
    outer loop
      vertex -1 76.4 7.5
      vertex -2 77.6 7.5
      vertex -2 76.4 7.5
    endloop
  endfacet
  facet normal -0 0 1
    outer loop
      vertex -2 79.6 7.5
      vertex -1 78.4 7.5
      vertex -1 79.6 7.5
    endloop
  endfacet
  facet normal 0 0 1
    outer loop
      vertex -1 78.4 7.5
      vertex -2 79.6 7.5
      vertex -2 78.4 7.5
    endloop
  endfacet
  facet normal -0 0 1
    outer loop
      vertex -2 81.6 7.5
      vertex -1 80.4 7.5
      vertex -1 81.6 7.5
    endloop
  endfacet
  facet normal 0 0 1
    outer loop
      vertex -1 80.4 7.5
      vertex -2 81.6 7.5
      vertex -2 80.4 7.5
    endloop
  endfacet
  facet normal -0 0 1
    outer loop
      vertex -2 83.6 7.5
      vertex -1 82.4 7.5
      vertex -1 83.6 7.5
    endloop
  endfacet
  facet normal 0 0 1
    outer loop
      vertex -1 82.4 7.5
      vertex -2 83.6 7.5
      vertex -2 82.4 7.5
    endloop
  endfacet
  facet normal -0 0 1
    outer loop
      vertex -2 85.6 7.5
      vertex -1 84.4 7.5
      vertex -1 85.6 7.5
    endloop
  endfacet
  facet normal 0 0 1
    outer loop
      vertex -1 84.4 7.5
      vertex -2 85.6 7.5
      vertex -2 84.4 7.5
    endloop
  endfacet
  facet normal 0 0 1
    outer loop
      vertex -1 85.6 7.5
      vertex 1 87.5 7.5
      vertex -1 86.4 7.5
    endloop
  endfacet
  facet normal -0 0 1
    outer loop
      vertex -2 87.5 7.5
      vertex -1 86.4 7.5
      vertex 1 87.5 7.5
    endloop
  endfacet
  facet normal 0 0 1
    outer loop
      vertex -1 86.4 7.5
      vertex -2 87.5 7.5
      vertex -2 86.4 7.5
    endloop
  endfacet
  facet normal 0 0 1
    outer loop
      vertex -1 84.4 7.5
      vertex 1 87.5 7.5
      vertex -1 85.6 7.5
    endloop
  endfacet
  facet normal 0 0 1
    outer loop
      vertex -1 83.6 7.5
      vertex 1 87.5 7.5
      vertex -1 84.4 7.5
    endloop
  endfacet
  facet normal 0 0 1
    outer loop
      vertex -1 82.4 7.5
      vertex 1 87.5 7.5
      vertex -1 83.6 7.5
    endloop
  endfacet
  facet normal 0 0 1
    outer loop
      vertex -1 81.6 7.5
      vertex 1 87.5 7.5
      vertex -1 82.4 7.5
    endloop
  endfacet
  facet normal 0 0 1
    outer loop
      vertex -1 80.4 7.5
      vertex 1 87.5 7.5
      vertex -1 81.6 7.5
    endloop
  endfacet
  facet normal 0 0 1
    outer loop
      vertex -1 79.6 7.5
      vertex 1 87.5 7.5
      vertex -1 80.4 7.5
    endloop
  endfacet
  facet normal 0 0 1
    outer loop
      vertex -1 78.4 7.5
      vertex 1 87.5 7.5
      vertex -1 79.6 7.5
    endloop
  endfacet
  facet normal 0 0 1
    outer loop
      vertex -1 77.6 7.5
      vertex 1 87.5 7.5
      vertex -1 78.4 7.5
    endloop
  endfacet
  facet normal 0 0 1
    outer loop
      vertex -1 76.4 7.5
      vertex 1 87.5 7.5
      vertex -1 77.6 7.5
    endloop
  endfacet
  facet normal 0 0 1
    outer loop
      vertex -1 75.6 7.5
      vertex 1 87.5 7.5
      vertex -1 76.4 7.5
    endloop
  endfacet
  facet normal 0 0 1
    outer loop
      vertex -1 74.4 7.5
      vertex 1 87.5 7.5
      vertex -1 75.6 7.5
    endloop
  endfacet
  facet normal 0 0 1
    outer loop
      vertex -1 73.6 7.5
      vertex 1 87.5 7.5
      vertex -1 74.4 7.5
    endloop
  endfacet
  facet normal 0 0 1
    outer loop
      vertex -1 72.4 7.5
      vertex 1 87.5 7.5
      vertex -1 73.6 7.5
    endloop
  endfacet
  facet normal 0 0 1
    outer loop
      vertex -1 71.6 7.5
      vertex 1 87.5 7.5
      vertex -1 72.4 7.5
    endloop
  endfacet
  facet normal 0 0 1
    outer loop
      vertex -1 70.4 7.5
      vertex 1 87.5 7.5
      vertex -1 71.6 7.5
    endloop
  endfacet
  facet normal 0 0 1
    outer loop
      vertex -1 69.6 7.5
      vertex 1 87.5 7.5
      vertex -1 70.4 7.5
    endloop
  endfacet
  facet normal 0 0 1
    outer loop
      vertex -1 68.4 7.5
      vertex 1 87.5 7.5
      vertex -1 69.6 7.5
    endloop
  endfacet
  facet normal 0 0 1
    outer loop
      vertex -1 67.6 7.5
      vertex 1 87.5 7.5
      vertex -1 68.4 7.5
    endloop
  endfacet
  facet normal 0 0 1
    outer loop
      vertex -1 66.4 7.5
      vertex 1 87.5 7.5
      vertex -1 67.6 7.5
    endloop
  endfacet
  facet normal 0 0 1
    outer loop
      vertex -1 65.6 7.5
      vertex 1 87.5 7.5
      vertex -1 66.4 7.5
    endloop
  endfacet
  facet normal 0 0 1
    outer loop
      vertex -1 64.4 7.5
      vertex 1 87.5 7.5
      vertex -1 65.6 7.5
    endloop
  endfacet
  facet normal 0 0 1
    outer loop
      vertex -1 63.6 7.5
      vertex 1 87.5 7.5
      vertex -1 64.4 7.5
    endloop
  endfacet
  facet normal 0 0 1
    outer loop
      vertex -1 62.4 7.5
      vertex 1 87.5 7.5
      vertex -1 63.6 7.5
    endloop
  endfacet
  facet normal 0 0 1
    outer loop
      vertex -1 61.6 7.5
      vertex 1 87.5 7.5
      vertex -1 62.4 7.5
    endloop
  endfacet
  facet normal 0 0 1
    outer loop
      vertex -1 60.4 7.5
      vertex 1 87.5 7.5
      vertex -1 61.6 7.5
    endloop
  endfacet
  facet normal 0 0 1
    outer loop
      vertex -1 59.6 7.5
      vertex 1 87.5 7.5
      vertex -1 60.4 7.5
    endloop
  endfacet
  facet normal 0 0 1
    outer loop
      vertex -1 58.4 7.5
      vertex 1 87.5 7.5
      vertex -1 59.6 7.5
    endloop
  endfacet
  facet normal 0 0 1
    outer loop
      vertex -1 57.6 7.5
      vertex 1 87.5 7.5
      vertex -1 58.4 7.5
    endloop
  endfacet
  facet normal 0 0 1
    outer loop
      vertex -1 56.4 7.5
      vertex 1 87.5 7.5
      vertex -1 57.6 7.5
    endloop
  endfacet
  facet normal 0 0 1
    outer loop
      vertex -1 55.6 7.5
      vertex 1 87.5 7.5
      vertex -1 56.4 7.5
    endloop
  endfacet
  facet normal 0 0 1
    outer loop
      vertex -1 54.4 7.5
      vertex 1 87.5 7.5
      vertex -1 55.6 7.5
    endloop
  endfacet
  facet normal 0 0 1
    outer loop
      vertex -1 53.6 7.5
      vertex 1 87.5 7.5
      vertex -1 54.4 7.5
    endloop
  endfacet
  facet normal 0 0 1
    outer loop
      vertex -1 52.4 7.5
      vertex 1 87.5 7.5
      vertex -1 53.6 7.5
    endloop
  endfacet
  facet normal 0 0 1
    outer loop
      vertex -1 51.6 7.5
      vertex 1 87.5 7.5
      vertex -1 52.4 7.5
    endloop
  endfacet
  facet normal 0 0 1
    outer loop
      vertex -1 50.4 7.5
      vertex 1 87.5 7.5
      vertex -1 51.6 7.5
    endloop
  endfacet
  facet normal 0 0 1
    outer loop
      vertex -1 49.6 7.5
      vertex 1 87.5 7.5
      vertex -1 50.4 7.5
    endloop
  endfacet
  facet normal 0 0 1
    outer loop
      vertex -1 48.4 7.5
      vertex 1 87.5 7.5
      vertex -1 49.6 7.5
    endloop
  endfacet
  facet normal 0 0 1
    outer loop
      vertex -1 47.6 7.5
      vertex 1 87.5 7.5
      vertex -1 48.4 7.5
    endloop
  endfacet
  facet normal 0 0 1
    outer loop
      vertex -1 46.4 7.5
      vertex 1 87.5 7.5
      vertex -1 47.6 7.5
    endloop
  endfacet
  facet normal 0 0 1
    outer loop
      vertex -1 45.6 7.5
      vertex 1 87.5 7.5
      vertex -1 46.4 7.5
    endloop
  endfacet
  facet normal 0 0 1
    outer loop
      vertex -1 44.4 7.5
      vertex 1 87.5 7.5
      vertex -1 45.6 7.5
    endloop
  endfacet
  facet normal 0 0 1
    outer loop
      vertex -1 43.6 7.5
      vertex 1 87.5 7.5
      vertex -1 44.4 7.5
    endloop
  endfacet
  facet normal 0 0 1
    outer loop
      vertex -1 42.4 7.5
      vertex 1 87.5 7.5
      vertex -1 43.6 7.5
    endloop
  endfacet
  facet normal 0 0 1
    outer loop
      vertex -1 41.6 7.5
      vertex 1 87.5 7.5
      vertex -1 42.4 7.5
    endloop
  endfacet
  facet normal 0 0 1
    outer loop
      vertex -1 40.4 7.5
      vertex 1 87.5 7.5
      vertex -1 41.6 7.5
    endloop
  endfacet
  facet normal 0 0 1
    outer loop
      vertex -1 39.6 7.5
      vertex 1 87.5 7.5
      vertex -1 40.4 7.5
    endloop
  endfacet
  facet normal 0 0 1
    outer loop
      vertex -1 38.4 7.5
      vertex 1 87.5 7.5
      vertex -1 39.6 7.5
    endloop
  endfacet
  facet normal 0 0 1
    outer loop
      vertex -1 37.6 7.5
      vertex 1 87.5 7.5
      vertex -1 38.4 7.5
    endloop
  endfacet
  facet normal 0 0 1
    outer loop
      vertex -1 36.4 7.5
      vertex 1 87.5 7.5
      vertex -1 37.6 7.5
    endloop
  endfacet
  facet normal 0 0 1
    outer loop
      vertex -1 35.6 7.5
      vertex 1 87.5 7.5
      vertex -1 36.4 7.5
    endloop
  endfacet
  facet normal 0 0 1
    outer loop
      vertex -1 34.4 7.5
      vertex 1 87.5 7.5
      vertex -1 35.6 7.5
    endloop
  endfacet
  facet normal 0 0 1
    outer loop
      vertex -1 33.6 7.5
      vertex 1 87.5 7.5
      vertex -1 34.4 7.5
    endloop
  endfacet
  facet normal 0 0 1
    outer loop
      vertex -1 32.4 7.5
      vertex 1 87.5 7.5
      vertex -1 33.6 7.5
    endloop
  endfacet
  facet normal 0 0 1
    outer loop
      vertex -1 31.6 7.5
      vertex 1 87.5 7.5
      vertex -1 32.4 7.5
    endloop
  endfacet
  facet normal 0 0 1
    outer loop
      vertex -1 30.4 7.5
      vertex 1 87.5 7.5
      vertex -1 31.6 7.5
    endloop
  endfacet
  facet normal 0 0 1
    outer loop
      vertex -1 29.6 7.5
      vertex 1 87.5 7.5
      vertex -1 30.4 7.5
    endloop
  endfacet
  facet normal 0 0 1
    outer loop
      vertex -1 28.4 7.5
      vertex 1 87.5 7.5
      vertex -1 29.6 7.5
    endloop
  endfacet
  facet normal 0 0 1
    outer loop
      vertex -1 27.6 7.5
      vertex 1 87.5 7.5
      vertex -1 28.4 7.5
    endloop
  endfacet
  facet normal 0 0 1
    outer loop
      vertex -1 26.4 7.5
      vertex 1 87.5 7.5
      vertex -1 27.6 7.5
    endloop
  endfacet
  facet normal 0 0 1
    outer loop
      vertex -1 25.6 7.5
      vertex 1 87.5 7.5
      vertex -1 26.4 7.5
    endloop
  endfacet
  facet normal 0 0 1
    outer loop
      vertex -1 24.4 7.5
      vertex 1 87.5 7.5
      vertex -1 25.6 7.5
    endloop
  endfacet
  facet normal 0 0 1
    outer loop
      vertex -1 23.6 7.5
      vertex 1 87.5 7.5
      vertex -1 24.4 7.5
    endloop
  endfacet
  facet normal 0 0 1
    outer loop
      vertex -1 22.4 7.5
      vertex 1 87.5 7.5
      vertex -1 23.6 7.5
    endloop
  endfacet
  facet normal 0 0 1
    outer loop
      vertex -1 21.6 7.5
      vertex 1 87.5 7.5
      vertex -1 22.4 7.5
    endloop
  endfacet
  facet normal 0 0 1
    outer loop
      vertex -1 20.4 7.5
      vertex 1 87.5 7.5
      vertex -1 21.6 7.5
    endloop
  endfacet
  facet normal 0 0 1
    outer loop
      vertex -1 19.6 7.5
      vertex 1 87.5 7.5
      vertex -1 20.4 7.5
    endloop
  endfacet
  facet normal 0 0 1
    outer loop
      vertex -1 18.4 7.5
      vertex 1 87.5 7.5
      vertex -1 19.6 7.5
    endloop
  endfacet
  facet normal 0 0 1
    outer loop
      vertex 1 87.5 7.5
      vertex -1 18.4 7.5
      vertex 1 -85 7.5
    endloop
  endfacet
  facet normal -0 0 1
    outer loop
      vertex -1 17.6 7.5
      vertex 1 -85 7.5
      vertex -1 18.4 7.5
    endloop
  endfacet
  facet normal -0 0 1
    outer loop
      vertex -1 16.4 7.5
      vertex 1 -85 7.5
      vertex -1 17.6 7.5
    endloop
  endfacet
  facet normal -0 0 1
    outer loop
      vertex -1 15.6 7.5
      vertex 1 -85 7.5
      vertex -1 16.4 7.5
    endloop
  endfacet
  facet normal -0 0 1
    outer loop
      vertex -1 14.4 7.5
      vertex 1 -85 7.5
      vertex -1 15.6 7.5
    endloop
  endfacet
  facet normal -0 0 1
    outer loop
      vertex -1 13.6 7.5
      vertex 1 -85 7.5
      vertex -1 14.4 7.5
    endloop
  endfacet
  facet normal -0 0 1
    outer loop
      vertex -1 12.4 7.5
      vertex 1 -85 7.5
      vertex -1 13.6 7.5
    endloop
  endfacet
  facet normal -0 0 1
    outer loop
      vertex -1 11.6 7.5
      vertex 1 -85 7.5
      vertex -1 12.4 7.5
    endloop
  endfacet
  facet normal -0 0 1
    outer loop
      vertex -1 10.4 7.5
      vertex 1 -85 7.5
      vertex -1 11.6 7.5
    endloop
  endfacet
  facet normal -0 0 1
    outer loop
      vertex -1 9.6 7.5
      vertex 1 -85 7.5
      vertex -1 10.4 7.5
    endloop
  endfacet
  facet normal -0 0 1
    outer loop
      vertex -1 8.4 7.5
      vertex 1 -85 7.5
      vertex -1 9.6 7.5
    endloop
  endfacet
  facet normal -0 0 1
    outer loop
      vertex -1 7.6 7.5
      vertex 1 -85 7.5
      vertex -1 8.4 7.5
    endloop
  endfacet
  facet normal -0 0 1
    outer loop
      vertex -1 6.4 7.5
      vertex 1 -85 7.5
      vertex -1 7.6 7.5
    endloop
  endfacet
  facet normal -0 0 1
    outer loop
      vertex -1 5.6 7.5
      vertex 1 -85 7.5
      vertex -1 6.4 7.5
    endloop
  endfacet
  facet normal -0 0 1
    outer loop
      vertex -1 4.4 7.5
      vertex 1 -85 7.5
      vertex -1 5.6 7.5
    endloop
  endfacet
  facet normal -0 0 1
    outer loop
      vertex -1 3.6 7.5
      vertex 1 -85 7.5
      vertex -1 4.4 7.5
    endloop
  endfacet
  facet normal -0 0 1
    outer loop
      vertex -1 2.4 7.5
      vertex 1 -85 7.5
      vertex -1 3.6 7.5
    endloop
  endfacet
  facet normal -0 0 1
    outer loop
      vertex -1 1.6 7.5
      vertex 1 -85 7.5
      vertex -1 2.4 7.5
    endloop
  endfacet
  facet normal -0 0 1
    outer loop
      vertex -1 0.400001 7.5
      vertex 1 -85 7.5
      vertex -1 1.6 7.5
    endloop
  endfacet
  facet normal -0 0 1
    outer loop
      vertex -1 -0.4 7.5
      vertex 1 -85 7.5
      vertex -1 0.400001 7.5
    endloop
  endfacet
  facet normal -0 0 1
    outer loop
      vertex -1 -1.6 7.5
      vertex 1 -85 7.5
      vertex -1 -0.4 7.5
    endloop
  endfacet
  facet normal -0 0 1
    outer loop
      vertex -1 -2.4 7.5
      vertex 1 -85 7.5
      vertex -1 -1.6 7.5
    endloop
  endfacet
  facet normal -0 0 1
    outer loop
      vertex -1 -3.6 7.5
      vertex 1 -85 7.5
      vertex -1 -2.4 7.5
    endloop
  endfacet
  facet normal -0 0 1
    outer loop
      vertex -1 -4.4 7.5
      vertex 1 -85 7.5
      vertex -1 -3.6 7.5
    endloop
  endfacet
  facet normal -0 0 1
    outer loop
      vertex -1 -5.6 7.5
      vertex 1 -85 7.5
      vertex -1 -4.4 7.5
    endloop
  endfacet
  facet normal -0 0 1
    outer loop
      vertex -1 -6.4 7.5
      vertex 1 -85 7.5
      vertex -1 -5.6 7.5
    endloop
  endfacet
  facet normal -0 0 1
    outer loop
      vertex -1 -7.6 7.5
      vertex 1 -85 7.5
      vertex -1 -6.4 7.5
    endloop
  endfacet
  facet normal -0 0 1
    outer loop
      vertex -1 -8.4 7.5
      vertex 1 -85 7.5
      vertex -1 -7.6 7.5
    endloop
  endfacet
  facet normal -0 0 1
    outer loop
      vertex -1 -9.6 7.5
      vertex 1 -85 7.5
      vertex -1 -8.4 7.5
    endloop
  endfacet
  facet normal -0 0 1
    outer loop
      vertex -1 -10.4 7.5
      vertex 1 -85 7.5
      vertex -1 -9.6 7.5
    endloop
  endfacet
  facet normal -0 0 1
    outer loop
      vertex -1 -11.6 7.5
      vertex 1 -85 7.5
      vertex -1 -10.4 7.5
    endloop
  endfacet
  facet normal -0 0 1
    outer loop
      vertex -1 -12.4 7.5
      vertex 1 -85 7.5
      vertex -1 -11.6 7.5
    endloop
  endfacet
  facet normal -0 0 1
    outer loop
      vertex -1 -13.6 7.5
      vertex 1 -85 7.5
      vertex -1 -12.4 7.5
    endloop
  endfacet
  facet normal -0 0 1
    outer loop
      vertex -1 -14.4 7.5
      vertex 1 -85 7.5
      vertex -1 -13.6 7.5
    endloop
  endfacet
  facet normal -0 0 1
    outer loop
      vertex -1 -15.6 7.5
      vertex 1 -85 7.5
      vertex -1 -14.4 7.5
    endloop
  endfacet
  facet normal -0 0 1
    outer loop
      vertex -1 -16.4 7.5
      vertex 1 -85 7.5
      vertex -1 -15.6 7.5
    endloop
  endfacet
  facet normal -0 0 1
    outer loop
      vertex -1 -17.6 7.5
      vertex 1 -85 7.5
      vertex -1 -16.4 7.5
    endloop
  endfacet
  facet normal -0 0 1
    outer loop
      vertex -1 -18.4 7.5
      vertex 1 -85 7.5
      vertex -1 -17.6 7.5
    endloop
  endfacet
  facet normal -0 0 1
    outer loop
      vertex -1 -19.6 7.5
      vertex 1 -85 7.5
      vertex -1 -18.4 7.5
    endloop
  endfacet
  facet normal -0 0 1
    outer loop
      vertex -1 -20.4 7.5
      vertex 1 -85 7.5
      vertex -1 -19.6 7.5
    endloop
  endfacet
  facet normal -0 0 1
    outer loop
      vertex -1 -21.6 7.5
      vertex 1 -85 7.5
      vertex -1 -20.4 7.5
    endloop
  endfacet
  facet normal -0 0 1
    outer loop
      vertex -1 -22.4 7.5
      vertex 1 -85 7.5
      vertex -1 -21.6 7.5
    endloop
  endfacet
  facet normal -0 0 1
    outer loop
      vertex -1 -23.6 7.5
      vertex 1 -85 7.5
      vertex -1 -22.4 7.5
    endloop
  endfacet
  facet normal -0 0 1
    outer loop
      vertex -1 -24.4 7.5
      vertex 1 -85 7.5
      vertex -1 -23.6 7.5
    endloop
  endfacet
  facet normal -0 0 1
    outer loop
      vertex -1 -25.6 7.5
      vertex 1 -85 7.5
      vertex -1 -24.4 7.5
    endloop
  endfacet
  facet normal -0 0 1
    outer loop
      vertex -1 -26.4 7.5
      vertex 1 -85 7.5
      vertex -1 -25.6 7.5
    endloop
  endfacet
  facet normal -0 0 1
    outer loop
      vertex -1 -27.6 7.5
      vertex 1 -85 7.5
      vertex -1 -26.4 7.5
    endloop
  endfacet
  facet normal -0 0 1
    outer loop
      vertex -1 -28.4 7.5
      vertex 1 -85 7.5
      vertex -1 -27.6 7.5
    endloop
  endfacet
  facet normal -0 0 1
    outer loop
      vertex -1 -29.6 7.5
      vertex 1 -85 7.5
      vertex -1 -28.4 7.5
    endloop
  endfacet
  facet normal -0 0 1
    outer loop
      vertex -1 -30.4 7.5
      vertex 1 -85 7.5
      vertex -1 -29.6 7.5
    endloop
  endfacet
  facet normal -0 0 1
    outer loop
      vertex -1 -31.6 7.5
      vertex 1 -85 7.5
      vertex -1 -30.4 7.5
    endloop
  endfacet
  facet normal -0 0 1
    outer loop
      vertex -1 -32.4 7.5
      vertex 1 -85 7.5
      vertex -1 -31.6 7.5
    endloop
  endfacet
  facet normal -0 0 1
    outer loop
      vertex -1 -33.6 7.5
      vertex 1 -85 7.5
      vertex -1 -32.4 7.5
    endloop
  endfacet
  facet normal -0 0 1
    outer loop
      vertex -1 -34.4 7.5
      vertex 1 -85 7.5
      vertex -1 -33.6 7.5
    endloop
  endfacet
  facet normal -0 0 1
    outer loop
      vertex -1 -35.6 7.5
      vertex 1 -85 7.5
      vertex -1 -34.4 7.5
    endloop
  endfacet
  facet normal -0 0 1
    outer loop
      vertex -1 -36.4 7.5
      vertex 1 -85 7.5
      vertex -1 -35.6 7.5
    endloop
  endfacet
  facet normal -0 0 1
    outer loop
      vertex -1 -37.6 7.5
      vertex 1 -85 7.5
      vertex -1 -36.4 7.5
    endloop
  endfacet
  facet normal -0 0 1
    outer loop
      vertex -1 -38.4 7.5
      vertex 1 -85 7.5
      vertex -1 -37.6 7.5
    endloop
  endfacet
  facet normal -0 0 1
    outer loop
      vertex -1 -39.6 7.5
      vertex 1 -85 7.5
      vertex -1 -38.4 7.5
    endloop
  endfacet
  facet normal -0 0 1
    outer loop
      vertex -1 -40.4 7.5
      vertex 1 -85 7.5
      vertex -1 -39.6 7.5
    endloop
  endfacet
  facet normal -0 0 1
    outer loop
      vertex -1 -41.6 7.5
      vertex 1 -85 7.5
      vertex -1 -40.4 7.5
    endloop
  endfacet
  facet normal -0 0 1
    outer loop
      vertex -1 -42.4 7.5
      vertex 1 -85 7.5
      vertex -1 -41.6 7.5
    endloop
  endfacet
  facet normal -0 0 1
    outer loop
      vertex -1 -43.6 7.5
      vertex 1 -85 7.5
      vertex -1 -42.4 7.5
    endloop
  endfacet
  facet normal -0 0 1
    outer loop
      vertex -1 -44.4 7.5
      vertex 1 -85 7.5
      vertex -1 -43.6 7.5
    endloop
  endfacet
  facet normal -0 0 1
    outer loop
      vertex -1 -45.6 7.5
      vertex 1 -85 7.5
      vertex -1 -44.4 7.5
    endloop
  endfacet
  facet normal -0 0 1
    outer loop
      vertex -1 -46.4 7.5
      vertex 1 -85 7.5
      vertex -1 -45.6 7.5
    endloop
  endfacet
  facet normal -0 0 1
    outer loop
      vertex -1 -47.6 7.5
      vertex 1 -85 7.5
      vertex -1 -46.4 7.5
    endloop
  endfacet
  facet normal -0 0 1
    outer loop
      vertex -1 -48.4 7.5
      vertex 1 -85 7.5
      vertex -1 -47.6 7.5
    endloop
  endfacet
  facet normal -0 0 1
    outer loop
      vertex -1 -49.6 7.5
      vertex 1 -85 7.5
      vertex -1 -48.4 7.5
    endloop
  endfacet
  facet normal -0 0 1
    outer loop
      vertex -1 -50.4 7.5
      vertex 1 -85 7.5
      vertex -1 -49.6 7.5
    endloop
  endfacet
  facet normal -0 0 1
    outer loop
      vertex -1 -51.6 7.5
      vertex 1 -85 7.5
      vertex -1 -50.4 7.5
    endloop
  endfacet
  facet normal -0 0 1
    outer loop
      vertex -1 -52.4 7.5
      vertex 1 -85 7.5
      vertex -1 -51.6 7.5
    endloop
  endfacet
  facet normal -0 0 1
    outer loop
      vertex -1 -53.6 7.5
      vertex 1 -85 7.5
      vertex -1 -52.4 7.5
    endloop
  endfacet
  facet normal -0 0 1
    outer loop
      vertex -1 -54.4 7.5
      vertex 1 -85 7.5
      vertex -1 -53.6 7.5
    endloop
  endfacet
  facet normal -0 0 1
    outer loop
      vertex -1 -55.6 7.5
      vertex 1 -85 7.5
      vertex -1 -54.4 7.5
    endloop
  endfacet
  facet normal -0 0 1
    outer loop
      vertex -1 -56.4 7.5
      vertex 1 -85 7.5
      vertex -1 -55.6 7.5
    endloop
  endfacet
  facet normal -0 0 1
    outer loop
      vertex -1 -57.6 7.5
      vertex 1 -85 7.5
      vertex -1 -56.4 7.5
    endloop
  endfacet
  facet normal -0 0 1
    outer loop
      vertex -1 -58.4 7.5
      vertex 1 -85 7.5
      vertex -1 -57.6 7.5
    endloop
  endfacet
  facet normal -0 0 1
    outer loop
      vertex -1 -59.6 7.5
      vertex 1 -85 7.5
      vertex -1 -58.4 7.5
    endloop
  endfacet
  facet normal -0 0 1
    outer loop
      vertex -1 -60.4 7.5
      vertex 1 -85 7.5
      vertex -1 -59.6 7.5
    endloop
  endfacet
  facet normal -0 0 1
    outer loop
      vertex -1 -61.6 7.5
      vertex 1 -85 7.5
      vertex -1 -60.4 7.5
    endloop
  endfacet
  facet normal -0 0 1
    outer loop
      vertex -1 -62.4 7.5
      vertex 1 -85 7.5
      vertex -1 -61.6 7.5
    endloop
  endfacet
  facet normal -0 0 1
    outer loop
      vertex -1 -63.6 7.5
      vertex 1 -85 7.5
      vertex -1 -62.4 7.5
    endloop
  endfacet
  facet normal -0 0 1
    outer loop
      vertex -1 -64.4 7.5
      vertex 1 -85 7.5
      vertex -1 -63.6 7.5
    endloop
  endfacet
  facet normal -0 0 1
    outer loop
      vertex -1 -65.6 7.5
      vertex 1 -85 7.5
      vertex -1 -64.4 7.5
    endloop
  endfacet
  facet normal -0 0 1
    outer loop
      vertex -1 -66.4 7.5
      vertex 1 -85 7.5
      vertex -1 -65.6 7.5
    endloop
  endfacet
  facet normal -0 0 1
    outer loop
      vertex -1 -67.6 7.5
      vertex 1 -85 7.5
      vertex -1 -66.4 7.5
    endloop
  endfacet
  facet normal -0 0 1
    outer loop
      vertex -1 -68.4 7.5
      vertex 1 -85 7.5
      vertex -1 -67.6 7.5
    endloop
  endfacet
  facet normal -0 0 1
    outer loop
      vertex -1 -69.6 7.5
      vertex 1 -85 7.5
      vertex -1 -68.4 7.5
    endloop
  endfacet
  facet normal -0 0 1
    outer loop
      vertex -1 -70.4 7.5
      vertex 1 -85 7.5
      vertex -1 -69.6 7.5
    endloop
  endfacet
  facet normal -0 0 1
    outer loop
      vertex -1 -71.6 7.5
      vertex 1 -85 7.5
      vertex -1 -70.4 7.5
    endloop
  endfacet
  facet normal -0 0 1
    outer loop
      vertex -1 -72.4 7.5
      vertex 1 -85 7.5
      vertex -1 -71.6 7.5
    endloop
  endfacet
  facet normal -0 0 1
    outer loop
      vertex -1 -73.6 7.5
      vertex 1 -85 7.5
      vertex -1 -72.4 7.5
    endloop
  endfacet
  facet normal -0 0 1
    outer loop
      vertex -1 -74.4 7.5
      vertex 1 -85 7.5
      vertex -1 -73.6 7.5
    endloop
  endfacet
  facet normal -0 0 1
    outer loop
      vertex -1 -75.6 7.5
      vertex 1 -85 7.5
      vertex -1 -74.4 7.5
    endloop
  endfacet
  facet normal -0 0 1
    outer loop
      vertex -1 -76.4 7.5
      vertex 1 -85 7.5
      vertex -1 -75.6 7.5
    endloop
  endfacet
  facet normal -0 0 1
    outer loop
      vertex -1 -77.6 7.5
      vertex 1 -85 7.5
      vertex -1 -76.4 7.5
    endloop
  endfacet
  facet normal -0 0 1
    outer loop
      vertex -1 -78.4 7.5
      vertex 1 -85 7.5
      vertex -1 -77.6 7.5
    endloop
  endfacet
  facet normal -0 0 1
    outer loop
      vertex -1 -79.6 7.5
      vertex 1 -85 7.5
      vertex -1 -78.4 7.5
    endloop
  endfacet
  facet normal -0 0 1
    outer loop
      vertex -1 -80.4 7.5
      vertex 1 -85 7.5
      vertex -1 -79.6 7.5
    endloop
  endfacet
  facet normal -0 0 1
    outer loop
      vertex -1 -81.6 7.5
      vertex 1 -85 7.5
      vertex -1 -80.4 7.5
    endloop
  endfacet
  facet normal -0 0 1
    outer loop
      vertex -1 -82.4 7.5
      vertex 1 -85 7.5
      vertex -1 -81.6 7.5
    endloop
  endfacet
  facet normal -0 0 1
    outer loop
      vertex -1 -83.6 7.5
      vertex 1 -85 7.5
      vertex -1 -82.4 7.5
    endloop
  endfacet
  facet normal -0 0 1
    outer loop
      vertex -1 -84.4 7.5
      vertex 1 -85 7.5
      vertex -1 -83.6 7.5
    endloop
  endfacet
  facet normal 0 0 1
    outer loop
      vertex -2 -85 7.5
      vertex -1 -84.4 7.5
      vertex -2 -84.4 7.5
    endloop
  endfacet
  facet normal 0 0 1
    outer loop
      vertex -1 -84.4 7.5
      vertex -2 -85 7.5
      vertex 1 -85 7.5
    endloop
  endfacet
  facet normal -1 0 0
    outer loop
      vertex -1 77.6 2.5
      vertex -1 78.4 7.5
      vertex -1 78.4 2.5
    endloop
  endfacet
  facet normal -1 -0 0
    outer loop
      vertex -1 78.4 7.5
      vertex -1 77.6 2.5
      vertex -1 77.6 7.5
    endloop
  endfacet
  facet normal -1 0 0
    outer loop
      vertex -1 79.6 2.5
      vertex -1 80.4 7.5
      vertex -1 80.4 2.5
    endloop
  endfacet
  facet normal -1 -0 0
    outer loop
      vertex -1 80.4 7.5
      vertex -1 79.6 2.5
      vertex -1 79.6 7.5
    endloop
  endfacet
  facet normal -1 0 0
    outer loop
      vertex -1 75.6 2.5
      vertex -1 76.4 7.5
      vertex -1 76.4 2.5
    endloop
  endfacet
  facet normal -1 -0 0
    outer loop
      vertex -1 76.4 7.5
      vertex -1 75.6 2.5
      vertex -1 75.6 7.5
    endloop
  endfacet
  facet normal -1 0 0
    outer loop
      vertex -1 71.6 2.5
      vertex -1 72.4 7.5
      vertex -1 72.4 2.5
    endloop
  endfacet
  facet normal -1 -0 0
    outer loop
      vertex -1 72.4 7.5
      vertex -1 71.6 2.5
      vertex -1 71.6 7.5
    endloop
  endfacet
  facet normal -1 0 0
    outer loop
      vertex -1 73.6 2.5
      vertex -1 74.4 7.5
      vertex -1 74.4 2.5
    endloop
  endfacet
  facet normal -1 -0 0
    outer loop
      vertex -1 74.4 7.5
      vertex -1 73.6 2.5
      vertex -1 73.6 7.5
    endloop
  endfacet
  facet normal -1 0 0
    outer loop
      vertex -1 -80.4 2.5
      vertex -1 -79.6 7.5
      vertex -1 -79.6 2.5
    endloop
  endfacet
  facet normal -1 -0 0
    outer loop
      vertex -1 -79.6 7.5
      vertex -1 -80.4 2.5
      vertex -1 -80.4 7.5
    endloop
  endfacet
  facet normal -1 0 0
    outer loop
      vertex -1 -78.4 2.5
      vertex -1 -77.6 7.5
      vertex -1 -77.6 2.5
    endloop
  endfacet
  facet normal -1 -0 0
    outer loop
      vertex -1 -77.6 7.5
      vertex -1 -78.4 2.5
      vertex -1 -78.4 7.5
    endloop
  endfacet
  facet normal -1 0 0
    outer loop
      vertex -1 -10.4 2.5
      vertex -1 -9.6 7.5
      vertex -1 -9.6 2.5
    endloop
  endfacet
  facet normal -1 -0 0
    outer loop
      vertex -1 -9.6 7.5
      vertex -1 -10.4 2.5
      vertex -1 -10.4 7.5
    endloop
  endfacet
  facet normal -1 0 0
    outer loop
      vertex -1 -8.4 2.5
      vertex -1 -7.6 7.5
      vertex -1 -7.6 2.5
    endloop
  endfacet
  facet normal -1 -0 0
    outer loop
      vertex -1 -7.6 7.5
      vertex -1 -8.4 2.5
      vertex -1 -8.4 7.5
    endloop
  endfacet
  facet normal -1 0 0
    outer loop
      vertex -1 69.6 2.5
      vertex -1 70.4 7.5
      vertex -1 70.4 2.5
    endloop
  endfacet
  facet normal -1 -0 0
    outer loop
      vertex -1 70.4 7.5
      vertex -1 69.6 2.5
      vertex -1 69.6 7.5
    endloop
  endfacet
  facet normal -1 0 0
    outer loop
      vertex -1 67.6 2.5
      vertex -1 68.4 7.5
      vertex -1 68.4 2.5
    endloop
  endfacet
  facet normal -1 -0 0
    outer loop
      vertex -1 68.4 7.5
      vertex -1 67.6 2.5
      vertex -1 67.6 7.5
    endloop
  endfacet
  facet normal -1 0 0
    outer loop
      vertex -1 -12.4 2.5
      vertex -1 -11.6 7.5
      vertex -1 -11.6 2.5
    endloop
  endfacet
  facet normal -1 -0 0
    outer loop
      vertex -1 -11.6 7.5
      vertex -1 -12.4 2.5
      vertex -1 -12.4 7.5
    endloop
  endfacet
  facet normal -1 0 0
    outer loop
      vertex -1 1.6 2.5
      vertex -1 2.4 7.5
      vertex -1 2.4 2.5
    endloop
  endfacet
  facet normal -1 -0 0
    outer loop
      vertex -1 2.4 7.5
      vertex -1 1.6 2.5
      vertex -1 1.6 7.5
    endloop
  endfacet
  facet normal -1 0 0
    outer loop
      vertex -1 3.6 2.5
      vertex -1 4.4 7.5
      vertex -1 4.4 2.5
    endloop
  endfacet
  facet normal -1 -0 0
    outer loop
      vertex -1 4.4 7.5
      vertex -1 3.6 2.5
      vertex -1 3.6 7.5
    endloop
  endfacet
  facet normal -1 0 0
    outer loop
      vertex -1 43.6 2.5
      vertex -1 44.4 7.5
      vertex -1 44.4 2.5
    endloop
  endfacet
  facet normal -1 -0 0
    outer loop
      vertex -1 44.4 7.5
      vertex -1 43.6 2.5
      vertex -1 43.6 7.5
    endloop
  endfacet
  facet normal -1 0 0
    outer loop
      vertex -1 45.6 2.5
      vertex -1 46.4 7.5
      vertex -1 46.4 2.5
    endloop
  endfacet
  facet normal -1 -0 0
    outer loop
      vertex -1 46.4 7.5
      vertex -1 45.6 2.5
      vertex -1 45.6 7.5
    endloop
  endfacet
  facet normal -1 0 0
    outer loop
      vertex -1 -24.4 2.5
      vertex -1 -23.6 7.5
      vertex -1 -23.6 2.5
    endloop
  endfacet
  facet normal -1 -0 0
    outer loop
      vertex -1 -23.6 7.5
      vertex -1 -24.4 2.5
      vertex -1 -24.4 7.5
    endloop
  endfacet
  facet normal -1 0 0
    outer loop
      vertex -1 -22.4 2.5
      vertex -1 -21.6 7.5
      vertex -1 -21.6 2.5
    endloop
  endfacet
  facet normal -1 -0 0
    outer loop
      vertex -1 -21.6 7.5
      vertex -1 -22.4 2.5
      vertex -1 -22.4 7.5
    endloop
  endfacet
  facet normal -1 0 0
    outer loop
      vertex -1 23.6 2.5
      vertex -1 24.4 7.5
      vertex -1 24.4 2.5
    endloop
  endfacet
  facet normal -1 -0 0
    outer loop
      vertex -1 24.4 7.5
      vertex -1 23.6 2.5
      vertex -1 23.6 7.5
    endloop
  endfacet
  facet normal -1 0 0
    outer loop
      vertex -1 25.6 2.5
      vertex -1 26.4 7.5
      vertex -1 26.4 2.5
    endloop
  endfacet
  facet normal -1 -0 0
    outer loop
      vertex -1 26.4 7.5
      vertex -1 25.6 2.5
      vertex -1 25.6 7.5
    endloop
  endfacet
  facet normal -1 0 0
    outer loop
      vertex -1 41.6 2.5
      vertex -1 42.4 7.5
      vertex -1 42.4 2.5
    endloop
  endfacet
  facet normal -1 -0 0
    outer loop
      vertex -1 42.4 7.5
      vertex -1 41.6 2.5
      vertex -1 41.6 7.5
    endloop
  endfacet
  facet normal -1 0 0
    outer loop
      vertex -1 39.6 2.5
      vertex -1 40.4 7.5
      vertex -1 40.4 2.5
    endloop
  endfacet
  facet normal -1 -0 0
    outer loop
      vertex -1 40.4 7.5
      vertex -1 39.6 2.5
      vertex -1 39.6 7.5
    endloop
  endfacet
  facet normal -1 0 0
    outer loop
      vertex -1 -68.4 2.5
      vertex -1 -67.6 7.5
      vertex -1 -67.6 2.5
    endloop
  endfacet
  facet normal -1 -0 0
    outer loop
      vertex -1 -67.6 7.5
      vertex -1 -68.4 2.5
      vertex -1 -68.4 7.5
    endloop
  endfacet
  facet normal -1 0 0
    outer loop
      vertex -1 -66.4 2.5
      vertex -1 -65.6 7.5
      vertex -1 -65.6 2.5
    endloop
  endfacet
  facet normal -1 -0 0
    outer loop
      vertex -1 -65.6 7.5
      vertex -1 -66.4 2.5
      vertex -1 -66.4 7.5
    endloop
  endfacet
  facet normal -1 0 0
    outer loop
      vertex -1 -46.4 2.5
      vertex -1 -45.6 7.5
      vertex -1 -45.6 2.5
    endloop
  endfacet
  facet normal -1 -0 0
    outer loop
      vertex -1 -45.6 7.5
      vertex -1 -46.4 2.5
      vertex -1 -46.4 7.5
    endloop
  endfacet
  facet normal -1 0 0
    outer loop
      vertex -1 -44.4 2.5
      vertex -1 -43.6 7.5
      vertex -1 -43.6 2.5
    endloop
  endfacet
  facet normal -1 -0 0
    outer loop
      vertex -1 -43.6 7.5
      vertex -1 -44.4 2.5
      vertex -1 -44.4 7.5
    endloop
  endfacet
  facet normal -1 0 0
    outer loop
      vertex -1 -28.4 2.5
      vertex -1 -27.6 7.5
      vertex -1 -27.6 2.5
    endloop
  endfacet
  facet normal -1 -0 0
    outer loop
      vertex -1 -27.6 7.5
      vertex -1 -28.4 2.5
      vertex -1 -28.4 7.5
    endloop
  endfacet
  facet normal -1 0 0
    outer loop
      vertex -1 -26.4 2.5
      vertex -1 -25.6 7.5
      vertex -1 -25.6 2.5
    endloop
  endfacet
  facet normal -1 -0 0
    outer loop
      vertex -1 -25.6 7.5
      vertex -1 -26.4 2.5
      vertex -1 -26.4 7.5
    endloop
  endfacet
  facet normal -1 0 0
    outer loop
      vertex -1 -32.4 2.5
      vertex -1 -31.6 7.5
      vertex -1 -31.6 2.5
    endloop
  endfacet
  facet normal -1 -0 0
    outer loop
      vertex -1 -31.6 7.5
      vertex -1 -32.4 2.5
      vertex -1 -32.4 7.5
    endloop
  endfacet
  facet normal -1 0 0
    outer loop
      vertex -1 -30.4 2.5
      vertex -1 -29.6 7.5
      vertex -1 -29.6 2.5
    endloop
  endfacet
  facet normal -1 -0 0
    outer loop
      vertex -1 -29.6 7.5
      vertex -1 -30.4 2.5
      vertex -1 -30.4 7.5
    endloop
  endfacet
  facet normal -1 0 0
    outer loop
      vertex -1 -52.4 2.5
      vertex -1 -51.6 7.5
      vertex -1 -51.6 2.5
    endloop
  endfacet
  facet normal -1 -0 0
    outer loop
      vertex -1 -51.6 7.5
      vertex -1 -52.4 2.5
      vertex -1 -52.4 7.5
    endloop
  endfacet
  facet normal -1 0 0
    outer loop
      vertex -1 -50.4 2.5
      vertex -1 -49.6 7.5
      vertex -1 -49.6 2.5
    endloop
  endfacet
  facet normal -1 -0 0
    outer loop
      vertex -1 -49.6 7.5
      vertex -1 -50.4 2.5
      vertex -1 -50.4 7.5
    endloop
  endfacet
  facet normal -1 0 0
    outer loop
      vertex -1 -14.4 2.5
      vertex -1 -13.6 7.5
      vertex -1 -13.6 2.5
    endloop
  endfacet
  facet normal -1 -0 0
    outer loop
      vertex -1 -13.6 7.5
      vertex -1 -14.4 2.5
      vertex -1 -14.4 7.5
    endloop
  endfacet
  facet normal -1 0 0
    outer loop
      vertex -1 -48.4 2.5
      vertex -1 -47.6 7.5
      vertex -1 -47.6 2.5
    endloop
  endfacet
  facet normal -1 -0 0
    outer loop
      vertex -1 -47.6 7.5
      vertex -1 -48.4 2.5
      vertex -1 -48.4 7.5
    endloop
  endfacet
  facet normal -1 0 0
    outer loop
      vertex -1 -6.4 2.5
      vertex -1 -5.6 7.5
      vertex -1 -5.6 2.5
    endloop
  endfacet
  facet normal -1 -0 0
    outer loop
      vertex -1 -5.6 7.5
      vertex -1 -6.4 2.5
      vertex -1 -6.4 7.5
    endloop
  endfacet
  facet normal -1 0 0
    outer loop
      vertex -1 -4.4 2.5
      vertex -1 -3.6 7.5
      vertex -1 -3.6 2.5
    endloop
  endfacet
  facet normal -1 -0 0
    outer loop
      vertex -1 -3.6 7.5
      vertex -1 -4.4 2.5
      vertex -1 -4.4 7.5
    endloop
  endfacet
  facet normal -1 0 0
    outer loop
      vertex -1 -2.4 2.5
      vertex -1 -1.6 7.5
      vertex -1 -1.6 2.5
    endloop
  endfacet
  facet normal -1 -0 0
    outer loop
      vertex -1 -1.6 7.5
      vertex -1 -2.4 2.5
      vertex -1 -2.4 7.5
    endloop
  endfacet
  facet normal -1 0 0
    outer loop
      vertex -1 -0.4 2.5
      vertex -1 0.400001 7.5
      vertex -1 0.400001 2.5
    endloop
  endfacet
  facet normal -1 -0 0
    outer loop
      vertex -1 0.400001 7.5
      vertex -1 -0.4 2.5
      vertex -1 -0.4 7.5
    endloop
  endfacet
  facet normal -1 0 0
    outer loop
      vertex -1 85.6 2.5
      vertex -1 86.4 7.5
      vertex -1 86.4 2.5
    endloop
  endfacet
  facet normal -1 -0 0
    outer loop
      vertex -1 86.4 7.5
      vertex -1 85.6 2.5
      vertex -1 85.6 7.5
    endloop
  endfacet
  facet normal -1 0 0
    outer loop
      vertex -1 83.6 2.5
      vertex -1 84.4 7.5
      vertex -1 84.4 2.5
    endloop
  endfacet
  facet normal -1 -0 0
    outer loop
      vertex -1 84.4 7.5
      vertex -1 83.6 2.5
      vertex -1 83.6 7.5
    endloop
  endfacet
  facet normal -1 0 0
    outer loop
      vertex -1 -64.4 2.5
      vertex -1 -63.6 7.5
      vertex -1 -63.6 2.5
    endloop
  endfacet
  facet normal -1 -0 0
    outer loop
      vertex -1 -63.6 7.5
      vertex -1 -64.4 2.5
      vertex -1 -64.4 7.5
    endloop
  endfacet
  facet normal -1 0 0
    outer loop
      vertex -1 -62.4 2.5
      vertex -1 -61.6 7.5
      vertex -1 -61.6 2.5
    endloop
  endfacet
  facet normal -1 -0 0
    outer loop
      vertex -1 -61.6 7.5
      vertex -1 -62.4 2.5
      vertex -1 -62.4 7.5
    endloop
  endfacet
  facet normal -1 0 0
    outer loop
      vertex -1 -38.4 2.5
      vertex -1 -37.6 7.5
      vertex -1 -37.6 2.5
    endloop
  endfacet
  facet normal -1 -0 0
    outer loop
      vertex -1 -37.6 7.5
      vertex -1 -38.4 2.5
      vertex -1 -38.4 7.5
    endloop
  endfacet
  facet normal -1 0 0
    outer loop
      vertex -1 -36.4 2.5
      vertex -1 -35.6 7.5
      vertex -1 -35.6 2.5
    endloop
  endfacet
  facet normal -1 -0 0
    outer loop
      vertex -1 -35.6 7.5
      vertex -1 -36.4 2.5
      vertex -1 -36.4 7.5
    endloop
  endfacet
  facet normal -1 0 0
    outer loop
      vertex -1 -40.4 2.5
      vertex -1 -39.6 7.5
      vertex -1 -39.6 2.5
    endloop
  endfacet
  facet normal -1 -0 0
    outer loop
      vertex -1 -39.6 7.5
      vertex -1 -40.4 2.5
      vertex -1 -40.4 7.5
    endloop
  endfacet
  facet normal -1 0 0
    outer loop
      vertex -1 9.6 2.5
      vertex -1 10.4 7.5
      vertex -1 10.4 2.5
    endloop
  endfacet
  facet normal -1 -0 0
    outer loop
      vertex -1 10.4 7.5
      vertex -1 9.6 2.5
      vertex -1 9.6 7.5
    endloop
  endfacet
  facet normal -1 0 0
    outer loop
      vertex -1 11.6 2.5
      vertex -1 12.4 7.5
      vertex -1 12.4 2.5
    endloop
  endfacet
  facet normal -1 -0 0
    outer loop
      vertex -1 12.4 7.5
      vertex -1 11.6 2.5
      vertex -1 11.6 7.5
    endloop
  endfacet
  facet normal -1 0 0
    outer loop
      vertex -1 -76.4 2.5
      vertex -1 -75.6 7.5
      vertex -1 -75.6 2.5
    endloop
  endfacet
  facet normal -1 -0 0
    outer loop
      vertex -1 -75.6 7.5
      vertex -1 -76.4 2.5
      vertex -1 -76.4 7.5
    endloop
  endfacet
  facet normal -1 0 0
    outer loop
      vertex -1 -74.4 2.5
      vertex -1 -73.6 7.5
      vertex -1 -73.6 2.5
    endloop
  endfacet
  facet normal -1 -0 0
    outer loop
      vertex -1 -73.6 7.5
      vertex -1 -74.4 2.5
      vertex -1 -74.4 7.5
    endloop
  endfacet
  facet normal -1 0 0
    outer loop
      vertex -1 55.6 2.5
      vertex -1 56.4 7.5
      vertex -1 56.4 2.5
    endloop
  endfacet
  facet normal -1 -0 0
    outer loop
      vertex -1 56.4 7.5
      vertex -1 55.6 2.5
      vertex -1 55.6 7.5
    endloop
  endfacet
  facet normal -1 0 0
    outer loop
      vertex -1 57.6 2.5
      vertex -1 58.4 7.5
      vertex -1 58.4 2.5
    endloop
  endfacet
  facet normal -1 -0 0
    outer loop
      vertex -1 58.4 7.5
      vertex -1 57.6 2.5
      vertex -1 57.6 7.5
    endloop
  endfacet
  facet normal -1 0 0
    outer loop
      vertex -1 -72.4 2.5
      vertex -1 -71.6 7.5
      vertex -1 -71.6 2.5
    endloop
  endfacet
  facet normal -1 -0 0
    outer loop
      vertex -1 -71.6 7.5
      vertex -1 -72.4 2.5
      vertex -1 -72.4 7.5
    endloop
  endfacet
  facet normal -1 0 0
    outer loop
      vertex -1 -70.4 2.5
      vertex -1 -69.6 7.5
      vertex -1 -69.6 2.5
    endloop
  endfacet
  facet normal -1 -0 0
    outer loop
      vertex -1 -69.6 7.5
      vertex -1 -70.4 2.5
      vertex -1 -70.4 7.5
    endloop
  endfacet
  facet normal -1 0 0
    outer loop
      vertex -1 61.6 2.5
      vertex -1 62.4 7.5
      vertex -1 62.4 2.5
    endloop
  endfacet
  facet normal -1 -0 0
    outer loop
      vertex -1 62.4 7.5
      vertex -1 61.6 2.5
      vertex -1 61.6 7.5
    endloop
  endfacet
  facet normal -1 0 0
    outer loop
      vertex -1 63.6 2.5
      vertex -1 64.4 7.5
      vertex -1 64.4 2.5
    endloop
  endfacet
  facet normal -1 -0 0
    outer loop
      vertex -1 64.4 7.5
      vertex -1 63.6 2.5
      vertex -1 63.6 7.5
    endloop
  endfacet
  facet normal -1 0 0
    outer loop
      vertex -1 59.6 2.5
      vertex -1 60.4 7.5
      vertex -1 60.4 2.5
    endloop
  endfacet
  facet normal -1 -0 0
    outer loop
      vertex -1 60.4 7.5
      vertex -1 59.6 2.5
      vertex -1 59.6 7.5
    endloop
  endfacet
  facet normal -1 0 0
    outer loop
      vertex -1 47.6 2.5
      vertex -1 48.4 7.5
      vertex -1 48.4 2.5
    endloop
  endfacet
  facet normal -1 -0 0
    outer loop
      vertex -1 48.4 7.5
      vertex -1 47.6 2.5
      vertex -1 47.6 7.5
    endloop
  endfacet
  facet normal -1 0 0
    outer loop
      vertex -1 49.6 2.5
      vertex -1 50.4 7.5
      vertex -1 50.4 2.5
    endloop
  endfacet
  facet normal -1 -0 0
    outer loop
      vertex -1 50.4 7.5
      vertex -1 49.6 2.5
      vertex -1 49.6 7.5
    endloop
  endfacet
  facet normal -1 0 0
    outer loop
      vertex -1 -56.4 2.5
      vertex -1 -55.6 7.5
      vertex -1 -55.6 2.5
    endloop
  endfacet
  facet normal -1 -0 0
    outer loop
      vertex -1 -55.6 7.5
      vertex -1 -56.4 2.5
      vertex -1 -56.4 7.5
    endloop
  endfacet
  facet normal -1 0 0
    outer loop
      vertex -1 -54.4 2.5
      vertex -1 -53.6 7.5
      vertex -1 -53.6 2.5
    endloop
  endfacet
  facet normal -1 -0 0
    outer loop
      vertex -1 -53.6 7.5
      vertex -1 -54.4 2.5
      vertex -1 -54.4 7.5
    endloop
  endfacet
  facet normal -1 0 0
    outer loop
      vertex -1 -42.4 2.5
      vertex -1 -41.6 7.5
      vertex -1 -41.6 2.5
    endloop
  endfacet
  facet normal -1 -0 0
    outer loop
      vertex -1 -41.6 7.5
      vertex -1 -42.4 2.5
      vertex -1 -42.4 7.5
    endloop
  endfacet
  facet normal -1 0 0
    outer loop
      vertex -1 -60.4 2.5
      vertex -1 -59.6 7.5
      vertex -1 -59.6 2.5
    endloop
  endfacet
  facet normal -1 -0 0
    outer loop
      vertex -1 -59.6 7.5
      vertex -1 -60.4 2.5
      vertex -1 -60.4 7.5
    endloop
  endfacet
  facet normal -1 0 0
    outer loop
      vertex -1 -34.4 2.5
      vertex -1 -33.6 7.5
      vertex -1 -33.6 2.5
    endloop
  endfacet
  facet normal -1 -0 0
    outer loop
      vertex -1 -33.6 7.5
      vertex -1 -34.4 2.5
      vertex -1 -34.4 7.5
    endloop
  endfacet
  facet normal -1 0 0
    outer loop
      vertex -1 19.6 2.5
      vertex -1 20.4 7.5
      vertex -1 20.4 2.5
    endloop
  endfacet
  facet normal -1 -0 0
    outer loop
      vertex -1 20.4 7.5
      vertex -1 19.6 2.5
      vertex -1 19.6 7.5
    endloop
  endfacet
  facet normal -1 0 0
    outer loop
      vertex -1 21.6 2.5
      vertex -1 22.4 7.5
      vertex -1 22.4 2.5
    endloop
  endfacet
  facet normal -1 -0 0
    outer loop
      vertex -1 22.4 7.5
      vertex -1 21.6 2.5
      vertex -1 21.6 7.5
    endloop
  endfacet
  facet normal -1 0 0
    outer loop
      vertex -1 29.6 2.5
      vertex -1 30.4 7.5
      vertex -1 30.4 2.5
    endloop
  endfacet
  facet normal -1 -0 0
    outer loop
      vertex -1 30.4 7.5
      vertex -1 29.6 2.5
      vertex -1 29.6 7.5
    endloop
  endfacet
  facet normal -1 0 0
    outer loop
      vertex -1 31.6 2.5
      vertex -1 32.4 7.5
      vertex -1 32.4 2.5
    endloop
  endfacet
  facet normal -1 -0 0
    outer loop
      vertex -1 32.4 7.5
      vertex -1 31.6 2.5
      vertex -1 31.6 7.5
    endloop
  endfacet
  facet normal -1 0 0
    outer loop
      vertex -1 81.6 2.5
      vertex -1 82.4 7.5
      vertex -1 82.4 2.5
    endloop
  endfacet
  facet normal -1 -0 0
    outer loop
      vertex -1 82.4 7.5
      vertex -1 81.6 2.5
      vertex -1 81.6 7.5
    endloop
  endfacet
  facet normal -1 0 0
    outer loop
      vertex -1 -84.4 2.5
      vertex -1 -83.6 7.5
      vertex -1 -83.6 2.5
    endloop
  endfacet
  facet normal -1 -0 0
    outer loop
      vertex -1 -83.6 7.5
      vertex -1 -84.4 2.5
      vertex -1 -84.4 7.5
    endloop
  endfacet
  facet normal -1 0 0
    outer loop
      vertex -1 -82.4 2.5
      vertex -1 -81.6 7.5
      vertex -1 -81.6 2.5
    endloop
  endfacet
  facet normal -1 -0 0
    outer loop
      vertex -1 -81.6 7.5
      vertex -1 -82.4 2.5
      vertex -1 -82.4 7.5
    endloop
  endfacet
  facet normal -1 0 0
    outer loop
      vertex -1 37.6 2.5
      vertex -1 38.4 7.5
      vertex -1 38.4 2.5
    endloop
  endfacet
  facet normal -1 -0 0
    outer loop
      vertex -1 38.4 7.5
      vertex -1 37.6 2.5
      vertex -1 37.6 7.5
    endloop
  endfacet
  facet normal -1 0 0
    outer loop
      vertex -1 -20.4 2.5
      vertex -1 -19.6 7.5
      vertex -1 -19.6 2.5
    endloop
  endfacet
  facet normal -1 -0 0
    outer loop
      vertex -1 -19.6 7.5
      vertex -1 -20.4 2.5
      vertex -1 -20.4 7.5
    endloop
  endfacet
  facet normal -1 0 0
    outer loop
      vertex -1 -18.4 2.5
      vertex -1 -17.6 7.5
      vertex -1 -17.6 2.5
    endloop
  endfacet
  facet normal -1 -0 0
    outer loop
      vertex -1 -17.6 7.5
      vertex -1 -18.4 2.5
      vertex -1 -18.4 7.5
    endloop
  endfacet
  facet normal -1 0 0
    outer loop
      vertex -1 51.6 2.5
      vertex -1 52.4 7.5
      vertex -1 52.4 2.5
    endloop
  endfacet
  facet normal -1 -0 0
    outer loop
      vertex -1 52.4 7.5
      vertex -1 51.6 2.5
      vertex -1 51.6 7.5
    endloop
  endfacet
  facet normal -1 0 0
    outer loop
      vertex -1 27.6 2.5
      vertex -1 28.4 7.5
      vertex -1 28.4 2.5
    endloop
  endfacet
  facet normal -1 -0 0
    outer loop
      vertex -1 28.4 7.5
      vertex -1 27.6 2.5
      vertex -1 27.6 7.5
    endloop
  endfacet
  facet normal -1 0 0
    outer loop
      vertex -1 35.6 2.5
      vertex -1 36.4 7.5
      vertex -1 36.4 2.5
    endloop
  endfacet
  facet normal -1 -0 0
    outer loop
      vertex -1 36.4 7.5
      vertex -1 35.6 2.5
      vertex -1 35.6 7.5
    endloop
  endfacet
  facet normal -1 0 0
    outer loop
      vertex -1 -16.4 2.5
      vertex -1 -15.6 7.5
      vertex -1 -15.6 2.5
    endloop
  endfacet
  facet normal -1 -0 0
    outer loop
      vertex -1 -15.6 7.5
      vertex -1 -16.4 2.5
      vertex -1 -16.4 7.5
    endloop
  endfacet
  facet normal -1 0 0
    outer loop
      vertex -1 15.6 2.5
      vertex -1 16.4 7.5
      vertex -1 16.4 2.5
    endloop
  endfacet
  facet normal -1 -0 0
    outer loop
      vertex -1 16.4 7.5
      vertex -1 15.6 2.5
      vertex -1 15.6 7.5
    endloop
  endfacet
  facet normal -1 0 0
    outer loop
      vertex -1 17.6 2.5
      vertex -1 18.4 7.5
      vertex -1 18.4 2.5
    endloop
  endfacet
  facet normal -1 -0 0
    outer loop
      vertex -1 18.4 7.5
      vertex -1 17.6 2.5
      vertex -1 17.6 7.5
    endloop
  endfacet
  facet normal -1 0 0
    outer loop
      vertex -1 -58.4 2.5
      vertex -1 -57.6 7.5
      vertex -1 -57.6 2.5
    endloop
  endfacet
  facet normal -1 -0 0
    outer loop
      vertex -1 -57.6 7.5
      vertex -1 -58.4 2.5
      vertex -1 -58.4 7.5
    endloop
  endfacet
  facet normal -1 0 0
    outer loop
      vertex -1 65.6 2.5
      vertex -1 66.4 7.5
      vertex -1 66.4 2.5
    endloop
  endfacet
  facet normal -1 -0 0
    outer loop
      vertex -1 66.4 7.5
      vertex -1 65.6 2.5
      vertex -1 65.6 7.5
    endloop
  endfacet
  facet normal -1 0 0
    outer loop
      vertex -1 53.6 2.5
      vertex -1 54.4 7.5
      vertex -1 54.4 2.5
    endloop
  endfacet
  facet normal -1 -0 0
    outer loop
      vertex -1 54.4 7.5
      vertex -1 53.6 2.5
      vertex -1 53.6 7.5
    endloop
  endfacet
  facet normal -1 0 0
    outer loop
      vertex -1 33.6 2.5
      vertex -1 34.4 7.5
      vertex -1 34.4 2.5
    endloop
  endfacet
  facet normal -1 -0 0
    outer loop
      vertex -1 34.4 7.5
      vertex -1 33.6 2.5
      vertex -1 33.6 7.5
    endloop
  endfacet
  facet normal -1 0 0
    outer loop
      vertex -1 13.6 2.5
      vertex -1 14.4 7.5
      vertex -1 14.4 2.5
    endloop
  endfacet
  facet normal -1 -0 0
    outer loop
      vertex -1 14.4 7.5
      vertex -1 13.6 2.5
      vertex -1 13.6 7.5
    endloop
  endfacet
  facet normal -1 0 0
    outer loop
      vertex -1 7.6 2.5
      vertex -1 8.4 7.5
      vertex -1 8.4 2.5
    endloop
  endfacet
  facet normal -1 -0 0
    outer loop
      vertex -1 8.4 7.5
      vertex -1 7.6 2.5
      vertex -1 7.6 7.5
    endloop
  endfacet
  facet normal -1 0 0
    outer loop
      vertex -1 5.6 2.5
      vertex -1 6.4 7.5
      vertex -1 6.4 2.5
    endloop
  endfacet
  facet normal -1 -0 0
    outer loop
      vertex -1 6.4 7.5
      vertex -1 5.6 2.5
      vertex -1 5.6 7.5
    endloop
  endfacet
  facet normal 0 1 -0
    outer loop
      vertex -1 -84.4 2.5
      vertex -2 -84.4 7.5
      vertex -1 -84.4 7.5
    endloop
  endfacet
  facet normal 0 1 0
    outer loop
      vertex -2 -84.4 7.5
      vertex -1 -84.4 2.5
      vertex -2 -84.4 2.5
    endloop
  endfacet
  facet normal 0 0 -1
    outer loop
      vertex -2 84.4 2.5
      vertex -1 85.6 2.5
      vertex -1 84.4 2.5
    endloop
  endfacet
  facet normal -0 0 -1
    outer loop
      vertex -1 85.6 2.5
      vertex -2 84.4 2.5
      vertex -2 85.6 2.5
    endloop
  endfacet
  facet normal 0 0 -1
    outer loop
      vertex -2 82.4 2.5
      vertex -1 83.6 2.5
      vertex -1 82.4 2.5
    endloop
  endfacet
  facet normal -0 0 -1
    outer loop
      vertex -1 83.6 2.5
      vertex -2 82.4 2.5
      vertex -2 83.6 2.5
    endloop
  endfacet
  facet normal 0 0 -1
    outer loop
      vertex -2 80.4 2.5
      vertex -1 81.6 2.5
      vertex -1 80.4 2.5
    endloop
  endfacet
  facet normal -0 0 -1
    outer loop
      vertex -1 81.6 2.5
      vertex -2 80.4 2.5
      vertex -2 81.6 2.5
    endloop
  endfacet
  facet normal 0 0 -1
    outer loop
      vertex -2 78.4 2.5
      vertex -1 79.6 2.5
      vertex -1 78.4 2.5
    endloop
  endfacet
  facet normal -0 0 -1
    outer loop
      vertex -1 79.6 2.5
      vertex -2 78.4 2.5
      vertex -2 79.6 2.5
    endloop
  endfacet
  facet normal 0 0 -1
    outer loop
      vertex -2 76.4 2.5
      vertex -1 77.6 2.5
      vertex -1 76.4 2.5
    endloop
  endfacet
  facet normal -0 0 -1
    outer loop
      vertex -1 77.6 2.5
      vertex -2 76.4 2.5
      vertex -2 77.6 2.5
    endloop
  endfacet
  facet normal 0 0 -1
    outer loop
      vertex -2 74.4 2.5
      vertex -1 75.6 2.5
      vertex -1 74.4 2.5
    endloop
  endfacet
  facet normal -0 0 -1
    outer loop
      vertex -1 75.6 2.5
      vertex -2 74.4 2.5
      vertex -2 75.6 2.5
    endloop
  endfacet
  facet normal 0 0 -1
    outer loop
      vertex -2 72.4 2.5
      vertex -1 73.6 2.5
      vertex -1 72.4 2.5
    endloop
  endfacet
  facet normal -0 0 -1
    outer loop
      vertex -1 73.6 2.5
      vertex -2 72.4 2.5
      vertex -2 73.6 2.5
    endloop
  endfacet
  facet normal 0 0 -1
    outer loop
      vertex -2 70.4 2.5
      vertex -1 71.6 2.5
      vertex -1 70.4 2.5
    endloop
  endfacet
  facet normal -0 0 -1
    outer loop
      vertex -1 71.6 2.5
      vertex -2 70.4 2.5
      vertex -2 71.6 2.5
    endloop
  endfacet
  facet normal 0 0 -1
    outer loop
      vertex -2 68.4 2.5
      vertex -1 69.6 2.5
      vertex -1 68.4 2.5
    endloop
  endfacet
  facet normal -0 0 -1
    outer loop
      vertex -1 69.6 2.5
      vertex -2 68.4 2.5
      vertex -2 69.6 2.5
    endloop
  endfacet
  facet normal 0 0 -1
    outer loop
      vertex -2 66.4 2.5
      vertex -1 67.6 2.5
      vertex -1 66.4 2.5
    endloop
  endfacet
  facet normal -0 0 -1
    outer loop
      vertex -1 67.6 2.5
      vertex -2 66.4 2.5
      vertex -2 67.6 2.5
    endloop
  endfacet
  facet normal 0 0 -1
    outer loop
      vertex -2 64.4 2.5
      vertex -1 65.6 2.5
      vertex -1 64.4 2.5
    endloop
  endfacet
  facet normal -0 0 -1
    outer loop
      vertex -1 65.6 2.5
      vertex -2 64.4 2.5
      vertex -2 65.6 2.5
    endloop
  endfacet
  facet normal 0 0 -1
    outer loop
      vertex -2 62.4 2.5
      vertex -1 63.6 2.5
      vertex -1 62.4 2.5
    endloop
  endfacet
  facet normal -0 0 -1
    outer loop
      vertex -1 63.6 2.5
      vertex -2 62.4 2.5
      vertex -2 63.6 2.5
    endloop
  endfacet
  facet normal 0 0 -1
    outer loop
      vertex -2 60.4 2.5
      vertex -1 61.6 2.5
      vertex -1 60.4 2.5
    endloop
  endfacet
  facet normal -0 0 -1
    outer loop
      vertex -1 61.6 2.5
      vertex -2 60.4 2.5
      vertex -2 61.6 2.5
    endloop
  endfacet
  facet normal 0 0 -1
    outer loop
      vertex -2 58.4 2.5
      vertex -1 59.6 2.5
      vertex -1 58.4 2.5
    endloop
  endfacet
  facet normal -0 0 -1
    outer loop
      vertex -1 59.6 2.5
      vertex -2 58.4 2.5
      vertex -2 59.6 2.5
    endloop
  endfacet
  facet normal 0 0 -1
    outer loop
      vertex -2 56.4 2.5
      vertex -1 57.6 2.5
      vertex -1 56.4 2.5
    endloop
  endfacet
  facet normal -0 0 -1
    outer loop
      vertex -1 57.6 2.5
      vertex -2 56.4 2.5
      vertex -2 57.6 2.5
    endloop
  endfacet
  facet normal 0 0 -1
    outer loop
      vertex -2 54.4 2.5
      vertex -1 55.6 2.5
      vertex -1 54.4 2.5
    endloop
  endfacet
  facet normal -0 0 -1
    outer loop
      vertex -1 55.6 2.5
      vertex -2 54.4 2.5
      vertex -2 55.6 2.5
    endloop
  endfacet
  facet normal 0 0 -1
    outer loop
      vertex -2 52.4 2.5
      vertex -1 53.6 2.5
      vertex -1 52.4 2.5
    endloop
  endfacet
  facet normal -0 0 -1
    outer loop
      vertex -1 53.6 2.5
      vertex -2 52.4 2.5
      vertex -2 53.6 2.5
    endloop
  endfacet
  facet normal 0 0 -1
    outer loop
      vertex -2 50.4 2.5
      vertex -1 51.6 2.5
      vertex -1 50.4 2.5
    endloop
  endfacet
  facet normal -0 0 -1
    outer loop
      vertex -1 51.6 2.5
      vertex -2 50.4 2.5
      vertex -2 51.6 2.5
    endloop
  endfacet
  facet normal 0 0 -1
    outer loop
      vertex -2 48.4 2.5
      vertex -1 49.6 2.5
      vertex -1 48.4 2.5
    endloop
  endfacet
  facet normal -0 0 -1
    outer loop
      vertex -1 49.6 2.5
      vertex -2 48.4 2.5
      vertex -2 49.6 2.5
    endloop
  endfacet
  facet normal 0 0 -1
    outer loop
      vertex -2 46.4 2.5
      vertex -1 47.6 2.5
      vertex -1 46.4 2.5
    endloop
  endfacet
  facet normal -0 0 -1
    outer loop
      vertex -1 47.6 2.5
      vertex -2 46.4 2.5
      vertex -2 47.6 2.5
    endloop
  endfacet
  facet normal 0 0 -1
    outer loop
      vertex -2 44.4 2.5
      vertex -1 45.6 2.5
      vertex -1 44.4 2.5
    endloop
  endfacet
  facet normal -0 0 -1
    outer loop
      vertex -1 45.6 2.5
      vertex -2 44.4 2.5
      vertex -2 45.6 2.5
    endloop
  endfacet
  facet normal 0 0 -1
    outer loop
      vertex -2 42.4 2.5
      vertex -1 43.6 2.5
      vertex -1 42.4 2.5
    endloop
  endfacet
  facet normal -0 0 -1
    outer loop
      vertex -1 43.6 2.5
      vertex -2 42.4 2.5
      vertex -2 43.6 2.5
    endloop
  endfacet
  facet normal 0 0 -1
    outer loop
      vertex -2 40.4 2.5
      vertex -1 41.6 2.5
      vertex -1 40.4 2.5
    endloop
  endfacet
  facet normal -0 0 -1
    outer loop
      vertex -1 41.6 2.5
      vertex -2 40.4 2.5
      vertex -2 41.6 2.5
    endloop
  endfacet
  facet normal 0 0 -1
    outer loop
      vertex -2 38.4 2.5
      vertex -1 39.6 2.5
      vertex -1 38.4 2.5
    endloop
  endfacet
  facet normal -0 0 -1
    outer loop
      vertex -1 39.6 2.5
      vertex -2 38.4 2.5
      vertex -2 39.6 2.5
    endloop
  endfacet
  facet normal 0 0 -1
    outer loop
      vertex -2 36.4 2.5
      vertex -1 37.6 2.5
      vertex -1 36.4 2.5
    endloop
  endfacet
  facet normal -0 0 -1
    outer loop
      vertex -1 37.6 2.5
      vertex -2 36.4 2.5
      vertex -2 37.6 2.5
    endloop
  endfacet
  facet normal 0 0 -1
    outer loop
      vertex -2 34.4 2.5
      vertex -1 35.6 2.5
      vertex -1 34.4 2.5
    endloop
  endfacet
  facet normal -0 0 -1
    outer loop
      vertex -1 35.6 2.5
      vertex -2 34.4 2.5
      vertex -2 35.6 2.5
    endloop
  endfacet
  facet normal 0 0 -1
    outer loop
      vertex -2 32.4 2.5
      vertex -1 33.6 2.5
      vertex -1 32.4 2.5
    endloop
  endfacet
  facet normal -0 0 -1
    outer loop
      vertex -1 33.6 2.5
      vertex -2 32.4 2.5
      vertex -2 33.6 2.5
    endloop
  endfacet
  facet normal 0 0 -1
    outer loop
      vertex -2 30.4 2.5
      vertex -1 31.6 2.5
      vertex -1 30.4 2.5
    endloop
  endfacet
  facet normal -0 0 -1
    outer loop
      vertex -1 31.6 2.5
      vertex -2 30.4 2.5
      vertex -2 31.6 2.5
    endloop
  endfacet
  facet normal 0 0 -1
    outer loop
      vertex -2 28.4 2.5
      vertex -1 29.6 2.5
      vertex -1 28.4 2.5
    endloop
  endfacet
  facet normal -0 0 -1
    outer loop
      vertex -1 29.6 2.5
      vertex -2 28.4 2.5
      vertex -2 29.6 2.5
    endloop
  endfacet
  facet normal 0 0 -1
    outer loop
      vertex -2 26.4 2.5
      vertex -1 27.6 2.5
      vertex -1 26.4 2.5
    endloop
  endfacet
  facet normal -0 0 -1
    outer loop
      vertex -1 27.6 2.5
      vertex -2 26.4 2.5
      vertex -2 27.6 2.5
    endloop
  endfacet
  facet normal 0 0 -1
    outer loop
      vertex -2 24.4 2.5
      vertex -1 25.6 2.5
      vertex -1 24.4 2.5
    endloop
  endfacet
  facet normal -0 0 -1
    outer loop
      vertex -1 25.6 2.5
      vertex -2 24.4 2.5
      vertex -2 25.6 2.5
    endloop
  endfacet
  facet normal 0 0 -1
    outer loop
      vertex -2 22.4 2.5
      vertex -1 23.6 2.5
      vertex -1 22.4 2.5
    endloop
  endfacet
  facet normal -0 0 -1
    outer loop
      vertex -1 23.6 2.5
      vertex -2 22.4 2.5
      vertex -2 23.6 2.5
    endloop
  endfacet
  facet normal 0 0 -1
    outer loop
      vertex -2 20.4 2.5
      vertex -1 21.6 2.5
      vertex -1 20.4 2.5
    endloop
  endfacet
  facet normal -0 0 -1
    outer loop
      vertex -1 21.6 2.5
      vertex -2 20.4 2.5
      vertex -2 21.6 2.5
    endloop
  endfacet
  facet normal 0 0 -1
    outer loop
      vertex -2 18.4 2.5
      vertex -1 19.6 2.5
      vertex -1 18.4 2.5
    endloop
  endfacet
  facet normal -0 0 -1
    outer loop
      vertex -1 19.6 2.5
      vertex -2 18.4 2.5
      vertex -2 19.6 2.5
    endloop
  endfacet
  facet normal 0 0 -1
    outer loop
      vertex -2 16.4 2.5
      vertex -1 17.6 2.5
      vertex -1 16.4 2.5
    endloop
  endfacet
  facet normal -0 0 -1
    outer loop
      vertex -1 17.6 2.5
      vertex -2 16.4 2.5
      vertex -2 17.6 2.5
    endloop
  endfacet
  facet normal 0 0 -1
    outer loop
      vertex -2 14.4 2.5
      vertex -1 15.6 2.5
      vertex -1 14.4 2.5
    endloop
  endfacet
  facet normal -0 0 -1
    outer loop
      vertex -1 15.6 2.5
      vertex -2 14.4 2.5
      vertex -2 15.6 2.5
    endloop
  endfacet
  facet normal 0 0 -1
    outer loop
      vertex -2 12.4 2.5
      vertex -1 13.6 2.5
      vertex -1 12.4 2.5
    endloop
  endfacet
  facet normal -0 0 -1
    outer loop
      vertex -1 13.6 2.5
      vertex -2 12.4 2.5
      vertex -2 13.6 2.5
    endloop
  endfacet
  facet normal 0 0 -1
    outer loop
      vertex -2 10.4 2.5
      vertex -1 11.6 2.5
      vertex -1 10.4 2.5
    endloop
  endfacet
  facet normal -0 0 -1
    outer loop
      vertex -1 11.6 2.5
      vertex -2 10.4 2.5
      vertex -2 11.6 2.5
    endloop
  endfacet
  facet normal 0 0 -1
    outer loop
      vertex -2 8.4 2.5
      vertex -1 9.6 2.5
      vertex -1 8.4 2.5
    endloop
  endfacet
  facet normal -0 0 -1
    outer loop
      vertex -1 9.6 2.5
      vertex -2 8.4 2.5
      vertex -2 9.6 2.5
    endloop
  endfacet
  facet normal 0 0 -1
    outer loop
      vertex -2 6.4 2.5
      vertex -1 7.6 2.5
      vertex -1 6.4 2.5
    endloop
  endfacet
  facet normal -0 0 -1
    outer loop
      vertex -1 7.6 2.5
      vertex -2 6.4 2.5
      vertex -2 7.6 2.5
    endloop
  endfacet
  facet normal 0 0 -1
    outer loop
      vertex -2 4.4 2.5
      vertex -1 5.6 2.5
      vertex -1 4.4 2.5
    endloop
  endfacet
  facet normal -0 0 -1
    outer loop
      vertex -1 5.6 2.5
      vertex -2 4.4 2.5
      vertex -2 5.6 2.5
    endloop
  endfacet
  facet normal 0 0 -1
    outer loop
      vertex -2 2.4 2.5
      vertex -1 3.6 2.5
      vertex -1 2.4 2.5
    endloop
  endfacet
  facet normal -0 0 -1
    outer loop
      vertex -1 3.6 2.5
      vertex -2 2.4 2.5
      vertex -2 3.6 2.5
    endloop
  endfacet
  facet normal 0 0 -1
    outer loop
      vertex -2 0.400001 2.5
      vertex -1 1.6 2.5
      vertex -1 0.400001 2.5
    endloop
  endfacet
  facet normal -0 0 -1
    outer loop
      vertex -1 1.6 2.5
      vertex -2 0.400001 2.5
      vertex -2 1.6 2.5
    endloop
  endfacet
  facet normal 0 0 -1
    outer loop
      vertex -2 -1.6 2.5
      vertex -1 -0.4 2.5
      vertex -1 -1.6 2.5
    endloop
  endfacet
  facet normal -0 0 -1
    outer loop
      vertex -1 -0.4 2.5
      vertex -2 -1.6 2.5
      vertex -2 -0.4 2.5
    endloop
  endfacet
  facet normal 0 0 -1
    outer loop
      vertex -2 -3.6 2.5
      vertex -1 -2.4 2.5
      vertex -1 -3.6 2.5
    endloop
  endfacet
  facet normal -0 0 -1
    outer loop
      vertex -1 -2.4 2.5
      vertex -2 -3.6 2.5
      vertex -2 -2.4 2.5
    endloop
  endfacet
  facet normal 0 0 -1
    outer loop
      vertex -2 -5.6 2.5
      vertex -1 -4.4 2.5
      vertex -1 -5.6 2.5
    endloop
  endfacet
  facet normal -0 0 -1
    outer loop
      vertex -1 -4.4 2.5
      vertex -2 -5.6 2.5
      vertex -2 -4.4 2.5
    endloop
  endfacet
  facet normal 0 0 -1
    outer loop
      vertex -2 -7.6 2.5
      vertex -1 -6.4 2.5
      vertex -1 -7.6 2.5
    endloop
  endfacet
  facet normal -0 0 -1
    outer loop
      vertex -1 -6.4 2.5
      vertex -2 -7.6 2.5
      vertex -2 -6.4 2.5
    endloop
  endfacet
  facet normal 0 0 -1
    outer loop
      vertex -2 -9.6 2.5
      vertex -1 -8.4 2.5
      vertex -1 -9.6 2.5
    endloop
  endfacet
  facet normal -0 0 -1
    outer loop
      vertex -1 -8.4 2.5
      vertex -2 -9.6 2.5
      vertex -2 -8.4 2.5
    endloop
  endfacet
  facet normal 0 0 -1
    outer loop
      vertex -2 -11.6 2.5
      vertex -1 -10.4 2.5
      vertex -1 -11.6 2.5
    endloop
  endfacet
  facet normal -0 0 -1
    outer loop
      vertex -1 -10.4 2.5
      vertex -2 -11.6 2.5
      vertex -2 -10.4 2.5
    endloop
  endfacet
  facet normal 0 0 -1
    outer loop
      vertex -2 -13.6 2.5
      vertex -1 -12.4 2.5
      vertex -1 -13.6 2.5
    endloop
  endfacet
  facet normal -0 0 -1
    outer loop
      vertex -1 -12.4 2.5
      vertex -2 -13.6 2.5
      vertex -2 -12.4 2.5
    endloop
  endfacet
  facet normal 0 0 -1
    outer loop
      vertex -2 -15.6 2.5
      vertex -1 -14.4 2.5
      vertex -1 -15.6 2.5
    endloop
  endfacet
  facet normal -0 0 -1
    outer loop
      vertex -1 -14.4 2.5
      vertex -2 -15.6 2.5
      vertex -2 -14.4 2.5
    endloop
  endfacet
  facet normal 0 0 -1
    outer loop
      vertex -2 -17.6 2.5
      vertex -1 -16.4 2.5
      vertex -1 -17.6 2.5
    endloop
  endfacet
  facet normal -0 0 -1
    outer loop
      vertex -1 -16.4 2.5
      vertex -2 -17.6 2.5
      vertex -2 -16.4 2.5
    endloop
  endfacet
  facet normal 0 0 -1
    outer loop
      vertex -2 -19.6 2.5
      vertex -1 -18.4 2.5
      vertex -1 -19.6 2.5
    endloop
  endfacet
  facet normal -0 0 -1
    outer loop
      vertex -1 -18.4 2.5
      vertex -2 -19.6 2.5
      vertex -2 -18.4 2.5
    endloop
  endfacet
  facet normal 0 0 -1
    outer loop
      vertex -2 -21.6 2.5
      vertex -1 -20.4 2.5
      vertex -1 -21.6 2.5
    endloop
  endfacet
  facet normal -0 0 -1
    outer loop
      vertex -1 -20.4 2.5
      vertex -2 -21.6 2.5
      vertex -2 -20.4 2.5
    endloop
  endfacet
  facet normal 0 0 -1
    outer loop
      vertex -2 -23.6 2.5
      vertex -1 -22.4 2.5
      vertex -1 -23.6 2.5
    endloop
  endfacet
  facet normal -0 0 -1
    outer loop
      vertex -1 -22.4 2.5
      vertex -2 -23.6 2.5
      vertex -2 -22.4 2.5
    endloop
  endfacet
  facet normal 0 0 -1
    outer loop
      vertex -2 -25.6 2.5
      vertex -1 -24.4 2.5
      vertex -1 -25.6 2.5
    endloop
  endfacet
  facet normal -0 0 -1
    outer loop
      vertex -1 -24.4 2.5
      vertex -2 -25.6 2.5
      vertex -2 -24.4 2.5
    endloop
  endfacet
  facet normal 0 0 -1
    outer loop
      vertex -2 -27.6 2.5
      vertex -1 -26.4 2.5
      vertex -1 -27.6 2.5
    endloop
  endfacet
  facet normal -0 0 -1
    outer loop
      vertex -1 -26.4 2.5
      vertex -2 -27.6 2.5
      vertex -2 -26.4 2.5
    endloop
  endfacet
  facet normal 0 0 -1
    outer loop
      vertex -2 -29.6 2.5
      vertex -1 -28.4 2.5
      vertex -1 -29.6 2.5
    endloop
  endfacet
  facet normal -0 0 -1
    outer loop
      vertex -1 -28.4 2.5
      vertex -2 -29.6 2.5
      vertex -2 -28.4 2.5
    endloop
  endfacet
  facet normal 0 0 -1
    outer loop
      vertex -2 -31.6 2.5
      vertex -1 -30.4 2.5
      vertex -1 -31.6 2.5
    endloop
  endfacet
  facet normal -0 0 -1
    outer loop
      vertex -1 -30.4 2.5
      vertex -2 -31.6 2.5
      vertex -2 -30.4 2.5
    endloop
  endfacet
  facet normal 0 0 -1
    outer loop
      vertex -2 -33.6 2.5
      vertex -1 -32.4 2.5
      vertex -1 -33.6 2.5
    endloop
  endfacet
  facet normal -0 0 -1
    outer loop
      vertex -1 -32.4 2.5
      vertex -2 -33.6 2.5
      vertex -2 -32.4 2.5
    endloop
  endfacet
  facet normal 0 0 -1
    outer loop
      vertex -2 -35.6 2.5
      vertex -1 -34.4 2.5
      vertex -1 -35.6 2.5
    endloop
  endfacet
  facet normal -0 0 -1
    outer loop
      vertex -1 -34.4 2.5
      vertex -2 -35.6 2.5
      vertex -2 -34.4 2.5
    endloop
  endfacet
  facet normal 0 0 -1
    outer loop
      vertex -2 -37.6 2.5
      vertex -1 -36.4 2.5
      vertex -1 -37.6 2.5
    endloop
  endfacet
  facet normal -0 0 -1
    outer loop
      vertex -1 -36.4 2.5
      vertex -2 -37.6 2.5
      vertex -2 -36.4 2.5
    endloop
  endfacet
  facet normal 0 0 -1
    outer loop
      vertex -2 -39.6 2.5
      vertex -1 -38.4 2.5
      vertex -1 -39.6 2.5
    endloop
  endfacet
  facet normal -0 0 -1
    outer loop
      vertex -1 -38.4 2.5
      vertex -2 -39.6 2.5
      vertex -2 -38.4 2.5
    endloop
  endfacet
  facet normal 0 0 -1
    outer loop
      vertex -2 -41.6 2.5
      vertex -1 -40.4 2.5
      vertex -1 -41.6 2.5
    endloop
  endfacet
  facet normal -0 0 -1
    outer loop
      vertex -1 -40.4 2.5
      vertex -2 -41.6 2.5
      vertex -2 -40.4 2.5
    endloop
  endfacet
  facet normal 0 0 -1
    outer loop
      vertex -2 -43.6 2.5
      vertex -1 -42.4 2.5
      vertex -1 -43.6 2.5
    endloop
  endfacet
  facet normal -0 0 -1
    outer loop
      vertex -1 -42.4 2.5
      vertex -2 -43.6 2.5
      vertex -2 -42.4 2.5
    endloop
  endfacet
  facet normal 0 0 -1
    outer loop
      vertex -2 -45.6 2.5
      vertex -1 -44.4 2.5
      vertex -1 -45.6 2.5
    endloop
  endfacet
  facet normal -0 0 -1
    outer loop
      vertex -1 -44.4 2.5
      vertex -2 -45.6 2.5
      vertex -2 -44.4 2.5
    endloop
  endfacet
  facet normal 0 0 -1
    outer loop
      vertex -2 -47.6 2.5
      vertex -1 -46.4 2.5
      vertex -1 -47.6 2.5
    endloop
  endfacet
  facet normal -0 0 -1
    outer loop
      vertex -1 -46.4 2.5
      vertex -2 -47.6 2.5
      vertex -2 -46.4 2.5
    endloop
  endfacet
  facet normal 0 0 -1
    outer loop
      vertex -2 -49.6 2.5
      vertex -1 -48.4 2.5
      vertex -1 -49.6 2.5
    endloop
  endfacet
  facet normal -0 0 -1
    outer loop
      vertex -1 -48.4 2.5
      vertex -2 -49.6 2.5
      vertex -2 -48.4 2.5
    endloop
  endfacet
  facet normal 0 0 -1
    outer loop
      vertex -2 -51.6 2.5
      vertex -1 -50.4 2.5
      vertex -1 -51.6 2.5
    endloop
  endfacet
  facet normal -0 0 -1
    outer loop
      vertex -1 -50.4 2.5
      vertex -2 -51.6 2.5
      vertex -2 -50.4 2.5
    endloop
  endfacet
  facet normal 0 0 -1
    outer loop
      vertex -2 -53.6 2.5
      vertex -1 -52.4 2.5
      vertex -1 -53.6 2.5
    endloop
  endfacet
  facet normal -0 0 -1
    outer loop
      vertex -1 -52.4 2.5
      vertex -2 -53.6 2.5
      vertex -2 -52.4 2.5
    endloop
  endfacet
  facet normal 0 0 -1
    outer loop
      vertex -2 -55.6 2.5
      vertex -1 -54.4 2.5
      vertex -1 -55.6 2.5
    endloop
  endfacet
  facet normal -0 0 -1
    outer loop
      vertex -1 -54.4 2.5
      vertex -2 -55.6 2.5
      vertex -2 -54.4 2.5
    endloop
  endfacet
  facet normal 0 0 -1
    outer loop
      vertex -2 -57.6 2.5
      vertex -1 -56.4 2.5
      vertex -1 -57.6 2.5
    endloop
  endfacet
  facet normal -0 0 -1
    outer loop
      vertex -1 -56.4 2.5
      vertex -2 -57.6 2.5
      vertex -2 -56.4 2.5
    endloop
  endfacet
  facet normal 0 0 -1
    outer loop
      vertex -2 -59.6 2.5
      vertex -1 -58.4 2.5
      vertex -1 -59.6 2.5
    endloop
  endfacet
  facet normal -0 0 -1
    outer loop
      vertex -1 -58.4 2.5
      vertex -2 -59.6 2.5
      vertex -2 -58.4 2.5
    endloop
  endfacet
  facet normal 0 0 -1
    outer loop
      vertex -2 -61.6 2.5
      vertex -1 -60.4 2.5
      vertex -1 -61.6 2.5
    endloop
  endfacet
  facet normal -0 0 -1
    outer loop
      vertex -1 -60.4 2.5
      vertex -2 -61.6 2.5
      vertex -2 -60.4 2.5
    endloop
  endfacet
  facet normal 0 0 -1
    outer loop
      vertex -2 -63.6 2.5
      vertex -1 -62.4 2.5
      vertex -1 -63.6 2.5
    endloop
  endfacet
  facet normal -0 0 -1
    outer loop
      vertex -1 -62.4 2.5
      vertex -2 -63.6 2.5
      vertex -2 -62.4 2.5
    endloop
  endfacet
  facet normal 0 0 -1
    outer loop
      vertex -2 -65.6 2.5
      vertex -1 -64.4 2.5
      vertex -1 -65.6 2.5
    endloop
  endfacet
  facet normal -0 0 -1
    outer loop
      vertex -1 -64.4 2.5
      vertex -2 -65.6 2.5
      vertex -2 -64.4 2.5
    endloop
  endfacet
  facet normal 0 0 -1
    outer loop
      vertex -2 -67.6 2.5
      vertex -1 -66.4 2.5
      vertex -1 -67.6 2.5
    endloop
  endfacet
  facet normal -0 0 -1
    outer loop
      vertex -1 -66.4 2.5
      vertex -2 -67.6 2.5
      vertex -2 -66.4 2.5
    endloop
  endfacet
  facet normal 0 0 -1
    outer loop
      vertex -2 -69.6 2.5
      vertex -1 -68.4 2.5
      vertex -1 -69.6 2.5
    endloop
  endfacet
  facet normal -0 0 -1
    outer loop
      vertex -1 -68.4 2.5
      vertex -2 -69.6 2.5
      vertex -2 -68.4 2.5
    endloop
  endfacet
  facet normal 0 0 -1
    outer loop
      vertex -2 -71.6 2.5
      vertex -1 -70.4 2.5
      vertex -1 -71.6 2.5
    endloop
  endfacet
  facet normal -0 0 -1
    outer loop
      vertex -1 -70.4 2.5
      vertex -2 -71.6 2.5
      vertex -2 -70.4 2.5
    endloop
  endfacet
  facet normal 0 0 -1
    outer loop
      vertex -2 -73.6 2.5
      vertex -1 -72.4 2.5
      vertex -1 -73.6 2.5
    endloop
  endfacet
  facet normal -0 0 -1
    outer loop
      vertex -1 -72.4 2.5
      vertex -2 -73.6 2.5
      vertex -2 -72.4 2.5
    endloop
  endfacet
  facet normal 0 0 -1
    outer loop
      vertex -2 -75.6 2.5
      vertex -1 -74.4 2.5
      vertex -1 -75.6 2.5
    endloop
  endfacet
  facet normal -0 0 -1
    outer loop
      vertex -1 -74.4 2.5
      vertex -2 -75.6 2.5
      vertex -2 -74.4 2.5
    endloop
  endfacet
  facet normal 0 0 -1
    outer loop
      vertex -2 -77.6 2.5
      vertex -1 -76.4 2.5
      vertex -1 -77.6 2.5
    endloop
  endfacet
  facet normal -0 0 -1
    outer loop
      vertex -1 -76.4 2.5
      vertex -2 -77.6 2.5
      vertex -2 -76.4 2.5
    endloop
  endfacet
  facet normal 0 0 -1
    outer loop
      vertex -2 -79.6 2.5
      vertex -1 -78.4 2.5
      vertex -1 -79.6 2.5
    endloop
  endfacet
  facet normal -0 0 -1
    outer loop
      vertex -1 -78.4 2.5
      vertex -2 -79.6 2.5
      vertex -2 -78.4 2.5
    endloop
  endfacet
  facet normal 0 0 -1
    outer loop
      vertex -2 -81.6 2.5
      vertex -1 -80.4 2.5
      vertex -1 -81.6 2.5
    endloop
  endfacet
  facet normal -0 0 -1
    outer loop
      vertex -1 -80.4 2.5
      vertex -2 -81.6 2.5
      vertex -2 -80.4 2.5
    endloop
  endfacet
  facet normal 0 0 -1
    outer loop
      vertex -2 -83.6 2.5
      vertex -1 -82.4 2.5
      vertex -1 -83.6 2.5
    endloop
  endfacet
  facet normal -0 0 -1
    outer loop
      vertex -1 -82.4 2.5
      vertex -2 -83.6 2.5
      vertex -2 -82.4 2.5
    endloop
  endfacet
  facet normal 0 0 -1
    outer loop
      vertex -1 -83.6 2.5
      vertex 1 -85 2.5
      vertex -1 -84.4 2.5
    endloop
  endfacet
  facet normal 0 0 -1
    outer loop
      vertex -2 -85 2.5
      vertex -1 -84.4 2.5
      vertex 1 -85 2.5
    endloop
  endfacet
  facet normal -0 0 -1
    outer loop
      vertex -1 -84.4 2.5
      vertex -2 -85 2.5
      vertex -2 -84.4 2.5
    endloop
  endfacet
  facet normal 0 0 -1
    outer loop
      vertex -1 -82.4 2.5
      vertex 1 -85 2.5
      vertex -1 -83.6 2.5
    endloop
  endfacet
  facet normal 0 0 -1
    outer loop
      vertex -1 -81.6 2.5
      vertex 1 -85 2.5
      vertex -1 -82.4 2.5
    endloop
  endfacet
  facet normal 0 0 -1
    outer loop
      vertex -1 -80.4 2.5
      vertex 1 -85 2.5
      vertex -1 -81.6 2.5
    endloop
  endfacet
  facet normal 0 0 -1
    outer loop
      vertex -1 -79.6 2.5
      vertex 1 -85 2.5
      vertex -1 -80.4 2.5
    endloop
  endfacet
  facet normal 0 0 -1
    outer loop
      vertex -1 -78.4 2.5
      vertex 1 -85 2.5
      vertex -1 -79.6 2.5
    endloop
  endfacet
  facet normal 0 0 -1
    outer loop
      vertex -1 -77.6 2.5
      vertex 1 -85 2.5
      vertex -1 -78.4 2.5
    endloop
  endfacet
  facet normal 0 0 -1
    outer loop
      vertex -1 -76.4 2.5
      vertex 1 -85 2.5
      vertex -1 -77.6 2.5
    endloop
  endfacet
  facet normal 0 0 -1
    outer loop
      vertex -1 -75.6 2.5
      vertex 1 -85 2.5
      vertex -1 -76.4 2.5
    endloop
  endfacet
  facet normal 0 0 -1
    outer loop
      vertex -1 -74.4 2.5
      vertex 1 -85 2.5
      vertex -1 -75.6 2.5
    endloop
  endfacet
  facet normal 0 0 -1
    outer loop
      vertex -1 -73.6 2.5
      vertex 1 -85 2.5
      vertex -1 -74.4 2.5
    endloop
  endfacet
  facet normal 0 0 -1
    outer loop
      vertex -1 -72.4 2.5
      vertex 1 -85 2.5
      vertex -1 -73.6 2.5
    endloop
  endfacet
  facet normal 0 0 -1
    outer loop
      vertex -1 -71.6 2.5
      vertex 1 -85 2.5
      vertex -1 -72.4 2.5
    endloop
  endfacet
  facet normal 0 0 -1
    outer loop
      vertex -1 -70.4 2.5
      vertex 1 -85 2.5
      vertex -1 -71.6 2.5
    endloop
  endfacet
  facet normal 0 0 -1
    outer loop
      vertex -1 -69.6 2.5
      vertex 1 -85 2.5
      vertex -1 -70.4 2.5
    endloop
  endfacet
  facet normal 0 0 -1
    outer loop
      vertex -1 -68.4 2.5
      vertex 1 -85 2.5
      vertex -1 -69.6 2.5
    endloop
  endfacet
  facet normal 0 0 -1
    outer loop
      vertex -1 -67.6 2.5
      vertex 1 -85 2.5
      vertex -1 -68.4 2.5
    endloop
  endfacet
  facet normal 0 0 -1
    outer loop
      vertex -1 -66.4 2.5
      vertex 1 -85 2.5
      vertex -1 -67.6 2.5
    endloop
  endfacet
  facet normal 0 0 -1
    outer loop
      vertex -1 -65.6 2.5
      vertex 1 -85 2.5
      vertex -1 -66.4 2.5
    endloop
  endfacet
  facet normal 0 0 -1
    outer loop
      vertex -1 -64.4 2.5
      vertex 1 -85 2.5
      vertex -1 -65.6 2.5
    endloop
  endfacet
  facet normal 0 0 -1
    outer loop
      vertex -1 -63.6 2.5
      vertex 1 -85 2.5
      vertex -1 -64.4 2.5
    endloop
  endfacet
  facet normal 0 0 -1
    outer loop
      vertex -1 -62.4 2.5
      vertex 1 -85 2.5
      vertex -1 -63.6 2.5
    endloop
  endfacet
  facet normal 0 0 -1
    outer loop
      vertex -1 -61.6 2.5
      vertex 1 -85 2.5
      vertex -1 -62.4 2.5
    endloop
  endfacet
  facet normal 0 0 -1
    outer loop
      vertex -1 -60.4 2.5
      vertex 1 -85 2.5
      vertex -1 -61.6 2.5
    endloop
  endfacet
  facet normal 0 0 -1
    outer loop
      vertex -1 -59.6 2.5
      vertex 1 -85 2.5
      vertex -1 -60.4 2.5
    endloop
  endfacet
  facet normal 0 0 -1
    outer loop
      vertex -1 -58.4 2.5
      vertex 1 -85 2.5
      vertex -1 -59.6 2.5
    endloop
  endfacet
  facet normal 0 0 -1
    outer loop
      vertex -1 -57.6 2.5
      vertex 1 -85 2.5
      vertex -1 -58.4 2.5
    endloop
  endfacet
  facet normal 0 0 -1
    outer loop
      vertex -1 -56.4 2.5
      vertex 1 -85 2.5
      vertex -1 -57.6 2.5
    endloop
  endfacet
  facet normal 0 0 -1
    outer loop
      vertex -1 -55.6 2.5
      vertex 1 -85 2.5
      vertex -1 -56.4 2.5
    endloop
  endfacet
  facet normal 0 0 -1
    outer loop
      vertex -1 -54.4 2.5
      vertex 1 -85 2.5
      vertex -1 -55.6 2.5
    endloop
  endfacet
  facet normal 0 0 -1
    outer loop
      vertex -1 -53.6 2.5
      vertex 1 -85 2.5
      vertex -1 -54.4 2.5
    endloop
  endfacet
  facet normal 0 0 -1
    outer loop
      vertex -1 -52.4 2.5
      vertex 1 -85 2.5
      vertex -1 -53.6 2.5
    endloop
  endfacet
  facet normal 0 0 -1
    outer loop
      vertex -1 -51.6 2.5
      vertex 1 -85 2.5
      vertex -1 -52.4 2.5
    endloop
  endfacet
  facet normal 0 0 -1
    outer loop
      vertex -1 -50.4 2.5
      vertex 1 -85 2.5
      vertex -1 -51.6 2.5
    endloop
  endfacet
  facet normal 0 0 -1
    outer loop
      vertex -1 -49.6 2.5
      vertex 1 -85 2.5
      vertex -1 -50.4 2.5
    endloop
  endfacet
  facet normal 0 0 -1
    outer loop
      vertex -1 -48.4 2.5
      vertex 1 -85 2.5
      vertex -1 -49.6 2.5
    endloop
  endfacet
  facet normal 0 0 -1
    outer loop
      vertex -1 -47.6 2.5
      vertex 1 -85 2.5
      vertex -1 -48.4 2.5
    endloop
  endfacet
  facet normal 0 0 -1
    outer loop
      vertex -1 -46.4 2.5
      vertex 1 -85 2.5
      vertex -1 -47.6 2.5
    endloop
  endfacet
  facet normal 0 0 -1
    outer loop
      vertex -1 -45.6 2.5
      vertex 1 -85 2.5
      vertex -1 -46.4 2.5
    endloop
  endfacet
  facet normal 0 0 -1
    outer loop
      vertex -1 -44.4 2.5
      vertex 1 -85 2.5
      vertex -1 -45.6 2.5
    endloop
  endfacet
  facet normal 0 0 -1
    outer loop
      vertex -1 -43.6 2.5
      vertex 1 -85 2.5
      vertex -1 -44.4 2.5
    endloop
  endfacet
  facet normal 0 0 -1
    outer loop
      vertex -1 -42.4 2.5
      vertex 1 -85 2.5
      vertex -1 -43.6 2.5
    endloop
  endfacet
  facet normal 0 0 -1
    outer loop
      vertex -1 -41.6 2.5
      vertex 1 -85 2.5
      vertex -1 -42.4 2.5
    endloop
  endfacet
  facet normal 0 0 -1
    outer loop
      vertex -1 -40.4 2.5
      vertex 1 -85 2.5
      vertex -1 -41.6 2.5
    endloop
  endfacet
  facet normal 0 0 -1
    outer loop
      vertex -1 -39.6 2.5
      vertex 1 -85 2.5
      vertex -1 -40.4 2.5
    endloop
  endfacet
  facet normal 0 0 -1
    outer loop
      vertex -1 -38.4 2.5
      vertex 1 -85 2.5
      vertex -1 -39.6 2.5
    endloop
  endfacet
  facet normal 0 0 -1
    outer loop
      vertex -1 -37.6 2.5
      vertex 1 -85 2.5
      vertex -1 -38.4 2.5
    endloop
  endfacet
  facet normal 0 0 -1
    outer loop
      vertex -1 -36.4 2.5
      vertex 1 -85 2.5
      vertex -1 -37.6 2.5
    endloop
  endfacet
  facet normal 0 0 -1
    outer loop
      vertex -1 -35.6 2.5
      vertex 1 -85 2.5
      vertex -1 -36.4 2.5
    endloop
  endfacet
  facet normal 0 0 -1
    outer loop
      vertex -1 -34.4 2.5
      vertex 1 -85 2.5
      vertex -1 -35.6 2.5
    endloop
  endfacet
  facet normal 0 0 -1
    outer loop
      vertex -1 -33.6 2.5
      vertex 1 -85 2.5
      vertex -1 -34.4 2.5
    endloop
  endfacet
  facet normal 0 0 -1
    outer loop
      vertex -1 -32.4 2.5
      vertex 1 -85 2.5
      vertex -1 -33.6 2.5
    endloop
  endfacet
  facet normal 0 0 -1
    outer loop
      vertex -1 -31.6 2.5
      vertex 1 -85 2.5
      vertex -1 -32.4 2.5
    endloop
  endfacet
  facet normal 0 0 -1
    outer loop
      vertex -1 -30.4 2.5
      vertex 1 -85 2.5
      vertex -1 -31.6 2.5
    endloop
  endfacet
  facet normal 0 0 -1
    outer loop
      vertex -1 -29.6 2.5
      vertex 1 -85 2.5
      vertex -1 -30.4 2.5
    endloop
  endfacet
  facet normal 0 0 -1
    outer loop
      vertex -1 -28.4 2.5
      vertex 1 -85 2.5
      vertex -1 -29.6 2.5
    endloop
  endfacet
  facet normal 0 0 -1
    outer loop
      vertex -1 -27.6 2.5
      vertex 1 -85 2.5
      vertex -1 -28.4 2.5
    endloop
  endfacet
  facet normal 0 0 -1
    outer loop
      vertex -1 -26.4 2.5
      vertex 1 -85 2.5
      vertex -1 -27.6 2.5
    endloop
  endfacet
  facet normal 0 0 -1
    outer loop
      vertex -1 -25.6 2.5
      vertex 1 -85 2.5
      vertex -1 -26.4 2.5
    endloop
  endfacet
  facet normal 0 0 -1
    outer loop
      vertex -1 -24.4 2.5
      vertex 1 -85 2.5
      vertex -1 -25.6 2.5
    endloop
  endfacet
  facet normal 0 0 -1
    outer loop
      vertex -1 -23.6 2.5
      vertex 1 -85 2.5
      vertex -1 -24.4 2.5
    endloop
  endfacet
  facet normal 0 0 -1
    outer loop
      vertex -1 -22.4 2.5
      vertex 1 -85 2.5
      vertex -1 -23.6 2.5
    endloop
  endfacet
  facet normal 0 0 -1
    outer loop
      vertex -1 -21.6 2.5
      vertex 1 -85 2.5
      vertex -1 -22.4 2.5
    endloop
  endfacet
  facet normal 0 0 -1
    outer loop
      vertex -1 -20.4 2.5
      vertex 1 -85 2.5
      vertex -1 -21.6 2.5
    endloop
  endfacet
  facet normal 0 0 -1
    outer loop
      vertex -1 -19.6 2.5
      vertex 1 -85 2.5
      vertex -1 -20.4 2.5
    endloop
  endfacet
  facet normal 0 0 -1
    outer loop
      vertex -1 -18.4 2.5
      vertex 1 -85 2.5
      vertex -1 -19.6 2.5
    endloop
  endfacet
  facet normal 0 0 -1
    outer loop
      vertex -1 -17.6 2.5
      vertex 1 -85 2.5
      vertex -1 -18.4 2.5
    endloop
  endfacet
  facet normal 0 0 -1
    outer loop
      vertex -1 -16.4 2.5
      vertex 1 -85 2.5
      vertex -1 -17.6 2.5
    endloop
  endfacet
  facet normal 0 0 -1
    outer loop
      vertex 1 -85 2.5
      vertex -1 -16.4 2.5
      vertex 1 87.5 2.5
    endloop
  endfacet
  facet normal 0 0 -1
    outer loop
      vertex -1 -15.6 2.5
      vertex 1 87.5 2.5
      vertex -1 -16.4 2.5
    endloop
  endfacet
  facet normal 0 0 -1
    outer loop
      vertex -1 -14.4 2.5
      vertex 1 87.5 2.5
      vertex -1 -15.6 2.5
    endloop
  endfacet
  facet normal 0 0 -1
    outer loop
      vertex -1 -13.6 2.5
      vertex 1 87.5 2.5
      vertex -1 -14.4 2.5
    endloop
  endfacet
  facet normal 0 0 -1
    outer loop
      vertex -1 -12.4 2.5
      vertex 1 87.5 2.5
      vertex -1 -13.6 2.5
    endloop
  endfacet
  facet normal 0 0 -1
    outer loop
      vertex -1 -11.6 2.5
      vertex 1 87.5 2.5
      vertex -1 -12.4 2.5
    endloop
  endfacet
  facet normal 0 0 -1
    outer loop
      vertex -1 -10.4 2.5
      vertex 1 87.5 2.5
      vertex -1 -11.6 2.5
    endloop
  endfacet
  facet normal 0 0 -1
    outer loop
      vertex -1 -9.6 2.5
      vertex 1 87.5 2.5
      vertex -1 -10.4 2.5
    endloop
  endfacet
  facet normal 0 0 -1
    outer loop
      vertex -1 -8.4 2.5
      vertex 1 87.5 2.5
      vertex -1 -9.6 2.5
    endloop
  endfacet
  facet normal 0 0 -1
    outer loop
      vertex -1 -7.6 2.5
      vertex 1 87.5 2.5
      vertex -1 -8.4 2.5
    endloop
  endfacet
  facet normal 0 0 -1
    outer loop
      vertex -1 -6.4 2.5
      vertex 1 87.5 2.5
      vertex -1 -7.6 2.5
    endloop
  endfacet
  facet normal 0 0 -1
    outer loop
      vertex -1 -5.6 2.5
      vertex 1 87.5 2.5
      vertex -1 -6.4 2.5
    endloop
  endfacet
  facet normal 0 0 -1
    outer loop
      vertex -1 -4.4 2.5
      vertex 1 87.5 2.5
      vertex -1 -5.6 2.5
    endloop
  endfacet
  facet normal 0 0 -1
    outer loop
      vertex -1 -3.6 2.5
      vertex 1 87.5 2.5
      vertex -1 -4.4 2.5
    endloop
  endfacet
  facet normal 0 0 -1
    outer loop
      vertex -1 -2.4 2.5
      vertex 1 87.5 2.5
      vertex -1 -3.6 2.5
    endloop
  endfacet
  facet normal 0 0 -1
    outer loop
      vertex -1 -1.6 2.5
      vertex 1 87.5 2.5
      vertex -1 -2.4 2.5
    endloop
  endfacet
  facet normal 0 0 -1
    outer loop
      vertex -1 -0.4 2.5
      vertex 1 87.5 2.5
      vertex -1 -1.6 2.5
    endloop
  endfacet
  facet normal 0 0 -1
    outer loop
      vertex -1 0.400001 2.5
      vertex 1 87.5 2.5
      vertex -1 -0.4 2.5
    endloop
  endfacet
  facet normal 0 0 -1
    outer loop
      vertex -1 1.6 2.5
      vertex 1 87.5 2.5
      vertex -1 0.400001 2.5
    endloop
  endfacet
  facet normal 0 0 -1
    outer loop
      vertex -1 2.4 2.5
      vertex 1 87.5 2.5
      vertex -1 1.6 2.5
    endloop
  endfacet
  facet normal 0 0 -1
    outer loop
      vertex -1 3.6 2.5
      vertex 1 87.5 2.5
      vertex -1 2.4 2.5
    endloop
  endfacet
  facet normal 0 0 -1
    outer loop
      vertex -1 4.4 2.5
      vertex 1 87.5 2.5
      vertex -1 3.6 2.5
    endloop
  endfacet
  facet normal 0 0 -1
    outer loop
      vertex -1 5.6 2.5
      vertex 1 87.5 2.5
      vertex -1 4.4 2.5
    endloop
  endfacet
  facet normal 0 0 -1
    outer loop
      vertex -1 6.4 2.5
      vertex 1 87.5 2.5
      vertex -1 5.6 2.5
    endloop
  endfacet
  facet normal 0 0 -1
    outer loop
      vertex -1 7.6 2.5
      vertex 1 87.5 2.5
      vertex -1 6.4 2.5
    endloop
  endfacet
  facet normal 0 0 -1
    outer loop
      vertex -1 8.4 2.5
      vertex 1 87.5 2.5
      vertex -1 7.6 2.5
    endloop
  endfacet
  facet normal 0 0 -1
    outer loop
      vertex -1 9.6 2.5
      vertex 1 87.5 2.5
      vertex -1 8.4 2.5
    endloop
  endfacet
  facet normal 0 0 -1
    outer loop
      vertex -1 10.4 2.5
      vertex 1 87.5 2.5
      vertex -1 9.6 2.5
    endloop
  endfacet
  facet normal 0 0 -1
    outer loop
      vertex -1 11.6 2.5
      vertex 1 87.5 2.5
      vertex -1 10.4 2.5
    endloop
  endfacet
  facet normal 0 0 -1
    outer loop
      vertex -1 12.4 2.5
      vertex 1 87.5 2.5
      vertex -1 11.6 2.5
    endloop
  endfacet
  facet normal 0 0 -1
    outer loop
      vertex -1 13.6 2.5
      vertex 1 87.5 2.5
      vertex -1 12.4 2.5
    endloop
  endfacet
  facet normal 0 0 -1
    outer loop
      vertex -1 14.4 2.5
      vertex 1 87.5 2.5
      vertex -1 13.6 2.5
    endloop
  endfacet
  facet normal 0 0 -1
    outer loop
      vertex -1 15.6 2.5
      vertex 1 87.5 2.5
      vertex -1 14.4 2.5
    endloop
  endfacet
  facet normal 0 0 -1
    outer loop
      vertex -1 16.4 2.5
      vertex 1 87.5 2.5
      vertex -1 15.6 2.5
    endloop
  endfacet
  facet normal 0 0 -1
    outer loop
      vertex -1 17.6 2.5
      vertex 1 87.5 2.5
      vertex -1 16.4 2.5
    endloop
  endfacet
  facet normal 0 0 -1
    outer loop
      vertex -1 18.4 2.5
      vertex 1 87.5 2.5
      vertex -1 17.6 2.5
    endloop
  endfacet
  facet normal 0 0 -1
    outer loop
      vertex -1 19.6 2.5
      vertex 1 87.5 2.5
      vertex -1 18.4 2.5
    endloop
  endfacet
  facet normal 0 0 -1
    outer loop
      vertex -1 20.4 2.5
      vertex 1 87.5 2.5
      vertex -1 19.6 2.5
    endloop
  endfacet
  facet normal 0 0 -1
    outer loop
      vertex -1 21.6 2.5
      vertex 1 87.5 2.5
      vertex -1 20.4 2.5
    endloop
  endfacet
  facet normal 0 0 -1
    outer loop
      vertex -1 22.4 2.5
      vertex 1 87.5 2.5
      vertex -1 21.6 2.5
    endloop
  endfacet
  facet normal 0 0 -1
    outer loop
      vertex -1 23.6 2.5
      vertex 1 87.5 2.5
      vertex -1 22.4 2.5
    endloop
  endfacet
  facet normal 0 0 -1
    outer loop
      vertex -1 24.4 2.5
      vertex 1 87.5 2.5
      vertex -1 23.6 2.5
    endloop
  endfacet
  facet normal 0 0 -1
    outer loop
      vertex -1 25.6 2.5
      vertex 1 87.5 2.5
      vertex -1 24.4 2.5
    endloop
  endfacet
  facet normal 0 0 -1
    outer loop
      vertex -1 26.4 2.5
      vertex 1 87.5 2.5
      vertex -1 25.6 2.5
    endloop
  endfacet
  facet normal 0 0 -1
    outer loop
      vertex -1 27.6 2.5
      vertex 1 87.5 2.5
      vertex -1 26.4 2.5
    endloop
  endfacet
  facet normal 0 0 -1
    outer loop
      vertex -1 28.4 2.5
      vertex 1 87.5 2.5
      vertex -1 27.6 2.5
    endloop
  endfacet
  facet normal 0 0 -1
    outer loop
      vertex -1 29.6 2.5
      vertex 1 87.5 2.5
      vertex -1 28.4 2.5
    endloop
  endfacet
  facet normal 0 0 -1
    outer loop
      vertex -1 30.4 2.5
      vertex 1 87.5 2.5
      vertex -1 29.6 2.5
    endloop
  endfacet
  facet normal 0 0 -1
    outer loop
      vertex -1 31.6 2.5
      vertex 1 87.5 2.5
      vertex -1 30.4 2.5
    endloop
  endfacet
  facet normal 0 0 -1
    outer loop
      vertex -1 32.4 2.5
      vertex 1 87.5 2.5
      vertex -1 31.6 2.5
    endloop
  endfacet
  facet normal 0 0 -1
    outer loop
      vertex -1 33.6 2.5
      vertex 1 87.5 2.5
      vertex -1 32.4 2.5
    endloop
  endfacet
  facet normal 0 0 -1
    outer loop
      vertex -1 34.4 2.5
      vertex 1 87.5 2.5
      vertex -1 33.6 2.5
    endloop
  endfacet
  facet normal 0 0 -1
    outer loop
      vertex -1 35.6 2.5
      vertex 1 87.5 2.5
      vertex -1 34.4 2.5
    endloop
  endfacet
  facet normal 0 0 -1
    outer loop
      vertex -1 36.4 2.5
      vertex 1 87.5 2.5
      vertex -1 35.6 2.5
    endloop
  endfacet
  facet normal 0 0 -1
    outer loop
      vertex -1 37.6 2.5
      vertex 1 87.5 2.5
      vertex -1 36.4 2.5
    endloop
  endfacet
  facet normal 0 0 -1
    outer loop
      vertex -1 38.4 2.5
      vertex 1 87.5 2.5
      vertex -1 37.6 2.5
    endloop
  endfacet
  facet normal 0 0 -1
    outer loop
      vertex -1 39.6 2.5
      vertex 1 87.5 2.5
      vertex -1 38.4 2.5
    endloop
  endfacet
  facet normal 0 0 -1
    outer loop
      vertex -1 40.4 2.5
      vertex 1 87.5 2.5
      vertex -1 39.6 2.5
    endloop
  endfacet
  facet normal 0 0 -1
    outer loop
      vertex -1 41.6 2.5
      vertex 1 87.5 2.5
      vertex -1 40.4 2.5
    endloop
  endfacet
  facet normal 0 0 -1
    outer loop
      vertex -1 42.4 2.5
      vertex 1 87.5 2.5
      vertex -1 41.6 2.5
    endloop
  endfacet
  facet normal 0 0 -1
    outer loop
      vertex -1 43.6 2.5
      vertex 1 87.5 2.5
      vertex -1 42.4 2.5
    endloop
  endfacet
  facet normal 0 0 -1
    outer loop
      vertex -1 44.4 2.5
      vertex 1 87.5 2.5
      vertex -1 43.6 2.5
    endloop
  endfacet
  facet normal 0 0 -1
    outer loop
      vertex -1 45.6 2.5
      vertex 1 87.5 2.5
      vertex -1 44.4 2.5
    endloop
  endfacet
  facet normal 0 0 -1
    outer loop
      vertex -1 46.4 2.5
      vertex 1 87.5 2.5
      vertex -1 45.6 2.5
    endloop
  endfacet
  facet normal 0 0 -1
    outer loop
      vertex -1 47.6 2.5
      vertex 1 87.5 2.5
      vertex -1 46.4 2.5
    endloop
  endfacet
  facet normal 0 0 -1
    outer loop
      vertex -1 48.4 2.5
      vertex 1 87.5 2.5
      vertex -1 47.6 2.5
    endloop
  endfacet
  facet normal 0 0 -1
    outer loop
      vertex -1 49.6 2.5
      vertex 1 87.5 2.5
      vertex -1 48.4 2.5
    endloop
  endfacet
  facet normal 0 0 -1
    outer loop
      vertex -1 50.4 2.5
      vertex 1 87.5 2.5
      vertex -1 49.6 2.5
    endloop
  endfacet
  facet normal 0 0 -1
    outer loop
      vertex -1 51.6 2.5
      vertex 1 87.5 2.5
      vertex -1 50.4 2.5
    endloop
  endfacet
  facet normal 0 0 -1
    outer loop
      vertex -1 52.4 2.5
      vertex 1 87.5 2.5
      vertex -1 51.6 2.5
    endloop
  endfacet
  facet normal 0 0 -1
    outer loop
      vertex -1 53.6 2.5
      vertex 1 87.5 2.5
      vertex -1 52.4 2.5
    endloop
  endfacet
  facet normal 0 0 -1
    outer loop
      vertex -1 54.4 2.5
      vertex 1 87.5 2.5
      vertex -1 53.6 2.5
    endloop
  endfacet
  facet normal 0 0 -1
    outer loop
      vertex -1 55.6 2.5
      vertex 1 87.5 2.5
      vertex -1 54.4 2.5
    endloop
  endfacet
  facet normal 0 0 -1
    outer loop
      vertex -1 56.4 2.5
      vertex 1 87.5 2.5
      vertex -1 55.6 2.5
    endloop
  endfacet
  facet normal 0 0 -1
    outer loop
      vertex -1 57.6 2.5
      vertex 1 87.5 2.5
      vertex -1 56.4 2.5
    endloop
  endfacet
  facet normal 0 0 -1
    outer loop
      vertex -1 58.4 2.5
      vertex 1 87.5 2.5
      vertex -1 57.6 2.5
    endloop
  endfacet
  facet normal 0 0 -1
    outer loop
      vertex -1 59.6 2.5
      vertex 1 87.5 2.5
      vertex -1 58.4 2.5
    endloop
  endfacet
  facet normal 0 0 -1
    outer loop
      vertex -1 60.4 2.5
      vertex 1 87.5 2.5
      vertex -1 59.6 2.5
    endloop
  endfacet
  facet normal 0 0 -1
    outer loop
      vertex -1 61.6 2.5
      vertex 1 87.5 2.5
      vertex -1 60.4 2.5
    endloop
  endfacet
  facet normal 0 0 -1
    outer loop
      vertex -1 62.4 2.5
      vertex 1 87.5 2.5
      vertex -1 61.6 2.5
    endloop
  endfacet
  facet normal 0 0 -1
    outer loop
      vertex -1 63.6 2.5
      vertex 1 87.5 2.5
      vertex -1 62.4 2.5
    endloop
  endfacet
  facet normal 0 0 -1
    outer loop
      vertex -1 64.4 2.5
      vertex 1 87.5 2.5
      vertex -1 63.6 2.5
    endloop
  endfacet
  facet normal 0 0 -1
    outer loop
      vertex -1 65.6 2.5
      vertex 1 87.5 2.5
      vertex -1 64.4 2.5
    endloop
  endfacet
  facet normal 0 0 -1
    outer loop
      vertex -1 66.4 2.5
      vertex 1 87.5 2.5
      vertex -1 65.6 2.5
    endloop
  endfacet
  facet normal 0 0 -1
    outer loop
      vertex -1 67.6 2.5
      vertex 1 87.5 2.5
      vertex -1 66.4 2.5
    endloop
  endfacet
  facet normal 0 0 -1
    outer loop
      vertex -1 68.4 2.5
      vertex 1 87.5 2.5
      vertex -1 67.6 2.5
    endloop
  endfacet
  facet normal 0 0 -1
    outer loop
      vertex -1 69.6 2.5
      vertex 1 87.5 2.5
      vertex -1 68.4 2.5
    endloop
  endfacet
  facet normal 0 0 -1
    outer loop
      vertex -1 70.4 2.5
      vertex 1 87.5 2.5
      vertex -1 69.6 2.5
    endloop
  endfacet
  facet normal 0 0 -1
    outer loop
      vertex -1 71.6 2.5
      vertex 1 87.5 2.5
      vertex -1 70.4 2.5
    endloop
  endfacet
  facet normal 0 0 -1
    outer loop
      vertex -1 72.4 2.5
      vertex 1 87.5 2.5
      vertex -1 71.6 2.5
    endloop
  endfacet
  facet normal 0 0 -1
    outer loop
      vertex -1 73.6 2.5
      vertex 1 87.5 2.5
      vertex -1 72.4 2.5
    endloop
  endfacet
  facet normal 0 0 -1
    outer loop
      vertex -1 74.4 2.5
      vertex 1 87.5 2.5
      vertex -1 73.6 2.5
    endloop
  endfacet
  facet normal 0 0 -1
    outer loop
      vertex -1 75.6 2.5
      vertex 1 87.5 2.5
      vertex -1 74.4 2.5
    endloop
  endfacet
  facet normal 0 0 -1
    outer loop
      vertex -1 76.4 2.5
      vertex 1 87.5 2.5
      vertex -1 75.6 2.5
    endloop
  endfacet
  facet normal 0 0 -1
    outer loop
      vertex -1 77.6 2.5
      vertex 1 87.5 2.5
      vertex -1 76.4 2.5
    endloop
  endfacet
  facet normal 0 0 -1
    outer loop
      vertex -1 78.4 2.5
      vertex 1 87.5 2.5
      vertex -1 77.6 2.5
    endloop
  endfacet
  facet normal 0 0 -1
    outer loop
      vertex -1 79.6 2.5
      vertex 1 87.5 2.5
      vertex -1 78.4 2.5
    endloop
  endfacet
  facet normal 0 0 -1
    outer loop
      vertex -1 80.4 2.5
      vertex 1 87.5 2.5
      vertex -1 79.6 2.5
    endloop
  endfacet
  facet normal 0 0 -1
    outer loop
      vertex -1 81.6 2.5
      vertex 1 87.5 2.5
      vertex -1 80.4 2.5
    endloop
  endfacet
  facet normal 0 0 -1
    outer loop
      vertex -1 82.4 2.5
      vertex 1 87.5 2.5
      vertex -1 81.6 2.5
    endloop
  endfacet
  facet normal 0 0 -1
    outer loop
      vertex -1 83.6 2.5
      vertex 1 87.5 2.5
      vertex -1 82.4 2.5
    endloop
  endfacet
  facet normal 0 0 -1
    outer loop
      vertex -1 84.4 2.5
      vertex 1 87.5 2.5
      vertex -1 83.6 2.5
    endloop
  endfacet
  facet normal 0 0 -1
    outer loop
      vertex -1 85.6 2.5
      vertex 1 87.5 2.5
      vertex -1 84.4 2.5
    endloop
  endfacet
  facet normal 0 0 -1
    outer loop
      vertex -1 86.4 2.5
      vertex 1 87.5 2.5
      vertex -1 85.6 2.5
    endloop
  endfacet
  facet normal 0 0 -1
    outer loop
      vertex -2 87.5 2.5
      vertex -1 86.4 2.5
      vertex -2 86.4 2.5
    endloop
  endfacet
  facet normal 0 0 -1
    outer loop
      vertex -1 86.4 2.5
      vertex -2 87.5 2.5
      vertex 1 87.5 2.5
    endloop
  endfacet
  facet normal -1 0 0
    outer loop
      vertex -2 -83.6 2.5
      vertex -2 -82.4 7.5
      vertex -2 -82.4 2.5
    endloop
  endfacet
  facet normal -1 -0 0
    outer loop
      vertex -2 -82.4 7.5
      vertex -2 -83.6 2.5
      vertex -2 -83.6 7.5
    endloop
  endfacet
  facet normal 0 -1 0
    outer loop
      vertex -2 -83.6 2.5
      vertex -1 -83.6 7.5
      vertex -2 -83.6 7.5
    endloop
  endfacet
  facet normal 0 -1 -0
    outer loop
      vertex -1 -83.6 7.5
      vertex -2 -83.6 2.5
      vertex -1 -83.6 2.5
    endloop
  endfacet
  facet normal 0 1 -0
    outer loop
      vertex -1 -82.4 2.5
      vertex -2 -82.4 7.5
      vertex -1 -82.4 7.5
    endloop
  endfacet
  facet normal 0 1 0
    outer loop
      vertex -2 -82.4 7.5
      vertex -1 -82.4 2.5
      vertex -2 -82.4 2.5
    endloop
  endfacet
  facet normal -1 0 0
    outer loop
      vertex -2 -81.6 2.5
      vertex -2 -80.4 7.5
      vertex -2 -80.4 2.5
    endloop
  endfacet
  facet normal -1 -0 0
    outer loop
      vertex -2 -80.4 7.5
      vertex -2 -81.6 2.5
      vertex -2 -81.6 7.5
    endloop
  endfacet
  facet normal 0 1 -0
    outer loop
      vertex -1 -80.4 2.5
      vertex -2 -80.4 7.5
      vertex -1 -80.4 7.5
    endloop
  endfacet
  facet normal 0 1 0
    outer loop
      vertex -2 -80.4 7.5
      vertex -1 -80.4 2.5
      vertex -2 -80.4 2.5
    endloop
  endfacet
  facet normal 0 -1 0
    outer loop
      vertex -2 -81.6 2.5
      vertex -1 -81.6 7.5
      vertex -2 -81.6 7.5
    endloop
  endfacet
  facet normal 0 -1 -0
    outer loop
      vertex -1 -81.6 7.5
      vertex -2 -81.6 2.5
      vertex -1 -81.6 2.5
    endloop
  endfacet
  facet normal -1 0 0
    outer loop
      vertex -2 -79.6 2.5
      vertex -2 -78.4 7.5
      vertex -2 -78.4 2.5
    endloop
  endfacet
  facet normal -1 -0 0
    outer loop
      vertex -2 -78.4 7.5
      vertex -2 -79.6 2.5
      vertex -2 -79.6 7.5
    endloop
  endfacet
  facet normal 0 1 -0
    outer loop
      vertex -1 -78.4 2.5
      vertex -2 -78.4 7.5
      vertex -1 -78.4 7.5
    endloop
  endfacet
  facet normal 0 1 0
    outer loop
      vertex -2 -78.4 7.5
      vertex -1 -78.4 2.5
      vertex -2 -78.4 2.5
    endloop
  endfacet
  facet normal 0 -1 0
    outer loop
      vertex -2 -79.6 2.5
      vertex -1 -79.6 7.5
      vertex -2 -79.6 7.5
    endloop
  endfacet
  facet normal 0 -1 -0
    outer loop
      vertex -1 -79.6 7.5
      vertex -2 -79.6 2.5
      vertex -1 -79.6 2.5
    endloop
  endfacet
  facet normal -1 0 0
    outer loop
      vertex -2 -77.6 2.5
      vertex -2 -76.4 7.5
      vertex -2 -76.4 2.5
    endloop
  endfacet
  facet normal -1 -0 0
    outer loop
      vertex -2 -76.4 7.5
      vertex -2 -77.6 2.5
      vertex -2 -77.6 7.5
    endloop
  endfacet
  facet normal 0 1 -0
    outer loop
      vertex -1 -76.4 2.5
      vertex -2 -76.4 7.5
      vertex -1 -76.4 7.5
    endloop
  endfacet
  facet normal 0 1 0
    outer loop
      vertex -2 -76.4 7.5
      vertex -1 -76.4 2.5
      vertex -2 -76.4 2.5
    endloop
  endfacet
  facet normal 0 -1 0
    outer loop
      vertex -2 -77.6 2.5
      vertex -1 -77.6 7.5
      vertex -2 -77.6 7.5
    endloop
  endfacet
  facet normal 0 -1 -0
    outer loop
      vertex -1 -77.6 7.5
      vertex -2 -77.6 2.5
      vertex -1 -77.6 2.5
    endloop
  endfacet
  facet normal -1 0 0
    outer loop
      vertex -2 -75.6 2.5
      vertex -2 -74.4 7.5
      vertex -2 -74.4 2.5
    endloop
  endfacet
  facet normal -1 -0 0
    outer loop
      vertex -2 -74.4 7.5
      vertex -2 -75.6 2.5
      vertex -2 -75.6 7.5
    endloop
  endfacet
  facet normal 0 1 -0
    outer loop
      vertex -1 -74.4 2.5
      vertex -2 -74.4 7.5
      vertex -1 -74.4 7.5
    endloop
  endfacet
  facet normal 0 1 0
    outer loop
      vertex -2 -74.4 7.5
      vertex -1 -74.4 2.5
      vertex -2 -74.4 2.5
    endloop
  endfacet
  facet normal 0 -1 0
    outer loop
      vertex -2 -75.6 2.5
      vertex -1 -75.6 7.5
      vertex -2 -75.6 7.5
    endloop
  endfacet
  facet normal 0 -1 -0
    outer loop
      vertex -1 -75.6 7.5
      vertex -2 -75.6 2.5
      vertex -1 -75.6 2.5
    endloop
  endfacet
  facet normal -1 0 0
    outer loop
      vertex -2 -73.6 2.5
      vertex -2 -72.4 7.5
      vertex -2 -72.4 2.5
    endloop
  endfacet
  facet normal -1 -0 0
    outer loop
      vertex -2 -72.4 7.5
      vertex -2 -73.6 2.5
      vertex -2 -73.6 7.5
    endloop
  endfacet
  facet normal 0 -1 0
    outer loop
      vertex -2 -73.6 2.5
      vertex -1 -73.6 7.5
      vertex -2 -73.6 7.5
    endloop
  endfacet
  facet normal 0 -1 -0
    outer loop
      vertex -1 -73.6 7.5
      vertex -2 -73.6 2.5
      vertex -1 -73.6 2.5
    endloop
  endfacet
  facet normal 0 1 -0
    outer loop
      vertex -1 -72.4 2.5
      vertex -2 -72.4 7.5
      vertex -1 -72.4 7.5
    endloop
  endfacet
  facet normal 0 1 0
    outer loop
      vertex -2 -72.4 7.5
      vertex -1 -72.4 2.5
      vertex -2 -72.4 2.5
    endloop
  endfacet
  facet normal -1 0 0
    outer loop
      vertex -2 -71.6 2.5
      vertex -2 -70.4 7.5
      vertex -2 -70.4 2.5
    endloop
  endfacet
  facet normal -1 -0 0
    outer loop
      vertex -2 -70.4 7.5
      vertex -2 -71.6 2.5
      vertex -2 -71.6 7.5
    endloop
  endfacet
  facet normal 0 1 -0
    outer loop
      vertex -1 -70.4 2.5
      vertex -2 -70.4 7.5
      vertex -1 -70.4 7.5
    endloop
  endfacet
  facet normal 0 1 0
    outer loop
      vertex -2 -70.4 7.5
      vertex -1 -70.4 2.5
      vertex -2 -70.4 2.5
    endloop
  endfacet
  facet normal 0 -1 0
    outer loop
      vertex -2 -71.6 2.5
      vertex -1 -71.6 7.5
      vertex -2 -71.6 7.5
    endloop
  endfacet
  facet normal 0 -1 -0
    outer loop
      vertex -1 -71.6 7.5
      vertex -2 -71.6 2.5
      vertex -1 -71.6 2.5
    endloop
  endfacet
  facet normal -1 0 0
    outer loop
      vertex -2 -69.6 2.5
      vertex -2 -68.4 7.5
      vertex -2 -68.4 2.5
    endloop
  endfacet
  facet normal -1 -0 0
    outer loop
      vertex -2 -68.4 7.5
      vertex -2 -69.6 2.5
      vertex -2 -69.6 7.5
    endloop
  endfacet
  facet normal 0 1 -0
    outer loop
      vertex -1 -68.4 2.5
      vertex -2 -68.4 7.5
      vertex -1 -68.4 7.5
    endloop
  endfacet
  facet normal 0 1 0
    outer loop
      vertex -2 -68.4 7.5
      vertex -1 -68.4 2.5
      vertex -2 -68.4 2.5
    endloop
  endfacet
  facet normal 0 -1 0
    outer loop
      vertex -2 -69.6 2.5
      vertex -1 -69.6 7.5
      vertex -2 -69.6 7.5
    endloop
  endfacet
  facet normal 0 -1 -0
    outer loop
      vertex -1 -69.6 7.5
      vertex -2 -69.6 2.5
      vertex -1 -69.6 2.5
    endloop
  endfacet
  facet normal -1 0 0
    outer loop
      vertex -2 -67.6 2.5
      vertex -2 -66.4 7.5
      vertex -2 -66.4 2.5
    endloop
  endfacet
  facet normal -1 -0 0
    outer loop
      vertex -2 -66.4 7.5
      vertex -2 -67.6 2.5
      vertex -2 -67.6 7.5
    endloop
  endfacet
  facet normal 0 1 -0
    outer loop
      vertex -1 -66.4 2.5
      vertex -2 -66.4 7.5
      vertex -1 -66.4 7.5
    endloop
  endfacet
  facet normal 0 1 0
    outer loop
      vertex -2 -66.4 7.5
      vertex -1 -66.4 2.5
      vertex -2 -66.4 2.5
    endloop
  endfacet
  facet normal 0 -1 0
    outer loop
      vertex -2 -67.6 2.5
      vertex -1 -67.6 7.5
      vertex -2 -67.6 7.5
    endloop
  endfacet
  facet normal 0 -1 -0
    outer loop
      vertex -1 -67.6 7.5
      vertex -2 -67.6 2.5
      vertex -1 -67.6 2.5
    endloop
  endfacet
  facet normal -1 0 0
    outer loop
      vertex -2 -65.6 2.5
      vertex -2 -64.4 7.5
      vertex -2 -64.4 2.5
    endloop
  endfacet
  facet normal -1 -0 0
    outer loop
      vertex -2 -64.4 7.5
      vertex -2 -65.6 2.5
      vertex -2 -65.6 7.5
    endloop
  endfacet
  facet normal 0 1 -0
    outer loop
      vertex -1 -64.4 2.5
      vertex -2 -64.4 7.5
      vertex -1 -64.4 7.5
    endloop
  endfacet
  facet normal 0 1 0
    outer loop
      vertex -2 -64.4 7.5
      vertex -1 -64.4 2.5
      vertex -2 -64.4 2.5
    endloop
  endfacet
  facet normal 0 -1 0
    outer loop
      vertex -2 -65.6 2.5
      vertex -1 -65.6 7.5
      vertex -2 -65.6 7.5
    endloop
  endfacet
  facet normal 0 -1 -0
    outer loop
      vertex -1 -65.6 7.5
      vertex -2 -65.6 2.5
      vertex -1 -65.6 2.5
    endloop
  endfacet
  facet normal -1 0 0
    outer loop
      vertex -2 -63.6 2.5
      vertex -2 -62.4 7.5
      vertex -2 -62.4 2.5
    endloop
  endfacet
  facet normal -1 -0 0
    outer loop
      vertex -2 -62.4 7.5
      vertex -2 -63.6 2.5
      vertex -2 -63.6 7.5
    endloop
  endfacet
  facet normal 0 -1 0
    outer loop
      vertex -2 -63.6 2.5
      vertex -1 -63.6 7.5
      vertex -2 -63.6 7.5
    endloop
  endfacet
  facet normal 0 -1 -0
    outer loop
      vertex -1 -63.6 7.5
      vertex -2 -63.6 2.5
      vertex -1 -63.6 2.5
    endloop
  endfacet
  facet normal 0 1 -0
    outer loop
      vertex -1 -62.4 2.5
      vertex -2 -62.4 7.5
      vertex -1 -62.4 7.5
    endloop
  endfacet
  facet normal 0 1 0
    outer loop
      vertex -2 -62.4 7.5
      vertex -1 -62.4 2.5
      vertex -2 -62.4 2.5
    endloop
  endfacet
  facet normal -1 0 0
    outer loop
      vertex -2 -61.6 2.5
      vertex -2 -60.4 7.5
      vertex -2 -60.4 2.5
    endloop
  endfacet
  facet normal -1 -0 0
    outer loop
      vertex -2 -60.4 7.5
      vertex -2 -61.6 2.5
      vertex -2 -61.6 7.5
    endloop
  endfacet
  facet normal 0 -1 0
    outer loop
      vertex -2 -61.6 2.5
      vertex -1 -61.6 7.5
      vertex -2 -61.6 7.5
    endloop
  endfacet
  facet normal 0 -1 -0
    outer loop
      vertex -1 -61.6 7.5
      vertex -2 -61.6 2.5
      vertex -1 -61.6 2.5
    endloop
  endfacet
  facet normal 0 1 -0
    outer loop
      vertex -1 -60.4 2.5
      vertex -2 -60.4 7.5
      vertex -1 -60.4 7.5
    endloop
  endfacet
  facet normal 0 1 0
    outer loop
      vertex -2 -60.4 7.5
      vertex -1 -60.4 2.5
      vertex -2 -60.4 2.5
    endloop
  endfacet
  facet normal -1 0 0
    outer loop
      vertex -2 -59.6 2.5
      vertex -2 -58.4 7.5
      vertex -2 -58.4 2.5
    endloop
  endfacet
  facet normal -1 -0 0
    outer loop
      vertex -2 -58.4 7.5
      vertex -2 -59.6 2.5
      vertex -2 -59.6 7.5
    endloop
  endfacet
  facet normal 0 -1 0
    outer loop
      vertex -2 -59.6 2.5
      vertex -1 -59.6 7.5
      vertex -2 -59.6 7.5
    endloop
  endfacet
  facet normal 0 -1 -0
    outer loop
      vertex -1 -59.6 7.5
      vertex -2 -59.6 2.5
      vertex -1 -59.6 2.5
    endloop
  endfacet
  facet normal 0 1 -0
    outer loop
      vertex -1 -58.4 2.5
      vertex -2 -58.4 7.5
      vertex -1 -58.4 7.5
    endloop
  endfacet
  facet normal 0 1 0
    outer loop
      vertex -2 -58.4 7.5
      vertex -1 -58.4 2.5
      vertex -2 -58.4 2.5
    endloop
  endfacet
  facet normal -1 0 0
    outer loop
      vertex -2 -57.6 2.5
      vertex -2 -56.4 7.5
      vertex -2 -56.4 2.5
    endloop
  endfacet
  facet normal -1 -0 0
    outer loop
      vertex -2 -56.4 7.5
      vertex -2 -57.6 2.5
      vertex -2 -57.6 7.5
    endloop
  endfacet
  facet normal 0 -1 0
    outer loop
      vertex -2 -57.6 2.5
      vertex -1 -57.6 7.5
      vertex -2 -57.6 7.5
    endloop
  endfacet
  facet normal 0 -1 -0
    outer loop
      vertex -1 -57.6 7.5
      vertex -2 -57.6 2.5
      vertex -1 -57.6 2.5
    endloop
  endfacet
  facet normal 0 1 -0
    outer loop
      vertex -1 -56.4 2.5
      vertex -2 -56.4 7.5
      vertex -1 -56.4 7.5
    endloop
  endfacet
  facet normal 0 1 0
    outer loop
      vertex -2 -56.4 7.5
      vertex -1 -56.4 2.5
      vertex -2 -56.4 2.5
    endloop
  endfacet
  facet normal -1 0 0
    outer loop
      vertex -2 -55.6 2.5
      vertex -2 -54.4 7.5
      vertex -2 -54.4 2.5
    endloop
  endfacet
  facet normal -1 -0 0
    outer loop
      vertex -2 -54.4 7.5
      vertex -2 -55.6 2.5
      vertex -2 -55.6 7.5
    endloop
  endfacet
  facet normal 0 1 -0
    outer loop
      vertex -1 -54.4 2.5
      vertex -2 -54.4 7.5
      vertex -1 -54.4 7.5
    endloop
  endfacet
  facet normal 0 1 0
    outer loop
      vertex -2 -54.4 7.5
      vertex -1 -54.4 2.5
      vertex -2 -54.4 2.5
    endloop
  endfacet
  facet normal 0 -1 0
    outer loop
      vertex -2 -55.6 2.5
      vertex -1 -55.6 7.5
      vertex -2 -55.6 7.5
    endloop
  endfacet
  facet normal 0 -1 -0
    outer loop
      vertex -1 -55.6 7.5
      vertex -2 -55.6 2.5
      vertex -1 -55.6 2.5
    endloop
  endfacet
  facet normal -1 0 0
    outer loop
      vertex -2 -53.6 2.5
      vertex -2 -52.4 7.5
      vertex -2 -52.4 2.5
    endloop
  endfacet
  facet normal -1 -0 0
    outer loop
      vertex -2 -52.4 7.5
      vertex -2 -53.6 2.5
      vertex -2 -53.6 7.5
    endloop
  endfacet
  facet normal 0 1 -0
    outer loop
      vertex -1 -52.4 2.5
      vertex -2 -52.4 7.5
      vertex -1 -52.4 7.5
    endloop
  endfacet
  facet normal 0 1 0
    outer loop
      vertex -2 -52.4 7.5
      vertex -1 -52.4 2.5
      vertex -2 -52.4 2.5
    endloop
  endfacet
  facet normal 0 -1 0
    outer loop
      vertex -2 -53.6 2.5
      vertex -1 -53.6 7.5
      vertex -2 -53.6 7.5
    endloop
  endfacet
  facet normal 0 -1 -0
    outer loop
      vertex -1 -53.6 7.5
      vertex -2 -53.6 2.5
      vertex -1 -53.6 2.5
    endloop
  endfacet
  facet normal -1 0 0
    outer loop
      vertex -2 -51.6 2.5
      vertex -2 -50.4 7.5
      vertex -2 -50.4 2.5
    endloop
  endfacet
  facet normal -1 -0 0
    outer loop
      vertex -2 -50.4 7.5
      vertex -2 -51.6 2.5
      vertex -2 -51.6 7.5
    endloop
  endfacet
  facet normal 0 -1 0
    outer loop
      vertex -2 -51.6 2.5
      vertex -1 -51.6 7.5
      vertex -2 -51.6 7.5
    endloop
  endfacet
  facet normal 0 -1 -0
    outer loop
      vertex -1 -51.6 7.5
      vertex -2 -51.6 2.5
      vertex -1 -51.6 2.5
    endloop
  endfacet
  facet normal 0 1 -0
    outer loop
      vertex -1 -50.4 2.5
      vertex -2 -50.4 7.5
      vertex -1 -50.4 7.5
    endloop
  endfacet
  facet normal 0 1 0
    outer loop
      vertex -2 -50.4 7.5
      vertex -1 -50.4 2.5
      vertex -2 -50.4 2.5
    endloop
  endfacet
  facet normal -1 0 0
    outer loop
      vertex -2 -49.6 2.5
      vertex -2 -48.4 7.5
      vertex -2 -48.4 2.5
    endloop
  endfacet
  facet normal -1 -0 0
    outer loop
      vertex -2 -48.4 7.5
      vertex -2 -49.6 2.5
      vertex -2 -49.6 7.5
    endloop
  endfacet
  facet normal 0 1 -0
    outer loop
      vertex -1 -48.4 2.5
      vertex -2 -48.4 7.5
      vertex -1 -48.4 7.5
    endloop
  endfacet
  facet normal 0 1 0
    outer loop
      vertex -2 -48.4 7.5
      vertex -1 -48.4 2.5
      vertex -2 -48.4 2.5
    endloop
  endfacet
  facet normal 0 -1 0
    outer loop
      vertex -2 -49.6 2.5
      vertex -1 -49.6 7.5
      vertex -2 -49.6 7.5
    endloop
  endfacet
  facet normal 0 -1 -0
    outer loop
      vertex -1 -49.6 7.5
      vertex -2 -49.6 2.5
      vertex -1 -49.6 2.5
    endloop
  endfacet
  facet normal -1 0 0
    outer loop
      vertex -2 -47.6 2.5
      vertex -2 -46.4 7.5
      vertex -2 -46.4 2.5
    endloop
  endfacet
  facet normal -1 -0 0
    outer loop
      vertex -2 -46.4 7.5
      vertex -2 -47.6 2.5
      vertex -2 -47.6 7.5
    endloop
  endfacet
  facet normal 0 1 -0
    outer loop
      vertex -1 -46.4 2.5
      vertex -2 -46.4 7.5
      vertex -1 -46.4 7.5
    endloop
  endfacet
  facet normal 0 1 0
    outer loop
      vertex -2 -46.4 7.5
      vertex -1 -46.4 2.5
      vertex -2 -46.4 2.5
    endloop
  endfacet
  facet normal 0 -1 0
    outer loop
      vertex -2 -47.6 2.5
      vertex -1 -47.6 7.5
      vertex -2 -47.6 7.5
    endloop
  endfacet
  facet normal 0 -1 -0
    outer loop
      vertex -1 -47.6 7.5
      vertex -2 -47.6 2.5
      vertex -1 -47.6 2.5
    endloop
  endfacet
  facet normal -1 0 0
    outer loop
      vertex -2 -45.6 2.5
      vertex -2 -44.4 7.5
      vertex -2 -44.4 2.5
    endloop
  endfacet
  facet normal -1 -0 0
    outer loop
      vertex -2 -44.4 7.5
      vertex -2 -45.6 2.5
      vertex -2 -45.6 7.5
    endloop
  endfacet
  facet normal 0 -1 0
    outer loop
      vertex -2 -45.6 2.5
      vertex -1 -45.6 7.5
      vertex -2 -45.6 7.5
    endloop
  endfacet
  facet normal 0 -1 -0
    outer loop
      vertex -1 -45.6 7.5
      vertex -2 -45.6 2.5
      vertex -1 -45.6 2.5
    endloop
  endfacet
  facet normal 0 1 -0
    outer loop
      vertex -1 -44.4 2.5
      vertex -2 -44.4 7.5
      vertex -1 -44.4 7.5
    endloop
  endfacet
  facet normal 0 1 0
    outer loop
      vertex -2 -44.4 7.5
      vertex -1 -44.4 2.5
      vertex -2 -44.4 2.5
    endloop
  endfacet
  facet normal -1 0 0
    outer loop
      vertex -2 -43.6 2.5
      vertex -2 -42.4 7.5
      vertex -2 -42.4 2.5
    endloop
  endfacet
  facet normal -1 -0 0
    outer loop
      vertex -2 -42.4 7.5
      vertex -2 -43.6 2.5
      vertex -2 -43.6 7.5
    endloop
  endfacet
  facet normal 0 1 -0
    outer loop
      vertex -1 -42.4 2.5
      vertex -2 -42.4 7.5
      vertex -1 -42.4 7.5
    endloop
  endfacet
  facet normal 0 1 0
    outer loop
      vertex -2 -42.4 7.5
      vertex -1 -42.4 2.5
      vertex -2 -42.4 2.5
    endloop
  endfacet
  facet normal 0 -1 0
    outer loop
      vertex -2 -43.6 2.5
      vertex -1 -43.6 7.5
      vertex -2 -43.6 7.5
    endloop
  endfacet
  facet normal 0 -1 -0
    outer loop
      vertex -1 -43.6 7.5
      vertex -2 -43.6 2.5
      vertex -1 -43.6 2.5
    endloop
  endfacet
  facet normal -1 0 0
    outer loop
      vertex -2 -41.6 2.5
      vertex -2 -40.4 7.5
      vertex -2 -40.4 2.5
    endloop
  endfacet
  facet normal -1 -0 0
    outer loop
      vertex -2 -40.4 7.5
      vertex -2 -41.6 2.5
      vertex -2 -41.6 7.5
    endloop
  endfacet
  facet normal 0 1 -0
    outer loop
      vertex -1 -40.4 2.5
      vertex -2 -40.4 7.5
      vertex -1 -40.4 7.5
    endloop
  endfacet
  facet normal 0 1 0
    outer loop
      vertex -2 -40.4 7.5
      vertex -1 -40.4 2.5
      vertex -2 -40.4 2.5
    endloop
  endfacet
  facet normal 0 -1 0
    outer loop
      vertex -2 -41.6 2.5
      vertex -1 -41.6 7.5
      vertex -2 -41.6 7.5
    endloop
  endfacet
  facet normal 0 -1 -0
    outer loop
      vertex -1 -41.6 7.5
      vertex -2 -41.6 2.5
      vertex -1 -41.6 2.5
    endloop
  endfacet
  facet normal -1 0 0
    outer loop
      vertex -2 -39.6 2.5
      vertex -2 -38.4 7.5
      vertex -2 -38.4 2.5
    endloop
  endfacet
  facet normal -1 -0 0
    outer loop
      vertex -2 -38.4 7.5
      vertex -2 -39.6 2.5
      vertex -2 -39.6 7.5
    endloop
  endfacet
  facet normal 0 1 -0
    outer loop
      vertex -1 -38.4 2.5
      vertex -2 -38.4 7.5
      vertex -1 -38.4 7.5
    endloop
  endfacet
  facet normal 0 1 0
    outer loop
      vertex -2 -38.4 7.5
      vertex -1 -38.4 2.5
      vertex -2 -38.4 2.5
    endloop
  endfacet
  facet normal 0 -1 0
    outer loop
      vertex -2 -39.6 2.5
      vertex -1 -39.6 7.5
      vertex -2 -39.6 7.5
    endloop
  endfacet
  facet normal 0 -1 -0
    outer loop
      vertex -1 -39.6 7.5
      vertex -2 -39.6 2.5
      vertex -1 -39.6 2.5
    endloop
  endfacet
  facet normal -1 0 0
    outer loop
      vertex -2 -37.6 2.5
      vertex -2 -36.4 7.5
      vertex -2 -36.4 2.5
    endloop
  endfacet
  facet normal -1 -0 0
    outer loop
      vertex -2 -36.4 7.5
      vertex -2 -37.6 2.5
      vertex -2 -37.6 7.5
    endloop
  endfacet
  facet normal 0 -1 0
    outer loop
      vertex -2 -37.6 2.5
      vertex -1 -37.6 7.5
      vertex -2 -37.6 7.5
    endloop
  endfacet
  facet normal 0 -1 -0
    outer loop
      vertex -1 -37.6 7.5
      vertex -2 -37.6 2.5
      vertex -1 -37.6 2.5
    endloop
  endfacet
  facet normal 0 1 -0
    outer loop
      vertex -1 -36.4 2.5
      vertex -2 -36.4 7.5
      vertex -1 -36.4 7.5
    endloop
  endfacet
  facet normal 0 1 0
    outer loop
      vertex -2 -36.4 7.5
      vertex -1 -36.4 2.5
      vertex -2 -36.4 2.5
    endloop
  endfacet
  facet normal -1 0 0
    outer loop
      vertex -2 -35.6 2.5
      vertex -2 -34.4 7.5
      vertex -2 -34.4 2.5
    endloop
  endfacet
  facet normal -1 -0 0
    outer loop
      vertex -2 -34.4 7.5
      vertex -2 -35.6 2.5
      vertex -2 -35.6 7.5
    endloop
  endfacet
  facet normal 0 -1 0
    outer loop
      vertex -2 -35.6 2.5
      vertex -1 -35.6 7.5
      vertex -2 -35.6 7.5
    endloop
  endfacet
  facet normal 0 -1 -0
    outer loop
      vertex -1 -35.6 7.5
      vertex -2 -35.6 2.5
      vertex -1 -35.6 2.5
    endloop
  endfacet
  facet normal 0 1 -0
    outer loop
      vertex -1 -34.4 2.5
      vertex -2 -34.4 7.5
      vertex -1 -34.4 7.5
    endloop
  endfacet
  facet normal 0 1 0
    outer loop
      vertex -2 -34.4 7.5
      vertex -1 -34.4 2.5
      vertex -2 -34.4 2.5
    endloop
  endfacet
  facet normal -1 0 0
    outer loop
      vertex -2 -33.6 2.5
      vertex -2 -32.4 7.5
      vertex -2 -32.4 2.5
    endloop
  endfacet
  facet normal -1 -0 0
    outer loop
      vertex -2 -32.4 7.5
      vertex -2 -33.6 2.5
      vertex -2 -33.6 7.5
    endloop
  endfacet
  facet normal 0 -1 0
    outer loop
      vertex -2 -33.6 2.5
      vertex -1 -33.6 7.5
      vertex -2 -33.6 7.5
    endloop
  endfacet
  facet normal 0 -1 -0
    outer loop
      vertex -1 -33.6 7.5
      vertex -2 -33.6 2.5
      vertex -1 -33.6 2.5
    endloop
  endfacet
  facet normal 0 1 -0
    outer loop
      vertex -1 -32.4 2.5
      vertex -2 -32.4 7.5
      vertex -1 -32.4 7.5
    endloop
  endfacet
  facet normal 0 1 0
    outer loop
      vertex -2 -32.4 7.5
      vertex -1 -32.4 2.5
      vertex -2 -32.4 2.5
    endloop
  endfacet
  facet normal -1 0 0
    outer loop
      vertex -2 -31.6 2.5
      vertex -2 -30.4 7.5
      vertex -2 -30.4 2.5
    endloop
  endfacet
  facet normal -1 -0 0
    outer loop
      vertex -2 -30.4 7.5
      vertex -2 -31.6 2.5
      vertex -2 -31.6 7.5
    endloop
  endfacet
  facet normal 0 1 -0
    outer loop
      vertex -1 -30.4 2.5
      vertex -2 -30.4 7.5
      vertex -1 -30.4 7.5
    endloop
  endfacet
  facet normal 0 1 0
    outer loop
      vertex -2 -30.4 7.5
      vertex -1 -30.4 2.5
      vertex -2 -30.4 2.5
    endloop
  endfacet
  facet normal 0 -1 0
    outer loop
      vertex -2 -31.6 2.5
      vertex -1 -31.6 7.5
      vertex -2 -31.6 7.5
    endloop
  endfacet
  facet normal 0 -1 -0
    outer loop
      vertex -1 -31.6 7.5
      vertex -2 -31.6 2.5
      vertex -1 -31.6 2.5
    endloop
  endfacet
  facet normal -1 0 0
    outer loop
      vertex -2 -29.6 2.5
      vertex -2 -28.4 7.5
      vertex -2 -28.4 2.5
    endloop
  endfacet
  facet normal -1 -0 0
    outer loop
      vertex -2 -28.4 7.5
      vertex -2 -29.6 2.5
      vertex -2 -29.6 7.5
    endloop
  endfacet
  facet normal 0 -1 0
    outer loop
      vertex -2 -29.6 2.5
      vertex -1 -29.6 7.5
      vertex -2 -29.6 7.5
    endloop
  endfacet
  facet normal 0 -1 -0
    outer loop
      vertex -1 -29.6 7.5
      vertex -2 -29.6 2.5
      vertex -1 -29.6 2.5
    endloop
  endfacet
  facet normal 0 1 -0
    outer loop
      vertex -1 -28.4 2.5
      vertex -2 -28.4 7.5
      vertex -1 -28.4 7.5
    endloop
  endfacet
  facet normal 0 1 0
    outer loop
      vertex -2 -28.4 7.5
      vertex -1 -28.4 2.5
      vertex -2 -28.4 2.5
    endloop
  endfacet
  facet normal -1 0 0
    outer loop
      vertex -2 -27.6 2.5
      vertex -2 -26.4 7.5
      vertex -2 -26.4 2.5
    endloop
  endfacet
  facet normal -1 -0 0
    outer loop
      vertex -2 -26.4 7.5
      vertex -2 -27.6 2.5
      vertex -2 -27.6 7.5
    endloop
  endfacet
  facet normal 0 1 -0
    outer loop
      vertex -1 -26.4 2.5
      vertex -2 -26.4 7.5
      vertex -1 -26.4 7.5
    endloop
  endfacet
  facet normal 0 1 0
    outer loop
      vertex -2 -26.4 7.5
      vertex -1 -26.4 2.5
      vertex -2 -26.4 2.5
    endloop
  endfacet
  facet normal 0 -1 0
    outer loop
      vertex -2 -27.6 2.5
      vertex -1 -27.6 7.5
      vertex -2 -27.6 7.5
    endloop
  endfacet
  facet normal 0 -1 -0
    outer loop
      vertex -1 -27.6 7.5
      vertex -2 -27.6 2.5
      vertex -1 -27.6 2.5
    endloop
  endfacet
  facet normal -1 0 0
    outer loop
      vertex -2 -25.6 2.5
      vertex -2 -24.4 7.5
      vertex -2 -24.4 2.5
    endloop
  endfacet
  facet normal -1 -0 0
    outer loop
      vertex -2 -24.4 7.5
      vertex -2 -25.6 2.5
      vertex -2 -25.6 7.5
    endloop
  endfacet
  facet normal 0 -1 0
    outer loop
      vertex -2 -25.6 2.5
      vertex -1 -25.6 7.5
      vertex -2 -25.6 7.5
    endloop
  endfacet
  facet normal 0 -1 -0
    outer loop
      vertex -1 -25.6 7.5
      vertex -2 -25.6 2.5
      vertex -1 -25.6 2.5
    endloop
  endfacet
  facet normal 0 1 -0
    outer loop
      vertex -1 -24.4 2.5
      vertex -2 -24.4 7.5
      vertex -1 -24.4 7.5
    endloop
  endfacet
  facet normal 0 1 0
    outer loop
      vertex -2 -24.4 7.5
      vertex -1 -24.4 2.5
      vertex -2 -24.4 2.5
    endloop
  endfacet
  facet normal -1 0 0
    outer loop
      vertex -2 -23.6 2.5
      vertex -2 -22.4 7.5
      vertex -2 -22.4 2.5
    endloop
  endfacet
  facet normal -1 -0 0
    outer loop
      vertex -2 -22.4 7.5
      vertex -2 -23.6 2.5
      vertex -2 -23.6 7.5
    endloop
  endfacet
  facet normal 0 -1 0
    outer loop
      vertex -2 -23.6 2.5
      vertex -1 -23.6 7.5
      vertex -2 -23.6 7.5
    endloop
  endfacet
  facet normal 0 -1 -0
    outer loop
      vertex -1 -23.6 7.5
      vertex -2 -23.6 2.5
      vertex -1 -23.6 2.5
    endloop
  endfacet
  facet normal 0 1 -0
    outer loop
      vertex -1 -22.4 2.5
      vertex -2 -22.4 7.5
      vertex -1 -22.4 7.5
    endloop
  endfacet
  facet normal 0 1 0
    outer loop
      vertex -2 -22.4 7.5
      vertex -1 -22.4 2.5
      vertex -2 -22.4 2.5
    endloop
  endfacet
  facet normal -1 0 0
    outer loop
      vertex -2 -21.6 2.5
      vertex -2 -20.4 7.5
      vertex -2 -20.4 2.5
    endloop
  endfacet
  facet normal -1 -0 0
    outer loop
      vertex -2 -20.4 7.5
      vertex -2 -21.6 2.5
      vertex -2 -21.6 7.5
    endloop
  endfacet
  facet normal 0 -1 0
    outer loop
      vertex -2 -21.6 2.5
      vertex -1 -21.6 7.5
      vertex -2 -21.6 7.5
    endloop
  endfacet
  facet normal 0 -1 -0
    outer loop
      vertex -1 -21.6 7.5
      vertex -2 -21.6 2.5
      vertex -1 -21.6 2.5
    endloop
  endfacet
  facet normal 0 1 -0
    outer loop
      vertex -1 -20.4 2.5
      vertex -2 -20.4 7.5
      vertex -1 -20.4 7.5
    endloop
  endfacet
  facet normal 0 1 0
    outer loop
      vertex -2 -20.4 7.5
      vertex -1 -20.4 2.5
      vertex -2 -20.4 2.5
    endloop
  endfacet
  facet normal -1 0 0
    outer loop
      vertex -2 -19.6 2.5
      vertex -2 -18.4 7.5
      vertex -2 -18.4 2.5
    endloop
  endfacet
  facet normal -1 -0 0
    outer loop
      vertex -2 -18.4 7.5
      vertex -2 -19.6 2.5
      vertex -2 -19.6 7.5
    endloop
  endfacet
  facet normal 0 -1 0
    outer loop
      vertex -2 -19.6 2.5
      vertex -1 -19.6 7.5
      vertex -2 -19.6 7.5
    endloop
  endfacet
  facet normal 0 -1 -0
    outer loop
      vertex -1 -19.6 7.5
      vertex -2 -19.6 2.5
      vertex -1 -19.6 2.5
    endloop
  endfacet
  facet normal 0 1 -0
    outer loop
      vertex -1 -18.4 2.5
      vertex -2 -18.4 7.5
      vertex -1 -18.4 7.5
    endloop
  endfacet
  facet normal 0 1 0
    outer loop
      vertex -2 -18.4 7.5
      vertex -1 -18.4 2.5
      vertex -2 -18.4 2.5
    endloop
  endfacet
  facet normal -1 0 0
    outer loop
      vertex -2 -17.6 2.5
      vertex -2 -16.4 7.5
      vertex -2 -16.4 2.5
    endloop
  endfacet
  facet normal -1 -0 0
    outer loop
      vertex -2 -16.4 7.5
      vertex -2 -17.6 2.5
      vertex -2 -17.6 7.5
    endloop
  endfacet
  facet normal 0 1 -0
    outer loop
      vertex -1 -16.4 2.5
      vertex -2 -16.4 7.5
      vertex -1 -16.4 7.5
    endloop
  endfacet
  facet normal 0 1 0
    outer loop
      vertex -2 -16.4 7.5
      vertex -1 -16.4 2.5
      vertex -2 -16.4 2.5
    endloop
  endfacet
  facet normal 0 -1 0
    outer loop
      vertex -2 -17.6 2.5
      vertex -1 -17.6 7.5
      vertex -2 -17.6 7.5
    endloop
  endfacet
  facet normal 0 -1 -0
    outer loop
      vertex -1 -17.6 7.5
      vertex -2 -17.6 2.5
      vertex -1 -17.6 2.5
    endloop
  endfacet
  facet normal -1 0 0
    outer loop
      vertex -2 -15.6 2.5
      vertex -2 -14.4 7.5
      vertex -2 -14.4 2.5
    endloop
  endfacet
  facet normal -1 -0 0
    outer loop
      vertex -2 -14.4 7.5
      vertex -2 -15.6 2.5
      vertex -2 -15.6 7.5
    endloop
  endfacet
  facet normal 0 1 -0
    outer loop
      vertex -1 -14.4 2.5
      vertex -2 -14.4 7.5
      vertex -1 -14.4 7.5
    endloop
  endfacet
  facet normal 0 1 0
    outer loop
      vertex -2 -14.4 7.5
      vertex -1 -14.4 2.5
      vertex -2 -14.4 2.5
    endloop
  endfacet
  facet normal 0 -1 0
    outer loop
      vertex -2 -15.6 2.5
      vertex -1 -15.6 7.5
      vertex -2 -15.6 7.5
    endloop
  endfacet
  facet normal 0 -1 -0
    outer loop
      vertex -1 -15.6 7.5
      vertex -2 -15.6 2.5
      vertex -1 -15.6 2.5
    endloop
  endfacet
  facet normal -1 0 0
    outer loop
      vertex -2 -13.6 2.5
      vertex -2 -12.4 7.5
      vertex -2 -12.4 2.5
    endloop
  endfacet
  facet normal -1 -0 0
    outer loop
      vertex -2 -12.4 7.5
      vertex -2 -13.6 2.5
      vertex -2 -13.6 7.5
    endloop
  endfacet
  facet normal 0 1 -0
    outer loop
      vertex -1 -12.4 2.5
      vertex -2 -12.4 7.5
      vertex -1 -12.4 7.5
    endloop
  endfacet
  facet normal 0 1 0
    outer loop
      vertex -2 -12.4 7.5
      vertex -1 -12.4 2.5
      vertex -2 -12.4 2.5
    endloop
  endfacet
  facet normal 0 -1 0
    outer loop
      vertex -2 -13.6 2.5
      vertex -1 -13.6 7.5
      vertex -2 -13.6 7.5
    endloop
  endfacet
  facet normal 0 -1 -0
    outer loop
      vertex -1 -13.6 7.5
      vertex -2 -13.6 2.5
      vertex -1 -13.6 2.5
    endloop
  endfacet
  facet normal -1 0 0
    outer loop
      vertex -2 -11.6 2.5
      vertex -2 -10.4 7.5
      vertex -2 -10.4 2.5
    endloop
  endfacet
  facet normal -1 -0 0
    outer loop
      vertex -2 -10.4 7.5
      vertex -2 -11.6 2.5
      vertex -2 -11.6 7.5
    endloop
  endfacet
  facet normal 0 1 -0
    outer loop
      vertex -1 -10.4 2.5
      vertex -2 -10.4 7.5
      vertex -1 -10.4 7.5
    endloop
  endfacet
  facet normal 0 1 0
    outer loop
      vertex -2 -10.4 7.5
      vertex -1 -10.4 2.5
      vertex -2 -10.4 2.5
    endloop
  endfacet
  facet normal 0 -1 0
    outer loop
      vertex -2 -11.6 2.5
      vertex -1 -11.6 7.5
      vertex -2 -11.6 7.5
    endloop
  endfacet
  facet normal 0 -1 -0
    outer loop
      vertex -1 -11.6 7.5
      vertex -2 -11.6 2.5
      vertex -1 -11.6 2.5
    endloop
  endfacet
  facet normal -1 0 0
    outer loop
      vertex -2 -9.6 2.5
      vertex -2 -8.4 7.5
      vertex -2 -8.4 2.5
    endloop
  endfacet
  facet normal -1 -0 0
    outer loop
      vertex -2 -8.4 7.5
      vertex -2 -9.6 2.5
      vertex -2 -9.6 7.5
    endloop
  endfacet
  facet normal 0 1 -0
    outer loop
      vertex -1 -8.4 2.5
      vertex -2 -8.4 7.5
      vertex -1 -8.4 7.5
    endloop
  endfacet
  facet normal 0 1 0
    outer loop
      vertex -2 -8.4 7.5
      vertex -1 -8.4 2.5
      vertex -2 -8.4 2.5
    endloop
  endfacet
  facet normal 0 -1 0
    outer loop
      vertex -2 -9.6 2.5
      vertex -1 -9.6 7.5
      vertex -2 -9.6 7.5
    endloop
  endfacet
  facet normal 0 -1 -0
    outer loop
      vertex -1 -9.6 7.5
      vertex -2 -9.6 2.5
      vertex -1 -9.6 2.5
    endloop
  endfacet
  facet normal -1 0 0
    outer loop
      vertex -2 -7.6 2.5
      vertex -2 -6.4 7.5
      vertex -2 -6.4 2.5
    endloop
  endfacet
  facet normal -1 -0 0
    outer loop
      vertex -2 -6.4 7.5
      vertex -2 -7.6 2.5
      vertex -2 -7.6 7.5
    endloop
  endfacet
  facet normal 0 -1 0
    outer loop
      vertex -2 -7.6 2.5
      vertex -1 -7.6 7.5
      vertex -2 -7.6 7.5
    endloop
  endfacet
  facet normal 0 -1 -0
    outer loop
      vertex -1 -7.6 7.5
      vertex -2 -7.6 2.5
      vertex -1 -7.6 2.5
    endloop
  endfacet
  facet normal 0 1 -0
    outer loop
      vertex -1 -6.4 2.5
      vertex -2 -6.4 7.5
      vertex -1 -6.4 7.5
    endloop
  endfacet
  facet normal 0 1 0
    outer loop
      vertex -2 -6.4 7.5
      vertex -1 -6.4 2.5
      vertex -2 -6.4 2.5
    endloop
  endfacet
  facet normal -1 0 0
    outer loop
      vertex -2 -5.6 2.5
      vertex -2 -4.4 7.5
      vertex -2 -4.4 2.5
    endloop
  endfacet
  facet normal -1 -0 0
    outer loop
      vertex -2 -4.4 7.5
      vertex -2 -5.6 2.5
      vertex -2 -5.6 7.5
    endloop
  endfacet
  facet normal 0 1 -0
    outer loop
      vertex -1 -4.4 2.5
      vertex -2 -4.4 7.5
      vertex -1 -4.4 7.5
    endloop
  endfacet
  facet normal 0 1 0
    outer loop
      vertex -2 -4.4 7.5
      vertex -1 -4.4 2.5
      vertex -2 -4.4 2.5
    endloop
  endfacet
  facet normal 0 -1 0
    outer loop
      vertex -2 -5.6 2.5
      vertex -1 -5.6 7.5
      vertex -2 -5.6 7.5
    endloop
  endfacet
  facet normal 0 -1 -0
    outer loop
      vertex -1 -5.6 7.5
      vertex -2 -5.6 2.5
      vertex -1 -5.6 2.5
    endloop
  endfacet
  facet normal -1 0 0
    outer loop
      vertex -2 -3.6 2.5
      vertex -2 -2.4 7.5
      vertex -2 -2.4 2.5
    endloop
  endfacet
  facet normal -1 -0 0
    outer loop
      vertex -2 -2.4 7.5
      vertex -2 -3.6 2.5
      vertex -2 -3.6 7.5
    endloop
  endfacet
  facet normal 0 -1 0
    outer loop
      vertex -2 -3.6 2.5
      vertex -1 -3.6 7.5
      vertex -2 -3.6 7.5
    endloop
  endfacet
  facet normal 0 -1 -0
    outer loop
      vertex -1 -3.6 7.5
      vertex -2 -3.6 2.5
      vertex -1 -3.6 2.5
    endloop
  endfacet
  facet normal 0 1 -0
    outer loop
      vertex -1 -2.4 2.5
      vertex -2 -2.4 7.5
      vertex -1 -2.4 7.5
    endloop
  endfacet
  facet normal 0 1 0
    outer loop
      vertex -2 -2.4 7.5
      vertex -1 -2.4 2.5
      vertex -2 -2.4 2.5
    endloop
  endfacet
  facet normal -1 0 0
    outer loop
      vertex -2 -1.6 2.5
      vertex -2 -0.4 7.5
      vertex -2 -0.4 2.5
    endloop
  endfacet
  facet normal -1 -0 0
    outer loop
      vertex -2 -0.4 7.5
      vertex -2 -1.6 2.5
      vertex -2 -1.6 7.5
    endloop
  endfacet
  facet normal 0 -1 0
    outer loop
      vertex -2 -1.6 2.5
      vertex -1 -1.6 7.5
      vertex -2 -1.6 7.5
    endloop
  endfacet
  facet normal 0 -1 -0
    outer loop
      vertex -1 -1.6 7.5
      vertex -2 -1.6 2.5
      vertex -1 -1.6 2.5
    endloop
  endfacet
  facet normal 0 1 -0
    outer loop
      vertex -1 -0.4 2.5
      vertex -2 -0.4 7.5
      vertex -1 -0.4 7.5
    endloop
  endfacet
  facet normal 0 1 0
    outer loop
      vertex -2 -0.4 7.5
      vertex -1 -0.4 2.5
      vertex -2 -0.4 2.5
    endloop
  endfacet
  facet normal -1 0 0
    outer loop
      vertex -2 0.400001 2.5
      vertex -2 1.6 7.5
      vertex -2 1.6 2.5
    endloop
  endfacet
  facet normal -1 -0 0
    outer loop
      vertex -2 1.6 7.5
      vertex -2 0.400001 2.5
      vertex -2 0.400001 7.5
    endloop
  endfacet
  facet normal 0 -1 0
    outer loop
      vertex -2 0.400001 2.5
      vertex -1 0.400001 7.5
      vertex -2 0.400001 7.5
    endloop
  endfacet
  facet normal 0 -1 -0
    outer loop
      vertex -1 0.400001 7.5
      vertex -2 0.400001 2.5
      vertex -1 0.400001 2.5
    endloop
  endfacet
  facet normal 0 1 -0
    outer loop
      vertex -1 1.6 2.5
      vertex -2 1.6 7.5
      vertex -1 1.6 7.5
    endloop
  endfacet
  facet normal 0 1 0
    outer loop
      vertex -2 1.6 7.5
      vertex -1 1.6 2.5
      vertex -2 1.6 2.5
    endloop
  endfacet
  facet normal -1 0 0
    outer loop
      vertex -2 2.4 2.5
      vertex -2 3.6 7.5
      vertex -2 3.6 2.5
    endloop
  endfacet
  facet normal -1 -0 0
    outer loop
      vertex -2 3.6 7.5
      vertex -2 2.4 2.5
      vertex -2 2.4 7.5
    endloop
  endfacet
  facet normal 0 1 -0
    outer loop
      vertex -1 3.6 2.5
      vertex -2 3.6 7.5
      vertex -1 3.6 7.5
    endloop
  endfacet
  facet normal 0 1 0
    outer loop
      vertex -2 3.6 7.5
      vertex -1 3.6 2.5
      vertex -2 3.6 2.5
    endloop
  endfacet
  facet normal 0 -1 0
    outer loop
      vertex -2 2.4 2.5
      vertex -1 2.4 7.5
      vertex -2 2.4 7.5
    endloop
  endfacet
  facet normal 0 -1 -0
    outer loop
      vertex -1 2.4 7.5
      vertex -2 2.4 2.5
      vertex -1 2.4 2.5
    endloop
  endfacet
  facet normal -1 0 0
    outer loop
      vertex -2 4.4 2.5
      vertex -2 5.6 7.5
      vertex -2 5.6 2.5
    endloop
  endfacet
  facet normal -1 -0 0
    outer loop
      vertex -2 5.6 7.5
      vertex -2 4.4 2.5
      vertex -2 4.4 7.5
    endloop
  endfacet
  facet normal 0 1 -0
    outer loop
      vertex -1 5.6 2.5
      vertex -2 5.6 7.5
      vertex -1 5.6 7.5
    endloop
  endfacet
  facet normal 0 1 0
    outer loop
      vertex -2 5.6 7.5
      vertex -1 5.6 2.5
      vertex -2 5.6 2.5
    endloop
  endfacet
  facet normal 0 -1 0
    outer loop
      vertex -2 4.4 2.5
      vertex -1 4.4 7.5
      vertex -2 4.4 7.5
    endloop
  endfacet
  facet normal 0 -1 -0
    outer loop
      vertex -1 4.4 7.5
      vertex -2 4.4 2.5
      vertex -1 4.4 2.5
    endloop
  endfacet
  facet normal -1 0 0
    outer loop
      vertex -2 6.4 2.5
      vertex -2 7.6 7.5
      vertex -2 7.6 2.5
    endloop
  endfacet
  facet normal -1 -0 0
    outer loop
      vertex -2 7.6 7.5
      vertex -2 6.4 2.5
      vertex -2 6.4 7.5
    endloop
  endfacet
  facet normal 0 1 -0
    outer loop
      vertex -1 7.6 2.5
      vertex -2 7.6 7.5
      vertex -1 7.6 7.5
    endloop
  endfacet
  facet normal 0 1 0
    outer loop
      vertex -2 7.6 7.5
      vertex -1 7.6 2.5
      vertex -2 7.6 2.5
    endloop
  endfacet
  facet normal 0 -1 0
    outer loop
      vertex -2 6.4 2.5
      vertex -1 6.4 7.5
      vertex -2 6.4 7.5
    endloop
  endfacet
  facet normal 0 -1 -0
    outer loop
      vertex -1 6.4 7.5
      vertex -2 6.4 2.5
      vertex -1 6.4 2.5
    endloop
  endfacet
  facet normal -1 0 0
    outer loop
      vertex -2 8.4 2.5
      vertex -2 9.6 7.5
      vertex -2 9.6 2.5
    endloop
  endfacet
  facet normal -1 -0 0
    outer loop
      vertex -2 9.6 7.5
      vertex -2 8.4 2.5
      vertex -2 8.4 7.5
    endloop
  endfacet
  facet normal 0 -1 0
    outer loop
      vertex -2 8.4 2.5
      vertex -1 8.4 7.5
      vertex -2 8.4 7.5
    endloop
  endfacet
  facet normal 0 -1 -0
    outer loop
      vertex -1 8.4 7.5
      vertex -2 8.4 2.5
      vertex -1 8.4 2.5
    endloop
  endfacet
  facet normal 0 1 -0
    outer loop
      vertex -1 9.6 2.5
      vertex -2 9.6 7.5
      vertex -1 9.6 7.5
    endloop
  endfacet
  facet normal 0 1 0
    outer loop
      vertex -2 9.6 7.5
      vertex -1 9.6 2.5
      vertex -2 9.6 2.5
    endloop
  endfacet
  facet normal -1 0 0
    outer loop
      vertex -2 10.4 2.5
      vertex -2 11.6 7.5
      vertex -2 11.6 2.5
    endloop
  endfacet
  facet normal -1 -0 0
    outer loop
      vertex -2 11.6 7.5
      vertex -2 10.4 2.5
      vertex -2 10.4 7.5
    endloop
  endfacet
  facet normal 0 1 -0
    outer loop
      vertex -1 11.6 2.5
      vertex -2 11.6 7.5
      vertex -1 11.6 7.5
    endloop
  endfacet
  facet normal 0 1 0
    outer loop
      vertex -2 11.6 7.5
      vertex -1 11.6 2.5
      vertex -2 11.6 2.5
    endloop
  endfacet
  facet normal 0 -1 0
    outer loop
      vertex -2 10.4 2.5
      vertex -1 10.4 7.5
      vertex -2 10.4 7.5
    endloop
  endfacet
  facet normal 0 -1 -0
    outer loop
      vertex -1 10.4 7.5
      vertex -2 10.4 2.5
      vertex -1 10.4 2.5
    endloop
  endfacet
  facet normal -1 0 0
    outer loop
      vertex -2 12.4 2.5
      vertex -2 13.6 7.5
      vertex -2 13.6 2.5
    endloop
  endfacet
  facet normal -1 -0 0
    outer loop
      vertex -2 13.6 7.5
      vertex -2 12.4 2.5
      vertex -2 12.4 7.5
    endloop
  endfacet
  facet normal 0 -1 0
    outer loop
      vertex -2 12.4 2.5
      vertex -1 12.4 7.5
      vertex -2 12.4 7.5
    endloop
  endfacet
  facet normal 0 -1 -0
    outer loop
      vertex -1 12.4 7.5
      vertex -2 12.4 2.5
      vertex -1 12.4 2.5
    endloop
  endfacet
  facet normal 0 1 -0
    outer loop
      vertex -1 13.6 2.5
      vertex -2 13.6 7.5
      vertex -1 13.6 7.5
    endloop
  endfacet
  facet normal 0 1 0
    outer loop
      vertex -2 13.6 7.5
      vertex -1 13.6 2.5
      vertex -2 13.6 2.5
    endloop
  endfacet
  facet normal -1 0 0
    outer loop
      vertex -2 14.4 2.5
      vertex -2 15.6 7.5
      vertex -2 15.6 2.5
    endloop
  endfacet
  facet normal -1 -0 0
    outer loop
      vertex -2 15.6 7.5
      vertex -2 14.4 2.5
      vertex -2 14.4 7.5
    endloop
  endfacet
  facet normal 0 1 -0
    outer loop
      vertex -1 15.6 2.5
      vertex -2 15.6 7.5
      vertex -1 15.6 7.5
    endloop
  endfacet
  facet normal 0 1 0
    outer loop
      vertex -2 15.6 7.5
      vertex -1 15.6 2.5
      vertex -2 15.6 2.5
    endloop
  endfacet
  facet normal 0 -1 0
    outer loop
      vertex -2 14.4 2.5
      vertex -1 14.4 7.5
      vertex -2 14.4 7.5
    endloop
  endfacet
  facet normal 0 -1 -0
    outer loop
      vertex -1 14.4 7.5
      vertex -2 14.4 2.5
      vertex -1 14.4 2.5
    endloop
  endfacet
  facet normal -1 0 0
    outer loop
      vertex -2 16.4 2.5
      vertex -2 17.6 7.5
      vertex -2 17.6 2.5
    endloop
  endfacet
  facet normal -1 -0 0
    outer loop
      vertex -2 17.6 7.5
      vertex -2 16.4 2.5
      vertex -2 16.4 7.5
    endloop
  endfacet
  facet normal 0 -1 0
    outer loop
      vertex -2 16.4 2.5
      vertex -1 16.4 7.5
      vertex -2 16.4 7.5
    endloop
  endfacet
  facet normal 0 -1 -0
    outer loop
      vertex -1 16.4 7.5
      vertex -2 16.4 2.5
      vertex -1 16.4 2.5
    endloop
  endfacet
  facet normal 0 1 -0
    outer loop
      vertex -1 17.6 2.5
      vertex -2 17.6 7.5
      vertex -1 17.6 7.5
    endloop
  endfacet
  facet normal 0 1 0
    outer loop
      vertex -2 17.6 7.5
      vertex -1 17.6 2.5
      vertex -2 17.6 2.5
    endloop
  endfacet
  facet normal -1 0 0
    outer loop
      vertex -2 18.4 2.5
      vertex -2 19.6 7.5
      vertex -2 19.6 2.5
    endloop
  endfacet
  facet normal -1 -0 0
    outer loop
      vertex -2 19.6 7.5
      vertex -2 18.4 2.5
      vertex -2 18.4 7.5
    endloop
  endfacet
  facet normal 0 -1 0
    outer loop
      vertex -2 18.4 2.5
      vertex -1 18.4 7.5
      vertex -2 18.4 7.5
    endloop
  endfacet
  facet normal 0 -1 -0
    outer loop
      vertex -1 18.4 7.5
      vertex -2 18.4 2.5
      vertex -1 18.4 2.5
    endloop
  endfacet
  facet normal 0 1 -0
    outer loop
      vertex -1 19.6 2.5
      vertex -2 19.6 7.5
      vertex -1 19.6 7.5
    endloop
  endfacet
  facet normal 0 1 0
    outer loop
      vertex -2 19.6 7.5
      vertex -1 19.6 2.5
      vertex -2 19.6 2.5
    endloop
  endfacet
  facet normal -1 0 0
    outer loop
      vertex -2 20.4 2.5
      vertex -2 21.6 7.5
      vertex -2 21.6 2.5
    endloop
  endfacet
  facet normal -1 -0 0
    outer loop
      vertex -2 21.6 7.5
      vertex -2 20.4 2.5
      vertex -2 20.4 7.5
    endloop
  endfacet
  facet normal 0 1 -0
    outer loop
      vertex -1 21.6 2.5
      vertex -2 21.6 7.5
      vertex -1 21.6 7.5
    endloop
  endfacet
  facet normal 0 1 0
    outer loop
      vertex -2 21.6 7.5
      vertex -1 21.6 2.5
      vertex -2 21.6 2.5
    endloop
  endfacet
  facet normal 0 -1 0
    outer loop
      vertex -2 20.4 2.5
      vertex -1 20.4 7.5
      vertex -2 20.4 7.5
    endloop
  endfacet
  facet normal 0 -1 -0
    outer loop
      vertex -1 20.4 7.5
      vertex -2 20.4 2.5
      vertex -1 20.4 2.5
    endloop
  endfacet
  facet normal -1 0 0
    outer loop
      vertex -2 22.4 2.5
      vertex -2 23.6 7.5
      vertex -2 23.6 2.5
    endloop
  endfacet
  facet normal -1 -0 0
    outer loop
      vertex -2 23.6 7.5
      vertex -2 22.4 2.5
      vertex -2 22.4 7.5
    endloop
  endfacet
  facet normal 0 1 -0
    outer loop
      vertex -1 23.6 2.5
      vertex -2 23.6 7.5
      vertex -1 23.6 7.5
    endloop
  endfacet
  facet normal 0 1 0
    outer loop
      vertex -2 23.6 7.5
      vertex -1 23.6 2.5
      vertex -2 23.6 2.5
    endloop
  endfacet
  facet normal 0 -1 0
    outer loop
      vertex -2 22.4 2.5
      vertex -1 22.4 7.5
      vertex -2 22.4 7.5
    endloop
  endfacet
  facet normal 0 -1 -0
    outer loop
      vertex -1 22.4 7.5
      vertex -2 22.4 2.5
      vertex -1 22.4 2.5
    endloop
  endfacet
  facet normal -1 0 0
    outer loop
      vertex -2 24.4 2.5
      vertex -2 25.6 7.5
      vertex -2 25.6 2.5
    endloop
  endfacet
  facet normal -1 -0 0
    outer loop
      vertex -2 25.6 7.5
      vertex -2 24.4 2.5
      vertex -2 24.4 7.5
    endloop
  endfacet
  facet normal 0 -1 0
    outer loop
      vertex -2 24.4 2.5
      vertex -1 24.4 7.5
      vertex -2 24.4 7.5
    endloop
  endfacet
  facet normal 0 -1 -0
    outer loop
      vertex -1 24.4 7.5
      vertex -2 24.4 2.5
      vertex -1 24.4 2.5
    endloop
  endfacet
  facet normal 0 1 -0
    outer loop
      vertex -1 25.6 2.5
      vertex -2 25.6 7.5
      vertex -1 25.6 7.5
    endloop
  endfacet
  facet normal 0 1 0
    outer loop
      vertex -2 25.6 7.5
      vertex -1 25.6 2.5
      vertex -2 25.6 2.5
    endloop
  endfacet
  facet normal -1 0 0
    outer loop
      vertex -2 26.4 2.5
      vertex -2 27.6 7.5
      vertex -2 27.6 2.5
    endloop
  endfacet
  facet normal -1 -0 0
    outer loop
      vertex -2 27.6 7.5
      vertex -2 26.4 2.5
      vertex -2 26.4 7.5
    endloop
  endfacet
  facet normal 0 -1 0
    outer loop
      vertex -2 26.4 2.5
      vertex -1 26.4 7.5
      vertex -2 26.4 7.5
    endloop
  endfacet
  facet normal 0 -1 -0
    outer loop
      vertex -1 26.4 7.5
      vertex -2 26.4 2.5
      vertex -1 26.4 2.5
    endloop
  endfacet
  facet normal 0 1 -0
    outer loop
      vertex -1 27.6 2.5
      vertex -2 27.6 7.5
      vertex -1 27.6 7.5
    endloop
  endfacet
  facet normal 0 1 0
    outer loop
      vertex -2 27.6 7.5
      vertex -1 27.6 2.5
      vertex -2 27.6 2.5
    endloop
  endfacet
  facet normal -1 0 0
    outer loop
      vertex -2 28.4 2.5
      vertex -2 29.6 7.5
      vertex -2 29.6 2.5
    endloop
  endfacet
  facet normal -1 -0 0
    outer loop
      vertex -2 29.6 7.5
      vertex -2 28.4 2.5
      vertex -2 28.4 7.5
    endloop
  endfacet
  facet normal 0 1 -0
    outer loop
      vertex -1 29.6 2.5
      vertex -2 29.6 7.5
      vertex -1 29.6 7.5
    endloop
  endfacet
  facet normal 0 1 0
    outer loop
      vertex -2 29.6 7.5
      vertex -1 29.6 2.5
      vertex -2 29.6 2.5
    endloop
  endfacet
  facet normal 0 -1 0
    outer loop
      vertex -2 28.4 2.5
      vertex -1 28.4 7.5
      vertex -2 28.4 7.5
    endloop
  endfacet
  facet normal 0 -1 -0
    outer loop
      vertex -1 28.4 7.5
      vertex -2 28.4 2.5
      vertex -1 28.4 2.5
    endloop
  endfacet
  facet normal -1 0 0
    outer loop
      vertex -2 30.4 2.5
      vertex -2 31.6 7.5
      vertex -2 31.6 2.5
    endloop
  endfacet
  facet normal -1 -0 0
    outer loop
      vertex -2 31.6 7.5
      vertex -2 30.4 2.5
      vertex -2 30.4 7.5
    endloop
  endfacet
  facet normal 0 1 -0
    outer loop
      vertex -1 31.6 2.5
      vertex -2 31.6 7.5
      vertex -1 31.6 7.5
    endloop
  endfacet
  facet normal 0 1 0
    outer loop
      vertex -2 31.6 7.5
      vertex -1 31.6 2.5
      vertex -2 31.6 2.5
    endloop
  endfacet
  facet normal 0 -1 0
    outer loop
      vertex -2 30.4 2.5
      vertex -1 30.4 7.5
      vertex -2 30.4 7.5
    endloop
  endfacet
  facet normal 0 -1 -0
    outer loop
      vertex -1 30.4 7.5
      vertex -2 30.4 2.5
      vertex -1 30.4 2.5
    endloop
  endfacet
  facet normal -1 0 0
    outer loop
      vertex -2 32.4 2.5
      vertex -2 33.6 7.5
      vertex -2 33.6 2.5
    endloop
  endfacet
  facet normal -1 -0 0
    outer loop
      vertex -2 33.6 7.5
      vertex -2 32.4 2.5
      vertex -2 32.4 7.5
    endloop
  endfacet
  facet normal 0 1 -0
    outer loop
      vertex -1 33.6 2.5
      vertex -2 33.6 7.5
      vertex -1 33.6 7.5
    endloop
  endfacet
  facet normal 0 1 0
    outer loop
      vertex -2 33.6 7.5
      vertex -1 33.6 2.5
      vertex -2 33.6 2.5
    endloop
  endfacet
  facet normal 0 -1 0
    outer loop
      vertex -2 32.4 2.5
      vertex -1 32.4 7.5
      vertex -2 32.4 7.5
    endloop
  endfacet
  facet normal 0 -1 -0
    outer loop
      vertex -1 32.4 7.5
      vertex -2 32.4 2.5
      vertex -1 32.4 2.5
    endloop
  endfacet
  facet normal -1 0 0
    outer loop
      vertex -2 34.4 2.5
      vertex -2 35.6 7.5
      vertex -2 35.6 2.5
    endloop
  endfacet
  facet normal -1 -0 0
    outer loop
      vertex -2 35.6 7.5
      vertex -2 34.4 2.5
      vertex -2 34.4 7.5
    endloop
  endfacet
  facet normal 0 1 -0
    outer loop
      vertex -1 35.6 2.5
      vertex -2 35.6 7.5
      vertex -1 35.6 7.5
    endloop
  endfacet
  facet normal 0 1 0
    outer loop
      vertex -2 35.6 7.5
      vertex -1 35.6 2.5
      vertex -2 35.6 2.5
    endloop
  endfacet
  facet normal 0 -1 0
    outer loop
      vertex -2 34.4 2.5
      vertex -1 34.4 7.5
      vertex -2 34.4 7.5
    endloop
  endfacet
  facet normal 0 -1 -0
    outer loop
      vertex -1 34.4 7.5
      vertex -2 34.4 2.5
      vertex -1 34.4 2.5
    endloop
  endfacet
  facet normal -1 0 0
    outer loop
      vertex -2 36.4 2.5
      vertex -2 37.6 7.5
      vertex -2 37.6 2.5
    endloop
  endfacet
  facet normal -1 -0 0
    outer loop
      vertex -2 37.6 7.5
      vertex -2 36.4 2.5
      vertex -2 36.4 7.5
    endloop
  endfacet
  facet normal 0 -1 0
    outer loop
      vertex -2 36.4 2.5
      vertex -1 36.4 7.5
      vertex -2 36.4 7.5
    endloop
  endfacet
  facet normal 0 -1 -0
    outer loop
      vertex -1 36.4 7.5
      vertex -2 36.4 2.5
      vertex -1 36.4 2.5
    endloop
  endfacet
  facet normal 0 1 -0
    outer loop
      vertex -1 37.6 2.5
      vertex -2 37.6 7.5
      vertex -1 37.6 7.5
    endloop
  endfacet
  facet normal 0 1 0
    outer loop
      vertex -2 37.6 7.5
      vertex -1 37.6 2.5
      vertex -2 37.6 2.5
    endloop
  endfacet
  facet normal -1 0 0
    outer loop
      vertex -2 38.4 2.5
      vertex -2 39.6 7.5
      vertex -2 39.6 2.5
    endloop
  endfacet
  facet normal -1 -0 0
    outer loop
      vertex -2 39.6 7.5
      vertex -2 38.4 2.5
      vertex -2 38.4 7.5
    endloop
  endfacet
  facet normal 0 1 -0
    outer loop
      vertex -1 39.6 2.5
      vertex -2 39.6 7.5
      vertex -1 39.6 7.5
    endloop
  endfacet
  facet normal 0 1 0
    outer loop
      vertex -2 39.6 7.5
      vertex -1 39.6 2.5
      vertex -2 39.6 2.5
    endloop
  endfacet
  facet normal 0 -1 0
    outer loop
      vertex -2 38.4 2.5
      vertex -1 38.4 7.5
      vertex -2 38.4 7.5
    endloop
  endfacet
  facet normal 0 -1 -0
    outer loop
      vertex -1 38.4 7.5
      vertex -2 38.4 2.5
      vertex -1 38.4 2.5
    endloop
  endfacet
  facet normal -1 0 0
    outer loop
      vertex -2 40.4 2.5
      vertex -2 41.6 7.5
      vertex -2 41.6 2.5
    endloop
  endfacet
  facet normal -1 -0 0
    outer loop
      vertex -2 41.6 7.5
      vertex -2 40.4 2.5
      vertex -2 40.4 7.5
    endloop
  endfacet
  facet normal 0 -1 0
    outer loop
      vertex -2 40.4 2.5
      vertex -1 40.4 7.5
      vertex -2 40.4 7.5
    endloop
  endfacet
  facet normal 0 -1 -0
    outer loop
      vertex -1 40.4 7.5
      vertex -2 40.4 2.5
      vertex -1 40.4 2.5
    endloop
  endfacet
  facet normal 0 1 -0
    outer loop
      vertex -1 41.6 2.5
      vertex -2 41.6 7.5
      vertex -1 41.6 7.5
    endloop
  endfacet
  facet normal 0 1 0
    outer loop
      vertex -2 41.6 7.5
      vertex -1 41.6 2.5
      vertex -2 41.6 2.5
    endloop
  endfacet
  facet normal -1 0 0
    outer loop
      vertex -2 42.4 2.5
      vertex -2 43.6 7.5
      vertex -2 43.6 2.5
    endloop
  endfacet
  facet normal -1 -0 0
    outer loop
      vertex -2 43.6 7.5
      vertex -2 42.4 2.5
      vertex -2 42.4 7.5
    endloop
  endfacet
  facet normal 0 1 -0
    outer loop
      vertex -1 43.6 2.5
      vertex -2 43.6 7.5
      vertex -1 43.6 7.5
    endloop
  endfacet
  facet normal 0 1 0
    outer loop
      vertex -2 43.6 7.5
      vertex -1 43.6 2.5
      vertex -2 43.6 2.5
    endloop
  endfacet
  facet normal 0 -1 0
    outer loop
      vertex -2 42.4 2.5
      vertex -1 42.4 7.5
      vertex -2 42.4 7.5
    endloop
  endfacet
  facet normal 0 -1 -0
    outer loop
      vertex -1 42.4 7.5
      vertex -2 42.4 2.5
      vertex -1 42.4 2.5
    endloop
  endfacet
  facet normal -1 0 0
    outer loop
      vertex -2 44.4 2.5
      vertex -2 45.6 7.5
      vertex -2 45.6 2.5
    endloop
  endfacet
  facet normal -1 -0 0
    outer loop
      vertex -2 45.6 7.5
      vertex -2 44.4 2.5
      vertex -2 44.4 7.5
    endloop
  endfacet
  facet normal 0 1 -0
    outer loop
      vertex -1 45.6 2.5
      vertex -2 45.6 7.5
      vertex -1 45.6 7.5
    endloop
  endfacet
  facet normal 0 1 0
    outer loop
      vertex -2 45.6 7.5
      vertex -1 45.6 2.5
      vertex -2 45.6 2.5
    endloop
  endfacet
  facet normal 0 -1 0
    outer loop
      vertex -2 44.4 2.5
      vertex -1 44.4 7.5
      vertex -2 44.4 7.5
    endloop
  endfacet
  facet normal 0 -1 -0
    outer loop
      vertex -1 44.4 7.5
      vertex -2 44.4 2.5
      vertex -1 44.4 2.5
    endloop
  endfacet
  facet normal -1 0 0
    outer loop
      vertex -2 46.4 2.5
      vertex -2 47.6 7.5
      vertex -2 47.6 2.5
    endloop
  endfacet
  facet normal -1 -0 0
    outer loop
      vertex -2 47.6 7.5
      vertex -2 46.4 2.5
      vertex -2 46.4 7.5
    endloop
  endfacet
  facet normal 0 -1 0
    outer loop
      vertex -2 46.4 2.5
      vertex -1 46.4 7.5
      vertex -2 46.4 7.5
    endloop
  endfacet
  facet normal 0 -1 -0
    outer loop
      vertex -1 46.4 7.5
      vertex -2 46.4 2.5
      vertex -1 46.4 2.5
    endloop
  endfacet
  facet normal 0 1 -0
    outer loop
      vertex -1 47.6 2.5
      vertex -2 47.6 7.5
      vertex -1 47.6 7.5
    endloop
  endfacet
  facet normal 0 1 0
    outer loop
      vertex -2 47.6 7.5
      vertex -1 47.6 2.5
      vertex -2 47.6 2.5
    endloop
  endfacet
  facet normal -1 0 0
    outer loop
      vertex -2 48.4 2.5
      vertex -2 49.6 7.5
      vertex -2 49.6 2.5
    endloop
  endfacet
  facet normal -1 -0 0
    outer loop
      vertex -2 49.6 7.5
      vertex -2 48.4 2.5
      vertex -2 48.4 7.5
    endloop
  endfacet
  facet normal 0 1 -0
    outer loop
      vertex -1 49.6 2.5
      vertex -2 49.6 7.5
      vertex -1 49.6 7.5
    endloop
  endfacet
  facet normal 0 1 0
    outer loop
      vertex -2 49.6 7.5
      vertex -1 49.6 2.5
      vertex -2 49.6 2.5
    endloop
  endfacet
  facet normal 0 -1 0
    outer loop
      vertex -2 48.4 2.5
      vertex -1 48.4 7.5
      vertex -2 48.4 7.5
    endloop
  endfacet
  facet normal 0 -1 -0
    outer loop
      vertex -1 48.4 7.5
      vertex -2 48.4 2.5
      vertex -1 48.4 2.5
    endloop
  endfacet
  facet normal -1 0 0
    outer loop
      vertex -2 50.4 2.5
      vertex -2 51.6 7.5
      vertex -2 51.6 2.5
    endloop
  endfacet
  facet normal -1 -0 0
    outer loop
      vertex -2 51.6 7.5
      vertex -2 50.4 2.5
      vertex -2 50.4 7.5
    endloop
  endfacet
  facet normal 0 -1 0
    outer loop
      vertex -2 50.4 2.5
      vertex -1 50.4 7.5
      vertex -2 50.4 7.5
    endloop
  endfacet
  facet normal 0 -1 -0
    outer loop
      vertex -1 50.4 7.5
      vertex -2 50.4 2.5
      vertex -1 50.4 2.5
    endloop
  endfacet
  facet normal 0 1 -0
    outer loop
      vertex -1 51.6 2.5
      vertex -2 51.6 7.5
      vertex -1 51.6 7.5
    endloop
  endfacet
  facet normal 0 1 0
    outer loop
      vertex -2 51.6 7.5
      vertex -1 51.6 2.5
      vertex -2 51.6 2.5
    endloop
  endfacet
  facet normal -1 0 0
    outer loop
      vertex -2 52.4 2.5
      vertex -2 53.6 7.5
      vertex -2 53.6 2.5
    endloop
  endfacet
  facet normal -1 -0 0
    outer loop
      vertex -2 53.6 7.5
      vertex -2 52.4 2.5
      vertex -2 52.4 7.5
    endloop
  endfacet
  facet normal 0 1 -0
    outer loop
      vertex -1 53.6 2.5
      vertex -2 53.6 7.5
      vertex -1 53.6 7.5
    endloop
  endfacet
  facet normal 0 1 0
    outer loop
      vertex -2 53.6 7.5
      vertex -1 53.6 2.5
      vertex -2 53.6 2.5
    endloop
  endfacet
  facet normal 0 -1 0
    outer loop
      vertex -2 52.4 2.5
      vertex -1 52.4 7.5
      vertex -2 52.4 7.5
    endloop
  endfacet
  facet normal 0 -1 -0
    outer loop
      vertex -1 52.4 7.5
      vertex -2 52.4 2.5
      vertex -1 52.4 2.5
    endloop
  endfacet
  facet normal -1 0 0
    outer loop
      vertex -2 54.4 2.5
      vertex -2 55.6 7.5
      vertex -2 55.6 2.5
    endloop
  endfacet
  facet normal -1 -0 0
    outer loop
      vertex -2 55.6 7.5
      vertex -2 54.4 2.5
      vertex -2 54.4 7.5
    endloop
  endfacet
  facet normal 0 -1 0
    outer loop
      vertex -2 54.4 2.5
      vertex -1 54.4 7.5
      vertex -2 54.4 7.5
    endloop
  endfacet
  facet normal 0 -1 -0
    outer loop
      vertex -1 54.4 7.5
      vertex -2 54.4 2.5
      vertex -1 54.4 2.5
    endloop
  endfacet
  facet normal 0 1 -0
    outer loop
      vertex -1 55.6 2.5
      vertex -2 55.6 7.5
      vertex -1 55.6 7.5
    endloop
  endfacet
  facet normal 0 1 0
    outer loop
      vertex -2 55.6 7.5
      vertex -1 55.6 2.5
      vertex -2 55.6 2.5
    endloop
  endfacet
  facet normal -1 0 0
    outer loop
      vertex -2 56.4 2.5
      vertex -2 57.6 7.5
      vertex -2 57.6 2.5
    endloop
  endfacet
  facet normal -1 -0 0
    outer loop
      vertex -2 57.6 7.5
      vertex -2 56.4 2.5
      vertex -2 56.4 7.5
    endloop
  endfacet
  facet normal 0 -1 0
    outer loop
      vertex -2 56.4 2.5
      vertex -1 56.4 7.5
      vertex -2 56.4 7.5
    endloop
  endfacet
  facet normal 0 -1 -0
    outer loop
      vertex -1 56.4 7.5
      vertex -2 56.4 2.5
      vertex -1 56.4 2.5
    endloop
  endfacet
  facet normal 0 1 -0
    outer loop
      vertex -1 57.6 2.5
      vertex -2 57.6 7.5
      vertex -1 57.6 7.5
    endloop
  endfacet
  facet normal 0 1 0
    outer loop
      vertex -2 57.6 7.5
      vertex -1 57.6 2.5
      vertex -2 57.6 2.5
    endloop
  endfacet
  facet normal -1 0 0
    outer loop
      vertex -2 58.4 2.5
      vertex -2 59.6 7.5
      vertex -2 59.6 2.5
    endloop
  endfacet
  facet normal -1 -0 0
    outer loop
      vertex -2 59.6 7.5
      vertex -2 58.4 2.5
      vertex -2 58.4 7.5
    endloop
  endfacet
  facet normal 0 1 -0
    outer loop
      vertex -1 59.6 2.5
      vertex -2 59.6 7.5
      vertex -1 59.6 7.5
    endloop
  endfacet
  facet normal 0 1 0
    outer loop
      vertex -2 59.6 7.5
      vertex -1 59.6 2.5
      vertex -2 59.6 2.5
    endloop
  endfacet
  facet normal 0 -1 0
    outer loop
      vertex -2 58.4 2.5
      vertex -1 58.4 7.5
      vertex -2 58.4 7.5
    endloop
  endfacet
  facet normal 0 -1 -0
    outer loop
      vertex -1 58.4 7.5
      vertex -2 58.4 2.5
      vertex -1 58.4 2.5
    endloop
  endfacet
  facet normal -1 0 0
    outer loop
      vertex -2 60.4 2.5
      vertex -2 61.6 7.5
      vertex -2 61.6 2.5
    endloop
  endfacet
  facet normal -1 -0 0
    outer loop
      vertex -2 61.6 7.5
      vertex -2 60.4 2.5
      vertex -2 60.4 7.5
    endloop
  endfacet
  facet normal 0 1 -0
    outer loop
      vertex -1 61.6 2.5
      vertex -2 61.6 7.5
      vertex -1 61.6 7.5
    endloop
  endfacet
  facet normal 0 1 0
    outer loop
      vertex -2 61.6 7.5
      vertex -1 61.6 2.5
      vertex -2 61.6 2.5
    endloop
  endfacet
  facet normal 0 -1 0
    outer loop
      vertex -2 60.4 2.5
      vertex -1 60.4 7.5
      vertex -2 60.4 7.5
    endloop
  endfacet
  facet normal 0 -1 -0
    outer loop
      vertex -1 60.4 7.5
      vertex -2 60.4 2.5
      vertex -1 60.4 2.5
    endloop
  endfacet
  facet normal -1 0 0
    outer loop
      vertex -2 62.4 2.5
      vertex -2 63.6 7.5
      vertex -2 63.6 2.5
    endloop
  endfacet
  facet normal -1 -0 0
    outer loop
      vertex -2 63.6 7.5
      vertex -2 62.4 2.5
      vertex -2 62.4 7.5
    endloop
  endfacet
  facet normal 0 -1 0
    outer loop
      vertex -2 62.4 2.5
      vertex -1 62.4 7.5
      vertex -2 62.4 7.5
    endloop
  endfacet
  facet normal 0 -1 -0
    outer loop
      vertex -1 62.4 7.5
      vertex -2 62.4 2.5
      vertex -1 62.4 2.5
    endloop
  endfacet
  facet normal 0 1 -0
    outer loop
      vertex -1 63.6 2.5
      vertex -2 63.6 7.5
      vertex -1 63.6 7.5
    endloop
  endfacet
  facet normal 0 1 0
    outer loop
      vertex -2 63.6 7.5
      vertex -1 63.6 2.5
      vertex -2 63.6 2.5
    endloop
  endfacet
  facet normal -1 0 0
    outer loop
      vertex -2 64.4 2.5
      vertex -2 65.6 7.5
      vertex -2 65.6 2.5
    endloop
  endfacet
  facet normal -1 -0 0
    outer loop
      vertex -2 65.6 7.5
      vertex -2 64.4 2.5
      vertex -2 64.4 7.5
    endloop
  endfacet
  facet normal 0 -1 0
    outer loop
      vertex -2 64.4 2.5
      vertex -1 64.4 7.5
      vertex -2 64.4 7.5
    endloop
  endfacet
  facet normal 0 -1 -0
    outer loop
      vertex -1 64.4 7.5
      vertex -2 64.4 2.5
      vertex -1 64.4 2.5
    endloop
  endfacet
  facet normal 0 1 -0
    outer loop
      vertex -1 65.6 2.5
      vertex -2 65.6 7.5
      vertex -1 65.6 7.5
    endloop
  endfacet
  facet normal 0 1 0
    outer loop
      vertex -2 65.6 7.5
      vertex -1 65.6 2.5
      vertex -2 65.6 2.5
    endloop
  endfacet
  facet normal -1 0 0
    outer loop
      vertex -2 66.4 2.5
      vertex -2 67.6 7.5
      vertex -2 67.6 2.5
    endloop
  endfacet
  facet normal -1 -0 0
    outer loop
      vertex -2 67.6 7.5
      vertex -2 66.4 2.5
      vertex -2 66.4 7.5
    endloop
  endfacet
  facet normal 0 1 -0
    outer loop
      vertex -1 67.6 2.5
      vertex -2 67.6 7.5
      vertex -1 67.6 7.5
    endloop
  endfacet
  facet normal 0 1 0
    outer loop
      vertex -2 67.6 7.5
      vertex -1 67.6 2.5
      vertex -2 67.6 2.5
    endloop
  endfacet
  facet normal 0 -1 0
    outer loop
      vertex -2 66.4 2.5
      vertex -1 66.4 7.5
      vertex -2 66.4 7.5
    endloop
  endfacet
  facet normal 0 -1 -0
    outer loop
      vertex -1 66.4 7.5
      vertex -2 66.4 2.5
      vertex -1 66.4 2.5
    endloop
  endfacet
  facet normal -1 0 0
    outer loop
      vertex -2 68.4 2.5
      vertex -2 69.6 7.5
      vertex -2 69.6 2.5
    endloop
  endfacet
  facet normal -1 -0 0
    outer loop
      vertex -2 69.6 7.5
      vertex -2 68.4 2.5
      vertex -2 68.4 7.5
    endloop
  endfacet
  facet normal 0 1 -0
    outer loop
      vertex -1 69.6 2.5
      vertex -2 69.6 7.5
      vertex -1 69.6 7.5
    endloop
  endfacet
  facet normal 0 1 0
    outer loop
      vertex -2 69.6 7.5
      vertex -1 69.6 2.5
      vertex -2 69.6 2.5
    endloop
  endfacet
  facet normal 0 -1 0
    outer loop
      vertex -2 68.4 2.5
      vertex -1 68.4 7.5
      vertex -2 68.4 7.5
    endloop
  endfacet
  facet normal 0 -1 -0
    outer loop
      vertex -1 68.4 7.5
      vertex -2 68.4 2.5
      vertex -1 68.4 2.5
    endloop
  endfacet
  facet normal -1 0 0
    outer loop
      vertex -2 70.4 2.5
      vertex -2 71.6 7.5
      vertex -2 71.6 2.5
    endloop
  endfacet
  facet normal -1 -0 0
    outer loop
      vertex -2 71.6 7.5
      vertex -2 70.4 2.5
      vertex -2 70.4 7.5
    endloop
  endfacet
  facet normal 0 1 -0
    outer loop
      vertex -1 71.6 2.5
      vertex -2 71.6 7.5
      vertex -1 71.6 7.5
    endloop
  endfacet
  facet normal 0 1 0
    outer loop
      vertex -2 71.6 7.5
      vertex -1 71.6 2.5
      vertex -2 71.6 2.5
    endloop
  endfacet
  facet normal 0 -1 0
    outer loop
      vertex -2 70.4 2.5
      vertex -1 70.4 7.5
      vertex -2 70.4 7.5
    endloop
  endfacet
  facet normal 0 -1 -0
    outer loop
      vertex -1 70.4 7.5
      vertex -2 70.4 2.5
      vertex -1 70.4 2.5
    endloop
  endfacet
  facet normal -1 0 0
    outer loop
      vertex -2 72.4 2.5
      vertex -2 73.6 7.5
      vertex -2 73.6 2.5
    endloop
  endfacet
  facet normal -1 -0 0
    outer loop
      vertex -2 73.6 7.5
      vertex -2 72.4 2.5
      vertex -2 72.4 7.5
    endloop
  endfacet
  facet normal 0 -1 0
    outer loop
      vertex -2 72.4 2.5
      vertex -1 72.4 7.5
      vertex -2 72.4 7.5
    endloop
  endfacet
  facet normal 0 -1 -0
    outer loop
      vertex -1 72.4 7.5
      vertex -2 72.4 2.5
      vertex -1 72.4 2.5
    endloop
  endfacet
  facet normal 0 1 -0
    outer loop
      vertex -1 73.6 2.5
      vertex -2 73.6 7.5
      vertex -1 73.6 7.5
    endloop
  endfacet
  facet normal 0 1 0
    outer loop
      vertex -2 73.6 7.5
      vertex -1 73.6 2.5
      vertex -2 73.6 2.5
    endloop
  endfacet
  facet normal -1 0 0
    outer loop
      vertex -2 74.4 2.5
      vertex -2 75.6 7.5
      vertex -2 75.6 2.5
    endloop
  endfacet
  facet normal -1 -0 0
    outer loop
      vertex -2 75.6 7.5
      vertex -2 74.4 2.5
      vertex -2 74.4 7.5
    endloop
  endfacet
  facet normal 0 1 -0
    outer loop
      vertex -1 75.6 2.5
      vertex -2 75.6 7.5
      vertex -1 75.6 7.5
    endloop
  endfacet
  facet normal 0 1 0
    outer loop
      vertex -2 75.6 7.5
      vertex -1 75.6 2.5
      vertex -2 75.6 2.5
    endloop
  endfacet
  facet normal 0 -1 0
    outer loop
      vertex -2 74.4 2.5
      vertex -1 74.4 7.5
      vertex -2 74.4 7.5
    endloop
  endfacet
  facet normal 0 -1 -0
    outer loop
      vertex -1 74.4 7.5
      vertex -2 74.4 2.5
      vertex -1 74.4 2.5
    endloop
  endfacet
  facet normal -1 0 0
    outer loop
      vertex -2 76.4 2.5
      vertex -2 77.6 7.5
      vertex -2 77.6 2.5
    endloop
  endfacet
  facet normal -1 -0 0
    outer loop
      vertex -2 77.6 7.5
      vertex -2 76.4 2.5
      vertex -2 76.4 7.5
    endloop
  endfacet
  facet normal 0 1 -0
    outer loop
      vertex -1 77.6 2.5
      vertex -2 77.6 7.5
      vertex -1 77.6 7.5
    endloop
  endfacet
  facet normal 0 1 0
    outer loop
      vertex -2 77.6 7.5
      vertex -1 77.6 2.5
      vertex -2 77.6 2.5
    endloop
  endfacet
  facet normal 0 -1 0
    outer loop
      vertex -2 76.4 2.5
      vertex -1 76.4 7.5
      vertex -2 76.4 7.5
    endloop
  endfacet
  facet normal 0 -1 -0
    outer loop
      vertex -1 76.4 7.5
      vertex -2 76.4 2.5
      vertex -1 76.4 2.5
    endloop
  endfacet
  facet normal -1 0 0
    outer loop
      vertex -2 78.4 2.5
      vertex -2 79.6 7.5
      vertex -2 79.6 2.5
    endloop
  endfacet
  facet normal -1 -0 0
    outer loop
      vertex -2 79.6 7.5
      vertex -2 78.4 2.5
      vertex -2 78.4 7.5
    endloop
  endfacet
  facet normal 0 1 -0
    outer loop
      vertex -1 79.6 2.5
      vertex -2 79.6 7.5
      vertex -1 79.6 7.5
    endloop
  endfacet
  facet normal 0 1 0
    outer loop
      vertex -2 79.6 7.5
      vertex -1 79.6 2.5
      vertex -2 79.6 2.5
    endloop
  endfacet
  facet normal 0 -1 0
    outer loop
      vertex -2 78.4 2.5
      vertex -1 78.4 7.5
      vertex -2 78.4 7.5
    endloop
  endfacet
  facet normal 0 -1 -0
    outer loop
      vertex -1 78.4 7.5
      vertex -2 78.4 2.5
      vertex -1 78.4 2.5
    endloop
  endfacet
  facet normal -1 0 0
    outer loop
      vertex -2 80.4 2.5
      vertex -2 81.6 7.5
      vertex -2 81.6 2.5
    endloop
  endfacet
  facet normal -1 -0 0
    outer loop
      vertex -2 81.6 7.5
      vertex -2 80.4 2.5
      vertex -2 80.4 7.5
    endloop
  endfacet
  facet normal 0 1 -0
    outer loop
      vertex -1 81.6 2.5
      vertex -2 81.6 7.5
      vertex -1 81.6 7.5
    endloop
  endfacet
  facet normal 0 1 0
    outer loop
      vertex -2 81.6 7.5
      vertex -1 81.6 2.5
      vertex -2 81.6 2.5
    endloop
  endfacet
  facet normal 0 -1 0
    outer loop
      vertex -2 80.4 2.5
      vertex -1 80.4 7.5
      vertex -2 80.4 7.5
    endloop
  endfacet
  facet normal 0 -1 -0
    outer loop
      vertex -1 80.4 7.5
      vertex -2 80.4 2.5
      vertex -1 80.4 2.5
    endloop
  endfacet
  facet normal -1 0 0
    outer loop
      vertex -2 82.4 2.5
      vertex -2 83.6 7.5
      vertex -2 83.6 2.5
    endloop
  endfacet
  facet normal -1 -0 0
    outer loop
      vertex -2 83.6 7.5
      vertex -2 82.4 2.5
      vertex -2 82.4 7.5
    endloop
  endfacet
  facet normal 0 1 -0
    outer loop
      vertex -1 83.6 2.5
      vertex -2 83.6 7.5
      vertex -1 83.6 7.5
    endloop
  endfacet
  facet normal 0 1 0
    outer loop
      vertex -2 83.6 7.5
      vertex -1 83.6 2.5
      vertex -2 83.6 2.5
    endloop
  endfacet
  facet normal 0 -1 0
    outer loop
      vertex -2 82.4 2.5
      vertex -1 82.4 7.5
      vertex -2 82.4 7.5
    endloop
  endfacet
  facet normal 0 -1 -0
    outer loop
      vertex -1 82.4 7.5
      vertex -2 82.4 2.5
      vertex -1 82.4 2.5
    endloop
  endfacet
  facet normal -1 0 0
    outer loop
      vertex -2 84.4 2.5
      vertex -2 85.6 7.5
      vertex -2 85.6 2.5
    endloop
  endfacet
  facet normal -1 -0 0
    outer loop
      vertex -2 85.6 7.5
      vertex -2 84.4 2.5
      vertex -2 84.4 7.5
    endloop
  endfacet
  facet normal 0 1 -0
    outer loop
      vertex -1 85.6 2.5
      vertex -2 85.6 7.5
      vertex -1 85.6 7.5
    endloop
  endfacet
  facet normal 0 1 0
    outer loop
      vertex -2 85.6 7.5
      vertex -1 85.6 2.5
      vertex -2 85.6 2.5
    endloop
  endfacet
  facet normal 0 -1 0
    outer loop
      vertex -2 84.4 2.5
      vertex -1 84.4 7.5
      vertex -2 84.4 7.5
    endloop
  endfacet
  facet normal 0 -1 -0
    outer loop
      vertex -1 84.4 7.5
      vertex -2 84.4 2.5
      vertex -1 84.4 2.5
    endloop
  endfacet
  facet normal -1 0 0
    outer loop
      vertex -2 86.4 2.5
      vertex -2 87.5 7.5
      vertex -2 87.5 2.5
    endloop
  endfacet
  facet normal -1 -0 0
    outer loop
      vertex -2 87.5 7.5
      vertex -2 86.4 2.5
      vertex -2 86.4 7.5
    endloop
  endfacet
  facet normal 0 -1 0
    outer loop
      vertex -2 86.4 2.5
      vertex -1 86.4 7.5
      vertex -2 86.4 7.5
    endloop
  endfacet
  facet normal 0 -1 -0
    outer loop
      vertex -1 86.4 7.5
      vertex -2 86.4 2.5
      vertex -1 86.4 2.5
    endloop
  endfacet
  facet normal 1 -0 0
    outer loop
      vertex 1 -85 7.5
      vertex 1 87.5 2.5
      vertex 1 87.5 7.5
    endloop
  endfacet
  facet normal 1 0 0
    outer loop
      vertex 1 87.5 2.5
      vertex 1 -85 7.5
      vertex 1 -85 2.5
    endloop
  endfacet
  facet normal 0 1 0
    outer loop
      vertex 86.25 87.5 60
      vertex 85 87.5 2.45
      vertex 85 87.5 60
    endloop
  endfacet
  facet normal 0 1 0
    outer loop
      vertex 85 87.5 2.45
      vertex 86.25 87.5 1.25
      vertex -85 87.5 2.45
    endloop
  endfacet
  facet normal 0 1 -0
    outer loop
      vertex 86.25 87.5 1.25
      vertex 85 87.5 2.45
      vertex 86.25 87.5 60
    endloop
  endfacet
  facet normal 0 1 -0
    outer loop
      vertex -85 87.5 2.45
      vertex -86.25 87.5 60
      vertex -85 87.5 60
    endloop
  endfacet
  facet normal 0 1 0
    outer loop
      vertex -85 87.5 2.45
      vertex -86.25 87.5 1.25
      vertex -86.25 87.5 60
    endloop
  endfacet
  facet normal 0 1 0
    outer loop
      vertex -86.25 87.5 1.25
      vertex -85 87.5 2.45
      vertex 86.25 87.5 1.25
    endloop
  endfacet
  facet normal 0 1 -0
    outer loop
      vertex 1 87.5 2.5
      vertex -2 87.5 7.5
      vertex 1 87.5 7.5
    endloop
  endfacet
  facet normal 0 1 0
    outer loop
      vertex -2 87.5 7.5
      vertex 1 87.5 2.5
      vertex -2 87.5 2.5
    endloop
  endfacet
  facet normal -0 0 1
    outer loop
      vertex -86.25 90.5 1.25
      vertex 86.25 87.5 1.25
      vertex 86.25 90.5 1.25
    endloop
  endfacet
  facet normal 0 0 1
    outer loop
      vertex 86.25 87.5 1.25
      vertex -86.25 90.5 1.25
      vertex -86.25 87.5 1.25
    endloop
  endfacet
  facet normal 0 1 0
    outer loop
      vertex 87.5 90.5 60
      vertex 86.25 90.5 1.25
      vertex 86.25 90.5 60
    endloop
  endfacet
  facet normal 0 1 0
    outer loop
      vertex 86.25 90.5 1.25
      vertex 87.5 90.5 0
      vertex -86.25 90.5 1.25
    endloop
  endfacet
  facet normal 0 1 -0
    outer loop
      vertex 87.5 90.5 0
      vertex 86.25 90.5 1.25
      vertex 87.5 90.5 60
    endloop
  endfacet
  facet normal 0 1 -0
    outer loop
      vertex -86.25 90.5 1.25
      vertex -87.5 90.5 60
      vertex -86.25 90.5 60
    endloop
  endfacet
  facet normal 0 1 0
    outer loop
      vertex -86.25 90.5 1.25
      vertex -87.5 90.5 0
      vertex -87.5 90.5 60
    endloop
  endfacet
  facet normal 0 1 0
    outer loop
      vertex -87.5 90.5 0
      vertex -86.25 90.5 1.25
      vertex 87.5 90.5 0
    endloop
  endfacet
  facet normal 1 -0 0
    outer loop
      vertex -86.25 87.5 60
      vertex -86.25 90.5 1.25
      vertex -86.25 90.5 60
    endloop
  endfacet
  facet normal 1 0 0
    outer loop
      vertex -86.25 90.5 1.25
      vertex -86.25 87.5 60
      vertex -86.25 87.5 1.25
    endloop
  endfacet
  facet normal -1 0 0
    outer loop
      vertex 86.25 87.5 1.25
      vertex 86.25 90.5 60
      vertex 86.25 90.5 1.25
    endloop
  endfacet
  facet normal -1 -0 0
    outer loop
      vertex 86.25 90.5 60
      vertex 86.25 87.5 1.25
      vertex 86.25 87.5 60
    endloop
  endfacet
endsolid OpenSCAD_Model
