solid OpenSCAD_Model
  facet normal 0.998629 0.0523421 0
    outer loop
      vertex 8 0 32.95
      vertex 7.95617 0.836227 18
      vertex 7.95617 0.836227 32.95
    endloop
  endfacet
  facet normal 0.998629 0.0523421 0
    outer loop
      vertex 7.95617 0.836227 18
      vertex 8 0 32.95
      vertex 8 0 18
    endloop
  endfacet
  facet normal -0.998629 0.0523421 0
    outer loop
      vertex -8 0 18
      vertex -7.95617 0.836227 32.95
      vertex -7.95617 0.836227 18
    endloop
  endfacet
  facet normal -0.998629 0.0523421 0
    outer loop
      vertex -7.95617 0.836227 32.95
      vertex -8 0 18
      vertex -8 0 32.95
    endloop
  endfacet
  facet normal 0.0523421 0.998629 -0
    outer loop
      vertex 0.836227 7.95617 18
      vertex 0 8 32.95
      vertex 0.836227 7.95617 32.95
    endloop
  endfacet
  facet normal 0.0523421 0.998629 0
    outer loop
      vertex 0 8 32.95
      vertex 0.836227 7.95617 18
      vertex 0 8 18
    endloop
  endfacet
  facet normal 0.707107 0.707107 0
    outer loop
      vertex 5.94516 5.35304 32.95
      vertex 5.35304 5.94516 18
      vertex 5.35304 5.94516 32.95
    endloop
  endfacet
  facet normal 0.707107 0.707107 0
    outer loop
      vertex 5.35304 5.94516 18
      vertex 5.94516 5.35304 32.95
      vertex 5.94516 5.35304 18
    endloop
  endfacet
  facet normal -0.629324 0.777143 0
    outer loop
      vertex -4.70228 6.47214 18
      vertex -5.35304 5.94516 32.95
      vertex -4.70228 6.47214 32.95
    endloop
  endfacet
  facet normal -0.629324 0.777143 0
    outer loop
      vertex -5.35304 5.94516 32.95
      vertex -4.70228 6.47214 18
      vertex -5.35304 5.94516 18
    endloop
  endfacet
  facet normal -0.258818 0.965926 0
    outer loop
      vertex -1.66329 7.82518 18
      vertex -2.47214 7.60845 32.95
      vertex -1.66329 7.82518 32.95
    endloop
  endfacet
  facet normal -0.258818 0.965926 0
    outer loop
      vertex -2.47214 7.60845 32.95
      vertex -1.66329 7.82518 18
      vertex -2.47214 7.60845 18
    endloop
  endfacet
  facet normal 0.891008 0.453989 0
    outer loop
      vertex 7.30836 3.25389 32.95
      vertex 6.9282 4 18
      vertex 6.9282 4 32.95
    endloop
  endfacet
  facet normal 0.891008 0.453989 0
    outer loop
      vertex 6.9282 4 18
      vertex 7.30836 3.25389 32.95
      vertex 7.30836 3.25389 18
    endloop
  endfacet
  facet normal 0.838674 0.544634 0
    outer loop
      vertex 6.9282 4 32.95
      vertex 6.47214 4.70228 18
      vertex 6.47214 4.70228 32.95
    endloop
  endfacet
  facet normal 0.838674 0.544634 0
    outer loop
      vertex 6.47214 4.70228 18
      vertex 6.9282 4 32.95
      vertex 6.9282 4 18
    endloop
  endfacet
  facet normal 0.358372 0.933579 -0
    outer loop
      vertex 3.25389 7.30836 18
      vertex 2.47214 7.60845 32.95
      vertex 3.25389 7.30836 32.95
    endloop
  endfacet
  facet normal 0.358372 0.933579 0
    outer loop
      vertex 2.47214 7.60845 32.95
      vertex 3.25389 7.30836 18
      vertex 2.47214 7.60845 18
    endloop
  endfacet
  facet normal 0.544634 0.838674 -0
    outer loop
      vertex 4.70228 6.47214 18
      vertex 4 6.9282 32.95
      vertex 4.70228 6.47214 32.95
    endloop
  endfacet
  facet normal 0.544634 0.838674 0
    outer loop
      vertex 4 6.9282 32.95
      vertex 4.70228 6.47214 18
      vertex 4 6.9282 18
    endloop
  endfacet
  facet normal -0.891008 0.453989 0
    outer loop
      vertex -7.30836 3.25389 18
      vertex -6.9282 4 32.95
      vertex -6.9282 4 18
    endloop
  endfacet
  facet normal -0.891008 0.453989 0
    outer loop
      vertex -6.9282 4 32.95
      vertex -7.30836 3.25389 18
      vertex -7.30836 3.25389 32.95
    endloop
  endfacet
  facet normal -0.0523421 0.998629 0
    outer loop
      vertex 0 8 18
      vertex -0.836227 7.95617 32.95
      vertex 0 8 32.95
    endloop
  endfacet
  facet normal -0.0523421 0.998629 0
    outer loop
      vertex -0.836227 7.95617 32.95
      vertex 0 8 18
      vertex -0.836227 7.95617 18
    endloop
  endfacet
  facet normal -0.998629 -0.0523421 0
    outer loop
      vertex -7.95617 -0.836227 18
      vertex -8 0 32.95
      vertex -8 0 18
    endloop
  endfacet
  facet normal -0.998629 -0.0523421 0
    outer loop
      vertex -8 0 32.95
      vertex -7.95617 -0.836227 18
      vertex -7.95617 -0.836227 32.95
    endloop
  endfacet
  facet normal 0.965926 0.258818 0
    outer loop
      vertex 7.82518 1.66329 32.95
      vertex 7.60845 2.47214 18
      vertex 7.60845 2.47214 32.95
    endloop
  endfacet
  facet normal 0.965926 0.258818 0
    outer loop
      vertex 7.60845 2.47214 18
      vertex 7.82518 1.66329 32.95
      vertex 7.82518 1.66329 18
    endloop
  endfacet
  facet normal 0.987689 0.15643 0
    outer loop
      vertex 7.95617 0.836227 32.95
      vertex 7.82518 1.66329 18
      vertex 7.82518 1.66329 32.95
    endloop
  endfacet
  facet normal 0.987689 0.15643 0
    outer loop
      vertex 7.82518 1.66329 18
      vertex 7.95617 0.836227 32.95
      vertex 7.95617 0.836227 18
    endloop
  endfacet
  facet normal 0.933579 0.358372 0
    outer loop
      vertex 7.60845 2.47214 32.95
      vertex 7.30836 3.25389 18
      vertex 7.30836 3.25389 32.95
    endloop
  endfacet
  facet normal 0.933579 0.358372 0
    outer loop
      vertex 7.30836 3.25389 18
      vertex 7.60845 2.47214 32.95
      vertex 7.60845 2.47214 18
    endloop
  endfacet
  facet normal 0.777143 0.629324 0
    outer loop
      vertex 6.47214 4.70228 32.95
      vertex 5.94516 5.35304 18
      vertex 5.94516 5.35304 32.95
    endloop
  endfacet
  facet normal 0.777143 0.629324 0
    outer loop
      vertex 5.94516 5.35304 18
      vertex 6.47214 4.70228 32.95
      vertex 6.47214 4.70228 18
    endloop
  endfacet
  facet normal 0.258818 0.965926 -0
    outer loop
      vertex 2.47214 7.60845 18
      vertex 1.66329 7.82518 32.95
      vertex 2.47214 7.60845 32.95
    endloop
  endfacet
  facet normal 0.258818 0.965926 0
    outer loop
      vertex 1.66329 7.82518 32.95
      vertex 2.47214 7.60845 18
      vertex 1.66329 7.82518 18
    endloop
  endfacet
  facet normal 0.15643 0.987689 -0
    outer loop
      vertex 1.66329 7.82518 18
      vertex 0.836227 7.95617 32.95
      vertex 1.66329 7.82518 32.95
    endloop
  endfacet
  facet normal 0.15643 0.987689 0
    outer loop
      vertex 0.836227 7.95617 32.95
      vertex 1.66329 7.82518 18
      vertex 0.836227 7.95617 18
    endloop
  endfacet
  facet normal 0.453989 0.891008 -0
    outer loop
      vertex 4 6.9282 18
      vertex 3.25389 7.30836 32.95
      vertex 4 6.9282 32.95
    endloop
  endfacet
  facet normal 0.453989 0.891008 0
    outer loop
      vertex 3.25389 7.30836 32.95
      vertex 4 6.9282 18
      vertex 3.25389 7.30836 18
    endloop
  endfacet
  facet normal 0.629324 0.777143 -0
    outer loop
      vertex 5.35304 5.94516 18
      vertex 4.70228 6.47214 32.95
      vertex 5.35304 5.94516 32.95
    endloop
  endfacet
  facet normal 0.629324 0.777143 0
    outer loop
      vertex 4.70228 6.47214 32.95
      vertex 5.35304 5.94516 18
      vertex 4.70228 6.47214 18
    endloop
  endfacet
  facet normal -0.965926 0.258818 0
    outer loop
      vertex -7.82518 1.66329 18
      vertex -7.60845 2.47214 32.95
      vertex -7.60845 2.47214 18
    endloop
  endfacet
  facet normal -0.965926 0.258818 0
    outer loop
      vertex -7.60845 2.47214 32.95
      vertex -7.82518 1.66329 18
      vertex -7.82518 1.66329 32.95
    endloop
  endfacet
  facet normal -0.777143 0.629324 0
    outer loop
      vertex -6.47214 4.70228 18
      vertex -5.94516 5.35304 32.95
      vertex -5.94516 5.35304 18
    endloop
  endfacet
  facet normal -0.777143 0.629324 0
    outer loop
      vertex -5.94516 5.35304 32.95
      vertex -6.47214 4.70228 18
      vertex -6.47214 4.70228 32.95
    endloop
  endfacet
  facet normal -0.707107 0.707107 0
    outer loop
      vertex -5.94516 5.35304 18
      vertex -5.35304 5.94516 32.95
      vertex -5.35304 5.94516 18
    endloop
  endfacet
  facet normal -0.707107 0.707107 0
    outer loop
      vertex -5.35304 5.94516 32.95
      vertex -5.94516 5.35304 18
      vertex -5.94516 5.35304 32.95
    endloop
  endfacet
  facet normal -0.838674 0.544634 0
    outer loop
      vertex -6.9282 4 18
      vertex -6.47214 4.70228 32.95
      vertex -6.47214 4.70228 18
    endloop
  endfacet
  facet normal -0.838674 0.544634 0
    outer loop
      vertex -6.47214 4.70228 32.95
      vertex -6.9282 4 18
      vertex -6.9282 4 32.95
    endloop
  endfacet
  facet normal -0.933579 0.358372 0
    outer loop
      vertex -7.60845 2.47214 18
      vertex -7.30836 3.25389 32.95
      vertex -7.30836 3.25389 18
    endloop
  endfacet
  facet normal -0.933579 0.358372 0
    outer loop
      vertex -7.30836 3.25389 32.95
      vertex -7.60845 2.47214 18
      vertex -7.60845 2.47214 32.95
    endloop
  endfacet
  facet normal -0.987689 0.15643 0
    outer loop
      vertex -7.95617 0.836227 18
      vertex -7.82518 1.66329 32.95
      vertex -7.82518 1.66329 18
    endloop
  endfacet
  facet normal -0.987689 0.15643 0
    outer loop
      vertex -7.82518 1.66329 32.95
      vertex -7.95617 0.836227 18
      vertex -7.95617 0.836227 32.95
    endloop
  endfacet
  facet normal 0 0 1
    outer loop
      vertex 6.1 0 32.95
      vertex 8 0 32.95
      vertex 7.95617 0.836227 32.95
    endloop
  endfacet
  facet normal 0 0 1
    outer loop
      vertex 6.06658 0.637623 32.95
      vertex 7.95617 0.836227 32.95
      vertex 7.82518 1.66329 32.95
    endloop
  endfacet
  facet normal 0 0 1
    outer loop
      vertex 8 0 32.95
      vertex 6.1 0 32.95
      vertex 7.95617 -0.836227 32.95
    endloop
  endfacet
  facet normal 0 0 1
    outer loop
      vertex 5.9667 1.26826 32.95
      vertex 7.82518 1.66329 32.95
      vertex 7.60845 2.47214 32.95
    endloop
  endfacet
  facet normal -0 0 1
    outer loop
      vertex 6.06658 -0.637623 32.95
      vertex 7.95617 -0.836227 32.95
      vertex 6.1 0 32.95
    endloop
  endfacet
  facet normal 0 0 1
    outer loop
      vertex 5.80144 1.885 32.95
      vertex 7.60845 2.47214 32.95
      vertex 7.30836 3.25389 32.95
    endloop
  endfacet
  facet normal 0 0 1
    outer loop
      vertex 7.95617 -0.836227 32.95
      vertex 6.06658 -0.637623 32.95
      vertex 7.82518 -1.66329 32.95
    endloop
  endfacet
  facet normal 0 0 1
    outer loop
      vertex 5.57263 2.48109 32.95
      vertex 7.30836 3.25389 32.95
      vertex 6.9282 4 32.95
    endloop
  endfacet
  facet normal -0 0 1
    outer loop
      vertex 5.9667 -1.26826 32.95
      vertex 7.82518 -1.66329 32.95
      vertex 6.06658 -0.637623 32.95
    endloop
  endfacet
  facet normal 0 0 1
    outer loop
      vertex 5.28275 3.05 32.95
      vertex 6.9282 4 32.95
      vertex 6.47214 4.70228 32.95
    endloop
  endfacet
  facet normal 0 0 1
    outer loop
      vertex 7.82518 -1.66329 32.95
      vertex 5.9667 -1.26826 32.95
      vertex 7.60845 -2.47214 32.95
    endloop
  endfacet
  facet normal -0 0 1
    outer loop
      vertex 5.80144 -1.885 32.95
      vertex 7.60845 -2.47214 32.95
      vertex 5.9667 -1.26826 32.95
    endloop
  endfacet
  facet normal 0 0 1
    outer loop
      vertex 7.95617 0.836227 32.95
      vertex 6.06658 0.637623 32.95
      vertex 6.1 0 32.95
    endloop
  endfacet
  facet normal 0 0 1
    outer loop
      vertex 7.82518 1.66329 32.95
      vertex 5.9667 1.26826 32.95
      vertex 6.06658 0.637623 32.95
    endloop
  endfacet
  facet normal 0 0 1
    outer loop
      vertex 4.935 3.58549 32.95
      vertex 6.47214 4.70228 32.95
      vertex 5.94516 5.35304 32.95
    endloop
  endfacet
  facet normal 0 0 1
    outer loop
      vertex 7.60845 2.47214 32.95
      vertex 5.80144 1.885 32.95
      vertex 5.9667 1.26826 32.95
    endloop
  endfacet
  facet normal 0 0 1
    outer loop
      vertex 7.30836 3.25389 32.95
      vertex 5.57263 2.48109 32.95
      vertex 5.80144 1.885 32.95
    endloop
  endfacet
  facet normal 0 0 1
    outer loop
      vertex 4.53318 4.0817 32.95
      vertex 5.94516 5.35304 32.95
      vertex 5.35304 5.94516 32.95
    endloop
  endfacet
  facet normal 0 0 1
    outer loop
      vertex 6.9282 4 32.95
      vertex 5.28275 3.05 32.95
      vertex 5.57263 2.48109 32.95
    endloop
  endfacet
  facet normal 0 0 1
    outer loop
      vertex 6.47214 4.70228 32.95
      vertex 4.935 3.58549 32.95
      vertex 5.28275 3.05 32.95
    endloop
  endfacet
  facet normal 0 0 1
    outer loop
      vertex 4.0817 4.53318 32.95
      vertex 5.35304 5.94516 32.95
      vertex 4.70228 6.47214 32.95
    endloop
  endfacet
  facet normal 0 0 1
    outer loop
      vertex 5.94516 5.35304 32.95
      vertex 4.53318 4.0817 32.95
      vertex 4.935 3.58549 32.95
    endloop
  endfacet
  facet normal 0 0 1
    outer loop
      vertex 5.35304 5.94516 32.95
      vertex 4.0817 4.53318 32.95
      vertex 4.53318 4.0817 32.95
    endloop
  endfacet
  facet normal 0 0 1
    outer loop
      vertex 3.58549 4.935 32.95
      vertex 4.70228 6.47214 32.95
      vertex 4 6.9282 32.95
    endloop
  endfacet
  facet normal 0 0 1
    outer loop
      vertex 4.70228 6.47214 32.95
      vertex 3.58549 4.935 32.95
      vertex 4.0817 4.53318 32.95
    endloop
  endfacet
  facet normal 0 0 1
    outer loop
      vertex 3.05 5.28275 32.95
      vertex 4 6.9282 32.95
      vertex 3.25389 7.30836 32.95
    endloop
  endfacet
  facet normal 0 0 1
    outer loop
      vertex 4 6.9282 32.95
      vertex 3.05 5.28275 32.95
      vertex 3.58549 4.935 32.95
    endloop
  endfacet
  facet normal 0 0 1
    outer loop
      vertex 3.25389 7.30836 32.95
      vertex 2.48109 5.57263 32.95
      vertex 3.05 5.28275 32.95
    endloop
  endfacet
  facet normal 0 0 1
    outer loop
      vertex 2.47214 7.60845 32.95
      vertex 2.48109 5.57263 32.95
      vertex 3.25389 7.30836 32.95
    endloop
  endfacet
  facet normal 0 0 1
    outer loop
      vertex 2.47214 7.60845 32.95
      vertex 1.885 5.80144 32.95
      vertex 2.48109 5.57263 32.95
    endloop
  endfacet
  facet normal 0 0 1
    outer loop
      vertex 1.66329 7.82518 32.95
      vertex 1.885 5.80144 32.95
      vertex 2.47214 7.60845 32.95
    endloop
  endfacet
  facet normal 0 0 1
    outer loop
      vertex 1.66329 7.82518 32.95
      vertex 1.26826 5.9667 32.95
      vertex 1.885 5.80144 32.95
    endloop
  endfacet
  facet normal 0 0 1
    outer loop
      vertex 0.836227 7.95617 32.95
      vertex 1.26826 5.9667 32.95
      vertex 1.66329 7.82518 32.95
    endloop
  endfacet
  facet normal 0 0 1
    outer loop
      vertex 0.836227 7.95617 32.95
      vertex 0.637623 6.06658 32.95
      vertex 1.26826 5.9667 32.95
    endloop
  endfacet
  facet normal 0 0 1
    outer loop
      vertex 0 8 32.95
      vertex 0.637623 6.06658 32.95
      vertex 0.836227 7.95617 32.95
    endloop
  endfacet
  facet normal 0 0 1
    outer loop
      vertex 0 8 32.95
      vertex 0 6.1 32.95
      vertex 0.637623 6.06658 32.95
    endloop
  endfacet
  facet normal 0 0 1
    outer loop
      vertex 0 8 32.95
      vertex -0.637623 6.06658 32.95
      vertex 0 6.1 32.95
    endloop
  endfacet
  facet normal -0 0 1
    outer loop
      vertex -0.836227 7.95617 32.95
      vertex -0.637623 6.06658 32.95
      vertex 0 8 32.95
    endloop
  endfacet
  facet normal 0 0 1
    outer loop
      vertex -0.836227 7.95617 32.95
      vertex -1.26826 5.9667 32.95
      vertex -0.637623 6.06658 32.95
    endloop
  endfacet
  facet normal -0 0 1
    outer loop
      vertex -1.66329 7.82518 32.95
      vertex -1.26826 5.9667 32.95
      vertex -0.836227 7.95617 32.95
    endloop
  endfacet
  facet normal 0 0 1
    outer loop
      vertex -1.66329 7.82518 32.95
      vertex -1.885 5.80144 32.95
      vertex -1.26826 5.9667 32.95
    endloop
  endfacet
  facet normal -0 0 1
    outer loop
      vertex -2.47214 7.60845 32.95
      vertex -1.885 5.80144 32.95
      vertex -1.66329 7.82518 32.95
    endloop
  endfacet
  facet normal 0 0 1
    outer loop
      vertex -2.47214 7.60845 32.95
      vertex -2.48109 5.57263 32.95
      vertex -1.885 5.80144 32.95
    endloop
  endfacet
  facet normal -0 0 1
    outer loop
      vertex -3.25389 7.30836 32.95
      vertex -2.48109 5.57263 32.95
      vertex -2.47214 7.60845 32.95
    endloop
  endfacet
  facet normal 0 0 1
    outer loop
      vertex -2.48109 5.57263 32.95
      vertex -3.25389 7.30836 32.95
      vertex -3.05 5.28275 32.95
    endloop
  endfacet
  facet normal -0 0 1
    outer loop
      vertex -4 6.9282 32.95
      vertex -3.05 5.28275 32.95
      vertex -3.25389 7.30836 32.95
    endloop
  endfacet
  facet normal 0 0 1
    outer loop
      vertex -3.05 5.28275 32.95
      vertex -4 6.9282 32.95
      vertex -3.58549 4.935 32.95
    endloop
  endfacet
  facet normal -0 0 1
    outer loop
      vertex -4.70228 6.47214 32.95
      vertex -3.58549 4.935 32.95
      vertex -4 6.9282 32.95
    endloop
  endfacet
  facet normal 0 0 1
    outer loop
      vertex -3.58549 4.935 32.95
      vertex -4.70228 6.47214 32.95
      vertex -4.0817 4.53318 32.95
    endloop
  endfacet
  facet normal -0 0 1
    outer loop
      vertex -5.35304 5.94516 32.95
      vertex -4.0817 4.53318 32.95
      vertex -4.70228 6.47214 32.95
    endloop
  endfacet
  facet normal 0 0 1
    outer loop
      vertex -4.0817 4.53318 32.95
      vertex -5.35304 5.94516 32.95
      vertex -4.53318 4.0817 32.95
    endloop
  endfacet
  facet normal -0 0 1
    outer loop
      vertex -5.94516 5.35304 32.95
      vertex -4.53318 4.0817 32.95
      vertex -5.35304 5.94516 32.95
    endloop
  endfacet
  facet normal 0 0 1
    outer loop
      vertex -4.53318 4.0817 32.95
      vertex -5.94516 5.35304 32.95
      vertex -4.935 3.58549 32.95
    endloop
  endfacet
  facet normal -0 0 1
    outer loop
      vertex -6.47214 4.70228 32.95
      vertex -4.935 3.58549 32.95
      vertex -5.94516 5.35304 32.95
    endloop
  endfacet
  facet normal 0 0 1
    outer loop
      vertex -4.935 3.58549 32.95
      vertex -6.47214 4.70228 32.95
      vertex -5.28275 3.05 32.95
    endloop
  endfacet
  facet normal -0 0 1
    outer loop
      vertex -6.9282 4 32.95
      vertex -5.28275 3.05 32.95
      vertex -6.47214 4.70228 32.95
    endloop
  endfacet
  facet normal 0 0 1
    outer loop
      vertex -5.28275 3.05 32.95
      vertex -6.9282 4 32.95
      vertex -5.57263 2.48109 32.95
    endloop
  endfacet
  facet normal -0 0 1
    outer loop
      vertex -7.30836 3.25389 32.95
      vertex -5.57263 2.48109 32.95
      vertex -6.9282 4 32.95
    endloop
  endfacet
  facet normal 0 0 1
    outer loop
      vertex -5.57263 2.48109 32.95
      vertex -7.30836 3.25389 32.95
      vertex -5.80144 1.885 32.95
    endloop
  endfacet
  facet normal -0 0 1
    outer loop
      vertex -7.60845 2.47214 32.95
      vertex -5.80144 1.885 32.95
      vertex -7.30836 3.25389 32.95
    endloop
  endfacet
  facet normal 0 0 1
    outer loop
      vertex 7.60845 -2.47214 32.95
      vertex 5.80144 -1.885 32.95
      vertex 7.30836 -3.25389 32.95
    endloop
  endfacet
  facet normal -0 0 1
    outer loop
      vertex 5.57263 -2.48109 32.95
      vertex 7.30836 -3.25389 32.95
      vertex 5.80144 -1.885 32.95
    endloop
  endfacet
  facet normal 0 0 1
    outer loop
      vertex 7.30836 -3.25389 32.95
      vertex 5.57263 -2.48109 32.95
      vertex 6.9282 -4 32.95
    endloop
  endfacet
  facet normal -0 0 1
    outer loop
      vertex 5.28275 -3.05 32.95
      vertex 6.9282 -4 32.95
      vertex 5.57263 -2.48109 32.95
    endloop
  endfacet
  facet normal 0 0 1
    outer loop
      vertex 6.9282 -4 32.95
      vertex 5.28275 -3.05 32.95
      vertex 6.47214 -4.70228 32.95
    endloop
  endfacet
  facet normal -0 0 1
    outer loop
      vertex 4.935 -3.58549 32.95
      vertex 6.47214 -4.70228 32.95
      vertex 5.28275 -3.05 32.95
    endloop
  endfacet
  facet normal 0 0 1
    outer loop
      vertex 6.47214 -4.70228 32.95
      vertex 4.935 -3.58549 32.95
      vertex 5.94516 -5.35304 32.95
    endloop
  endfacet
  facet normal -0 0 1
    outer loop
      vertex 4.53318 -4.0817 32.95
      vertex 5.94516 -5.35304 32.95
      vertex 4.935 -3.58549 32.95
    endloop
  endfacet
  facet normal 0 0 1
    outer loop
      vertex 5.94516 -5.35304 32.95
      vertex 4.53318 -4.0817 32.95
      vertex 5.35304 -5.94516 32.95
    endloop
  endfacet
  facet normal -0 0 1
    outer loop
      vertex 4.0817 -4.53318 32.95
      vertex 5.35304 -5.94516 32.95
      vertex 4.53318 -4.0817 32.95
    endloop
  endfacet
  facet normal 0 0 1
    outer loop
      vertex 5.35304 -5.94516 32.95
      vertex 4.0817 -4.53318 32.95
      vertex 4.70228 -6.47214 32.95
    endloop
  endfacet
  facet normal -0 0 1
    outer loop
      vertex 3.58549 -4.935 32.95
      vertex 4.70228 -6.47214 32.95
      vertex 4.0817 -4.53318 32.95
    endloop
  endfacet
  facet normal 0 0 1
    outer loop
      vertex 4.70228 -6.47214 32.95
      vertex 3.58549 -4.935 32.95
      vertex 4 -6.9282 32.95
    endloop
  endfacet
  facet normal -0 0 1
    outer loop
      vertex 3.05 -5.28275 32.95
      vertex 4 -6.9282 32.95
      vertex 3.58549 -4.935 32.95
    endloop
  endfacet
  facet normal 0 0 1
    outer loop
      vertex 4 -6.9282 32.95
      vertex 3.05 -5.28275 32.95
      vertex 3.25389 -7.30836 32.95
    endloop
  endfacet
  facet normal -0 0 1
    outer loop
      vertex 2.48109 -5.57263 32.95
      vertex 3.25389 -7.30836 32.95
      vertex 3.05 -5.28275 32.95
    endloop
  endfacet
  facet normal 0 0 1
    outer loop
      vertex 2.48109 -5.57263 32.95
      vertex 2.47214 -7.60845 32.95
      vertex 3.25389 -7.30836 32.95
    endloop
  endfacet
  facet normal -0 0 1
    outer loop
      vertex 1.885 -5.80144 32.95
      vertex 2.47214 -7.60845 32.95
      vertex 2.48109 -5.57263 32.95
    endloop
  endfacet
  facet normal 0 0 1
    outer loop
      vertex 1.885 -5.80144 32.95
      vertex 1.66329 -7.82518 32.95
      vertex 2.47214 -7.60845 32.95
    endloop
  endfacet
  facet normal -0 0 1
    outer loop
      vertex 1.26826 -5.9667 32.95
      vertex 1.66329 -7.82518 32.95
      vertex 1.885 -5.80144 32.95
    endloop
  endfacet
  facet normal 0 0 1
    outer loop
      vertex 1.26826 -5.9667 32.95
      vertex 0.836227 -7.95617 32.95
      vertex 1.66329 -7.82518 32.95
    endloop
  endfacet
  facet normal -0 0 1
    outer loop
      vertex 0.637623 -6.06658 32.95
      vertex 0.836227 -7.95617 32.95
      vertex 1.26826 -5.9667 32.95
    endloop
  endfacet
  facet normal -0 0 1
    outer loop
      vertex 0 -6.1 32.95
      vertex 0.836227 -7.95617 32.95
      vertex 0.637623 -6.06658 32.95
    endloop
  endfacet
  facet normal 0 0 1
    outer loop
      vertex 0 -6.1 32.95
      vertex 0 -8 32.95
      vertex 0.836227 -7.95617 32.95
    endloop
  endfacet
  facet normal 0 0 1
    outer loop
      vertex -0.637623 -6.06658 32.95
      vertex 0 -8 32.95
      vertex 0 -6.1 32.95
    endloop
  endfacet
  facet normal 0 0 1
    outer loop
      vertex -0.637623 -6.06658 32.95
      vertex -0.836227 -7.95617 32.95
      vertex 0 -8 32.95
    endloop
  endfacet
  facet normal 0 0 1
    outer loop
      vertex -1.26826 -5.9667 32.95
      vertex -0.836227 -7.95617 32.95
      vertex -0.637623 -6.06658 32.95
    endloop
  endfacet
  facet normal 0 0 1
    outer loop
      vertex -1.26826 -5.9667 32.95
      vertex -1.66329 -7.82518 32.95
      vertex -0.836227 -7.95617 32.95
    endloop
  endfacet
  facet normal 0 0 1
    outer loop
      vertex -1.885 -5.80144 32.95
      vertex -1.66329 -7.82518 32.95
      vertex -1.26826 -5.9667 32.95
    endloop
  endfacet
  facet normal 0 0 1
    outer loop
      vertex -1.885 -5.80144 32.95
      vertex -2.47214 -7.60845 32.95
      vertex -1.66329 -7.82518 32.95
    endloop
  endfacet
  facet normal 0 0 1
    outer loop
      vertex -2.48109 -5.57263 32.95
      vertex -2.47214 -7.60845 32.95
      vertex -1.885 -5.80144 32.95
    endloop
  endfacet
  facet normal 0 0 1
    outer loop
      vertex -3.25389 -7.30836 32.95
      vertex -2.48109 -5.57263 32.95
      vertex -3.05 -5.28275 32.95
    endloop
  endfacet
  facet normal 0 0 1
    outer loop
      vertex -2.48109 -5.57263 32.95
      vertex -3.25389 -7.30836 32.95
      vertex -2.47214 -7.60845 32.95
    endloop
  endfacet
  facet normal 0 0 1
    outer loop
      vertex -4 -6.9282 32.95
      vertex -3.05 -5.28275 32.95
      vertex -3.58549 -4.935 32.95
    endloop
  endfacet
  facet normal 0 0 1
    outer loop
      vertex -3.05 -5.28275 32.95
      vertex -4 -6.9282 32.95
      vertex -3.25389 -7.30836 32.95
    endloop
  endfacet
  facet normal 0 0 1
    outer loop
      vertex -4.70228 -6.47214 32.95
      vertex -3.58549 -4.935 32.95
      vertex -4.0817 -4.53318 32.95
    endloop
  endfacet
  facet normal 0 0 1
    outer loop
      vertex -5.35304 -5.94516 32.95
      vertex -4.0817 -4.53318 32.95
      vertex -4.53318 -4.0817 32.95
    endloop
  endfacet
  facet normal 0 0 1
    outer loop
      vertex -3.58549 -4.935 32.95
      vertex -4.70228 -6.47214 32.95
      vertex -4 -6.9282 32.95
    endloop
  endfacet
  facet normal 0 0 1
    outer loop
      vertex -5.94516 -5.35304 32.95
      vertex -4.53318 -4.0817 32.95
      vertex -4.935 -3.58549 32.95
    endloop
  endfacet
  facet normal 0 0 1
    outer loop
      vertex -6.47214 -4.70228 32.95
      vertex -4.935 -3.58549 32.95
      vertex -5.28275 -3.05 32.95
    endloop
  endfacet
  facet normal 0 0 1
    outer loop
      vertex -4.0817 -4.53318 32.95
      vertex -5.35304 -5.94516 32.95
      vertex -4.70228 -6.47214 32.95
    endloop
  endfacet
  facet normal 0 0 1
    outer loop
      vertex -6.9282 -4 32.95
      vertex -5.28275 -3.05 32.95
      vertex -5.57263 -2.48109 32.95
    endloop
  endfacet
  facet normal 0 0 1
    outer loop
      vertex -7.30836 -3.25389 32.95
      vertex -5.57263 -2.48109 32.95
      vertex -5.80144 -1.885 32.95
    endloop
  endfacet
  facet normal 0 0 1
    outer loop
      vertex -4.53318 -4.0817 32.95
      vertex -5.94516 -5.35304 32.95
      vertex -5.35304 -5.94516 32.95
    endloop
  endfacet
  facet normal 0 0 1
    outer loop
      vertex -7.60845 -2.47214 32.95
      vertex -5.80144 -1.885 32.95
      vertex -5.9667 -1.26826 32.95
    endloop
  endfacet
  facet normal 0 0 1
    outer loop
      vertex -7.82518 -1.66329 32.95
      vertex -5.9667 -1.26826 32.95
      vertex -6.06658 -0.637623 32.95
    endloop
  endfacet
  facet normal 0 0 1
    outer loop
      vertex -7.95617 -0.836227 32.95
      vertex -6.06658 -0.637623 32.95
      vertex -6.1 0 32.95
    endloop
  endfacet
  facet normal 0 0 1
    outer loop
      vertex -5.80144 1.885 32.95
      vertex -7.60845 2.47214 32.95
      vertex -5.9667 1.26826 32.95
    endloop
  endfacet
  facet normal 0 0 1
    outer loop
      vertex -4.935 -3.58549 32.95
      vertex -6.47214 -4.70228 32.95
      vertex -5.94516 -5.35304 32.95
    endloop
  endfacet
  facet normal -0 0 1
    outer loop
      vertex -7.82518 1.66329 32.95
      vertex -5.9667 1.26826 32.95
      vertex -7.60845 2.47214 32.95
    endloop
  endfacet
  facet normal 0 0 1
    outer loop
      vertex -5.28275 -3.05 32.95
      vertex -6.9282 -4 32.95
      vertex -6.47214 -4.70228 32.95
    endloop
  endfacet
  facet normal 0 0 1
    outer loop
      vertex -5.9667 1.26826 32.95
      vertex -7.82518 1.66329 32.95
      vertex -6.06658 0.637623 32.95
    endloop
  endfacet
  facet normal 0 0 1
    outer loop
      vertex -5.57263 -2.48109 32.95
      vertex -7.30836 -3.25389 32.95
      vertex -6.9282 -4 32.95
    endloop
  endfacet
  facet normal -0 0 1
    outer loop
      vertex -7.95617 0.836227 32.95
      vertex -6.06658 0.637623 32.95
      vertex -7.82518 1.66329 32.95
    endloop
  endfacet
  facet normal 0 0 1
    outer loop
      vertex -5.80144 -1.885 32.95
      vertex -7.60845 -2.47214 32.95
      vertex -7.30836 -3.25389 32.95
    endloop
  endfacet
  facet normal 0 0 1
    outer loop
      vertex -6.06658 0.637623 32.95
      vertex -7.95617 0.836227 32.95
      vertex -6.1 0 32.95
    endloop
  endfacet
  facet normal 0 0 1
    outer loop
      vertex -5.9667 -1.26826 32.95
      vertex -7.82518 -1.66329 32.95
      vertex -7.60845 -2.47214 32.95
    endloop
  endfacet
  facet normal 0 0 1
    outer loop
      vertex -8 0 32.95
      vertex -6.1 0 32.95
      vertex -7.95617 0.836227 32.95
    endloop
  endfacet
  facet normal 0 0 1
    outer loop
      vertex -6.06658 -0.637623 32.95
      vertex -7.95617 -0.836227 32.95
      vertex -7.82518 -1.66329 32.95
    endloop
  endfacet
  facet normal 0 0 1
    outer loop
      vertex -6.1 0 32.95
      vertex -8 0 32.95
      vertex -7.95617 -0.836227 32.95
    endloop
  endfacet
  facet normal -0.453989 0.891008 0
    outer loop
      vertex -3.25389 7.30836 18
      vertex -4 6.9282 32.95
      vertex -3.25389 7.30836 32.95
    endloop
  endfacet
  facet normal -0.453989 0.891008 0
    outer loop
      vertex -4 6.9282 32.95
      vertex -3.25389 7.30836 18
      vertex -4 6.9282 18
    endloop
  endfacet
  facet normal -0.358372 0.933579 0
    outer loop
      vertex -2.47214 7.60845 18
      vertex -3.25389 7.30836 32.95
      vertex -2.47214 7.60845 32.95
    endloop
  endfacet
  facet normal -0.358372 0.933579 0
    outer loop
      vertex -3.25389 7.30836 32.95
      vertex -2.47214 7.60845 18
      vertex -3.25389 7.30836 18
    endloop
  endfacet
  facet normal -0.544634 0.838674 0
    outer loop
      vertex -4 6.9282 18
      vertex -4.70228 6.47214 32.95
      vertex -4 6.9282 32.95
    endloop
  endfacet
  facet normal -0.544634 0.838674 0
    outer loop
      vertex -4.70228 6.47214 32.95
      vertex -4 6.9282 18
      vertex -4.70228 6.47214 18
    endloop
  endfacet
  facet normal -0.15643 0.987689 0
    outer loop
      vertex -0.836227 7.95617 18
      vertex -1.66329 7.82518 32.95
      vertex -0.836227 7.95617 32.95
    endloop
  endfacet
  facet normal -0.15643 0.987689 0
    outer loop
      vertex -1.66329 7.82518 32.95
      vertex -0.836227 7.95617 18
      vertex -1.66329 7.82518 18
    endloop
  endfacet
  facet normal 0.998629 -0.0523421 0
    outer loop
      vertex 7.95617 -0.836227 32.95
      vertex 8 0 18
      vertex 8 0 32.95
    endloop
  endfacet
  facet normal 0.998629 -0.0523421 0
    outer loop
      vertex 8 0 18
      vertex 7.95617 -0.836227 32.95
      vertex 7.95617 -0.836227 18
    endloop
  endfacet
  facet normal 0.0523421 -0.998629 0
    outer loop
      vertex 0 -8 18.25
      vertex 0.836227 -7.95617 32.95
      vertex 0 -8 32.95
    endloop
  endfacet
  facet normal 0.0523421 -0.998629 0
    outer loop
      vertex 0.836227 -7.95617 32.95
      vertex 0 -8 18.25
      vertex 0.836227 -7.95617 18.25
    endloop
  endfacet
  facet normal 0.258818 -0.965926 0
    outer loop
      vertex 1.66329 -7.82518 18.25
      vertex 2.47214 -7.60845 32.95
      vertex 1.66329 -7.82518 32.95
    endloop
  endfacet
  facet normal 0.258818 -0.965926 0
    outer loop
      vertex 2.47214 -7.60845 32.95
      vertex 1.66329 -7.82518 18.25
      vertex 2.47214 -7.60845 18.25
    endloop
  endfacet
  facet normal 0.629324 -0.777143 0
    outer loop
      vertex 4.70228 -6.47214 18.25
      vertex 5.35304 -5.94516 32.95
      vertex 4.70228 -6.47214 32.95
    endloop
  endfacet
  facet normal 0.629324 -0.777143 0
    outer loop
      vertex 5.35304 -5.94516 32.95
      vertex 4.70228 -6.47214 18.25
      vertex 5.35304 -5.94516 18.25
    endloop
  endfacet
  facet normal 0.453989 -0.891008 0
    outer loop
      vertex 3.25389 -7.30836 18.25
      vertex 4 -6.9282 32.95
      vertex 3.25389 -7.30836 32.95
    endloop
  endfacet
  facet normal 0.453989 -0.891008 0
    outer loop
      vertex 4 -6.9282 32.95
      vertex 3.25389 -7.30836 18.25
      vertex 4 -6.9282 18.25
    endloop
  endfacet
  facet normal 0.777143 -0.629324 0
    outer loop
      vertex 6.47214 -4.70228 32.95
      vertex 6.10958 -5.15 18.25
      vertex 6.47214 -4.70228 18
    endloop
  endfacet
  facet normal 0.777143 -0.629324 -4.87432e-09
    outer loop
      vertex 5.94516 -5.35304 32.95
      vertex 6.10958 -5.15 18.25
      vertex 6.47214 -4.70228 32.95
    endloop
  endfacet
  facet normal 0.777143 -0.629324 0
    outer loop
      vertex 6.10958 -5.15 18.25
      vertex 5.94516 -5.35304 32.95
      vertex 5.94516 -5.35304 18.25
    endloop
  endfacet
  facet normal 0.777143 -0.629324 0
    outer loop
      vertex 6.47214 -4.70228 18
      vertex 6.10958 -5.15 18.25
      vertex 6.10958 -5.15 18
    endloop
  endfacet
  facet normal 0.891008 -0.453989 0
    outer loop
      vertex 6.9282 -4 32.95
      vertex 7.30836 -3.25389 18
      vertex 7.30836 -3.25389 32.95
    endloop
  endfacet
  facet normal 0.891008 -0.453989 0
    outer loop
      vertex 7.30836 -3.25389 18
      vertex 6.9282 -4 32.95
      vertex 6.9282 -4 18
    endloop
  endfacet
  facet normal -0.707107 -0.707107 0
    outer loop
      vertex -5.35304 -5.94516 18.25
      vertex -5.94516 -5.35304 32.95
      vertex -5.94516 -5.35304 18.25
    endloop
  endfacet
  facet normal -0.707107 -0.707107 0
    outer loop
      vertex -5.94516 -5.35304 32.95
      vertex -5.35304 -5.94516 18.25
      vertex -5.35304 -5.94516 32.95
    endloop
  endfacet
  facet normal -0.544634 -0.838674 0
    outer loop
      vertex -4.70228 -6.47214 18.25
      vertex -4 -6.9282 32.95
      vertex -4.70228 -6.47214 32.95
    endloop
  endfacet
  facet normal -0.544634 -0.838674 -0
    outer loop
      vertex -4 -6.9282 32.95
      vertex -4.70228 -6.47214 18.25
      vertex -4 -6.9282 18.25
    endloop
  endfacet
  facet normal -0.358372 -0.933579 0
    outer loop
      vertex -3.25389 -7.30836 18.25
      vertex -2.47214 -7.60845 32.95
      vertex -3.25389 -7.30836 32.95
    endloop
  endfacet
  facet normal -0.358372 -0.933579 -0
    outer loop
      vertex -2.47214 -7.60845 32.95
      vertex -3.25389 -7.30836 18.25
      vertex -2.47214 -7.60845 18.25
    endloop
  endfacet
  facet normal -0.15643 -0.987689 0
    outer loop
      vertex -1.66329 -7.82518 18.25
      vertex -0.836227 -7.95617 32.95
      vertex -1.66329 -7.82518 32.95
    endloop
  endfacet
  facet normal -0.15643 -0.987689 -0
    outer loop
      vertex -0.836227 -7.95617 32.95
      vertex -1.66329 -7.82518 18.25
      vertex -0.836227 -7.95617 18.25
    endloop
  endfacet
  facet normal -0.933579 -0.358372 0
    outer loop
      vertex -7.30836 -3.25389 18
      vertex -7.60845 -2.47214 32.95
      vertex -7.60845 -2.47214 18
    endloop
  endfacet
  facet normal -0.933579 -0.358372 0
    outer loop
      vertex -7.60845 -2.47214 32.95
      vertex -7.30836 -3.25389 18
      vertex -7.30836 -3.25389 32.95
    endloop
  endfacet
  facet normal -0.838674 -0.544634 0
    outer loop
      vertex -6.47214 -4.70228 18
      vertex -6.9282 -4 32.95
      vertex -6.9282 -4 18
    endloop
  endfacet
  facet normal -0.838674 -0.544634 0
    outer loop
      vertex -6.9282 -4 32.95
      vertex -6.47214 -4.70228 18
      vertex -6.47214 -4.70228 32.95
    endloop
  endfacet
  facet normal -0.987689 -0.15643 0
    outer loop
      vertex -7.82518 -1.66329 18
      vertex -7.95617 -0.836227 32.95
      vertex -7.95617 -0.836227 18
    endloop
  endfacet
  facet normal -0.987689 -0.15643 0
    outer loop
      vertex -7.95617 -0.836227 32.95
      vertex -7.82518 -1.66329 18
      vertex -7.82518 -1.66329 32.95
    endloop
  endfacet
  facet normal 0.15643 -0.987689 0
    outer loop
      vertex 0.836227 -7.95617 18.25
      vertex 1.66329 -7.82518 32.95
      vertex 0.836227 -7.95617 32.95
    endloop
  endfacet
  facet normal 0.15643 -0.987689 0
    outer loop
      vertex 1.66329 -7.82518 32.95
      vertex 0.836227 -7.95617 18.25
      vertex 1.66329 -7.82518 18.25
    endloop
  endfacet
  facet normal 0.358372 -0.933579 0
    outer loop
      vertex 2.47214 -7.60845 18.25
      vertex 3.25389 -7.30836 32.95
      vertex 2.47214 -7.60845 32.95
    endloop
  endfacet
  facet normal 0.358372 -0.933579 0
    outer loop
      vertex 3.25389 -7.30836 32.95
      vertex 2.47214 -7.60845 18.25
      vertex 3.25389 -7.30836 18.25
    endloop
  endfacet
  facet normal 0.707107 -0.707107 0
    outer loop
      vertex 5.35304 -5.94516 32.95
      vertex 5.94516 -5.35304 18.25
      vertex 5.94516 -5.35304 32.95
    endloop
  endfacet
  facet normal 0.707107 -0.707107 0
    outer loop
      vertex 5.94516 -5.35304 18.25
      vertex 5.35304 -5.94516 32.95
      vertex 5.35304 -5.94516 18.25
    endloop
  endfacet
  facet normal 0.544634 -0.838674 0
    outer loop
      vertex 4 -6.9282 18.25
      vertex 4.70228 -6.47214 32.95
      vertex 4 -6.9282 32.95
    endloop
  endfacet
  facet normal 0.544634 -0.838674 0
    outer loop
      vertex 4.70228 -6.47214 32.95
      vertex 4 -6.9282 18.25
      vertex 4.70228 -6.47214 18.25
    endloop
  endfacet
  facet normal 0.838674 -0.544634 0
    outer loop
      vertex 6.47214 -4.70228 32.95
      vertex 6.9282 -4 18
      vertex 6.9282 -4 32.95
    endloop
  endfacet
  facet normal 0.838674 -0.544634 0
    outer loop
      vertex 6.9282 -4 18
      vertex 6.47214 -4.70228 32.95
      vertex 6.47214 -4.70228 18
    endloop
  endfacet
  facet normal 0.933579 -0.358372 0
    outer loop
      vertex 7.30836 -3.25389 32.95
      vertex 7.60845 -2.47214 18
      vertex 7.60845 -2.47214 32.95
    endloop
  endfacet
  facet normal 0.933579 -0.358372 0
    outer loop
      vertex 7.60845 -2.47214 18
      vertex 7.30836 -3.25389 32.95
      vertex 7.30836 -3.25389 18
    endloop
  endfacet
  facet normal 0.987689 -0.15643 0
    outer loop
      vertex 7.82518 -1.66329 32.95
      vertex 7.95617 -0.836227 18
      vertex 7.95617 -0.836227 32.95
    endloop
  endfacet
  facet normal 0.987689 -0.15643 0
    outer loop
      vertex 7.95617 -0.836227 18
      vertex 7.82518 -1.66329 32.95
      vertex 7.82518 -1.66329 18
    endloop
  endfacet
  facet normal 0.965926 -0.258818 0
    outer loop
      vertex 7.60845 -2.47214 32.95
      vertex 7.82518 -1.66329 18
      vertex 7.82518 -1.66329 32.95
    endloop
  endfacet
  facet normal 0.965926 -0.258818 0
    outer loop
      vertex 7.82518 -1.66329 18
      vertex 7.60845 -2.47214 32.95
      vertex 7.60845 -2.47214 18
    endloop
  endfacet
  facet normal -0.629324 -0.777143 0
    outer loop
      vertex -5.35304 -5.94516 18.25
      vertex -4.70228 -6.47214 32.95
      vertex -5.35304 -5.94516 32.95
    endloop
  endfacet
  facet normal -0.629324 -0.777143 -0
    outer loop
      vertex -4.70228 -6.47214 32.95
      vertex -5.35304 -5.94516 18.25
      vertex -4.70228 -6.47214 18.25
    endloop
  endfacet
  facet normal -0.453989 -0.891008 0
    outer loop
      vertex -4 -6.9282 18.25
      vertex -3.25389 -7.30836 32.95
      vertex -4 -6.9282 32.95
    endloop
  endfacet
  facet normal -0.453989 -0.891008 -0
    outer loop
      vertex -3.25389 -7.30836 32.95
      vertex -4 -6.9282 18.25
      vertex -3.25389 -7.30836 18.25
    endloop
  endfacet
  facet normal -0.258818 -0.965926 0
    outer loop
      vertex -2.47214 -7.60845 18.25
      vertex -1.66329 -7.82518 32.95
      vertex -2.47214 -7.60845 32.95
    endloop
  endfacet
  facet normal -0.258818 -0.965926 -0
    outer loop
      vertex -1.66329 -7.82518 32.95
      vertex -2.47214 -7.60845 18.25
      vertex -1.66329 -7.82518 18.25
    endloop
  endfacet
  facet normal -0.0523421 -0.998629 0
    outer loop
      vertex -0.836227 -7.95617 18.25
      vertex 0 -8 32.95
      vertex -0.836227 -7.95617 32.95
    endloop
  endfacet
  facet normal -0.0523421 -0.998629 -0
    outer loop
      vertex 0 -8 32.95
      vertex -0.836227 -7.95617 18.25
      vertex 0 -8 18.25
    endloop
  endfacet
  facet normal -0.891008 -0.453989 0
    outer loop
      vertex -6.9282 -4 18
      vertex -7.30836 -3.25389 32.95
      vertex -7.30836 -3.25389 18
    endloop
  endfacet
  facet normal -0.891008 -0.453989 0
    outer loop
      vertex -7.30836 -3.25389 32.95
      vertex -6.9282 -4 18
      vertex -6.9282 -4 32.95
    endloop
  endfacet
  facet normal -0.777143 -0.629324 -0
    outer loop
      vertex -6.10958 -5.15 18.25
      vertex -6.47214 -4.70228 18
      vertex -6.10958 -5.15 18
    endloop
  endfacet
  facet normal -0.777143 -0.629324 0
    outer loop
      vertex -6.47214 -4.70228 18
      vertex -6.10958 -5.15 18.25
      vertex -6.47214 -4.70228 32.95
    endloop
  endfacet
  facet normal -0.777143 -0.629324 -0
    outer loop
      vertex -5.94516 -5.35304 32.95
      vertex -6.10958 -5.15 18.25
      vertex -5.94516 -5.35304 18.25
    endloop
  endfacet
  facet normal -0.777143 -0.629324 -4.87432e-09
    outer loop
      vertex -6.10958 -5.15 18.25
      vertex -5.94516 -5.35304 32.95
      vertex -6.47214 -4.70228 32.95
    endloop
  endfacet
  facet normal -0.965926 -0.258818 0
    outer loop
      vertex -7.60845 -2.47214 18
      vertex -7.82518 -1.66329 32.95
      vertex -7.82518 -1.66329 18
    endloop
  endfacet
  facet normal -0.965926 -0.258818 0
    outer loop
      vertex -7.82518 -1.66329 32.95
      vertex -7.60845 -2.47214 18
      vertex -7.60845 -2.47214 32.95
    endloop
  endfacet
  facet normal -0.998629 -0.0523416 0
    outer loop
      vertex 6.1 0 28
      vertex 6.06658 0.637623 32.95
      vertex 6.06658 0.637623 28
    endloop
  endfacet
  facet normal -0.998629 -0.0523416 0
    outer loop
      vertex 6.06658 0.637623 32.95
      vertex 6.1 0 28
      vertex 6.1 0 32.95
    endloop
  endfacet
  facet normal 0.998629 -0.0523416 0
    outer loop
      vertex -6.1 0 32.95
      vertex -6.06658 0.637623 28
      vertex -6.06658 0.637623 32.95
    endloop
  endfacet
  facet normal 0.998629 -0.0523416 0
    outer loop
      vertex -6.06658 0.637623 28
      vertex -6.1 0 32.95
      vertex -6.1 0 28
    endloop
  endfacet
  facet normal -0.0523416 -0.998629 0
    outer loop
      vertex 0 6.1 28
      vertex 0.637623 6.06658 32.95
      vertex 0 6.1 32.95
    endloop
  endfacet
  facet normal -0.0523416 -0.998629 -0
    outer loop
      vertex 0.637623 6.06658 32.95
      vertex 0 6.1 28
      vertex 0.637623 6.06658 28
    endloop
  endfacet
  facet normal 0.0523416 0.998629 -0
    outer loop
      vertex 0 -6.1 28
      vertex -0.637623 -6.06658 32.95
      vertex 0 -6.1 32.95
    endloop
  endfacet
  facet normal 0.0523416 0.998629 0
    outer loop
      vertex -0.637623 -6.06658 32.95
      vertex 0 -6.1 28
      vertex -0.637623 -6.06658 28
    endloop
  endfacet
  facet normal 0.777148 0.629318 0
    outer loop
      vertex -4.53318 -4.0817 32.95
      vertex -4.935 -3.58549 28
      vertex -4.935 -3.58549 32.95
    endloop
  endfacet
  facet normal 0.777148 0.629318 0
    outer loop
      vertex -4.935 -3.58549 28
      vertex -4.53318 -4.0817 32.95
      vertex -4.53318 -4.0817 28
    endloop
  endfacet
  facet normal -0.707107 -0.707107 0
    outer loop
      vertex 4.53318 4.0817 28
      vertex 4.0817 4.53318 32.95
      vertex 4.0817 4.53318 28
    endloop
  endfacet
  facet normal -0.707107 -0.707107 0
    outer loop
      vertex 4.0817 4.53318 32.95
      vertex 4.53318 4.0817 28
      vertex 4.53318 4.0817 32.95
    endloop
  endfacet
  facet normal 0.629318 -0.777148 0
    outer loop
      vertex -4.0817 4.53318 28
      vertex -3.58549 4.935 32.95
      vertex -4.0817 4.53318 32.95
    endloop
  endfacet
  facet normal 0.629318 -0.777148 0
    outer loop
      vertex -3.58549 4.935 32.95
      vertex -4.0817 4.53318 28
      vertex -3.58549 4.935 28
    endloop
  endfacet
  facet normal 0.358358 -0.933584 0
    outer loop
      vertex -2.48109 5.57263 28
      vertex -1.885 5.80144 32.95
      vertex -2.48109 5.57263 32.95
    endloop
  endfacet
  facet normal 0.358358 -0.933584 0
    outer loop
      vertex -1.885 5.80144 32.95
      vertex -2.48109 5.57263 28
      vertex -1.885 5.80144 28
    endloop
  endfacet
  facet normal -0.933584 -0.358358 0
    outer loop
      vertex 5.80144 1.885 28
      vertex 5.57263 2.48109 32.95
      vertex 5.57263 2.48109 28
    endloop
  endfacet
  facet normal -0.933584 -0.358358 0
    outer loop
      vertex 5.57263 2.48109 32.95
      vertex 5.80144 1.885 28
      vertex 5.80144 1.885 32.95
    endloop
  endfacet
  facet normal -0.987689 -0.15643 0
    outer loop
      vertex 6.06658 0.637623 28
      vertex 5.9667 1.26826 32.95
      vertex 5.9667 1.26826 28
    endloop
  endfacet
  facet normal -0.987689 -0.15643 0
    outer loop
      vertex 5.9667 1.26826 32.95
      vertex 6.06658 0.637623 28
      vertex 6.06658 0.637623 32.95
    endloop
  endfacet
  facet normal -0.453998 -0.891003 0
    outer loop
      vertex 2.48109 5.57263 28
      vertex 3.05 5.28275 32.95
      vertex 2.48109 5.57263 32.95
    endloop
  endfacet
  facet normal -0.453998 -0.891003 -0
    outer loop
      vertex 3.05 5.28275 32.95
      vertex 2.48109 5.57263 28
      vertex 3.05 5.28275 28
    endloop
  endfacet
  facet normal -0.544638 -0.838671 0
    outer loop
      vertex 3.05 5.28275 28
      vertex 3.58549 4.935 32.95
      vertex 3.05 5.28275 32.95
    endloop
  endfacet
  facet normal -0.544638 -0.838671 -0
    outer loop
      vertex 3.58549 4.935 32.95
      vertex 3.05 5.28275 28
      vertex 3.58549 4.935 28
    endloop
  endfacet
  facet normal 0.891003 -0.453998 0
    outer loop
      vertex -5.57263 2.48109 32.95
      vertex -5.28275 3.05 28
      vertex -5.28275 3.05 32.95
    endloop
  endfacet
  facet normal 0.891003 -0.453998 0
    outer loop
      vertex -5.28275 3.05 28
      vertex -5.57263 2.48109 32.95
      vertex -5.57263 2.48109 28
    endloop
  endfacet
  facet normal 0.453998 -0.891003 0
    outer loop
      vertex -3.05 5.28275 28
      vertex -2.48109 5.57263 32.95
      vertex -3.05 5.28275 32.95
    endloop
  endfacet
  facet normal 0.453998 -0.891003 0
    outer loop
      vertex -2.48109 5.57263 32.95
      vertex -3.05 5.28275 28
      vertex -2.48109 5.57263 28
    endloop
  endfacet
  facet normal 0.15643 -0.987689 0
    outer loop
      vertex -1.26826 5.9667 28
      vertex -0.637623 6.06658 32.95
      vertex -1.26826 5.9667 32.95
    endloop
  endfacet
  facet normal 0.15643 -0.987689 0
    outer loop
      vertex -0.637623 6.06658 32.95
      vertex -1.26826 5.9667 28
      vertex -0.637623 6.06658 28
    endloop
  endfacet
  facet normal -0.933584 0.358358 0
    outer loop
      vertex 5.57263 -2.48109 28
      vertex 5.80144 -1.885 32.95
      vertex 5.80144 -1.885 28
    endloop
  endfacet
  facet normal -0.933584 0.358358 0
    outer loop
      vertex 5.80144 -1.885 32.95
      vertex 5.57263 -2.48109 28
      vertex 5.57263 -2.48109 32.95
    endloop
  endfacet
  facet normal -0.965924 0.258826 0
    outer loop
      vertex 5.80144 -1.885 28
      vertex 5.9667 -1.26826 32.95
      vertex 5.9667 -1.26826 28
    endloop
  endfacet
  facet normal -0.965924 0.258826 0
    outer loop
      vertex 5.9667 -1.26826 32.95
      vertex 5.80144 -1.885 28
      vertex 5.80144 -1.885 32.95
    endloop
  endfacet
  facet normal 0.891003 0.453998 0
    outer loop
      vertex -5.28275 -3.05 32.95
      vertex -5.57263 -2.48109 28
      vertex -5.57263 -2.48109 32.95
    endloop
  endfacet
  facet normal 0.891003 0.453998 0
    outer loop
      vertex -5.57263 -2.48109 28
      vertex -5.28275 -3.05 32.95
      vertex -5.28275 -3.05 28
    endloop
  endfacet
  facet normal 0.998629 0.0523416 0
    outer loop
      vertex -6.06658 -0.637623 32.95
      vertex -6.1 0 28
      vertex -6.1 0 32.95
    endloop
  endfacet
  facet normal 0.998629 0.0523416 0
    outer loop
      vertex -6.1 0 28
      vertex -6.06658 -0.637623 32.95
      vertex -6.06658 -0.637623 28
    endloop
  endfacet
  facet normal -0.965924 -0.258826 0
    outer loop
      vertex 5.9667 1.26826 28
      vertex 5.80144 1.885 32.95
      vertex 5.80144 1.885 28
    endloop
  endfacet
  facet normal -0.965924 -0.258826 0
    outer loop
      vertex 5.80144 1.885 32.95
      vertex 5.9667 1.26826 28
      vertex 5.9667 1.26826 32.95
    endloop
  endfacet
  facet normal -0.838671 -0.544638 0
    outer loop
      vertex 5.28275 3.05 28
      vertex 4.935 3.58549 32.95
      vertex 4.935 3.58549 28
    endloop
  endfacet
  facet normal -0.838671 -0.544638 0
    outer loop
      vertex 4.935 3.58549 32.95
      vertex 5.28275 3.05 28
      vertex 5.28275 3.05 32.95
    endloop
  endfacet
  facet normal -0.777148 -0.629318 0
    outer loop
      vertex 4.935 3.58549 28
      vertex 4.53318 4.0817 32.95
      vertex 4.53318 4.0817 28
    endloop
  endfacet
  facet normal -0.777148 -0.629318 0
    outer loop
      vertex 4.53318 4.0817 32.95
      vertex 4.935 3.58549 28
      vertex 4.935 3.58549 32.95
    endloop
  endfacet
  facet normal -0.891003 -0.453998 0
    outer loop
      vertex 5.57263 2.48109 28
      vertex 5.28275 3.05 32.95
      vertex 5.28275 3.05 28
    endloop
  endfacet
  facet normal -0.891003 -0.453998 0
    outer loop
      vertex 5.28275 3.05 32.95
      vertex 5.57263 2.48109 28
      vertex 5.57263 2.48109 32.95
    endloop
  endfacet
  facet normal -0.258826 -0.965924 0
    outer loop
      vertex 1.26826 5.9667 28
      vertex 1.885 5.80144 32.95
      vertex 1.26826 5.9667 32.95
    endloop
  endfacet
  facet normal -0.258826 -0.965924 -0
    outer loop
      vertex 1.885 5.80144 32.95
      vertex 1.26826 5.9667 28
      vertex 1.885 5.80144 28
    endloop
  endfacet
  facet normal -0.358358 -0.933584 0
    outer loop
      vertex 1.885 5.80144 28
      vertex 2.48109 5.57263 32.95
      vertex 1.885 5.80144 32.95
    endloop
  endfacet
  facet normal -0.358358 -0.933584 -0
    outer loop
      vertex 2.48109 5.57263 32.95
      vertex 1.885 5.80144 28
      vertex 2.48109 5.57263 28
    endloop
  endfacet
  facet normal -0.15643 -0.987689 0
    outer loop
      vertex 0.637623 6.06658 28
      vertex 1.26826 5.9667 32.95
      vertex 0.637623 6.06658 32.95
    endloop
  endfacet
  facet normal -0.15643 -0.987689 -0
    outer loop
      vertex 1.26826 5.9667 32.95
      vertex 0.637623 6.06658 28
      vertex 1.26826 5.9667 28
    endloop
  endfacet
  facet normal -0.629318 -0.777148 0
    outer loop
      vertex 3.58549 4.935 28
      vertex 4.0817 4.53318 32.95
      vertex 3.58549 4.935 32.95
    endloop
  endfacet
  facet normal -0.629318 -0.777148 -0
    outer loop
      vertex 4.0817 4.53318 32.95
      vertex 3.58549 4.935 28
      vertex 4.0817 4.53318 28
    endloop
  endfacet
  facet normal 0.965924 -0.258826 0
    outer loop
      vertex -5.9667 1.26826 32.95
      vertex -5.80144 1.885 28
      vertex -5.80144 1.885 32.95
    endloop
  endfacet
  facet normal 0.965924 -0.258826 0
    outer loop
      vertex -5.80144 1.885 28
      vertex -5.9667 1.26826 32.95
      vertex -5.9667 1.26826 28
    endloop
  endfacet
  facet normal 0.777148 -0.629318 0
    outer loop
      vertex -4.935 3.58549 32.95
      vertex -4.53318 4.0817 28
      vertex -4.53318 4.0817 32.95
    endloop
  endfacet
  facet normal 0.777148 -0.629318 0
    outer loop
      vertex -4.53318 4.0817 28
      vertex -4.935 3.58549 32.95
      vertex -4.935 3.58549 28
    endloop
  endfacet
  facet normal 0.707107 -0.707107 0
    outer loop
      vertex -4.53318 4.0817 32.95
      vertex -4.0817 4.53318 28
      vertex -4.0817 4.53318 32.95
    endloop
  endfacet
  facet normal 0.707107 -0.707107 0
    outer loop
      vertex -4.0817 4.53318 28
      vertex -4.53318 4.0817 32.95
      vertex -4.53318 4.0817 28
    endloop
  endfacet
  facet normal 0.838671 -0.544638 0
    outer loop
      vertex -5.28275 3.05 32.95
      vertex -4.935 3.58549 28
      vertex -4.935 3.58549 32.95
    endloop
  endfacet
  facet normal 0.838671 -0.544638 0
    outer loop
      vertex -4.935 3.58549 28
      vertex -5.28275 3.05 32.95
      vertex -5.28275 3.05 28
    endloop
  endfacet
  facet normal 0.933584 -0.358358 0
    outer loop
      vertex -5.80144 1.885 32.95
      vertex -5.57263 2.48109 28
      vertex -5.57263 2.48109 32.95
    endloop
  endfacet
  facet normal 0.933584 -0.358358 0
    outer loop
      vertex -5.57263 2.48109 28
      vertex -5.80144 1.885 32.95
      vertex -5.80144 1.885 28
    endloop
  endfacet
  facet normal 0.987689 -0.15643 0
    outer loop
      vertex -6.06658 0.637623 32.95
      vertex -5.9667 1.26826 28
      vertex -5.9667 1.26826 32.95
    endloop
  endfacet
  facet normal 0.987689 -0.15643 0
    outer loop
      vertex -5.9667 1.26826 28
      vertex -6.06658 0.637623 32.95
      vertex -6.06658 0.637623 28
    endloop
  endfacet
  facet normal 0.544638 -0.838671 0
    outer loop
      vertex -3.58549 4.935 28
      vertex -3.05 5.28275 32.95
      vertex -3.58549 4.935 32.95
    endloop
  endfacet
  facet normal 0.544638 -0.838671 0
    outer loop
      vertex -3.05 5.28275 32.95
      vertex -3.58549 4.935 28
      vertex -3.05 5.28275 28
    endloop
  endfacet
  facet normal 0.258826 -0.965924 0
    outer loop
      vertex -1.885 5.80144 28
      vertex -1.26826 5.9667 32.95
      vertex -1.885 5.80144 32.95
    endloop
  endfacet
  facet normal 0.258826 -0.965924 0
    outer loop
      vertex -1.26826 5.9667 32.95
      vertex -1.885 5.80144 28
      vertex -1.26826 5.9667 28
    endloop
  endfacet
  facet normal 0.0523416 -0.998629 0
    outer loop
      vertex -0.637623 6.06658 28
      vertex 0 6.1 32.95
      vertex -0.637623 6.06658 32.95
    endloop
  endfacet
  facet normal 0.0523416 -0.998629 0
    outer loop
      vertex 0 6.1 32.95
      vertex -0.637623 6.06658 28
      vertex 0 6.1 28
    endloop
  endfacet
  facet normal -0.0523416 0.998629 0
    outer loop
      vertex 0.637623 -6.06658 28
      vertex 0 -6.1 32.95
      vertex 0.637623 -6.06658 32.95
    endloop
  endfacet
  facet normal -0.0523416 0.998629 0
    outer loop
      vertex 0 -6.1 32.95
      vertex 0.637623 -6.06658 28
      vertex 0 -6.1 28
    endloop
  endfacet
  facet normal -0.258826 0.965924 0
    outer loop
      vertex 1.885 -5.80144 28
      vertex 1.26826 -5.9667 32.95
      vertex 1.885 -5.80144 32.95
    endloop
  endfacet
  facet normal -0.258826 0.965924 0
    outer loop
      vertex 1.26826 -5.9667 32.95
      vertex 1.885 -5.80144 28
      vertex 1.26826 -5.9667 28
    endloop
  endfacet
  facet normal -0.629318 0.777148 0
    outer loop
      vertex 4.0817 -4.53318 28
      vertex 3.58549 -4.935 32.95
      vertex 4.0817 -4.53318 32.95
    endloop
  endfacet
  facet normal -0.629318 0.777148 0
    outer loop
      vertex 3.58549 -4.935 32.95
      vertex 4.0817 -4.53318 28
      vertex 3.58549 -4.935 28
    endloop
  endfacet
  facet normal -0.453998 0.891003 0
    outer loop
      vertex 3.05 -5.28275 28
      vertex 2.48109 -5.57263 32.95
      vertex 3.05 -5.28275 32.95
    endloop
  endfacet
  facet normal -0.453998 0.891003 0
    outer loop
      vertex 2.48109 -5.57263 32.95
      vertex 3.05 -5.28275 28
      vertex 2.48109 -5.57263 28
    endloop
  endfacet
  facet normal -0.777148 0.629318 0
    outer loop
      vertex 4.53318 -4.0817 28
      vertex 4.935 -3.58549 32.95
      vertex 4.935 -3.58549 28
    endloop
  endfacet
  facet normal -0.777148 0.629318 0
    outer loop
      vertex 4.935 -3.58549 32.95
      vertex 4.53318 -4.0817 28
      vertex 4.53318 -4.0817 32.95
    endloop
  endfacet
  facet normal -0.891003 0.453998 0
    outer loop
      vertex 5.28275 -3.05 28
      vertex 5.57263 -2.48109 32.95
      vertex 5.57263 -2.48109 28
    endloop
  endfacet
  facet normal -0.891003 0.453998 0
    outer loop
      vertex 5.57263 -2.48109 32.95
      vertex 5.28275 -3.05 28
      vertex 5.28275 -3.05 32.95
    endloop
  endfacet
  facet normal 0.707107 0.707107 0
    outer loop
      vertex -4.0817 -4.53318 32.95
      vertex -4.53318 -4.0817 28
      vertex -4.53318 -4.0817 32.95
    endloop
  endfacet
  facet normal 0.707107 0.707107 0
    outer loop
      vertex -4.53318 -4.0817 28
      vertex -4.0817 -4.53318 32.95
      vertex -4.0817 -4.53318 28
    endloop
  endfacet
  facet normal 0.544638 0.838671 -0
    outer loop
      vertex -3.05 -5.28275 28
      vertex -3.58549 -4.935 32.95
      vertex -3.05 -5.28275 32.95
    endloop
  endfacet
  facet normal 0.544638 0.838671 0
    outer loop
      vertex -3.58549 -4.935 32.95
      vertex -3.05 -5.28275 28
      vertex -3.58549 -4.935 28
    endloop
  endfacet
  facet normal 0.358358 0.933584 -0
    outer loop
      vertex -1.885 -5.80144 28
      vertex -2.48109 -5.57263 32.95
      vertex -1.885 -5.80144 32.95
    endloop
  endfacet
  facet normal 0.358358 0.933584 0
    outer loop
      vertex -2.48109 -5.57263 32.95
      vertex -1.885 -5.80144 28
      vertex -2.48109 -5.57263 28
    endloop
  endfacet
  facet normal 0.15643 0.987689 -0
    outer loop
      vertex -0.637623 -6.06658 28
      vertex -1.26826 -5.9667 32.95
      vertex -0.637623 -6.06658 32.95
    endloop
  endfacet
  facet normal 0.15643 0.987689 0
    outer loop
      vertex -1.26826 -5.9667 32.95
      vertex -0.637623 -6.06658 28
      vertex -1.26826 -5.9667 28
    endloop
  endfacet
  facet normal 0.838671 0.544638 0
    outer loop
      vertex -4.935 -3.58549 32.95
      vertex -5.28275 -3.05 28
      vertex -5.28275 -3.05 32.95
    endloop
  endfacet
  facet normal 0.838671 0.544638 0
    outer loop
      vertex -5.28275 -3.05 28
      vertex -4.935 -3.58549 32.95
      vertex -4.935 -3.58549 28
    endloop
  endfacet
  facet normal 0.965924 0.258826 0
    outer loop
      vertex -5.80144 -1.885 32.95
      vertex -5.9667 -1.26826 28
      vertex -5.9667 -1.26826 32.95
    endloop
  endfacet
  facet normal 0.965924 0.258826 0
    outer loop
      vertex -5.9667 -1.26826 28
      vertex -5.80144 -1.885 32.95
      vertex -5.80144 -1.885 28
    endloop
  endfacet
  facet normal -0.15643 0.987689 0
    outer loop
      vertex 1.26826 -5.9667 28
      vertex 0.637623 -6.06658 32.95
      vertex 1.26826 -5.9667 32.95
    endloop
  endfacet
  facet normal -0.15643 0.987689 0
    outer loop
      vertex 0.637623 -6.06658 32.95
      vertex 1.26826 -5.9667 28
      vertex 0.637623 -6.06658 28
    endloop
  endfacet
  facet normal -0.358358 0.933584 0
    outer loop
      vertex 2.48109 -5.57263 28
      vertex 1.885 -5.80144 32.95
      vertex 2.48109 -5.57263 32.95
    endloop
  endfacet
  facet normal -0.358358 0.933584 0
    outer loop
      vertex 1.885 -5.80144 32.95
      vertex 2.48109 -5.57263 28
      vertex 1.885 -5.80144 28
    endloop
  endfacet
  facet normal -0.707107 0.707107 0
    outer loop
      vertex 4.0817 -4.53318 28
      vertex 4.53318 -4.0817 32.95
      vertex 4.53318 -4.0817 28
    endloop
  endfacet
  facet normal -0.707107 0.707107 0
    outer loop
      vertex 4.53318 -4.0817 32.95
      vertex 4.0817 -4.53318 28
      vertex 4.0817 -4.53318 32.95
    endloop
  endfacet
  facet normal -0.544638 0.838671 0
    outer loop
      vertex 3.58549 -4.935 28
      vertex 3.05 -5.28275 32.95
      vertex 3.58549 -4.935 32.95
    endloop
  endfacet
  facet normal -0.544638 0.838671 0
    outer loop
      vertex 3.05 -5.28275 32.95
      vertex 3.58549 -4.935 28
      vertex 3.05 -5.28275 28
    endloop
  endfacet
  facet normal -0.838671 0.544638 0
    outer loop
      vertex 4.935 -3.58549 28
      vertex 5.28275 -3.05 32.95
      vertex 5.28275 -3.05 28
    endloop
  endfacet
  facet normal -0.838671 0.544638 0
    outer loop
      vertex 5.28275 -3.05 32.95
      vertex 4.935 -3.58549 28
      vertex 4.935 -3.58549 32.95
    endloop
  endfacet
  facet normal -0.987689 0.15643 0
    outer loop
      vertex 5.9667 -1.26826 28
      vertex 6.06658 -0.637623 32.95
      vertex 6.06658 -0.637623 28
    endloop
  endfacet
  facet normal -0.987689 0.15643 0
    outer loop
      vertex 6.06658 -0.637623 32.95
      vertex 5.9667 -1.26826 28
      vertex 5.9667 -1.26826 32.95
    endloop
  endfacet
  facet normal -0.998629 0.0523416 0
    outer loop
      vertex 6.06658 -0.637623 28
      vertex 6.1 0 32.95
      vertex 6.1 0 28
    endloop
  endfacet
  facet normal -0.998629 0.0523416 0
    outer loop
      vertex 6.1 0 32.95
      vertex 6.06658 -0.637623 28
      vertex 6.06658 -0.637623 32.95
    endloop
  endfacet
  facet normal 0.629318 0.777148 -0
    outer loop
      vertex -3.58549 -4.935 28
      vertex -4.0817 -4.53318 32.95
      vertex -3.58549 -4.935 32.95
    endloop
  endfacet
  facet normal 0.629318 0.777148 0
    outer loop
      vertex -4.0817 -4.53318 32.95
      vertex -3.58549 -4.935 28
      vertex -4.0817 -4.53318 28
    endloop
  endfacet
  facet normal 0.453998 0.891003 -0
    outer loop
      vertex -2.48109 -5.57263 28
      vertex -3.05 -5.28275 32.95
      vertex -2.48109 -5.57263 32.95
    endloop
  endfacet
  facet normal 0.453998 0.891003 0
    outer loop
      vertex -3.05 -5.28275 32.95
      vertex -2.48109 -5.57263 28
      vertex -3.05 -5.28275 28
    endloop
  endfacet
  facet normal 0.258826 0.965924 -0
    outer loop
      vertex -1.26826 -5.9667 28
      vertex -1.885 -5.80144 32.95
      vertex -1.26826 -5.9667 32.95
    endloop
  endfacet
  facet normal 0.258826 0.965924 0
    outer loop
      vertex -1.885 -5.80144 32.95
      vertex -1.26826 -5.9667 28
      vertex -1.885 -5.80144 28
    endloop
  endfacet
  facet normal 0.933584 0.358358 0
    outer loop
      vertex -5.57263 -2.48109 32.95
      vertex -5.80144 -1.885 28
      vertex -5.80144 -1.885 32.95
    endloop
  endfacet
  facet normal 0.933584 0.358358 0
    outer loop
      vertex -5.80144 -1.885 28
      vertex -5.57263 -2.48109 32.95
      vertex -5.57263 -2.48109 28
    endloop
  endfacet
  facet normal 0.987689 0.15643 0
    outer loop
      vertex -5.9667 -1.26826 32.95
      vertex -6.06658 -0.637623 28
      vertex -6.06658 -0.637623 32.95
    endloop
  endfacet
  facet normal 0.987689 0.15643 0
    outer loop
      vertex -6.06658 -0.637623 28
      vertex -5.9667 -1.26826 32.95
      vertex -5.9667 -1.26826 28
    endloop
  endfacet
  facet normal -1 0 0
    outer loop
      vertex -26.5 -8.05 8.88178e-16
      vertex -26.5 -7.95 4
      vertex -26.5 -7.95 8.88178e-16
    endloop
  endfacet
  facet normal -1 -0 0
    outer loop
      vertex -26.5 -7.95 4
      vertex -26.5 -8.05 8.88178e-16
      vertex -26.5 -8.05 4
    endloop
  endfacet
  facet normal 0 1 0
    outer loop
      vertex -16.5 -7.95 4
      vertex -16.5 -7.95 3.75
      vertex -24 -7.95 4
    endloop
  endfacet
  facet normal 0 1 -0
    outer loop
      vertex -16.5 -7.95 8.88178e-16
      vertex -24 -7.95 4
      vertex -16.5 -7.95 3.75
    endloop
  endfacet
  facet normal 0 1 0
    outer loop
      vertex -24 -7.95 4
      vertex -16.5 -7.95 8.88178e-16
      vertex -26.5 -7.95 8.88178e-16
    endloop
  endfacet
  facet normal 0 1 0
    outer loop
      vertex -24 -7.95 4
      vertex -26.5 -7.95 8.88178e-16
      vertex -26.5 -7.95 4
    endloop
  endfacet
  facet normal -0 0 1
    outer loop
      vertex -26.5 -8.05 4
      vertex -24 -12 4
      vertex -24 -7.95 4
    endloop
  endfacet
  facet normal 0 0 1
    outer loop
      vertex -24 -12 4
      vertex -24.9808 -26.5658 4
      vertex -24.101 -28.542 4
    endloop
  endfacet
  facet normal 0 0 1
    outer loop
      vertex -24.101 -28.542 4
      vertex -24.9808 -26.5658 4
      vertex -24.3316 -28.2572 4
    endloop
  endfacet
  facet normal 0 0 1
    outer loop
      vertex -24.3316 -28.2572 4
      vertex -24.9808 -26.5658 4
      vertex -24.5311 -27.95 4
    endloop
  endfacet
  facet normal 0 0 1
    outer loop
      vertex -24.5311 -27.95 4
      vertex -24.9808 -26.5658 4
      vertex -24.6974 -27.6236 4
    endloop
  endfacet
  facet normal 0 0 1
    outer loop
      vertex -24.6974 -27.6236 4
      vertex -24.9808 -26.5658 4
      vertex -24.8287 -27.2816 4
    endloop
  endfacet
  facet normal 0 0 1
    outer loop
      vertex -24.8287 -27.2816 4
      vertex -24.9808 -26.5658 4
      vertex -24.9235 -26.9277 4
    endloop
  endfacet
  facet normal 0 0 1
    outer loop
      vertex -26.5 -8.05 4
      vertex -24 -7.95 4
      vertex -26.5 -7.95 4
    endloop
  endfacet
  facet normal 0 0 1
    outer loop
      vertex -24 -12 4
      vertex -26.5 -8.05 4
      vertex -24.9808 -26.5658 4
    endloop
  endfacet
  facet normal -0 0 1
    outer loop
      vertex -20.2367 -25.0625 4
      vertex -18.0192 -26.5658 4
      vertex -16.8241 -12 4
    endloop
  endfacet
  facet normal -0 -0 1
    outer loop
      vertex -20.1247 -25.2008 4
      vertex -18.0192 -26.5658 4
      vertex -20.2367 -25.0625 4
    endloop
  endfacet
  facet normal -0 -0 1
    outer loop
      vertex -19.947 -25.5085 4
      vertex -18.0192 -26.5658 4
      vertex -20.0278 -25.35 4
    endloop
  endfacet
  facet normal -0 -0 1
    outer loop
      vertex -19.8372 -25.8465 4
      vertex -18.0192 -26.5658 4
      vertex -19.8832 -25.6747 4
    endloop
  endfacet
  facet normal -0 -0 1
    outer loop
      vertex -19.8 -26.2 4
      vertex -18.0192 -26.5658 4
      vertex -19.8093 -26.0223 4
    endloop
  endfacet
  facet normal 0 0 1
    outer loop
      vertex -18.0192 -26.5658 4
      vertex -19.8093 -26.3777 4
      vertex -18.0765 -26.9277 4
    endloop
  endfacet
  facet normal 0 0 1
    outer loop
      vertex -18.0765 -26.9277 4
      vertex -19.8372 -26.5534 4
      vertex -18.1713 -27.2816 4
    endloop
  endfacet
  facet normal 0 0 1
    outer loop
      vertex -18.1713 -27.2816 4
      vertex -19.8832 -26.7253 4
      vertex -18.3026 -27.6236 4
    endloop
  endfacet
  facet normal -0 0 1
    outer loop
      vertex -19.947 -26.8915 4
      vertex -18.3026 -27.6236 4
      vertex -19.8832 -26.7253 4
    endloop
  endfacet
  facet normal -0 0 1
    outer loop
      vertex -20.0278 -27.05 4
      vertex -18.4689 -27.95 4
      vertex -19.947 -26.8915 4
    endloop
  endfacet
  facet normal 0 0 1
    outer loop
      vertex -18.3026 -27.6236 4
      vertex -19.947 -26.8915 4
      vertex -18.4689 -27.95 4
    endloop
  endfacet
  facet normal -0 0 1
    outer loop
      vertex -19.8832 -26.7253 4
      vertex -18.1713 -27.2816 4
      vertex -19.8372 -26.5534 4
    endloop
  endfacet
  facet normal -0 0 1
    outer loop
      vertex -19.8372 -26.5534 4
      vertex -18.0765 -26.9277 4
      vertex -19.8093 -26.3777 4
    endloop
  endfacet
  facet normal -0 0 1
    outer loop
      vertex -19.8093 -26.3777 4
      vertex -18.0192 -26.5658 4
      vertex -19.8 -26.2 4
    endloop
  endfacet
  facet normal -0 -0 1
    outer loop
      vertex -19.8093 -26.0223 4
      vertex -18.0192 -26.5658 4
      vertex -19.8372 -25.8465 4
    endloop
  endfacet
  facet normal -0 -0 1
    outer loop
      vertex -19.8832 -25.6747 4
      vertex -18.0192 -26.5658 4
      vertex -19.947 -25.5085 4
    endloop
  endfacet
  facet normal -0 -0 1
    outer loop
      vertex -20.0278 -25.35 4
      vertex -18.0192 -26.5658 4
      vertex -20.1247 -25.2008 4
    endloop
  endfacet
  facet normal 0 0 1
    outer loop
      vertex -16.8241 -12 4
      vertex -20.3625 -24.9367 4
      vertex -20.2367 -25.0625 4
    endloop
  endfacet
  facet normal 0 0 1
    outer loop
      vertex -16.8241 -12 4
      vertex -20.5008 -24.8247 4
      vertex -20.3625 -24.9367 4
    endloop
  endfacet
  facet normal 0 0 1
    outer loop
      vertex -16.8241 -12 4
      vertex -20.65 -24.7278 4
      vertex -20.5008 -24.8247 4
    endloop
  endfacet
  facet normal 0 0 1
    outer loop
      vertex -16.8241 -12 4
      vertex -20.8085 -24.647 4
      vertex -20.65 -24.7278 4
    endloop
  endfacet
  facet normal 0 0 1
    outer loop
      vertex -16.8241 -12 4
      vertex -20.9747 -24.5832 4
      vertex -20.8085 -24.647 4
    endloop
  endfacet
  facet normal 0 0 1
    outer loop
      vertex -16.8241 -12 4
      vertex -21.1465 -24.5371 4
      vertex -20.9747 -24.5832 4
    endloop
  endfacet
  facet normal 0 0 1
    outer loop
      vertex -16.8241 -12 4
      vertex -21.3223 -24.5093 4
      vertex -21.1465 -24.5371 4
    endloop
  endfacet
  facet normal -0 0 1
    outer loop
      vertex -24 -12 4
      vertex -21.3223 -24.5093 4
      vertex -16.8241 -12 4
    endloop
  endfacet
  facet normal 0 0 1
    outer loop
      vertex -21.3223 -24.5093 4
      vertex -24 -12 4
      vertex -21.5 -24.5 4
    endloop
  endfacet
  facet normal 0 0 1
    outer loop
      vertex -21.5 -24.5 4
      vertex -24 -12 4
      vertex -21.6777 -24.5093 4
    endloop
  endfacet
  facet normal 0 0 1
    outer loop
      vertex -21.6777 -24.5093 4
      vertex -24 -12 4
      vertex -21.8535 -24.5371 4
    endloop
  endfacet
  facet normal 0 0 1
    outer loop
      vertex -21.8535 -24.5371 4
      vertex -24 -12 4
      vertex -22.0253 -24.5832 4
    endloop
  endfacet
  facet normal 0 0 1
    outer loop
      vertex -22.0253 -24.5832 4
      vertex -24 -12 4
      vertex -22.1915 -24.647 4
    endloop
  endfacet
  facet normal 0 0 1
    outer loop
      vertex -22.1915 -24.647 4
      vertex -24 -12 4
      vertex -22.35 -24.7278 4
    endloop
  endfacet
  facet normal 0 0 1
    outer loop
      vertex -22.35 -24.7278 4
      vertex -24 -12 4
      vertex -22.4992 -24.8247 4
    endloop
  endfacet
  facet normal 0 0 1
    outer loop
      vertex -22.4992 -24.8247 4
      vertex -24 -12 4
      vertex -22.6375 -24.9367 4
    endloop
  endfacet
  facet normal 0 0 1
    outer loop
      vertex -22.6375 -24.9367 4
      vertex -24 -12 4
      vertex -22.7633 -25.0625 4
    endloop
  endfacet
  facet normal 0 0 1
    outer loop
      vertex -22.7633 -25.0625 4
      vertex -24 -12 4
      vertex -22.8753 -25.2008 4
    endloop
  endfacet
  facet normal 0 0 1
    outer loop
      vertex -22.8753 -25.2008 4
      vertex -24 -12 4
      vertex -22.9722 -25.35 4
    endloop
  endfacet
  facet normal 0 0 1
    outer loop
      vertex -22.4992 -27.5753 4
      vertex -23.5572 -29.0316 4
      vertex -23.25 -29.2311 4
    endloop
  endfacet
  facet normal 0 0 1
    outer loop
      vertex -24.101 -28.542 4
      vertex -23.2 -26.2 4
      vertex -23.1907 -26.0223 4
    endloop
  endfacet
  facet normal 0 0 1
    outer loop
      vertex -23.1907 -26.3777 4
      vertex -23.842 -28.801 4
      vertex -23.5572 -29.0316 4
    endloop
  endfacet
  facet normal 0 0 1
    outer loop
      vertex -24.101 -28.542 4
      vertex -23.1907 -26.0223 4
      vertex -23.1628 -25.8465 4
    endloop
  endfacet
  facet normal 0 0 1
    outer loop
      vertex -22.9722 -25.35 4
      vertex -24 -12 4
      vertex -23.053 -25.5085 4
    endloop
  endfacet
  facet normal 0 0 1
    outer loop
      vertex -24 -12 4
      vertex -23.1168 -25.6747 4
      vertex -23.053 -25.5085 4
    endloop
  endfacet
  facet normal 0 0 1
    outer loop
      vertex -24 -12 4
      vertex -23.1628 -25.8465 4
      vertex -23.1168 -25.6747 4
    endloop
  endfacet
  facet normal 0 0 1
    outer loop
      vertex -24.101 -28.542 4
      vertex -23.1628 -25.8465 4
      vertex -24 -12 4
    endloop
  endfacet
  facet normal 0 0 1
    outer loop
      vertex -23.1907 -26.3777 4
      vertex -24.101 -28.542 4
      vertex -23.842 -28.801 4
    endloop
  endfacet
  facet normal 0 0 1
    outer loop
      vertex -18.4689 -27.95 4
      vertex -20.0278 -27.05 4
      vertex -18.6684 -28.2572 4
    endloop
  endfacet
  facet normal -0 0 1
    outer loop
      vertex -20.1247 -27.1992 4
      vertex -18.6684 -28.2572 4
      vertex -20.0278 -27.05 4
    endloop
  endfacet
  facet normal 0 0 1
    outer loop
      vertex -18.6684 -28.2572 4
      vertex -20.1247 -27.1992 4
      vertex -18.899 -28.542 4
    endloop
  endfacet
  facet normal -0 0 1
    outer loop
      vertex -20.2367 -27.3375 4
      vertex -18.899 -28.542 4
      vertex -20.1247 -27.1992 4
    endloop
  endfacet
  facet normal 0 0 1
    outer loop
      vertex -18.899 -28.542 4
      vertex -20.2367 -27.3375 4
      vertex -19.158 -28.801 4
    endloop
  endfacet
  facet normal -0 0 1
    outer loop
      vertex -20.3625 -27.4633 4
      vertex -19.158 -28.801 4
      vertex -20.2367 -27.3375 4
    endloop
  endfacet
  facet normal 0 0 1
    outer loop
      vertex -19.158 -28.801 4
      vertex -20.3625 -27.4633 4
      vertex -19.4428 -29.0316 4
    endloop
  endfacet
  facet normal -0 0 1
    outer loop
      vertex -20.5008 -27.5753 4
      vertex -19.4428 -29.0316 4
      vertex -20.3625 -27.4633 4
    endloop
  endfacet
  facet normal 0 0 1
    outer loop
      vertex -19.4428 -29.0316 4
      vertex -20.5008 -27.5753 4
      vertex -19.75 -29.2311 4
    endloop
  endfacet
  facet normal -0 0 1
    outer loop
      vertex -20.65 -27.6722 4
      vertex -19.75 -29.2311 4
      vertex -20.5008 -27.5753 4
    endloop
  endfacet
  facet normal 0 0 1
    outer loop
      vertex -19.75 -29.2311 4
      vertex -20.65 -27.6722 4
      vertex -20.0764 -29.3974 4
    endloop
  endfacet
  facet normal -0 0 1
    outer loop
      vertex -20.8085 -27.753 4
      vertex -20.0764 -29.3974 4
      vertex -20.65 -27.6722 4
    endloop
  endfacet
  facet normal 0 0 1
    outer loop
      vertex -20.0764 -29.3974 4
      vertex -20.8085 -27.753 4
      vertex -20.4184 -29.5287 4
    endloop
  endfacet
  facet normal -0 0 1
    outer loop
      vertex -20.9747 -27.8168 4
      vertex -20.4184 -29.5287 4
      vertex -20.8085 -27.753 4
    endloop
  endfacet
  facet normal 0 0 1
    outer loop
      vertex -20.4184 -29.5287 4
      vertex -20.9747 -27.8168 4
      vertex -20.7723 -29.6235 4
    endloop
  endfacet
  facet normal -0 0 1
    outer loop
      vertex -21.1465 -27.8629 4
      vertex -20.7723 -29.6235 4
      vertex -20.9747 -27.8168 4
    endloop
  endfacet
  facet normal 0 0 1
    outer loop
      vertex -20.7723 -29.6235 4
      vertex -21.1465 -27.8629 4
      vertex -21.1342 -29.6808 4
    endloop
  endfacet
  facet normal -0 0 1
    outer loop
      vertex -21.3223 -27.8907 4
      vertex -21.1342 -29.6808 4
      vertex -21.1465 -27.8629 4
    endloop
  endfacet
  facet normal -0 0 1
    outer loop
      vertex -21.5 -27.9 4
      vertex -21.1342 -29.6808 4
      vertex -21.3223 -27.8907 4
    endloop
  endfacet
  facet normal 0 0 1
    outer loop
      vertex -21.5 -27.9 4
      vertex -21.5 -29.7 4
      vertex -21.1342 -29.6808 4
    endloop
  endfacet
  facet normal 0 0 1
    outer loop
      vertex -21.6777 -27.8907 4
      vertex -21.5 -29.7 4
      vertex -21.5 -27.9 4
    endloop
  endfacet
  facet normal 0 0 1
    outer loop
      vertex -21.8658 -29.6808 4
      vertex -21.6777 -27.8907 4
      vertex -21.8535 -27.8629 4
    endloop
  endfacet
  facet normal 0 0 1
    outer loop
      vertex -21.6777 -27.8907 4
      vertex -21.8658 -29.6808 4
      vertex -21.5 -29.7 4
    endloop
  endfacet
  facet normal 0 0 1
    outer loop
      vertex -22.2277 -29.6235 4
      vertex -21.8535 -27.8629 4
      vertex -22.0253 -27.8168 4
    endloop
  endfacet
  facet normal 0 0 1
    outer loop
      vertex -22.5816 -29.5287 4
      vertex -22.0253 -27.8168 4
      vertex -22.1915 -27.753 4
    endloop
  endfacet
  facet normal 0 0 1
    outer loop
      vertex -21.8535 -27.8629 4
      vertex -22.2277 -29.6235 4
      vertex -21.8658 -29.6808 4
    endloop
  endfacet
  facet normal 0 0 1
    outer loop
      vertex -22.9236 -29.3974 4
      vertex -22.1915 -27.753 4
      vertex -22.35 -27.6722 4
    endloop
  endfacet
  facet normal 0 0 1
    outer loop
      vertex -23.25 -29.2311 4
      vertex -22.35 -27.6722 4
      vertex -22.4992 -27.5753 4
    endloop
  endfacet
  facet normal 0 0 1
    outer loop
      vertex -22.0253 -27.8168 4
      vertex -22.5816 -29.5287 4
      vertex -22.2277 -29.6235 4
    endloop
  endfacet
  facet normal 0 0 1
    outer loop
      vertex -23.5572 -29.0316 4
      vertex -22.4992 -27.5753 4
      vertex -22.6375 -27.4633 4
    endloop
  endfacet
  facet normal 0 0 1
    outer loop
      vertex -23.5572 -29.0316 4
      vertex -22.6375 -27.4633 4
      vertex -22.7633 -27.3375 4
    endloop
  endfacet
  facet normal 0 0 1
    outer loop
      vertex -23.5572 -29.0316 4
      vertex -22.7633 -27.3375 4
      vertex -22.8753 -27.1992 4
    endloop
  endfacet
  facet normal 0 0 1
    outer loop
      vertex -22.1915 -27.753 4
      vertex -22.9236 -29.3974 4
      vertex -22.5816 -29.5287 4
    endloop
  endfacet
  facet normal 0 0 1
    outer loop
      vertex -23.5572 -29.0316 4
      vertex -22.8753 -27.1992 4
      vertex -22.9722 -27.05 4
    endloop
  endfacet
  facet normal 0 0 1
    outer loop
      vertex -23.5572 -29.0316 4
      vertex -22.9722 -27.05 4
      vertex -23.053 -26.8915 4
    endloop
  endfacet
  facet normal 0 0 1
    outer loop
      vertex -23.5572 -29.0316 4
      vertex -23.053 -26.8915 4
      vertex -23.1168 -26.7253 4
    endloop
  endfacet
  facet normal 0 0 1
    outer loop
      vertex -23.5572 -29.0316 4
      vertex -23.1168 -26.7253 4
      vertex -23.1628 -26.5534 4
    endloop
  endfacet
  facet normal 0 0 1
    outer loop
      vertex -23.5572 -29.0316 4
      vertex -23.1628 -26.5534 4
      vertex -23.1907 -26.3777 4
    endloop
  endfacet
  facet normal 0 0 1
    outer loop
      vertex -22.35 -27.6722 4
      vertex -23.25 -29.2311 4
      vertex -22.9236 -29.3974 4
    endloop
  endfacet
  facet normal 0 0 1
    outer loop
      vertex -24.101 -28.542 4
      vertex -23.1907 -26.3777 4
      vertex -23.2 -26.2 4
    endloop
  endfacet
  facet normal 0.996651 -0.0817758 0
    outer loop
      vertex -16.8241 -12 4
      vertex -16.5 -8.05 3.75
      vertex -16.5 -8.05 4
    endloop
  endfacet
  facet normal 0.996651 -0.0817758 0
    outer loop
      vertex -16.5 -8.05 3.75
      vertex -16.8241 -12 4
      vertex -16.5 -8.05 8.88178e-16
    endloop
  endfacet
  facet normal 0.996651 -0.0817736 0
    outer loop
      vertex -18.0192 -26.5658 8.88178e-16
      vertex -16.8241 -12 4
      vertex -18.0192 -26.5658 4
    endloop
  endfacet
  facet normal 0.996651 -0.0817741 1.75988e-06
    outer loop
      vertex -16.8241 -12 4
      vertex -18.0192 -26.5658 8.88178e-16
      vertex -16.5 -8.05 8.88178e-16
    endloop
  endfacet
  facet normal -0.0524155 -0.998625 0
    outer loop
      vertex -21.8658 -29.6808 8.88178e-16
      vertex -21.5 -29.7 4
      vertex -21.8658 -29.6808 4
    endloop
  endfacet
  facet normal -0.0524155 -0.998625 -0
    outer loop
      vertex -21.5 -29.7 4
      vertex -21.8658 -29.6808 8.88178e-16
      vertex -21.5 -29.7 8.88178e-16
    endloop
  endfacet
  facet normal 0.987696 -0.156383 0
    outer loop
      vertex -18.0765 -26.9277 4
      vertex -18.0192 -26.5658 8.88178e-16
      vertex -18.0192 -26.5658 4
    endloop
  endfacet
  facet normal 0.987696 -0.156383 0
    outer loop
      vertex -18.0192 -26.5658 8.88178e-16
      vertex -18.0765 -26.9277 4
      vertex -18.0765 -26.9277 8.88178e-16
    endloop
  endfacet
  facet normal 0 0 -1
    outer loop
      vertex -18.0192 -26.5658 8.88178e-16
      vertex -19.8093 -26.3777 8.88178e-16
      vertex -19.8 -26.2 8.88178e-16
    endloop
  endfacet
  facet normal 0 0 -1
    outer loop
      vertex -19.4428 -29.0316 8.88178e-16
      vertex -19.8372 -26.5534 8.88178e-16
      vertex -19.8093 -26.3777 8.88178e-16
    endloop
  endfacet
  facet normal 0 0 -1
    outer loop
      vertex -19.4428 -29.0316 8.88178e-16
      vertex -19.8832 -26.7253 8.88178e-16
      vertex -19.8372 -26.5534 8.88178e-16
    endloop
  endfacet
  facet normal 0 0 -1
    outer loop
      vertex -19.4428 -29.0316 8.88178e-16
      vertex -19.947 -26.8915 8.88178e-16
      vertex -19.8832 -26.7253 8.88178e-16
    endloop
  endfacet
  facet normal 0 0 -1
    outer loop
      vertex -19.4428 -29.0316 8.88178e-16
      vertex -20.0278 -27.05 8.88178e-16
      vertex -19.947 -26.8915 8.88178e-16
    endloop
  endfacet
  facet normal 0 0 -1
    outer loop
      vertex -20.65 -27.6722 8.88178e-16
      vertex -19.75 -29.2311 8.88178e-16
      vertex -20.0764 -29.3974 8.88178e-16
    endloop
  endfacet
  facet normal 0 0 -1
    outer loop
      vertex -19.4428 -29.0316 8.88178e-16
      vertex -20.1247 -27.1992 8.88178e-16
      vertex -20.0278 -27.05 8.88178e-16
    endloop
  endfacet
  facet normal 0 0 -1
    outer loop
      vertex -19.4428 -29.0316 8.88178e-16
      vertex -20.2367 -27.3375 8.88178e-16
      vertex -20.1247 -27.1992 8.88178e-16
    endloop
  endfacet
  facet normal 0 0 -1
    outer loop
      vertex -19.4428 -29.0316 8.88178e-16
      vertex -20.3625 -27.4633 8.88178e-16
      vertex -20.2367 -27.3375 8.88178e-16
    endloop
  endfacet
  facet normal 0 0 -1
    outer loop
      vertex -20.8085 -27.753 8.88178e-16
      vertex -20.0764 -29.3974 8.88178e-16
      vertex -20.4184 -29.5287 8.88178e-16
    endloop
  endfacet
  facet normal 0 0 -1
    outer loop
      vertex -19.4428 -29.0316 8.88178e-16
      vertex -20.5008 -27.5753 8.88178e-16
      vertex -20.3625 -27.4633 8.88178e-16
    endloop
  endfacet
  facet normal 0 0 -1
    outer loop
      vertex -19.75 -29.2311 8.88178e-16
      vertex -20.65 -27.6722 8.88178e-16
      vertex -20.5008 -27.5753 8.88178e-16
    endloop
  endfacet
  facet normal 0 0 -1
    outer loop
      vertex -20.9747 -27.8168 8.88178e-16
      vertex -20.4184 -29.5287 8.88178e-16
      vertex -20.7723 -29.6235 8.88178e-16
    endloop
  endfacet
  facet normal 0 0 -1
    outer loop
      vertex -20.0764 -29.3974 8.88178e-16
      vertex -20.8085 -27.753 8.88178e-16
      vertex -20.65 -27.6722 8.88178e-16
    endloop
  endfacet
  facet normal 0 0 -1
    outer loop
      vertex -20.4184 -29.5287 8.88178e-16
      vertex -20.9747 -27.8168 8.88178e-16
      vertex -20.8085 -27.753 8.88178e-16
    endloop
  endfacet
  facet normal 0 0 -1
    outer loop
      vertex -21.1465 -27.8629 8.88178e-16
      vertex -20.7723 -29.6235 8.88178e-16
      vertex -21.1342 -29.6808 8.88178e-16
    endloop
  endfacet
  facet normal 0 0 -1
    outer loop
      vertex -20.7723 -29.6235 8.88178e-16
      vertex -21.1465 -27.8629 8.88178e-16
      vertex -20.9747 -27.8168 8.88178e-16
    endloop
  endfacet
  facet normal 0 0 -1
    outer loop
      vertex -21.1342 -29.6808 8.88178e-16
      vertex -21.3223 -27.8907 8.88178e-16
      vertex -21.1465 -27.8629 8.88178e-16
    endloop
  endfacet
  facet normal 0 0 -1
    outer loop
      vertex -21.5 -29.7 8.88178e-16
      vertex -21.3223 -27.8907 8.88178e-16
      vertex -21.1342 -29.6808 8.88178e-16
    endloop
  endfacet
  facet normal 0 0 -1
    outer loop
      vertex -21.5 -29.7 8.88178e-16
      vertex -21.5 -27.9 8.88178e-16
      vertex -21.3223 -27.8907 8.88178e-16
    endloop
  endfacet
  facet normal 0 0 -1
    outer loop
      vertex -21.5 -29.7 8.88178e-16
      vertex -21.6777 -27.8907 8.88178e-16
      vertex -21.5 -27.9 8.88178e-16
    endloop
  endfacet
  facet normal 0 0 -1
    outer loop
      vertex -21.8658 -29.6808 8.88178e-16
      vertex -21.6777 -27.8907 8.88178e-16
      vertex -21.5 -29.7 8.88178e-16
    endloop
  endfacet
  facet normal -0 0 -1
    outer loop
      vertex -21.6777 -27.8907 8.88178e-16
      vertex -21.8658 -29.6808 8.88178e-16
      vertex -21.8535 -27.8629 8.88178e-16
    endloop
  endfacet
  facet normal 0 0 -1
    outer loop
      vertex -22.2277 -29.6235 8.88178e-16
      vertex -21.8535 -27.8629 8.88178e-16
      vertex -21.8658 -29.6808 8.88178e-16
    endloop
  endfacet
  facet normal -0 0 -1
    outer loop
      vertex -21.8535 -27.8629 8.88178e-16
      vertex -22.2277 -29.6235 8.88178e-16
      vertex -22.0253 -27.8168 8.88178e-16
    endloop
  endfacet
  facet normal 0 0 -1
    outer loop
      vertex -22.5816 -29.5287 8.88178e-16
      vertex -22.0253 -27.8168 8.88178e-16
      vertex -22.2277 -29.6235 8.88178e-16
    endloop
  endfacet
  facet normal -0 0 -1
    outer loop
      vertex -22.0253 -27.8168 8.88178e-16
      vertex -22.5816 -29.5287 8.88178e-16
      vertex -22.1915 -27.753 8.88178e-16
    endloop
  endfacet
  facet normal 0 0 -1
    outer loop
      vertex -22.9236 -29.3974 8.88178e-16
      vertex -22.1915 -27.753 8.88178e-16
      vertex -22.5816 -29.5287 8.88178e-16
    endloop
  endfacet
  facet normal -0 0 -1
    outer loop
      vertex -22.1915 -27.753 8.88178e-16
      vertex -22.9236 -29.3974 8.88178e-16
      vertex -22.35 -27.6722 8.88178e-16
    endloop
  endfacet
  facet normal 0 0 -1
    outer loop
      vertex -23.25 -29.2311 8.88178e-16
      vertex -22.35 -27.6722 8.88178e-16
      vertex -22.9236 -29.3974 8.88178e-16
    endloop
  endfacet
  facet normal -0 0 -1
    outer loop
      vertex -22.35 -27.6722 8.88178e-16
      vertex -23.25 -29.2311 8.88178e-16
      vertex -22.4992 -27.5753 8.88178e-16
    endloop
  endfacet
  facet normal 0 0 -1
    outer loop
      vertex -23.5572 -29.0316 8.88178e-16
      vertex -22.4992 -27.5753 8.88178e-16
      vertex -23.25 -29.2311 8.88178e-16
    endloop
  endfacet
  facet normal -0 0 -1
    outer loop
      vertex -22.4992 -27.5753 8.88178e-16
      vertex -23.5572 -29.0316 8.88178e-16
      vertex -22.6375 -27.4633 8.88178e-16
    endloop
  endfacet
  facet normal 0 0 -1
    outer loop
      vertex -23.842 -28.801 8.88178e-16
      vertex -22.6375 -27.4633 8.88178e-16
      vertex -23.5572 -29.0316 8.88178e-16
    endloop
  endfacet
  facet normal -0 0 -1
    outer loop
      vertex -22.6375 -27.4633 8.88178e-16
      vertex -23.842 -28.801 8.88178e-16
      vertex -22.7633 -27.3375 8.88178e-16
    endloop
  endfacet
  facet normal 0 0 -1
    outer loop
      vertex -24.101 -28.542 8.88178e-16
      vertex -22.7633 -27.3375 8.88178e-16
      vertex -23.842 -28.801 8.88178e-16
    endloop
  endfacet
  facet normal -0 0 -1
    outer loop
      vertex -22.7633 -27.3375 8.88178e-16
      vertex -24.101 -28.542 8.88178e-16
      vertex -22.8753 -27.1992 8.88178e-16
    endloop
  endfacet
  facet normal 0 0 -1
    outer loop
      vertex -24.3316 -28.2572 8.88178e-16
      vertex -22.8753 -27.1992 8.88178e-16
      vertex -24.101 -28.542 8.88178e-16
    endloop
  endfacet
  facet normal 0 0 -1
    outer loop
      vertex -24.5311 -27.95 8.88178e-16
      vertex -22.9722 -27.05 8.88178e-16
      vertex -24.3316 -28.2572 8.88178e-16
    endloop
  endfacet
  facet normal -0 0 -1
    outer loop
      vertex -22.8753 -27.1992 8.88178e-16
      vertex -24.3316 -28.2572 8.88178e-16
      vertex -22.9722 -27.05 8.88178e-16
    endloop
  endfacet
  facet normal 0 0 -1
    outer loop
      vertex -20.3625 -24.9367 8.88178e-16
      vertex -16.5 -8.05 8.88178e-16
      vertex -18.0192 -26.5658 8.88178e-16
    endloop
  endfacet
  facet normal 0 0 -1
    outer loop
      vertex -19.8093 -26.3777 8.88178e-16
      vertex -18.0192 -26.5658 8.88178e-16
      vertex -18.0765 -26.9277 8.88178e-16
    endloop
  endfacet
  facet normal 0 0 -1
    outer loop
      vertex -19.8093 -26.3777 8.88178e-16
      vertex -18.0765 -26.9277 8.88178e-16
      vertex -18.1713 -27.2816 8.88178e-16
    endloop
  endfacet
  facet normal 0 0 -1
    outer loop
      vertex -19.8093 -26.3777 8.88178e-16
      vertex -18.1713 -27.2816 8.88178e-16
      vertex -18.3026 -27.6236 8.88178e-16
    endloop
  endfacet
  facet normal 0 0 -1
    outer loop
      vertex -19.8093 -26.3777 8.88178e-16
      vertex -18.3026 -27.6236 8.88178e-16
      vertex -18.4689 -27.95 8.88178e-16
    endloop
  endfacet
  facet normal 0 0 -1
    outer loop
      vertex -19.8093 -26.3777 8.88178e-16
      vertex -18.4689 -27.95 8.88178e-16
      vertex -18.6684 -28.2572 8.88178e-16
    endloop
  endfacet
  facet normal 0 0 -1
    outer loop
      vertex -19.8093 -26.3777 8.88178e-16
      vertex -18.6684 -28.2572 8.88178e-16
      vertex -18.899 -28.542 8.88178e-16
    endloop
  endfacet
  facet normal 0 0 -1
    outer loop
      vertex -19.8093 -26.3777 8.88178e-16
      vertex -18.899 -28.542 8.88178e-16
      vertex -19.158 -28.801 8.88178e-16
    endloop
  endfacet
  facet normal 0 0 -1
    outer loop
      vertex -19.8093 -26.3777 8.88178e-16
      vertex -19.158 -28.801 8.88178e-16
      vertex -19.4428 -29.0316 8.88178e-16
    endloop
  endfacet
  facet normal 0 0 -1
    outer loop
      vertex -20.5008 -27.5753 8.88178e-16
      vertex -19.4428 -29.0316 8.88178e-16
      vertex -19.75 -29.2311 8.88178e-16
    endloop
  endfacet
  facet normal 0 0 -1
    outer loop
      vertex -18.0192 -26.5658 8.88178e-16
      vertex -19.8 -26.2 8.88178e-16
      vertex -19.8093 -26.0223 8.88178e-16
    endloop
  endfacet
  facet normal 0 0 -1
    outer loop
      vertex -18.0192 -26.5658 8.88178e-16
      vertex -19.8093 -26.0223 8.88178e-16
      vertex -19.8372 -25.8465 8.88178e-16
    endloop
  endfacet
  facet normal 0 0 -1
    outer loop
      vertex -18.0192 -26.5658 8.88178e-16
      vertex -19.8372 -25.8465 8.88178e-16
      vertex -19.8832 -25.6747 8.88178e-16
    endloop
  endfacet
  facet normal 0 0 -1
    outer loop
      vertex -18.0192 -26.5658 8.88178e-16
      vertex -19.8832 -25.6747 8.88178e-16
      vertex -19.947 -25.5085 8.88178e-16
    endloop
  endfacet
  facet normal 0 0 -1
    outer loop
      vertex -18.0192 -26.5658 8.88178e-16
      vertex -19.947 -25.5085 8.88178e-16
      vertex -20.0278 -25.35 8.88178e-16
    endloop
  endfacet
  facet normal 0 0 -1
    outer loop
      vertex -18.0192 -26.5658 8.88178e-16
      vertex -20.0278 -25.35 8.88178e-16
      vertex -20.1247 -25.2008 8.88178e-16
    endloop
  endfacet
  facet normal 0 0 -1
    outer loop
      vertex -18.0192 -26.5658 8.88178e-16
      vertex -20.1247 -25.2008 8.88178e-16
      vertex -20.2367 -25.0625 8.88178e-16
    endloop
  endfacet
  facet normal 0 0 -1
    outer loop
      vertex -20.3625 -24.9367 8.88178e-16
      vertex -18.0192 -26.5658 8.88178e-16
      vertex -20.2367 -25.0625 8.88178e-16
    endloop
  endfacet
  facet normal 0 0 -1
    outer loop
      vertex -20.5008 -24.8247 8.88178e-16
      vertex -16.5 -8.05 8.88178e-16
      vertex -20.3625 -24.9367 8.88178e-16
    endloop
  endfacet
  facet normal 0 0 -1
    outer loop
      vertex -20.65 -24.7278 8.88178e-16
      vertex -16.5 -8.05 8.88178e-16
      vertex -20.5008 -24.8247 8.88178e-16
    endloop
  endfacet
  facet normal 0 0 -1
    outer loop
      vertex -20.8085 -24.647 8.88178e-16
      vertex -16.5 -8.05 8.88178e-16
      vertex -20.65 -24.7278 8.88178e-16
    endloop
  endfacet
  facet normal 0 0 -1
    outer loop
      vertex -20.9747 -24.5832 8.88178e-16
      vertex -16.5 -8.05 8.88178e-16
      vertex -20.8085 -24.647 8.88178e-16
    endloop
  endfacet
  facet normal 0 0 -1
    outer loop
      vertex -21.1465 -24.5371 8.88178e-16
      vertex -16.5 -8.05 8.88178e-16
      vertex -20.9747 -24.5832 8.88178e-16
    endloop
  endfacet
  facet normal 0 0 -1
    outer loop
      vertex -21.3223 -24.5093 8.88178e-16
      vertex -16.5 -8.05 8.88178e-16
      vertex -21.1465 -24.5371 8.88178e-16
    endloop
  endfacet
  facet normal 0 0 -1
    outer loop
      vertex -21.5 -24.5 8.88178e-16
      vertex -16.5 -8.05 8.88178e-16
      vertex -21.3223 -24.5093 8.88178e-16
    endloop
  endfacet
  facet normal 0 0 -1
    outer loop
      vertex -26.5 -8.05 8.88178e-16
      vertex -16.5 -8.05 8.88178e-16
      vertex -21.5 -24.5 8.88178e-16
    endloop
  endfacet
  facet normal 0 0 -1
    outer loop
      vertex -26.5 -8.05 8.88178e-16
      vertex -21.5 -24.5 8.88178e-16
      vertex -21.6777 -24.5093 8.88178e-16
    endloop
  endfacet
  facet normal 0 0 -1
    outer loop
      vertex -26.5 -8.05 8.88178e-16
      vertex -21.6777 -24.5093 8.88178e-16
      vertex -21.8535 -24.5371 8.88178e-16
    endloop
  endfacet
  facet normal 0 0 -1
    outer loop
      vertex -26.5 -8.05 8.88178e-16
      vertex -21.8535 -24.5371 8.88178e-16
      vertex -22.0253 -24.5832 8.88178e-16
    endloop
  endfacet
  facet normal 0 0 -1
    outer loop
      vertex -26.5 -8.05 8.88178e-16
      vertex -22.0253 -24.5832 8.88178e-16
      vertex -22.1915 -24.647 8.88178e-16
    endloop
  endfacet
  facet normal 0 0 -1
    outer loop
      vertex -26.5 -8.05 8.88178e-16
      vertex -22.1915 -24.647 8.88178e-16
      vertex -22.35 -24.7278 8.88178e-16
    endloop
  endfacet
  facet normal 0 0 -1
    outer loop
      vertex -26.5 -8.05 8.88178e-16
      vertex -22.35 -24.7278 8.88178e-16
      vertex -22.4992 -24.8247 8.88178e-16
    endloop
  endfacet
  facet normal 0 0 -1
    outer loop
      vertex -26.5 -8.05 8.88178e-16
      vertex -22.4992 -24.8247 8.88178e-16
      vertex -22.6375 -24.9367 8.88178e-16
    endloop
  endfacet
  facet normal 0 0 -1
    outer loop
      vertex -24.9808 -26.5658 8.88178e-16
      vertex -22.6375 -24.9367 8.88178e-16
      vertex -22.7633 -25.0625 8.88178e-16
    endloop
  endfacet
  facet normal 0 0 -1
    outer loop
      vertex -24.9808 -26.5658 8.88178e-16
      vertex -22.7633 -25.0625 8.88178e-16
      vertex -22.8753 -25.2008 8.88178e-16
    endloop
  endfacet
  facet normal 0 0 -1
    outer loop
      vertex -24.9808 -26.5658 8.88178e-16
      vertex -22.8753 -25.2008 8.88178e-16
      vertex -22.9722 -25.35 8.88178e-16
    endloop
  endfacet
  facet normal 0 0 -1
    outer loop
      vertex -24.9808 -26.5658 8.88178e-16
      vertex -22.9722 -25.35 8.88178e-16
      vertex -23.053 -25.5085 8.88178e-16
    endloop
  endfacet
  facet normal 0 0 -1
    outer loop
      vertex -24.9808 -26.5658 8.88178e-16
      vertex -23.053 -25.5085 8.88178e-16
      vertex -23.1168 -25.6747 8.88178e-16
    endloop
  endfacet
  facet normal -0 0 -1
    outer loop
      vertex -22.9722 -27.05 8.88178e-16
      vertex -24.5311 -27.95 8.88178e-16
      vertex -23.053 -26.8915 8.88178e-16
    endloop
  endfacet
  facet normal 0 0 -1
    outer loop
      vertex -24.6974 -27.6236 8.88178e-16
      vertex -23.053 -26.8915 8.88178e-16
      vertex -24.5311 -27.95 8.88178e-16
    endloop
  endfacet
  facet normal -0 0 -1
    outer loop
      vertex -23.053 -26.8915 8.88178e-16
      vertex -24.6974 -27.6236 8.88178e-16
      vertex -23.1168 -26.7253 8.88178e-16
    endloop
  endfacet
  facet normal 0 0 -1
    outer loop
      vertex -24.8287 -27.2816 8.88178e-16
      vertex -23.1168 -26.7253 8.88178e-16
      vertex -24.6974 -27.6236 8.88178e-16
    endloop
  endfacet
  facet normal -0 0 -1
    outer loop
      vertex -23.1168 -26.7253 8.88178e-16
      vertex -24.8287 -27.2816 8.88178e-16
      vertex -23.1628 -26.5534 8.88178e-16
    endloop
  endfacet
  facet normal 0 0 -1
    outer loop
      vertex -24.9235 -26.9277 8.88178e-16
      vertex -23.1628 -26.5534 8.88178e-16
      vertex -24.8287 -27.2816 8.88178e-16
    endloop
  endfacet
  facet normal -0 0 -1
    outer loop
      vertex -23.1628 -26.5534 8.88178e-16
      vertex -24.9235 -26.9277 8.88178e-16
      vertex -23.1907 -26.3777 8.88178e-16
    endloop
  endfacet
  facet normal 0 0 -1
    outer loop
      vertex -24.9808 -26.5658 8.88178e-16
      vertex -23.1907 -26.3777 8.88178e-16
      vertex -24.9235 -26.9277 8.88178e-16
    endloop
  endfacet
  facet normal -0 0 -1
    outer loop
      vertex -23.1907 -26.3777 8.88178e-16
      vertex -24.9808 -26.5658 8.88178e-16
      vertex -23.2 -26.2 8.88178e-16
    endloop
  endfacet
  facet normal -0 0 -1
    outer loop
      vertex -23.2 -26.2 8.88178e-16
      vertex -24.9808 -26.5658 8.88178e-16
      vertex -23.1907 -26.0223 8.88178e-16
    endloop
  endfacet
  facet normal -0 0 -1
    outer loop
      vertex -23.1907 -26.0223 8.88178e-16
      vertex -24.9808 -26.5658 8.88178e-16
      vertex -23.1628 -25.8465 8.88178e-16
    endloop
  endfacet
  facet normal -0 0 -1
    outer loop
      vertex -23.1628 -25.8465 8.88178e-16
      vertex -24.9808 -26.5658 8.88178e-16
      vertex -23.1168 -25.6747 8.88178e-16
    endloop
  endfacet
  facet normal -0 0 -1
    outer loop
      vertex -22.6375 -24.9367 8.88178e-16
      vertex -24.9808 -26.5658 8.88178e-16
      vertex -26.5 -8.05 8.88178e-16
    endloop
  endfacet
  facet normal 0 0 -1
    outer loop
      vertex -16.5 -8.05 8.88178e-16
      vertex -26.5 -8.05 8.88178e-16
      vertex -16.5 -7.95 8.88178e-16
    endloop
  endfacet
  facet normal -0 0 -1
    outer loop
      vertex -16.5 -7.95 8.88178e-16
      vertex -26.5 -8.05 8.88178e-16
      vertex -26.5 -7.95 8.88178e-16
    endloop
  endfacet
  facet normal -0.996651 -0.0817741 0
    outer loop
      vertex -24.9808 -26.5658 8.88178e-16
      vertex -26.5 -8.05 4
      vertex -26.5 -8.05 8.88178e-16
    endloop
  endfacet
  facet normal -0.996651 -0.0817741 0
    outer loop
      vertex -26.5 -8.05 4
      vertex -24.9808 -26.5658 8.88178e-16
      vertex -24.9808 -26.5658 4
    endloop
  endfacet
  facet normal -0.987696 -0.156383 0
    outer loop
      vertex -24.9235 -26.9277 8.88178e-16
      vertex -24.9808 -26.5658 4
      vertex -24.9808 -26.5658 8.88178e-16
    endloop
  endfacet
  facet normal -0.987696 -0.156383 0
    outer loop
      vertex -24.9808 -26.5658 4
      vertex -24.9235 -26.9277 8.88178e-16
      vertex -24.9235 -26.9277 4
    endloop
  endfacet
  facet normal 0.891017 -0.453971 0
    outer loop
      vertex -18.4689 -27.95 4
      vertex -18.3026 -27.6236 8.88178e-16
      vertex -18.3026 -27.6236 4
    endloop
  endfacet
  facet normal 0.891017 -0.453971 0
    outer loop
      vertex -18.3026 -27.6236 8.88178e-16
      vertex -18.4689 -27.95 4
      vertex -18.4689 -27.95 8.88178e-16
    endloop
  endfacet
  facet normal -0.629277 -0.777181 0
    outer loop
      vertex -23.842 -28.801 8.88178e-16
      vertex -23.5572 -29.0316 4
      vertex -23.842 -28.801 4
    endloop
  endfacet
  facet normal -0.629277 -0.777181 -0
    outer loop
      vertex -23.5572 -29.0316 4
      vertex -23.842 -28.801 8.88178e-16
      vertex -23.5572 -29.0316 8.88178e-16
    endloop
  endfacet
  facet normal -0.891017 -0.453971 0
    outer loop
      vertex -24.5311 -27.95 8.88178e-16
      vertex -24.6974 -27.6236 4
      vertex -24.6974 -27.6236 8.88178e-16
    endloop
  endfacet
  facet normal -0.891017 -0.453971 0
    outer loop
      vertex -24.6974 -27.6236 4
      vertex -24.5311 -27.95 8.88178e-16
      vertex -24.5311 -27.95 4
    endloop
  endfacet
  facet normal 0.707107 -0.707107 0
    outer loop
      vertex -19.158 -28.801 4
      vertex -18.899 -28.542 8.88178e-16
      vertex -18.899 -28.542 4
    endloop
  endfacet
  facet normal 0.707107 -0.707107 0
    outer loop
      vertex -18.899 -28.542 8.88178e-16
      vertex -19.158 -28.801 4
      vertex -19.158 -28.801 8.88178e-16
    endloop
  endfacet
  facet normal 0.933564 -0.358412 0
    outer loop
      vertex -18.3026 -27.6236 4
      vertex -18.1713 -27.2816 8.88178e-16
      vertex -18.1713 -27.2816 4
    endloop
  endfacet
  facet normal 0.933564 -0.358412 0
    outer loop
      vertex -18.1713 -27.2816 8.88178e-16
      vertex -18.3026 -27.6236 4
      vertex -18.3026 -27.6236 8.88178e-16
    endloop
  endfacet
  facet normal -0.25875 -0.965944 0
    outer loop
      vertex -22.5816 -29.5287 8.88178e-16
      vertex -22.2277 -29.6235 4
      vertex -22.5816 -29.5287 4
    endloop
  endfacet
  facet normal -0.25875 -0.965944 -0
    outer loop
      vertex -22.2277 -29.6235 4
      vertex -22.5816 -29.5287 8.88178e-16
      vertex -22.2277 -29.6235 8.88178e-16
    endloop
  endfacet
  facet normal -0.156383 -0.987696 0
    outer loop
      vertex -22.2277 -29.6235 8.88178e-16
      vertex -21.8658 -29.6808 4
      vertex -22.2277 -29.6235 4
    endloop
  endfacet
  facet normal -0.156383 -0.987696 -0
    outer loop
      vertex -21.8658 -29.6808 4
      vertex -22.2277 -29.6235 8.88178e-16
      vertex -21.8658 -29.6808 8.88178e-16
    endloop
  endfacet
  facet normal -0.838668 -0.544643 0
    outer loop
      vertex -24.3316 -28.2572 8.88178e-16
      vertex -24.5311 -27.95 4
      vertex -24.5311 -27.95 8.88178e-16
    endloop
  endfacet
  facet normal -0.838668 -0.544643 0
    outer loop
      vertex -24.5311 -27.95 4
      vertex -24.3316 -28.2572 8.88178e-16
      vertex -24.3316 -28.2572 4
    endloop
  endfacet
  facet normal -0.707107 -0.707107 0
    outer loop
      vertex -23.842 -28.801 8.88178e-16
      vertex -24.101 -28.542 4
      vertex -24.101 -28.542 8.88178e-16
    endloop
  endfacet
  facet normal -0.707107 -0.707107 0
    outer loop
      vertex -24.101 -28.542 4
      vertex -23.842 -28.801 8.88178e-16
      vertex -23.842 -28.801 4
    endloop
  endfacet
  facet normal 1 -0 0
    outer loop
      vertex -16.5 -8.05 3.75
      vertex -16.5 -7.95 8.88178e-16
      vertex -16.5 -7.95 3.75
    endloop
  endfacet
  facet normal 1 0 0
    outer loop
      vertex -16.5 -7.95 8.88178e-16
      vertex -16.5 -8.05 3.75
      vertex -16.5 -8.05 8.88178e-16
    endloop
  endfacet
  facet normal 1 -0 0
    outer loop
      vertex -16.5 -12 18
      vertex -16.5 -5.15 16.15
      vertex -16.5 -5.15 18
    endloop
  endfacet
  facet normal 1 0 0
    outer loop
      vertex -16.5 -5.15 16.15
      vertex -16.5 -12 18
      vertex -16.5 -5.15 5.85
    endloop
  endfacet
  facet normal 1 0 0
    outer loop
      vertex -16.5 -5.15 5.85
      vertex -16.5 -7.95 4
      vertex -16.5 -5.15 4
    endloop
  endfacet
  facet normal 1 0 0
    outer loop
      vertex -16.5 -7.95 4
      vertex -16.5 -8.05 4
      vertex -16.5 -7.95 3.75
    endloop
  endfacet
  facet normal 1 0 0
    outer loop
      vertex -16.5 -5.15 5.85
      vertex -16.5 -8.05 4
      vertex -16.5 -7.95 4
    endloop
  endfacet
  facet normal 1 0 0
    outer loop
      vertex -16.5 -12 4
      vertex -16.5 -5.15 5.85
      vertex -16.5 -12 18
    endloop
  endfacet
  facet normal 1 0 0
    outer loop
      vertex -16.5 -5.15 5.85
      vertex -16.5 -12 4
      vertex -16.5 -8.05 4
    endloop
  endfacet
  facet normal 1 0 0
    outer loop
      vertex -16.5 -7.95 3.75
      vertex -16.5 -8.05 4
      vertex -16.5 -8.05 3.75
    endloop
  endfacet
  facet normal -0.965944 -0.25875 0
    outer loop
      vertex -24.8287 -27.2816 8.88178e-16
      vertex -24.9235 -26.9277 4
      vertex -24.9235 -26.9277 8.88178e-16
    endloop
  endfacet
  facet normal -0.965944 -0.25875 0
    outer loop
      vertex -24.9235 -26.9277 4
      vertex -24.8287 -27.2816 8.88178e-16
      vertex -24.8287 -27.2816 4
    endloop
  endfacet
  facet normal 0.0524155 -0.998625 0
    outer loop
      vertex -21.5 -29.7 8.88178e-16
      vertex -21.1342 -29.6808 4
      vertex -21.5 -29.7 4
    endloop
  endfacet
  facet normal 0.0524155 -0.998625 0
    outer loop
      vertex -21.1342 -29.6808 4
      vertex -21.5 -29.7 8.88178e-16
      vertex -21.1342 -29.6808 8.88178e-16
    endloop
  endfacet
  facet normal 0.25875 -0.965944 0
    outer loop
      vertex -20.7723 -29.6235 8.88178e-16
      vertex -20.4184 -29.5287 4
      vertex -20.7723 -29.6235 4
    endloop
  endfacet
  facet normal 0.25875 -0.965944 0
    outer loop
      vertex -20.4184 -29.5287 4
      vertex -20.7723 -29.6235 8.88178e-16
      vertex -20.4184 -29.5287 8.88178e-16
    endloop
  endfacet
  facet normal 0.629277 -0.777181 0
    outer loop
      vertex -19.4428 -29.0316 8.88178e-16
      vertex -19.158 -28.801 4
      vertex -19.4428 -29.0316 4
    endloop
  endfacet
  facet normal 0.629277 -0.777181 0
    outer loop
      vertex -19.158 -28.801 4
      vertex -19.4428 -29.0316 8.88178e-16
      vertex -19.158 -28.801 8.88178e-16
    endloop
  endfacet
  facet normal 0.838668 -0.544643 0
    outer loop
      vertex -18.6684 -28.2572 4
      vertex -18.4689 -27.95 8.88178e-16
      vertex -18.4689 -27.95 4
    endloop
  endfacet
  facet normal 0.838668 -0.544643 0
    outer loop
      vertex -18.4689 -27.95 8.88178e-16
      vertex -18.6684 -28.2572 4
      vertex -18.6684 -28.2572 8.88178e-16
    endloop
  endfacet
  facet normal 0.777181 -0.629277 0
    outer loop
      vertex -18.899 -28.542 4
      vertex -18.6684 -28.2572 8.88178e-16
      vertex -18.6684 -28.2572 4
    endloop
  endfacet
  facet normal 0.777181 -0.629277 0
    outer loop
      vertex -18.6684 -28.2572 8.88178e-16
      vertex -18.899 -28.542 4
      vertex -18.899 -28.542 8.88178e-16
    endloop
  endfacet
  facet normal -0.544643 -0.838668 0
    outer loop
      vertex -23.5572 -29.0316 8.88178e-16
      vertex -23.25 -29.2311 4
      vertex -23.5572 -29.0316 4
    endloop
  endfacet
  facet normal -0.544643 -0.838668 -0
    outer loop
      vertex -23.25 -29.2311 4
      vertex -23.5572 -29.0316 8.88178e-16
      vertex -23.25 -29.2311 8.88178e-16
    endloop
  endfacet
  facet normal -0.933564 -0.358412 0
    outer loop
      vertex -24.6974 -27.6236 8.88178e-16
      vertex -24.8287 -27.2816 4
      vertex -24.8287 -27.2816 8.88178e-16
    endloop
  endfacet
  facet normal -0.933564 -0.358412 0
    outer loop
      vertex -24.8287 -27.2816 4
      vertex -24.6974 -27.6236 8.88178e-16
      vertex -24.6974 -27.6236 4
    endloop
  endfacet
  facet normal 0.156383 -0.987696 0
    outer loop
      vertex -21.1342 -29.6808 8.88178e-16
      vertex -20.7723 -29.6235 4
      vertex -21.1342 -29.6808 4
    endloop
  endfacet
  facet normal 0.156383 -0.987696 0
    outer loop
      vertex -20.7723 -29.6235 4
      vertex -21.1342 -29.6808 8.88178e-16
      vertex -20.7723 -29.6235 8.88178e-16
    endloop
  endfacet
  facet normal 0.544643 -0.838668 0
    outer loop
      vertex -19.75 -29.2311 8.88178e-16
      vertex -19.4428 -29.0316 4
      vertex -19.75 -29.2311 4
    endloop
  endfacet
  facet normal 0.544643 -0.838668 0
    outer loop
      vertex -19.4428 -29.0316 4
      vertex -19.75 -29.2311 8.88178e-16
      vertex -19.4428 -29.0316 8.88178e-16
    endloop
  endfacet
  facet normal 0.453971 -0.891017 0
    outer loop
      vertex -20.0764 -29.3974 8.88178e-16
      vertex -19.75 -29.2311 4
      vertex -20.0764 -29.3974 4
    endloop
  endfacet
  facet normal 0.453971 -0.891017 0
    outer loop
      vertex -19.75 -29.2311 4
      vertex -20.0764 -29.3974 8.88178e-16
      vertex -19.75 -29.2311 8.88178e-16
    endloop
  endfacet
  facet normal 0.358412 -0.933564 0
    outer loop
      vertex -20.4184 -29.5287 8.88178e-16
      vertex -20.0764 -29.3974 4
      vertex -20.4184 -29.5287 4
    endloop
  endfacet
  facet normal 0.358412 -0.933564 0
    outer loop
      vertex -20.0764 -29.3974 4
      vertex -20.4184 -29.5287 8.88178e-16
      vertex -20.0764 -29.3974 8.88178e-16
    endloop
  endfacet
  facet normal 0.965944 -0.25875 0
    outer loop
      vertex -18.1713 -27.2816 4
      vertex -18.0765 -26.9277 8.88178e-16
      vertex -18.0765 -26.9277 4
    endloop
  endfacet
  facet normal 0.965944 -0.25875 0
    outer loop
      vertex -18.0765 -26.9277 8.88178e-16
      vertex -18.1713 -27.2816 4
      vertex -18.1713 -27.2816 8.88178e-16
    endloop
  endfacet
  facet normal -0.453971 -0.891017 0
    outer loop
      vertex -23.25 -29.2311 8.88178e-16
      vertex -22.9236 -29.3974 4
      vertex -23.25 -29.2311 4
    endloop
  endfacet
  facet normal -0.453971 -0.891017 -0
    outer loop
      vertex -22.9236 -29.3974 4
      vertex -23.25 -29.2311 8.88178e-16
      vertex -22.9236 -29.3974 8.88178e-16
    endloop
  endfacet
  facet normal -0.777181 -0.629277 0
    outer loop
      vertex -24.101 -28.542 8.88178e-16
      vertex -24.3316 -28.2572 4
      vertex -24.3316 -28.2572 8.88178e-16
    endloop
  endfacet
  facet normal -0.777181 -0.629277 0
    outer loop
      vertex -24.3316 -28.2572 4
      vertex -24.101 -28.542 8.88178e-16
      vertex -24.101 -28.542 4
    endloop
  endfacet
  facet normal -0.358412 -0.933564 0
    outer loop
      vertex -22.9236 -29.3974 8.88178e-16
      vertex -22.5816 -29.5287 4
      vertex -22.9236 -29.3974 4
    endloop
  endfacet
  facet normal -0.358412 -0.933564 -0
    outer loop
      vertex -22.5816 -29.5287 4
      vertex -22.9236 -29.3974 8.88178e-16
      vertex -22.5816 -29.5287 8.88178e-16
    endloop
  endfacet
  facet normal -0.998633 -0.0522639 0
    outer loop
      vertex -19.8 -26.2 8.88178e-16
      vertex -19.8093 -26.0223 4
      vertex -19.8093 -26.0223 8.88178e-16
    endloop
  endfacet
  facet normal -0.998633 -0.0522639 0
    outer loop
      vertex -19.8093 -26.0223 4
      vertex -19.8 -26.2 8.88178e-16
      vertex -19.8 -26.2 4
    endloop
  endfacet
  facet normal 0.998633 -0.0522639 0
    outer loop
      vertex -23.2 -26.2 4
      vertex -23.1907 -26.0223 8.88178e-16
      vertex -23.1907 -26.0223 4
    endloop
  endfacet
  facet normal 0.998633 -0.0522639 0
    outer loop
      vertex -23.1907 -26.0223 8.88178e-16
      vertex -23.2 -26.2 4
      vertex -23.2 -26.2 8.88178e-16
    endloop
  endfacet
  facet normal 0.0522639 -0.998633 0
    outer loop
      vertex -21.6777 -24.5093 8.88178e-16
      vertex -21.5 -24.5 4
      vertex -21.6777 -24.5093 4
    endloop
  endfacet
  facet normal 0.0522639 -0.998633 0
    outer loop
      vertex -21.5 -24.5 4
      vertex -21.6777 -24.5093 8.88178e-16
      vertex -21.5 -24.5 8.88178e-16
    endloop
  endfacet
  facet normal -0.707107 -0.707107 0
    outer loop
      vertex -20.2367 -25.0625 8.88178e-16
      vertex -20.3625 -24.9367 4
      vertex -20.3625 -24.9367 8.88178e-16
    endloop
  endfacet
  facet normal -0.707107 -0.707107 0
    outer loop
      vertex -20.3625 -24.9367 4
      vertex -20.2367 -25.0625 8.88178e-16
      vertex -20.2367 -25.0625 4
    endloop
  endfacet
  facet normal 0.707107 -0.707107 0
    outer loop
      vertex -22.7633 -25.0625 4
      vertex -22.6375 -24.9367 8.88178e-16
      vertex -22.6375 -24.9367 4
    endloop
  endfacet
  facet normal 0.707107 -0.707107 0
    outer loop
      vertex -22.6375 -24.9367 8.88178e-16
      vertex -22.7633 -25.0625 4
      vertex -22.7633 -25.0625 8.88178e-16
    endloop
  endfacet
  facet normal 0.45417 -0.890915 0
    outer loop
      vertex -22.35 -24.7278 8.88178e-16
      vertex -22.1915 -24.647 4
      vertex -22.35 -24.7278 4
    endloop
  endfacet
  facet normal 0.45417 -0.890915 0
    outer loop
      vertex -22.1915 -24.647 4
      vertex -22.35 -24.7278 8.88178e-16
      vertex -22.1915 -24.647 8.88178e-16
    endloop
  endfacet
  facet normal -0.777127 0.629344 0
    outer loop
      vertex -20.2367 -27.3375 8.88178e-16
      vertex -20.1247 -27.1992 4
      vertex -20.1247 -27.1992 8.88178e-16
    endloop
  endfacet
  facet normal -0.777127 0.629344 0
    outer loop
      vertex -20.1247 -27.1992 4
      vertex -20.2367 -27.3375 8.88178e-16
      vertex -20.2367 -27.3375 4
    endloop
  endfacet
  facet normal -0.933577 -0.358377 0
    outer loop
      vertex -19.8832 -25.6747 8.88178e-16
      vertex -19.947 -25.5085 4
      vertex -19.947 -25.5085 8.88178e-16
    endloop
  endfacet
  facet normal -0.933577 -0.358377 0
    outer loop
      vertex -19.947 -25.5085 4
      vertex -19.8832 -25.6747 8.88178e-16
      vertex -19.8832 -25.6747 4
    endloop
  endfacet
  facet normal -0.358377 -0.933577 0
    outer loop
      vertex -20.9747 -24.5832 8.88178e-16
      vertex -20.8085 -24.647 4
      vertex -20.9747 -24.5832 4
    endloop
  endfacet
  facet normal -0.358377 -0.933577 -0
    outer loop
      vertex -20.8085 -24.647 4
      vertex -20.9747 -24.5832 8.88178e-16
      vertex -20.8085 -24.647 8.88178e-16
    endloop
  endfacet
  facet normal 0.838649 -0.544672 0
    outer loop
      vertex -22.9722 -25.35 4
      vertex -22.8753 -25.2008 8.88178e-16
      vertex -22.8753 -25.2008 4
    endloop
  endfacet
  facet normal 0.838649 -0.544672 0
    outer loop
      vertex -22.8753 -25.2008 8.88178e-16
      vertex -22.9722 -25.35 4
      vertex -22.9722 -25.35 8.88178e-16
    endloop
  endfacet
  facet normal 0.777127 -0.629344 0
    outer loop
      vertex -22.8753 -25.2008 4
      vertex -22.7633 -25.0625 8.88178e-16
      vertex -22.7633 -25.0625 4
    endloop
  endfacet
  facet normal 0.777127 -0.629344 0
    outer loop
      vertex -22.7633 -25.0625 8.88178e-16
      vertex -22.8753 -25.2008 4
      vertex -22.8753 -25.2008 8.88178e-16
    endloop
  endfacet
  facet normal 0.629344 -0.777127 0
    outer loop
      vertex -22.6375 -24.9367 8.88178e-16
      vertex -22.4992 -24.8247 4
      vertex -22.6375 -24.9367 4
    endloop
  endfacet
  facet normal 0.629344 -0.777127 0
    outer loop
      vertex -22.4992 -24.8247 4
      vertex -22.6375 -24.9367 8.88178e-16
      vertex -22.4992 -24.8247 8.88178e-16
    endloop
  endfacet
  facet normal -0.156193 0.987726 0
    outer loop
      vertex -21.1465 -27.8629 8.88178e-16
      vertex -21.3223 -27.8907 4
      vertex -21.1465 -27.8629 4
    endloop
  endfacet
  facet normal -0.156193 0.987726 0
    outer loop
      vertex -21.3223 -27.8907 4
      vertex -21.1465 -27.8629 8.88178e-16
      vertex -21.3223 -27.8907 8.88178e-16
    endloop
  endfacet
  facet normal -0.965973 -0.258642 0
    outer loop
      vertex -19.8372 -25.8465 8.88178e-16
      vertex -19.8832 -25.6747 4
      vertex -19.8832 -25.6747 8.88178e-16
    endloop
  endfacet
  facet normal -0.965973 -0.258642 0
    outer loop
      vertex -19.8832 -25.6747 4
      vertex -19.8372 -25.8465 8.88178e-16
      vertex -19.8372 -25.8465 4
    endloop
  endfacet
  facet normal -0.98764 -0.156741 0
    outer loop
      vertex -19.8093 -26.0223 8.88178e-16
      vertex -19.8372 -25.8465 4
      vertex -19.8372 -25.8465 8.88178e-16
    endloop
  endfacet
  facet normal -0.98764 -0.156741 0
    outer loop
      vertex -19.8372 -25.8465 4
      vertex -19.8093 -26.0223 8.88178e-16
      vertex -19.8093 -26.0223 4
    endloop
  endfacet
  facet normal -0.838649 -0.544672 0
    outer loop
      vertex -20.0278 -25.35 8.88178e-16
      vertex -20.1247 -25.2008 4
      vertex -20.1247 -25.2008 8.88178e-16
    endloop
  endfacet
  facet normal -0.838649 -0.544672 0
    outer loop
      vertex -20.1247 -25.2008 4
      vertex -20.0278 -25.35 8.88178e-16
      vertex -20.0278 -25.35 4
    endloop
  endfacet
  facet normal -0.777127 -0.629344 0
    outer loop
      vertex -20.1247 -25.2008 8.88178e-16
      vertex -20.2367 -25.0625 4
      vertex -20.2367 -25.0625 8.88178e-16
    endloop
  endfacet
  facet normal -0.777127 -0.629344 0
    outer loop
      vertex -20.2367 -25.0625 4
      vertex -20.1247 -25.2008 8.88178e-16
      vertex -20.1247 -25.2008 4
    endloop
  endfacet
  facet normal -0.890915 -0.45417 0
    outer loop
      vertex -19.947 -25.5085 8.88178e-16
      vertex -20.0278 -25.35 4
      vertex -20.0278 -25.35 8.88178e-16
    endloop
  endfacet
  facet normal -0.890915 -0.45417 0
    outer loop
      vertex -20.0278 -25.35 4
      vertex -19.947 -25.5085 8.88178e-16
      vertex -19.947 -25.5085 4
    endloop
  endfacet
  facet normal -0.259167 -0.965833 0
    outer loop
      vertex -21.1465 -24.5371 8.88178e-16
      vertex -20.9747 -24.5832 4
      vertex -21.1465 -24.5371 4
    endloop
  endfacet
  facet normal -0.259167 -0.965833 -0
    outer loop
      vertex -20.9747 -24.5832 4
      vertex -21.1465 -24.5371 8.88178e-16
      vertex -20.9747 -24.5832 8.88178e-16
    endloop
  endfacet
  facet normal -0.156193 -0.987726 0
    outer loop
      vertex -21.3223 -24.5093 8.88178e-16
      vertex -21.1465 -24.5371 4
      vertex -21.3223 -24.5093 4
    endloop
  endfacet
  facet normal -0.156193 -0.987726 -0
    outer loop
      vertex -21.1465 -24.5371 4
      vertex -21.3223 -24.5093 8.88178e-16
      vertex -21.1465 -24.5371 8.88178e-16
    endloop
  endfacet
  facet normal -0.0522639 -0.998633 0
    outer loop
      vertex -21.5 -24.5 8.88178e-16
      vertex -21.3223 -24.5093 4
      vertex -21.5 -24.5 4
    endloop
  endfacet
  facet normal -0.0522639 -0.998633 -0
    outer loop
      vertex -21.3223 -24.5093 4
      vertex -21.5 -24.5 8.88178e-16
      vertex -21.3223 -24.5093 8.88178e-16
    endloop
  endfacet
  facet normal -0.629344 -0.777127 0
    outer loop
      vertex -20.5008 -24.8247 8.88178e-16
      vertex -20.3625 -24.9367 4
      vertex -20.5008 -24.8247 4
    endloop
  endfacet
  facet normal -0.629344 -0.777127 -0
    outer loop
      vertex -20.3625 -24.9367 4
      vertex -20.5008 -24.8247 8.88178e-16
      vertex -20.3625 -24.9367 8.88178e-16
    endloop
  endfacet
  facet normal -0.544672 -0.838649 0
    outer loop
      vertex -20.65 -24.7278 8.88178e-16
      vertex -20.5008 -24.8247 4
      vertex -20.65 -24.7278 4
    endloop
  endfacet
  facet normal -0.544672 -0.838649 -0
    outer loop
      vertex -20.5008 -24.8247 4
      vertex -20.65 -24.7278 8.88178e-16
      vertex -20.5008 -24.8247 8.88178e-16
    endloop
  endfacet
  facet normal 0.890915 -0.45417 0
    outer loop
      vertex -23.053 -25.5085 4
      vertex -22.9722 -25.35 8.88178e-16
      vertex -22.9722 -25.35 4
    endloop
  endfacet
  facet normal 0.890915 -0.45417 0
    outer loop
      vertex -22.9722 -25.35 8.88178e-16
      vertex -23.053 -25.5085 4
      vertex -23.053 -25.5085 8.88178e-16
    endloop
  endfacet
  facet normal 0.933577 -0.358377 0
    outer loop
      vertex -23.1168 -25.6747 4
      vertex -23.053 -25.5085 8.88178e-16
      vertex -23.053 -25.5085 4
    endloop
  endfacet
  facet normal 0.933577 -0.358377 0
    outer loop
      vertex -23.053 -25.5085 8.88178e-16
      vertex -23.1168 -25.6747 4
      vertex -23.1168 -25.6747 8.88178e-16
    endloop
  endfacet
  facet normal 0.965973 -0.258642 0
    outer loop
      vertex -23.1628 -25.8465 4
      vertex -23.1168 -25.6747 8.88178e-16
      vertex -23.1168 -25.6747 4
    endloop
  endfacet
  facet normal 0.965973 -0.258642 0
    outer loop
      vertex -23.1168 -25.6747 8.88178e-16
      vertex -23.1628 -25.8465 4
      vertex -23.1628 -25.8465 8.88178e-16
    endloop
  endfacet
  facet normal 0.156193 -0.987726 0
    outer loop
      vertex -21.8535 -24.5371 8.88178e-16
      vertex -21.6777 -24.5093 4
      vertex -21.8535 -24.5371 4
    endloop
  endfacet
  facet normal 0.156193 -0.987726 0
    outer loop
      vertex -21.6777 -24.5093 4
      vertex -21.8535 -24.5371 8.88178e-16
      vertex -21.6777 -24.5093 8.88178e-16
    endloop
  endfacet
  facet normal 0.358377 -0.933577 0
    outer loop
      vertex -22.1915 -24.647 8.88178e-16
      vertex -22.0253 -24.5832 4
      vertex -22.1915 -24.647 4
    endloop
  endfacet
  facet normal 0.358377 -0.933577 0
    outer loop
      vertex -22.0253 -24.5832 4
      vertex -22.1915 -24.647 8.88178e-16
      vertex -22.0253 -24.5832 8.88178e-16
    endloop
  endfacet
  facet normal 0.259167 -0.965833 0
    outer loop
      vertex -22.0253 -24.5832 8.88178e-16
      vertex -21.8535 -24.5371 4
      vertex -22.0253 -24.5832 4
    endloop
  endfacet
  facet normal 0.259167 -0.965833 0
    outer loop
      vertex -21.8535 -24.5371 4
      vertex -22.0253 -24.5832 8.88178e-16
      vertex -21.8535 -24.5371 8.88178e-16
    endloop
  endfacet
  facet normal -0.998633 0.0522639 0
    outer loop
      vertex -19.8093 -26.3777 8.88178e-16
      vertex -19.8 -26.2 4
      vertex -19.8 -26.2 8.88178e-16
    endloop
  endfacet
  facet normal -0.998633 0.0522639 0
    outer loop
      vertex -19.8 -26.2 4
      vertex -19.8093 -26.3777 8.88178e-16
      vertex -19.8093 -26.3777 4
    endloop
  endfacet
  facet normal -0.544672 0.838649 0
    outer loop
      vertex -20.5008 -27.5753 8.88178e-16
      vertex -20.65 -27.6722 4
      vertex -20.5008 -27.5753 4
    endloop
  endfacet
  facet normal -0.544672 0.838649 0
    outer loop
      vertex -20.65 -27.6722 4
      vertex -20.5008 -27.5753 8.88178e-16
      vertex -20.65 -27.6722 8.88178e-16
    endloop
  endfacet
  facet normal -0.838649 0.544672 0
    outer loop
      vertex -20.1247 -27.1992 8.88178e-16
      vertex -20.0278 -27.05 4
      vertex -20.0278 -27.05 8.88178e-16
    endloop
  endfacet
  facet normal -0.838649 0.544672 0
    outer loop
      vertex -20.0278 -27.05 4
      vertex -20.1247 -27.1992 8.88178e-16
      vertex -20.1247 -27.1992 4
    endloop
  endfacet
  facet normal 0.0522639 0.998633 -0
    outer loop
      vertex -21.5 -27.9 8.88178e-16
      vertex -21.6777 -27.8907 4
      vertex -21.5 -27.9 4
    endloop
  endfacet
  facet normal 0.0522639 0.998633 0
    outer loop
      vertex -21.6777 -27.8907 4
      vertex -21.5 -27.9 8.88178e-16
      vertex -21.6777 -27.8907 8.88178e-16
    endloop
  endfacet
  facet normal 0.933577 0.358377 0
    outer loop
      vertex -23.053 -26.8915 4
      vertex -23.1168 -26.7253 8.88178e-16
      vertex -23.1168 -26.7253 4
    endloop
  endfacet
  facet normal 0.933577 0.358377 0
    outer loop
      vertex -23.1168 -26.7253 8.88178e-16
      vertex -23.053 -26.8915 4
      vertex -23.053 -26.8915 8.88178e-16
    endloop
  endfacet
  facet normal -0.45417 0.890915 0
    outer loop
      vertex -20.65 -27.6722 8.88178e-16
      vertex -20.8085 -27.753 4
      vertex -20.65 -27.6722 4
    endloop
  endfacet
  facet normal -0.45417 0.890915 0
    outer loop
      vertex -20.8085 -27.753 4
      vertex -20.65 -27.6722 8.88178e-16
      vertex -20.8085 -27.753 8.88178e-16
    endloop
  endfacet
  facet normal -0.45417 -0.890915 0
    outer loop
      vertex -20.8085 -24.647 8.88178e-16
      vertex -20.65 -24.7278 4
      vertex -20.8085 -24.647 4
    endloop
  endfacet
  facet normal -0.45417 -0.890915 -0
    outer loop
      vertex -20.65 -24.7278 4
      vertex -20.8085 -24.647 8.88178e-16
      vertex -20.65 -24.7278 8.88178e-16
    endloop
  endfacet
  facet normal 0.98764 -0.156741 0
    outer loop
      vertex -23.1907 -26.0223 4
      vertex -23.1628 -25.8465 8.88178e-16
      vertex -23.1628 -25.8465 4
    endloop
  endfacet
  facet normal 0.98764 -0.156741 0
    outer loop
      vertex -23.1628 -25.8465 8.88178e-16
      vertex -23.1907 -26.0223 4
      vertex -23.1907 -26.0223 8.88178e-16
    endloop
  endfacet
  facet normal 0.544672 -0.838649 0
    outer loop
      vertex -22.4992 -24.8247 8.88178e-16
      vertex -22.35 -24.7278 4
      vertex -22.4992 -24.8247 4
    endloop
  endfacet
  facet normal 0.544672 -0.838649 0
    outer loop
      vertex -22.35 -24.7278 4
      vertex -22.4992 -24.8247 8.88178e-16
      vertex -22.35 -24.7278 8.88178e-16
    endloop
  endfacet
  facet normal -0.933577 0.358377 0
    outer loop
      vertex -19.947 -26.8915 8.88178e-16
      vertex -19.8832 -26.7253 4
      vertex -19.8832 -26.7253 8.88178e-16
    endloop
  endfacet
  facet normal -0.933577 0.358377 0
    outer loop
      vertex -19.8832 -26.7253 4
      vertex -19.947 -26.8915 8.88178e-16
      vertex -19.947 -26.8915 4
    endloop
  endfacet
  facet normal -0.966011 0.258502 0
    outer loop
      vertex -19.8832 -26.7253 8.88178e-16
      vertex -19.8372 -26.5534 4
      vertex -19.8372 -26.5534 8.88178e-16
    endloop
  endfacet
  facet normal -0.966011 0.258502 0
    outer loop
      vertex -19.8372 -26.5534 4
      vertex -19.8832 -26.7253 8.88178e-16
      vertex -19.8832 -26.7253 4
    endloop
  endfacet
  facet normal -0.987626 0.156828 0
    outer loop
      vertex -19.8372 -26.5534 8.88178e-16
      vertex -19.8093 -26.3777 4
      vertex -19.8093 -26.3777 8.88178e-16
    endloop
  endfacet
  facet normal -0.987626 0.156828 0
    outer loop
      vertex -19.8093 -26.3777 4
      vertex -19.8372 -26.5534 8.88178e-16
      vertex -19.8372 -26.5534 4
    endloop
  endfacet
  facet normal -0.890915 0.45417 0
    outer loop
      vertex -20.0278 -27.05 8.88178e-16
      vertex -19.947 -26.8915 4
      vertex -19.947 -26.8915 8.88178e-16
    endloop
  endfacet
  facet normal -0.890915 0.45417 0
    outer loop
      vertex -19.947 -26.8915 4
      vertex -20.0278 -27.05 8.88178e-16
      vertex -20.0278 -27.05 4
    endloop
  endfacet
  facet normal 0.358377 0.933577 -0
    outer loop
      vertex -22.0253 -27.8168 8.88178e-16
      vertex -22.1915 -27.753 4
      vertex -22.0253 -27.8168 4
    endloop
  endfacet
  facet normal 0.358377 0.933577 0
    outer loop
      vertex -22.1915 -27.753 4
      vertex -22.0253 -27.8168 8.88178e-16
      vertex -22.1915 -27.753 8.88178e-16
    endloop
  endfacet
  facet normal 0.777127 0.629344 0
    outer loop
      vertex -22.7633 -27.3375 4
      vertex -22.8753 -27.1992 8.88178e-16
      vertex -22.8753 -27.1992 4
    endloop
  endfacet
  facet normal 0.777127 0.629344 0
    outer loop
      vertex -22.8753 -27.1992 8.88178e-16
      vertex -22.7633 -27.3375 4
      vertex -22.7633 -27.3375 8.88178e-16
    endloop
  endfacet
  facet normal 0.966011 0.258502 0
    outer loop
      vertex -23.1168 -26.7253 4
      vertex -23.1628 -26.5534 8.88178e-16
      vertex -23.1628 -26.5534 4
    endloop
  endfacet
  facet normal 0.966011 0.258502 0
    outer loop
      vertex -23.1628 -26.5534 8.88178e-16
      vertex -23.1168 -26.7253 4
      vertex -23.1168 -26.7253 8.88178e-16
    endloop
  endfacet
  facet normal -0.629344 0.777127 0
    outer loop
      vertex -20.3625 -27.4633 8.88178e-16
      vertex -20.5008 -27.5753 4
      vertex -20.3625 -27.4633 4
    endloop
  endfacet
  facet normal -0.629344 0.777127 0
    outer loop
      vertex -20.5008 -27.5753 4
      vertex -20.3625 -27.4633 8.88178e-16
      vertex -20.5008 -27.5753 8.88178e-16
    endloop
  endfacet
  facet normal -0.707107 0.707107 0
    outer loop
      vertex -20.3625 -27.4633 8.88178e-16
      vertex -20.2367 -27.3375 4
      vertex -20.2367 -27.3375 8.88178e-16
    endloop
  endfacet
  facet normal -0.707107 0.707107 0
    outer loop
      vertex -20.2367 -27.3375 4
      vertex -20.3625 -27.4633 8.88178e-16
      vertex -20.3625 -27.4633 4
    endloop
  endfacet
  facet normal -0.0522639 0.998633 0
    outer loop
      vertex -21.3223 -27.8907 8.88178e-16
      vertex -21.5 -27.9 4
      vertex -21.3223 -27.8907 4
    endloop
  endfacet
  facet normal -0.0522639 0.998633 0
    outer loop
      vertex -21.5 -27.9 4
      vertex -21.3223 -27.8907 8.88178e-16
      vertex -21.5 -27.9 8.88178e-16
    endloop
  endfacet
  facet normal 0.259167 0.965833 -0
    outer loop
      vertex -21.8535 -27.8629 8.88178e-16
      vertex -22.0253 -27.8168 4
      vertex -21.8535 -27.8629 4
    endloop
  endfacet
  facet normal 0.259167 0.965833 0
    outer loop
      vertex -22.0253 -27.8168 4
      vertex -21.8535 -27.8629 8.88178e-16
      vertex -22.0253 -27.8168 8.88178e-16
    endloop
  endfacet
  facet normal 0.707107 0.707107 0
    outer loop
      vertex -22.6375 -27.4633 4
      vertex -22.7633 -27.3375 8.88178e-16
      vertex -22.7633 -27.3375 4
    endloop
  endfacet
  facet normal 0.707107 0.707107 0
    outer loop
      vertex -22.7633 -27.3375 8.88178e-16
      vertex -22.6375 -27.4633 4
      vertex -22.6375 -27.4633 8.88178e-16
    endloop
  endfacet
  facet normal 0.890915 0.45417 0
    outer loop
      vertex -22.9722 -27.05 4
      vertex -23.053 -26.8915 8.88178e-16
      vertex -23.053 -26.8915 4
    endloop
  endfacet
  facet normal 0.890915 0.45417 0
    outer loop
      vertex -23.053 -26.8915 8.88178e-16
      vertex -22.9722 -27.05 4
      vertex -22.9722 -27.05 8.88178e-16
    endloop
  endfacet
  facet normal 0.987626 0.156828 0
    outer loop
      vertex -23.1628 -26.5534 4
      vertex -23.1907 -26.3777 8.88178e-16
      vertex -23.1907 -26.3777 4
    endloop
  endfacet
  facet normal 0.987626 0.156828 0
    outer loop
      vertex -23.1907 -26.3777 8.88178e-16
      vertex -23.1628 -26.5534 4
      vertex -23.1628 -26.5534 8.88178e-16
    endloop
  endfacet
  facet normal 0.998633 0.0522639 0
    outer loop
      vertex -23.1907 -26.3777 4
      vertex -23.2 -26.2 8.88178e-16
      vertex -23.2 -26.2 4
    endloop
  endfacet
  facet normal 0.998633 0.0522639 0
    outer loop
      vertex -23.2 -26.2 8.88178e-16
      vertex -23.1907 -26.3777 4
      vertex -23.1907 -26.3777 8.88178e-16
    endloop
  endfacet
  facet normal -0.259167 0.965833 0
    outer loop
      vertex -20.9747 -27.8168 8.88178e-16
      vertex -21.1465 -27.8629 4
      vertex -20.9747 -27.8168 4
    endloop
  endfacet
  facet normal -0.259167 0.965833 0
    outer loop
      vertex -21.1465 -27.8629 4
      vertex -20.9747 -27.8168 8.88178e-16
      vertex -21.1465 -27.8629 8.88178e-16
    endloop
  endfacet
  facet normal -0.358377 0.933577 0
    outer loop
      vertex -20.8085 -27.753 8.88178e-16
      vertex -20.9747 -27.8168 4
      vertex -20.8085 -27.753 4
    endloop
  endfacet
  facet normal -0.358377 0.933577 0
    outer loop
      vertex -20.9747 -27.8168 4
      vertex -20.8085 -27.753 8.88178e-16
      vertex -20.9747 -27.8168 8.88178e-16
    endloop
  endfacet
  facet normal 0.156193 0.987726 -0
    outer loop
      vertex -21.6777 -27.8907 8.88178e-16
      vertex -21.8535 -27.8629 4
      vertex -21.6777 -27.8907 4
    endloop
  endfacet
  facet normal 0.156193 0.987726 0
    outer loop
      vertex -21.8535 -27.8629 4
      vertex -21.6777 -27.8907 8.88178e-16
      vertex -21.8535 -27.8629 8.88178e-16
    endloop
  endfacet
  facet normal 0.45417 0.890915 -0
    outer loop
      vertex -22.1915 -27.753 8.88178e-16
      vertex -22.35 -27.6722 4
      vertex -22.1915 -27.753 4
    endloop
  endfacet
  facet normal 0.45417 0.890915 0
    outer loop
      vertex -22.35 -27.6722 4
      vertex -22.1915 -27.753 8.88178e-16
      vertex -22.35 -27.6722 8.88178e-16
    endloop
  endfacet
  facet normal 0.838649 0.544672 0
    outer loop
      vertex -22.8753 -27.1992 4
      vertex -22.9722 -27.05 8.88178e-16
      vertex -22.9722 -27.05 4
    endloop
  endfacet
  facet normal 0.838649 0.544672 0
    outer loop
      vertex -22.9722 -27.05 8.88178e-16
      vertex -22.8753 -27.1992 4
      vertex -22.8753 -27.1992 8.88178e-16
    endloop
  endfacet
  facet normal 0.544672 0.838649 -0
    outer loop
      vertex -22.35 -27.6722 8.88178e-16
      vertex -22.4992 -27.5753 4
      vertex -22.35 -27.6722 4
    endloop
  endfacet
  facet normal 0.544672 0.838649 0
    outer loop
      vertex -22.4992 -27.5753 4
      vertex -22.35 -27.6722 8.88178e-16
      vertex -22.4992 -27.5753 8.88178e-16
    endloop
  endfacet
  facet normal 0.629344 0.777127 -0
    outer loop
      vertex -22.4992 -27.5753 8.88178e-16
      vertex -22.6375 -27.4633 4
      vertex -22.4992 -27.5753 4
    endloop
  endfacet
  facet normal 0.629344 0.777127 0
    outer loop
      vertex -22.6375 -27.4633 4
      vertex -22.4992 -27.5753 8.88178e-16
      vertex -22.6375 -27.4633 8.88178e-16
    endloop
  endfacet
  facet normal -1 0 0
    outer loop
      vertex 16.5 -8.05 8.88178e-16
      vertex 16.5 -7.95 3.75
      vertex 16.5 -7.95 8.88178e-16
    endloop
  endfacet
  facet normal -1 -0 0
    outer loop
      vertex 16.5 -7.95 3.75
      vertex 16.5 -8.05 8.88178e-16
      vertex 16.5 -8.05 3.75
    endloop
  endfacet
  facet normal -1 0 0
    outer loop
      vertex 16.5 -7.95 3.75
      vertex 16.5 -8.05 3.75
      vertex 16.5 -7.95 4
    endloop
  endfacet
  facet normal -1 0 0
    outer loop
      vertex 16.5 -7.95 4
      vertex 16.5 -5.15 5.85
      vertex 16.5 -5.15 4
    endloop
  endfacet
  facet normal -1 0 0
    outer loop
      vertex 16.5 -8.05 4
      vertex 16.5 -5.15 5.85
      vertex 16.5 -7.95 4
    endloop
  endfacet
  facet normal -1 0 0
    outer loop
      vertex 16.5 -12 4
      vertex 16.5 -5.15 5.85
      vertex 16.5 -8.05 4
    endloop
  endfacet
  facet normal -1 0 0
    outer loop
      vertex 16.5 -8.05 4
      vertex 16.5 -7.95 4
      vertex 16.5 -8.05 3.75
    endloop
  endfacet
  facet normal -1 -0 0
    outer loop
      vertex 16.5 -5.15 5.85
      vertex 16.5 -12 4
      vertex 16.5 -5.15 16.15
    endloop
  endfacet
  facet normal -1 -0 0
    outer loop
      vertex 16.5 -5.15 16.15
      vertex 16.5 -12 4
      vertex 16.5 -12 18
    endloop
  endfacet
  facet normal -1 0 0
    outer loop
      vertex 16.5 -5.15 16.15
      vertex 16.5 -12 18
      vertex 16.5 -5.15 18
    endloop
  endfacet
  facet normal 0 1 0
    outer loop
      vertex 24 -7.95 4
      vertex 16.5 -7.95 3.75
      vertex 16.5 -7.95 4
    endloop
  endfacet
  facet normal 0 1 -0
    outer loop
      vertex 26.5 -7.95 8.88178e-16
      vertex 24 -7.95 4
      vertex 26.5 -7.95 4
    endloop
  endfacet
  facet normal 0 1 0
    outer loop
      vertex 16.5 -7.95 8.88178e-16
      vertex 24 -7.95 4
      vertex 26.5 -7.95 8.88178e-16
    endloop
  endfacet
  facet normal 0 1 0
    outer loop
      vertex 24 -7.95 4
      vertex 16.5 -7.95 8.88178e-16
      vertex 16.5 -7.95 3.75
    endloop
  endfacet
  facet normal -0 0 1
    outer loop
      vertex 24 -7.95 4
      vertex 26.5 -8.05 4
      vertex 26.5 -7.95 4
    endloop
  endfacet
  facet normal 0 0 1
    outer loop
      vertex 26.5 -8.05 4
      vertex 24 -12 4
      vertex 24.9808 -26.5658 4
    endloop
  endfacet
  facet normal -0 0 1
    outer loop
      vertex 22.6375 -24.9367 4
      vertex 24.9808 -26.5658 4
      vertex 24 -12 4
    endloop
  endfacet
  facet normal -0 -0 1
    outer loop
      vertex 22.8753 -25.2008 4
      vertex 24.9808 -26.5658 4
      vertex 22.7633 -25.0625 4
    endloop
  endfacet
  facet normal -0 -0 1
    outer loop
      vertex 23.053 -25.5085 4
      vertex 24.9808 -26.5658 4
      vertex 22.9722 -25.35 4
    endloop
  endfacet
  facet normal -0 -0 1
    outer loop
      vertex 23.1628 -25.8465 4
      vertex 24.9808 -26.5658 4
      vertex 23.1168 -25.6747 4
    endloop
  endfacet
  facet normal -0 -0 1
    outer loop
      vertex 23.2 -26.2 4
      vertex 24.9808 -26.5658 4
      vertex 23.1907 -26.0223 4
    endloop
  endfacet
  facet normal 0 0 1
    outer loop
      vertex 26.5 -8.05 4
      vertex 24 -7.95 4
      vertex 24 -12 4
    endloop
  endfacet
  facet normal 0 0 1
    outer loop
      vertex 24.9808 -26.5658 4
      vertex 23.1907 -26.3777 4
      vertex 24.9235 -26.9277 4
    endloop
  endfacet
  facet normal 0 0 1
    outer loop
      vertex 24.9235 -26.9277 4
      vertex 23.1628 -26.5534 4
      vertex 24.8287 -27.2816 4
    endloop
  endfacet
  facet normal -0 0 1
    outer loop
      vertex 23.1168 -26.7253 4
      vertex 24.8287 -27.2816 4
      vertex 23.1628 -26.5534 4
    endloop
  endfacet
  facet normal -0 0 1
    outer loop
      vertex 23.053 -26.8915 4
      vertex 24.6974 -27.6236 4
      vertex 23.1168 -26.7253 4
    endloop
  endfacet
  facet normal -0 0 1
    outer loop
      vertex 22.9722 -27.05 4
      vertex 24.5311 -27.95 4
      vertex 23.053 -26.8915 4
    endloop
  endfacet
  facet normal 0 0 1
    outer loop
      vertex 24.6974 -27.6236 4
      vertex 23.053 -26.8915 4
      vertex 24.5311 -27.95 4
    endloop
  endfacet
  facet normal 0 0 1
    outer loop
      vertex 24.8287 -27.2816 4
      vertex 23.1168 -26.7253 4
      vertex 24.6974 -27.6236 4
    endloop
  endfacet
  facet normal -0 0 1
    outer loop
      vertex 23.1628 -26.5534 4
      vertex 24.9235 -26.9277 4
      vertex 23.1907 -26.3777 4
    endloop
  endfacet
  facet normal -0 0 1
    outer loop
      vertex 23.1907 -26.3777 4
      vertex 24.9808 -26.5658 4
      vertex 23.2 -26.2 4
    endloop
  endfacet
  facet normal -0 -0 1
    outer loop
      vertex 23.1907 -26.0223 4
      vertex 24.9808 -26.5658 4
      vertex 23.1628 -25.8465 4
    endloop
  endfacet
  facet normal -0 -0 1
    outer loop
      vertex 23.1168 -25.6747 4
      vertex 24.9808 -26.5658 4
      vertex 23.053 -25.5085 4
    endloop
  endfacet
  facet normal -0 -0 1
    outer loop
      vertex 22.9722 -25.35 4
      vertex 24.9808 -26.5658 4
      vertex 22.8753 -25.2008 4
    endloop
  endfacet
  facet normal 0 0 1
    outer loop
      vertex 24.9808 -26.5658 4
      vertex 22.6375 -24.9367 4
      vertex 22.7633 -25.0625 4
    endloop
  endfacet
  facet normal 0 0 1
    outer loop
      vertex 24 -12 4
      vertex 22.4992 -24.8247 4
      vertex 22.6375 -24.9367 4
    endloop
  endfacet
  facet normal 0 0 1
    outer loop
      vertex 24 -12 4
      vertex 22.35 -24.7278 4
      vertex 22.4992 -24.8247 4
    endloop
  endfacet
  facet normal 0 0 1
    outer loop
      vertex 24 -12 4
      vertex 22.1915 -24.647 4
      vertex 22.35 -24.7278 4
    endloop
  endfacet
  facet normal 0 0 1
    outer loop
      vertex 24 -12 4
      vertex 22.0253 -24.5832 4
      vertex 22.1915 -24.647 4
    endloop
  endfacet
  facet normal 0 0 1
    outer loop
      vertex 24 -12 4
      vertex 21.8535 -24.5371 4
      vertex 22.0253 -24.5832 4
    endloop
  endfacet
  facet normal 0 0 1
    outer loop
      vertex 24 -12 4
      vertex 21.6777 -24.5093 4
      vertex 21.8535 -24.5371 4
    endloop
  endfacet
  facet normal 0 0 1
    outer loop
      vertex 24 -12 4
      vertex 21.5 -24.5 4
      vertex 21.6777 -24.5093 4
    endloop
  endfacet
  facet normal 0 0 1
    outer loop
      vertex 24 -12 4
      vertex 21.3223 -24.5093 4
      vertex 21.5 -24.5 4
    endloop
  endfacet
  facet normal -0 0 1
    outer loop
      vertex 16.8241 -12 4
      vertex 21.3223 -24.5093 4
      vertex 24 -12 4
    endloop
  endfacet
  facet normal 0 0 1
    outer loop
      vertex 21.3223 -24.5093 4
      vertex 16.8241 -12 4
      vertex 21.1465 -24.5371 4
    endloop
  endfacet
  facet normal 0 0 1
    outer loop
      vertex 21.1465 -24.5371 4
      vertex 16.8241 -12 4
      vertex 20.9747 -24.5832 4
    endloop
  endfacet
  facet normal 0 0 1
    outer loop
      vertex 20.9747 -24.5832 4
      vertex 16.8241 -12 4
      vertex 20.8085 -24.647 4
    endloop
  endfacet
  facet normal 0 0 1
    outer loop
      vertex 20.8085 -24.647 4
      vertex 16.8241 -12 4
      vertex 20.65 -24.7278 4
    endloop
  endfacet
  facet normal 0 0 1
    outer loop
      vertex 20.65 -24.7278 4
      vertex 16.8241 -12 4
      vertex 20.5008 -24.8247 4
    endloop
  endfacet
  facet normal 0 0 1
    outer loop
      vertex 20.5008 -24.8247 4
      vertex 16.8241 -12 4
      vertex 20.3625 -24.9367 4
    endloop
  endfacet
  facet normal 0 0 1
    outer loop
      vertex 20.3625 -24.9367 4
      vertex 16.8241 -12 4
      vertex 20.2367 -25.0625 4
    endloop
  endfacet
  facet normal 0 -0 1
    outer loop
      vertex 18.0192 -26.5658 4
      vertex 20.2367 -25.0625 4
      vertex 16.8241 -12 4
    endloop
  endfacet
  facet normal 0 0 1
    outer loop
      vertex 20.2367 -25.0625 4
      vertex 18.0192 -26.5658 4
      vertex 20.1247 -25.2008 4
    endloop
  endfacet
  facet normal 0 0 1
    outer loop
      vertex 20.1247 -25.2008 4
      vertex 18.0192 -26.5658 4
      vertex 20.0278 -25.35 4
    endloop
  endfacet
  facet normal 0 0 1
    outer loop
      vertex 20.5008 -27.5753 4
      vertex 19.4428 -29.0316 4
      vertex 19.75 -29.2311 4
    endloop
  endfacet
  facet normal 0 0 1
    outer loop
      vertex 18.0192 -26.5658 4
      vertex 19.8 -26.2 4
      vertex 19.8093 -26.0223 4
    endloop
  endfacet
  facet normal 0 0 1
    outer loop
      vertex 19.8093 -26.3777 4
      vertex 19.158 -28.801 4
      vertex 19.4428 -29.0316 4
    endloop
  endfacet
  facet normal 0 0 1
    outer loop
      vertex 18.0192 -26.5658 4
      vertex 19.8093 -26.0223 4
      vertex 19.8372 -25.8465 4
    endloop
  endfacet
  facet normal 0 0 1
    outer loop
      vertex 19.8093 -26.3777 4
      vertex 18.899 -28.542 4
      vertex 19.158 -28.801 4
    endloop
  endfacet
  facet normal 0 0 1
    outer loop
      vertex 18.0192 -26.5658 4
      vertex 19.8372 -25.8465 4
      vertex 19.8832 -25.6747 4
    endloop
  endfacet
  facet normal 0 0 1
    outer loop
      vertex 20.0278 -25.35 4
      vertex 18.0192 -26.5658 4
      vertex 19.947 -25.5085 4
    endloop
  endfacet
  facet normal 0 0 1
    outer loop
      vertex 19.8093 -26.3777 4
      vertex 18.0192 -26.5658 4
      vertex 18.0765 -26.9277 4
    endloop
  endfacet
  facet normal 0 0 1
    outer loop
      vertex 19.8093 -26.3777 4
      vertex 18.6684 -28.2572 4
      vertex 18.899 -28.542 4
    endloop
  endfacet
  facet normal 0 0 1
    outer loop
      vertex 19.8093 -26.3777 4
      vertex 18.4689 -27.95 4
      vertex 18.6684 -28.2572 4
    endloop
  endfacet
  facet normal 0 0 1
    outer loop
      vertex 19.8093 -26.3777 4
      vertex 18.3026 -27.6236 4
      vertex 18.4689 -27.95 4
    endloop
  endfacet
  facet normal 0 0 1
    outer loop
      vertex 19.8093 -26.3777 4
      vertex 18.1713 -27.2816 4
      vertex 18.3026 -27.6236 4
    endloop
  endfacet
  facet normal 0 0 1
    outer loop
      vertex 19.8093 -26.3777 4
      vertex 18.0765 -26.9277 4
      vertex 18.1713 -27.2816 4
    endloop
  endfacet
  facet normal 0 0 1
    outer loop
      vertex 19.947 -25.5085 4
      vertex 18.0192 -26.5658 4
      vertex 19.8832 -25.6747 4
    endloop
  endfacet
  facet normal 0 0 1
    outer loop
      vertex 24.5311 -27.95 4
      vertex 22.9722 -27.05 4
      vertex 24.3316 -28.2572 4
    endloop
  endfacet
  facet normal -0 0 1
    outer loop
      vertex 22.8753 -27.1992 4
      vertex 24.3316 -28.2572 4
      vertex 22.9722 -27.05 4
    endloop
  endfacet
  facet normal 0 0 1
    outer loop
      vertex 24.3316 -28.2572 4
      vertex 22.8753 -27.1992 4
      vertex 24.101 -28.542 4
    endloop
  endfacet
  facet normal -0 0 1
    outer loop
      vertex 22.7633 -27.3375 4
      vertex 24.101 -28.542 4
      vertex 22.8753 -27.1992 4
    endloop
  endfacet
  facet normal 0 0 1
    outer loop
      vertex 24.101 -28.542 4
      vertex 22.7633 -27.3375 4
      vertex 23.842 -28.801 4
    endloop
  endfacet
  facet normal -0 0 1
    outer loop
      vertex 22.6375 -27.4633 4
      vertex 23.842 -28.801 4
      vertex 22.7633 -27.3375 4
    endloop
  endfacet
  facet normal 0 0 1
    outer loop
      vertex 23.842 -28.801 4
      vertex 22.6375 -27.4633 4
      vertex 23.5572 -29.0316 4
    endloop
  endfacet
  facet normal -0 0 1
    outer loop
      vertex 22.4992 -27.5753 4
      vertex 23.5572 -29.0316 4
      vertex 22.6375 -27.4633 4
    endloop
  endfacet
  facet normal 0 0 1
    outer loop
      vertex 23.5572 -29.0316 4
      vertex 22.4992 -27.5753 4
      vertex 23.25 -29.2311 4
    endloop
  endfacet
  facet normal -0 0 1
    outer loop
      vertex 22.35 -27.6722 4
      vertex 23.25 -29.2311 4
      vertex 22.4992 -27.5753 4
    endloop
  endfacet
  facet normal 0 0 1
    outer loop
      vertex 23.25 -29.2311 4
      vertex 22.35 -27.6722 4
      vertex 22.9236 -29.3974 4
    endloop
  endfacet
  facet normal -0 0 1
    outer loop
      vertex 22.1915 -27.753 4
      vertex 22.9236 -29.3974 4
      vertex 22.35 -27.6722 4
    endloop
  endfacet
  facet normal 0 0 1
    outer loop
      vertex 22.9236 -29.3974 4
      vertex 22.1915 -27.753 4
      vertex 22.5816 -29.5287 4
    endloop
  endfacet
  facet normal -0 0 1
    outer loop
      vertex 22.0253 -27.8168 4
      vertex 22.5816 -29.5287 4
      vertex 22.1915 -27.753 4
    endloop
  endfacet
  facet normal 0 0 1
    outer loop
      vertex 22.5816 -29.5287 4
      vertex 22.0253 -27.8168 4
      vertex 22.2277 -29.6235 4
    endloop
  endfacet
  facet normal -0 0 1
    outer loop
      vertex 21.8535 -27.8629 4
      vertex 22.2277 -29.6235 4
      vertex 22.0253 -27.8168 4
    endloop
  endfacet
  facet normal 0 0 1
    outer loop
      vertex 22.2277 -29.6235 4
      vertex 21.8535 -27.8629 4
      vertex 21.8658 -29.6808 4
    endloop
  endfacet
  facet normal -0 0 1
    outer loop
      vertex 21.6777 -27.8907 4
      vertex 21.8658 -29.6808 4
      vertex 21.8535 -27.8629 4
    endloop
  endfacet
  facet normal -0 0 1
    outer loop
      vertex 21.5 -27.9 4
      vertex 21.8658 -29.6808 4
      vertex 21.6777 -27.8907 4
    endloop
  endfacet
  facet normal 0 0 1
    outer loop
      vertex 21.5 -27.9 4
      vertex 21.5 -29.7 4
      vertex 21.8658 -29.6808 4
    endloop
  endfacet
  facet normal 0 0 1
    outer loop
      vertex 21.3223 -27.8907 4
      vertex 21.5 -29.7 4
      vertex 21.5 -27.9 4
    endloop
  endfacet
  facet normal 0 0 1
    outer loop
      vertex 21.1342 -29.6808 4
      vertex 21.3223 -27.8907 4
      vertex 21.1465 -27.8629 4
    endloop
  endfacet
  facet normal 0 0 1
    outer loop
      vertex 21.3223 -27.8907 4
      vertex 21.1342 -29.6808 4
      vertex 21.5 -29.7 4
    endloop
  endfacet
  facet normal 0 0 1
    outer loop
      vertex 20.7723 -29.6235 4
      vertex 21.1465 -27.8629 4
      vertex 20.9747 -27.8168 4
    endloop
  endfacet
  facet normal 0 0 1
    outer loop
      vertex 20.4184 -29.5287 4
      vertex 20.9747 -27.8168 4
      vertex 20.8085 -27.753 4
    endloop
  endfacet
  facet normal 0 0 1
    outer loop
      vertex 21.1465 -27.8629 4
      vertex 20.7723 -29.6235 4
      vertex 21.1342 -29.6808 4
    endloop
  endfacet
  facet normal 0 0 1
    outer loop
      vertex 20.0764 -29.3974 4
      vertex 20.8085 -27.753 4
      vertex 20.65 -27.6722 4
    endloop
  endfacet
  facet normal 0 0 1
    outer loop
      vertex 19.75 -29.2311 4
      vertex 20.65 -27.6722 4
      vertex 20.5008 -27.5753 4
    endloop
  endfacet
  facet normal 0 0 1
    outer loop
      vertex 20.9747 -27.8168 4
      vertex 20.4184 -29.5287 4
      vertex 20.7723 -29.6235 4
    endloop
  endfacet
  facet normal 0 0 1
    outer loop
      vertex 19.4428 -29.0316 4
      vertex 20.5008 -27.5753 4
      vertex 20.3625 -27.4633 4
    endloop
  endfacet
  facet normal 0 0 1
    outer loop
      vertex 19.4428 -29.0316 4
      vertex 20.3625 -27.4633 4
      vertex 20.2367 -27.3375 4
    endloop
  endfacet
  facet normal 0 0 1
    outer loop
      vertex 19.4428 -29.0316 4
      vertex 20.2367 -27.3375 4
      vertex 20.1247 -27.1992 4
    endloop
  endfacet
  facet normal 0 0 1
    outer loop
      vertex 20.8085 -27.753 4
      vertex 20.0764 -29.3974 4
      vertex 20.4184 -29.5287 4
    endloop
  endfacet
  facet normal 0 0 1
    outer loop
      vertex 19.4428 -29.0316 4
      vertex 20.1247 -27.1992 4
      vertex 20.0278 -27.05 4
    endloop
  endfacet
  facet normal 0 0 1
    outer loop
      vertex 19.4428 -29.0316 4
      vertex 20.0278 -27.05 4
      vertex 19.947 -26.8915 4
    endloop
  endfacet
  facet normal 0 0 1
    outer loop
      vertex 19.4428 -29.0316 4
      vertex 19.947 -26.8915 4
      vertex 19.8832 -26.7253 4
    endloop
  endfacet
  facet normal 0 0 1
    outer loop
      vertex 19.4428 -29.0316 4
      vertex 19.8832 -26.7253 4
      vertex 19.8372 -26.5534 4
    endloop
  endfacet
  facet normal 0 0 1
    outer loop
      vertex 19.4428 -29.0316 4
      vertex 19.8372 -26.5534 4
      vertex 19.8093 -26.3777 4
    endloop
  endfacet
  facet normal 0 0 1
    outer loop
      vertex 20.65 -27.6722 4
      vertex 19.75 -29.2311 4
      vertex 20.0764 -29.3974 4
    endloop
  endfacet
  facet normal 0 0 1
    outer loop
      vertex 18.0192 -26.5658 4
      vertex 19.8093 -26.3777 4
      vertex 19.8 -26.2 4
    endloop
  endfacet
  facet normal 0.996651 -0.0817741 0
    outer loop
      vertex 24.9808 -26.5658 4
      vertex 26.5 -8.05 8.88178e-16
      vertex 26.5 -8.05 4
    endloop
  endfacet
  facet normal 0.996651 -0.0817741 0
    outer loop
      vertex 26.5 -8.05 8.88178e-16
      vertex 24.9808 -26.5658 4
      vertex 24.9808 -26.5658 8.88178e-16
    endloop
  endfacet
  facet normal -0.0524155 -0.998625 0
    outer loop
      vertex 21.1342 -29.6808 8.88178e-16
      vertex 21.5 -29.7 4
      vertex 21.1342 -29.6808 4
    endloop
  endfacet
  facet normal -0.0524155 -0.998625 -0
    outer loop
      vertex 21.5 -29.7 4
      vertex 21.1342 -29.6808 8.88178e-16
      vertex 21.5 -29.7 8.88178e-16
    endloop
  endfacet
  facet normal 0.987696 -0.156383 0
    outer loop
      vertex 24.9235 -26.9277 4
      vertex 24.9808 -26.5658 8.88178e-16
      vertex 24.9808 -26.5658 4
    endloop
  endfacet
  facet normal 0.987696 -0.156383 0
    outer loop
      vertex 24.9808 -26.5658 8.88178e-16
      vertex 24.9235 -26.9277 4
      vertex 24.9235 -26.9277 8.88178e-16
    endloop
  endfacet
  facet normal 0 0 -1
    outer loop
      vertex 24.9808 -26.5658 8.88178e-16
      vertex 23.1907 -26.3777 8.88178e-16
      vertex 23.2 -26.2 8.88178e-16
    endloop
  endfacet
  facet normal 0 0 -1
    outer loop
      vertex 23.5572 -29.0316 8.88178e-16
      vertex 23.1628 -26.5534 8.88178e-16
      vertex 23.1907 -26.3777 8.88178e-16
    endloop
  endfacet
  facet normal 0 0 -1
    outer loop
      vertex 23.5572 -29.0316 8.88178e-16
      vertex 23.1168 -26.7253 8.88178e-16
      vertex 23.1628 -26.5534 8.88178e-16
    endloop
  endfacet
  facet normal 0 0 -1
    outer loop
      vertex 23.5572 -29.0316 8.88178e-16
      vertex 23.053 -26.8915 8.88178e-16
      vertex 23.1168 -26.7253 8.88178e-16
    endloop
  endfacet
  facet normal 0 0 -1
    outer loop
      vertex 23.5572 -29.0316 8.88178e-16
      vertex 22.9722 -27.05 8.88178e-16
      vertex 23.053 -26.8915 8.88178e-16
    endloop
  endfacet
  facet normal 0 0 -1
    outer loop
      vertex 22.35 -27.6722 8.88178e-16
      vertex 23.25 -29.2311 8.88178e-16
      vertex 22.9236 -29.3974 8.88178e-16
    endloop
  endfacet
  facet normal 0 0 -1
    outer loop
      vertex 23.5572 -29.0316 8.88178e-16
      vertex 22.8753 -27.1992 8.88178e-16
      vertex 22.9722 -27.05 8.88178e-16
    endloop
  endfacet
  facet normal 0 0 -1
    outer loop
      vertex 23.5572 -29.0316 8.88178e-16
      vertex 22.7633 -27.3375 8.88178e-16
      vertex 22.8753 -27.1992 8.88178e-16
    endloop
  endfacet
  facet normal 0 0 -1
    outer loop
      vertex 23.5572 -29.0316 8.88178e-16
      vertex 22.6375 -27.4633 8.88178e-16
      vertex 22.7633 -27.3375 8.88178e-16
    endloop
  endfacet
  facet normal 0 0 -1
    outer loop
      vertex 22.1915 -27.753 8.88178e-16
      vertex 22.9236 -29.3974 8.88178e-16
      vertex 22.5816 -29.5287 8.88178e-16
    endloop
  endfacet
  facet normal 0 0 -1
    outer loop
      vertex 23.5572 -29.0316 8.88178e-16
      vertex 22.4992 -27.5753 8.88178e-16
      vertex 22.6375 -27.4633 8.88178e-16
    endloop
  endfacet
  facet normal 0 0 -1
    outer loop
      vertex 23.25 -29.2311 8.88178e-16
      vertex 22.35 -27.6722 8.88178e-16
      vertex 22.4992 -27.5753 8.88178e-16
    endloop
  endfacet
  facet normal 0 0 -1
    outer loop
      vertex 22.0253 -27.8168 8.88178e-16
      vertex 22.5816 -29.5287 8.88178e-16
      vertex 22.2277 -29.6235 8.88178e-16
    endloop
  endfacet
  facet normal 0 0 -1
    outer loop
      vertex 22.9236 -29.3974 8.88178e-16
      vertex 22.1915 -27.753 8.88178e-16
      vertex 22.35 -27.6722 8.88178e-16
    endloop
  endfacet
  facet normal 0 0 -1
    outer loop
      vertex 22.5816 -29.5287 8.88178e-16
      vertex 22.0253 -27.8168 8.88178e-16
      vertex 22.1915 -27.753 8.88178e-16
    endloop
  endfacet
  facet normal 0 0 -1
    outer loop
      vertex 21.8535 -27.8629 8.88178e-16
      vertex 22.2277 -29.6235 8.88178e-16
      vertex 21.8658 -29.6808 8.88178e-16
    endloop
  endfacet
  facet normal 0 0 -1
    outer loop
      vertex 22.2277 -29.6235 8.88178e-16
      vertex 21.8535 -27.8629 8.88178e-16
      vertex 22.0253 -27.8168 8.88178e-16
    endloop
  endfacet
  facet normal 0 0 -1
    outer loop
      vertex 21.8658 -29.6808 8.88178e-16
      vertex 21.6777 -27.8907 8.88178e-16
      vertex 21.8535 -27.8629 8.88178e-16
    endloop
  endfacet
  facet normal 0 0 -1
    outer loop
      vertex 21.5 -29.7 8.88178e-16
      vertex 21.6777 -27.8907 8.88178e-16
      vertex 21.8658 -29.6808 8.88178e-16
    endloop
  endfacet
  facet normal 0 0 -1
    outer loop
      vertex 21.5 -29.7 8.88178e-16
      vertex 21.5 -27.9 8.88178e-16
      vertex 21.6777 -27.8907 8.88178e-16
    endloop
  endfacet
  facet normal 0 0 -1
    outer loop
      vertex 21.5 -29.7 8.88178e-16
      vertex 21.3223 -27.8907 8.88178e-16
      vertex 21.5 -27.9 8.88178e-16
    endloop
  endfacet
  facet normal 0 0 -1
    outer loop
      vertex 21.1342 -29.6808 8.88178e-16
      vertex 21.3223 -27.8907 8.88178e-16
      vertex 21.5 -29.7 8.88178e-16
    endloop
  endfacet
  facet normal -0 0 -1
    outer loop
      vertex 21.3223 -27.8907 8.88178e-16
      vertex 21.1342 -29.6808 8.88178e-16
      vertex 21.1465 -27.8629 8.88178e-16
    endloop
  endfacet
  facet normal 0 0 -1
    outer loop
      vertex 20.7723 -29.6235 8.88178e-16
      vertex 21.1465 -27.8629 8.88178e-16
      vertex 21.1342 -29.6808 8.88178e-16
    endloop
  endfacet
  facet normal -0 0 -1
    outer loop
      vertex 21.1465 -27.8629 8.88178e-16
      vertex 20.7723 -29.6235 8.88178e-16
      vertex 20.9747 -27.8168 8.88178e-16
    endloop
  endfacet
  facet normal 0 0 -1
    outer loop
      vertex 20.4184 -29.5287 8.88178e-16
      vertex 20.9747 -27.8168 8.88178e-16
      vertex 20.7723 -29.6235 8.88178e-16
    endloop
  endfacet
  facet normal -0 0 -1
    outer loop
      vertex 20.9747 -27.8168 8.88178e-16
      vertex 20.4184 -29.5287 8.88178e-16
      vertex 20.8085 -27.753 8.88178e-16
    endloop
  endfacet
  facet normal 0 0 -1
    outer loop
      vertex 20.0764 -29.3974 8.88178e-16
      vertex 20.8085 -27.753 8.88178e-16
      vertex 20.4184 -29.5287 8.88178e-16
    endloop
  endfacet
  facet normal -0 0 -1
    outer loop
      vertex 20.8085 -27.753 8.88178e-16
      vertex 20.0764 -29.3974 8.88178e-16
      vertex 20.65 -27.6722 8.88178e-16
    endloop
  endfacet
  facet normal 0 0 -1
    outer loop
      vertex 19.75 -29.2311 8.88178e-16
      vertex 20.65 -27.6722 8.88178e-16
      vertex 20.0764 -29.3974 8.88178e-16
    endloop
  endfacet
  facet normal -0 0 -1
    outer loop
      vertex 20.65 -27.6722 8.88178e-16
      vertex 19.75 -29.2311 8.88178e-16
      vertex 20.5008 -27.5753 8.88178e-16
    endloop
  endfacet
  facet normal 0 0 -1
    outer loop
      vertex 19.4428 -29.0316 8.88178e-16
      vertex 20.5008 -27.5753 8.88178e-16
      vertex 19.75 -29.2311 8.88178e-16
    endloop
  endfacet
  facet normal -0 0 -1
    outer loop
      vertex 20.5008 -27.5753 8.88178e-16
      vertex 19.4428 -29.0316 8.88178e-16
      vertex 20.3625 -27.4633 8.88178e-16
    endloop
  endfacet
  facet normal 0 0 -1
    outer loop
      vertex 19.158 -28.801 8.88178e-16
      vertex 20.3625 -27.4633 8.88178e-16
      vertex 19.4428 -29.0316 8.88178e-16
    endloop
  endfacet
  facet normal -0 0 -1
    outer loop
      vertex 20.3625 -27.4633 8.88178e-16
      vertex 19.158 -28.801 8.88178e-16
      vertex 20.2367 -27.3375 8.88178e-16
    endloop
  endfacet
  facet normal 0 0 -1
    outer loop
      vertex 18.899 -28.542 8.88178e-16
      vertex 20.2367 -27.3375 8.88178e-16
      vertex 19.158 -28.801 8.88178e-16
    endloop
  endfacet
  facet normal -0 0 -1
    outer loop
      vertex 20.2367 -27.3375 8.88178e-16
      vertex 18.899 -28.542 8.88178e-16
      vertex 20.1247 -27.1992 8.88178e-16
    endloop
  endfacet
  facet normal 0 0 -1
    outer loop
      vertex 18.6684 -28.2572 8.88178e-16
      vertex 20.1247 -27.1992 8.88178e-16
      vertex 18.899 -28.542 8.88178e-16
    endloop
  endfacet
  facet normal 0 0 -1
    outer loop
      vertex 18.4689 -27.95 8.88178e-16
      vertex 20.0278 -27.05 8.88178e-16
      vertex 18.6684 -28.2572 8.88178e-16
    endloop
  endfacet
  facet normal -0 0 -1
    outer loop
      vertex 20.1247 -27.1992 8.88178e-16
      vertex 18.6684 -28.2572 8.88178e-16
      vertex 20.0278 -27.05 8.88178e-16
    endloop
  endfacet
  facet normal 0 0 -1
    outer loop
      vertex 22.6375 -24.9367 8.88178e-16
      vertex 26.5 -8.05 8.88178e-16
      vertex 24.9808 -26.5658 8.88178e-16
    endloop
  endfacet
  facet normal 0 0 -1
    outer loop
      vertex 23.1907 -26.3777 8.88178e-16
      vertex 24.9808 -26.5658 8.88178e-16
      vertex 24.9235 -26.9277 8.88178e-16
    endloop
  endfacet
  facet normal 0 0 -1
    outer loop
      vertex 23.1907 -26.3777 8.88178e-16
      vertex 24.9235 -26.9277 8.88178e-16
      vertex 24.8287 -27.2816 8.88178e-16
    endloop
  endfacet
  facet normal 0 0 -1
    outer loop
      vertex 23.1907 -26.3777 8.88178e-16
      vertex 24.8287 -27.2816 8.88178e-16
      vertex 24.6974 -27.6236 8.88178e-16
    endloop
  endfacet
  facet normal 0 0 -1
    outer loop
      vertex 23.1907 -26.3777 8.88178e-16
      vertex 24.6974 -27.6236 8.88178e-16
      vertex 24.5311 -27.95 8.88178e-16
    endloop
  endfacet
  facet normal 0 0 -1
    outer loop
      vertex 23.1907 -26.3777 8.88178e-16
      vertex 24.5311 -27.95 8.88178e-16
      vertex 24.3316 -28.2572 8.88178e-16
    endloop
  endfacet
  facet normal 0 0 -1
    outer loop
      vertex 23.1907 -26.3777 8.88178e-16
      vertex 24.3316 -28.2572 8.88178e-16
      vertex 24.101 -28.542 8.88178e-16
    endloop
  endfacet
  facet normal 0 0 -1
    outer loop
      vertex 23.1907 -26.3777 8.88178e-16
      vertex 24.101 -28.542 8.88178e-16
      vertex 23.842 -28.801 8.88178e-16
    endloop
  endfacet
  facet normal 0 0 -1
    outer loop
      vertex 23.1907 -26.3777 8.88178e-16
      vertex 23.842 -28.801 8.88178e-16
      vertex 23.5572 -29.0316 8.88178e-16
    endloop
  endfacet
  facet normal 0 0 -1
    outer loop
      vertex 22.4992 -27.5753 8.88178e-16
      vertex 23.5572 -29.0316 8.88178e-16
      vertex 23.25 -29.2311 8.88178e-16
    endloop
  endfacet
  facet normal 0 0 -1
    outer loop
      vertex 24.9808 -26.5658 8.88178e-16
      vertex 23.2 -26.2 8.88178e-16
      vertex 23.1907 -26.0223 8.88178e-16
    endloop
  endfacet
  facet normal 0 0 -1
    outer loop
      vertex 24.9808 -26.5658 8.88178e-16
      vertex 23.1907 -26.0223 8.88178e-16
      vertex 23.1628 -25.8465 8.88178e-16
    endloop
  endfacet
  facet normal 0 0 -1
    outer loop
      vertex 24.9808 -26.5658 8.88178e-16
      vertex 23.1628 -25.8465 8.88178e-16
      vertex 23.1168 -25.6747 8.88178e-16
    endloop
  endfacet
  facet normal 0 0 -1
    outer loop
      vertex 24.9808 -26.5658 8.88178e-16
      vertex 23.1168 -25.6747 8.88178e-16
      vertex 23.053 -25.5085 8.88178e-16
    endloop
  endfacet
  facet normal 0 0 -1
    outer loop
      vertex 24.9808 -26.5658 8.88178e-16
      vertex 23.053 -25.5085 8.88178e-16
      vertex 22.9722 -25.35 8.88178e-16
    endloop
  endfacet
  facet normal 0 0 -1
    outer loop
      vertex 24.9808 -26.5658 8.88178e-16
      vertex 22.9722 -25.35 8.88178e-16
      vertex 22.8753 -25.2008 8.88178e-16
    endloop
  endfacet
  facet normal 0 0 -1
    outer loop
      vertex 24.9808 -26.5658 8.88178e-16
      vertex 22.8753 -25.2008 8.88178e-16
      vertex 22.7633 -25.0625 8.88178e-16
    endloop
  endfacet
  facet normal 0 0 -1
    outer loop
      vertex 22.6375 -24.9367 8.88178e-16
      vertex 24.9808 -26.5658 8.88178e-16
      vertex 22.7633 -25.0625 8.88178e-16
    endloop
  endfacet
  facet normal 0 0 -1
    outer loop
      vertex 22.4992 -24.8247 8.88178e-16
      vertex 26.5 -8.05 8.88178e-16
      vertex 22.6375 -24.9367 8.88178e-16
    endloop
  endfacet
  facet normal 0 0 -1
    outer loop
      vertex 22.35 -24.7278 8.88178e-16
      vertex 26.5 -8.05 8.88178e-16
      vertex 22.4992 -24.8247 8.88178e-16
    endloop
  endfacet
  facet normal 0 0 -1
    outer loop
      vertex 22.1915 -24.647 8.88178e-16
      vertex 26.5 -8.05 8.88178e-16
      vertex 22.35 -24.7278 8.88178e-16
    endloop
  endfacet
  facet normal 0 0 -1
    outer loop
      vertex 22.0253 -24.5832 8.88178e-16
      vertex 26.5 -8.05 8.88178e-16
      vertex 22.1915 -24.647 8.88178e-16
    endloop
  endfacet
  facet normal 0 0 -1
    outer loop
      vertex 21.8535 -24.5371 8.88178e-16
      vertex 26.5 -8.05 8.88178e-16
      vertex 22.0253 -24.5832 8.88178e-16
    endloop
  endfacet
  facet normal 0 0 -1
    outer loop
      vertex 21.6777 -24.5093 8.88178e-16
      vertex 26.5 -8.05 8.88178e-16
      vertex 21.8535 -24.5371 8.88178e-16
    endloop
  endfacet
  facet normal 0 0 -1
    outer loop
      vertex 21.5 -24.5 8.88178e-16
      vertex 26.5 -8.05 8.88178e-16
      vertex 21.6777 -24.5093 8.88178e-16
    endloop
  endfacet
  facet normal 0 0 -1
    outer loop
      vertex 16.5 -8.05 8.88178e-16
      vertex 26.5 -8.05 8.88178e-16
      vertex 21.5 -24.5 8.88178e-16
    endloop
  endfacet
  facet normal 0 0 -1
    outer loop
      vertex 16.5 -8.05 8.88178e-16
      vertex 21.5 -24.5 8.88178e-16
      vertex 21.3223 -24.5093 8.88178e-16
    endloop
  endfacet
  facet normal 0 0 -1
    outer loop
      vertex 16.5 -8.05 8.88178e-16
      vertex 21.3223 -24.5093 8.88178e-16
      vertex 21.1465 -24.5371 8.88178e-16
    endloop
  endfacet
  facet normal 0 0 -1
    outer loop
      vertex 16.5 -8.05 8.88178e-16
      vertex 21.1465 -24.5371 8.88178e-16
      vertex 20.9747 -24.5832 8.88178e-16
    endloop
  endfacet
  facet normal 0 0 -1
    outer loop
      vertex 16.5 -8.05 8.88178e-16
      vertex 20.9747 -24.5832 8.88178e-16
      vertex 20.8085 -24.647 8.88178e-16
    endloop
  endfacet
  facet normal 0 0 -1
    outer loop
      vertex 16.5 -8.05 8.88178e-16
      vertex 20.8085 -24.647 8.88178e-16
      vertex 20.65 -24.7278 8.88178e-16
    endloop
  endfacet
  facet normal 0 0 -1
    outer loop
      vertex 16.5 -8.05 8.88178e-16
      vertex 20.65 -24.7278 8.88178e-16
      vertex 20.5008 -24.8247 8.88178e-16
    endloop
  endfacet
  facet normal 0 0 -1
    outer loop
      vertex 16.5 -8.05 8.88178e-16
      vertex 20.5008 -24.8247 8.88178e-16
      vertex 20.3625 -24.9367 8.88178e-16
    endloop
  endfacet
  facet normal 0 0 -1
    outer loop
      vertex 18.0192 -26.5658 8.88178e-16
      vertex 20.3625 -24.9367 8.88178e-16
      vertex 20.2367 -25.0625 8.88178e-16
    endloop
  endfacet
  facet normal 0 0 -1
    outer loop
      vertex 18.0192 -26.5658 8.88178e-16
      vertex 20.2367 -25.0625 8.88178e-16
      vertex 20.1247 -25.2008 8.88178e-16
    endloop
  endfacet
  facet normal 0 0 -1
    outer loop
      vertex 18.0192 -26.5658 8.88178e-16
      vertex 20.1247 -25.2008 8.88178e-16
      vertex 20.0278 -25.35 8.88178e-16
    endloop
  endfacet
  facet normal 0 0 -1
    outer loop
      vertex 18.0192 -26.5658 8.88178e-16
      vertex 20.0278 -25.35 8.88178e-16
      vertex 19.947 -25.5085 8.88178e-16
    endloop
  endfacet
  facet normal 0 0 -1
    outer loop
      vertex 18.0192 -26.5658 8.88178e-16
      vertex 19.947 -25.5085 8.88178e-16
      vertex 19.8832 -25.6747 8.88178e-16
    endloop
  endfacet
  facet normal -0 0 -1
    outer loop
      vertex 20.0278 -27.05 8.88178e-16
      vertex 18.4689 -27.95 8.88178e-16
      vertex 19.947 -26.8915 8.88178e-16
    endloop
  endfacet
  facet normal 0 0 -1
    outer loop
      vertex 18.3026 -27.6236 8.88178e-16
      vertex 19.947 -26.8915 8.88178e-16
      vertex 18.4689 -27.95 8.88178e-16
    endloop
  endfacet
  facet normal -0 0 -1
    outer loop
      vertex 19.947 -26.8915 8.88178e-16
      vertex 18.3026 -27.6236 8.88178e-16
      vertex 19.8832 -26.7253 8.88178e-16
    endloop
  endfacet
  facet normal 0 0 -1
    outer loop
      vertex 18.1713 -27.2816 8.88178e-16
      vertex 19.8832 -26.7253 8.88178e-16
      vertex 18.3026 -27.6236 8.88178e-16
    endloop
  endfacet
  facet normal -0 0 -1
    outer loop
      vertex 19.8832 -26.7253 8.88178e-16
      vertex 18.1713 -27.2816 8.88178e-16
      vertex 19.8372 -26.5534 8.88178e-16
    endloop
  endfacet
  facet normal 0 0 -1
    outer loop
      vertex 18.0765 -26.9277 8.88178e-16
      vertex 19.8372 -26.5534 8.88178e-16
      vertex 18.1713 -27.2816 8.88178e-16
    endloop
  endfacet
  facet normal -0 0 -1
    outer loop
      vertex 19.8372 -26.5534 8.88178e-16
      vertex 18.0765 -26.9277 8.88178e-16
      vertex 19.8093 -26.3777 8.88178e-16
    endloop
  endfacet
  facet normal 0 0 -1
    outer loop
      vertex 18.0192 -26.5658 8.88178e-16
      vertex 19.8093 -26.3777 8.88178e-16
      vertex 18.0765 -26.9277 8.88178e-16
    endloop
  endfacet
  facet normal -0 0 -1
    outer loop
      vertex 19.8093 -26.3777 8.88178e-16
      vertex 18.0192 -26.5658 8.88178e-16
      vertex 19.8 -26.2 8.88178e-16
    endloop
  endfacet
  facet normal -0 0 -1
    outer loop
      vertex 19.8 -26.2 8.88178e-16
      vertex 18.0192 -26.5658 8.88178e-16
      vertex 19.8093 -26.0223 8.88178e-16
    endloop
  endfacet
  facet normal -0 0 -1
    outer loop
      vertex 19.8093 -26.0223 8.88178e-16
      vertex 18.0192 -26.5658 8.88178e-16
      vertex 19.8372 -25.8465 8.88178e-16
    endloop
  endfacet
  facet normal -0 0 -1
    outer loop
      vertex 19.8372 -25.8465 8.88178e-16
      vertex 18.0192 -26.5658 8.88178e-16
      vertex 19.8832 -25.6747 8.88178e-16
    endloop
  endfacet
  facet normal -0 0 -1
    outer loop
      vertex 20.3625 -24.9367 8.88178e-16
      vertex 18.0192 -26.5658 8.88178e-16
      vertex 16.5 -8.05 8.88178e-16
    endloop
  endfacet
  facet normal 0 0 -1
    outer loop
      vertex 26.5 -8.05 8.88178e-16
      vertex 16.5 -8.05 8.88178e-16
      vertex 26.5 -7.95 8.88178e-16
    endloop
  endfacet
  facet normal -0 0 -1
    outer loop
      vertex 26.5 -7.95 8.88178e-16
      vertex 16.5 -8.05 8.88178e-16
      vertex 16.5 -7.95 8.88178e-16
    endloop
  endfacet
  facet normal -0.996651 -0.0817758 0
    outer loop
      vertex 16.8241 -12 4
      vertex 16.5 -8.05 3.75
      vertex 16.5 -8.05 8.88178e-16
    endloop
  endfacet
  facet normal -0.996651 -0.0817758 0
    outer loop
      vertex 16.5 -8.05 3.75
      vertex 16.8241 -12 4
      vertex 16.5 -8.05 4
    endloop
  endfacet
  facet normal -0.996651 -0.0817741 1.75988e-06
    outer loop
      vertex 18.0192 -26.5658 8.88178e-16
      vertex 16.8241 -12 4
      vertex 16.5 -8.05 8.88178e-16
    endloop
  endfacet
  facet normal -0.996651 -0.0817736 -0
    outer loop
      vertex 18.0192 -26.5658 4
      vertex 16.8241 -12 4
      vertex 18.0192 -26.5658 8.88178e-16
    endloop
  endfacet
  facet normal -0.987696 -0.156383 0
    outer loop
      vertex 18.0765 -26.9277 8.88178e-16
      vertex 18.0192 -26.5658 4
      vertex 18.0192 -26.5658 8.88178e-16
    endloop
  endfacet
  facet normal -0.987696 -0.156383 0
    outer loop
      vertex 18.0192 -26.5658 4
      vertex 18.0765 -26.9277 8.88178e-16
      vertex 18.0765 -26.9277 4
    endloop
  endfacet
  facet normal 0.891017 -0.453971 0
    outer loop
      vertex 24.5311 -27.95 4
      vertex 24.6974 -27.6236 8.88178e-16
      vertex 24.6974 -27.6236 4
    endloop
  endfacet
  facet normal 0.891017 -0.453971 0
    outer loop
      vertex 24.6974 -27.6236 8.88178e-16
      vertex 24.5311 -27.95 4
      vertex 24.5311 -27.95 8.88178e-16
    endloop
  endfacet
  facet normal -0.629277 -0.777181 0
    outer loop
      vertex 19.158 -28.801 8.88178e-16
      vertex 19.4428 -29.0316 4
      vertex 19.158 -28.801 4
    endloop
  endfacet
  facet normal -0.629277 -0.777181 -0
    outer loop
      vertex 19.4428 -29.0316 4
      vertex 19.158 -28.801 8.88178e-16
      vertex 19.4428 -29.0316 8.88178e-16
    endloop
  endfacet
  facet normal -0.891017 -0.453971 0
    outer loop
      vertex 18.4689 -27.95 8.88178e-16
      vertex 18.3026 -27.6236 4
      vertex 18.3026 -27.6236 8.88178e-16
    endloop
  endfacet
  facet normal -0.891017 -0.453971 0
    outer loop
      vertex 18.3026 -27.6236 4
      vertex 18.4689 -27.95 8.88178e-16
      vertex 18.4689 -27.95 4
    endloop
  endfacet
  facet normal 0.707107 -0.707107 0
    outer loop
      vertex 23.842 -28.801 4
      vertex 24.101 -28.542 8.88178e-16
      vertex 24.101 -28.542 4
    endloop
  endfacet
  facet normal 0.707107 -0.707107 0
    outer loop
      vertex 24.101 -28.542 8.88178e-16
      vertex 23.842 -28.801 4
      vertex 23.842 -28.801 8.88178e-16
    endloop
  endfacet
  facet normal 0.933564 -0.358412 0
    outer loop
      vertex 24.6974 -27.6236 4
      vertex 24.8287 -27.2816 8.88178e-16
      vertex 24.8287 -27.2816 4
    endloop
  endfacet
  facet normal 0.933564 -0.358412 0
    outer loop
      vertex 24.8287 -27.2816 8.88178e-16
      vertex 24.6974 -27.6236 4
      vertex 24.6974 -27.6236 8.88178e-16
    endloop
  endfacet
  facet normal -0.25875 -0.965944 0
    outer loop
      vertex 20.4184 -29.5287 8.88178e-16
      vertex 20.7723 -29.6235 4
      vertex 20.4184 -29.5287 4
    endloop
  endfacet
  facet normal -0.25875 -0.965944 -0
    outer loop
      vertex 20.7723 -29.6235 4
      vertex 20.4184 -29.5287 8.88178e-16
      vertex 20.7723 -29.6235 8.88178e-16
    endloop
  endfacet
  facet normal -0.156383 -0.987696 0
    outer loop
      vertex 20.7723 -29.6235 8.88178e-16
      vertex 21.1342 -29.6808 4
      vertex 20.7723 -29.6235 4
    endloop
  endfacet
  facet normal -0.156383 -0.987696 -0
    outer loop
      vertex 21.1342 -29.6808 4
      vertex 20.7723 -29.6235 8.88178e-16
      vertex 21.1342 -29.6808 8.88178e-16
    endloop
  endfacet
  facet normal -0.838668 -0.544643 0
    outer loop
      vertex 18.6684 -28.2572 8.88178e-16
      vertex 18.4689 -27.95 4
      vertex 18.4689 -27.95 8.88178e-16
    endloop
  endfacet
  facet normal -0.838668 -0.544643 0
    outer loop
      vertex 18.4689 -27.95 4
      vertex 18.6684 -28.2572 8.88178e-16
      vertex 18.6684 -28.2572 4
    endloop
  endfacet
  facet normal -0.707107 -0.707107 0
    outer loop
      vertex 19.158 -28.801 8.88178e-16
      vertex 18.899 -28.542 4
      vertex 18.899 -28.542 8.88178e-16
    endloop
  endfacet
  facet normal -0.707107 -0.707107 0
    outer loop
      vertex 18.899 -28.542 4
      vertex 19.158 -28.801 8.88178e-16
      vertex 19.158 -28.801 4
    endloop
  endfacet
  facet normal 1 -0 0
    outer loop
      vertex 26.5 -8.05 4
      vertex 26.5 -7.95 8.88178e-16
      vertex 26.5 -7.95 4
    endloop
  endfacet
  facet normal 1 0 0
    outer loop
      vertex 26.5 -7.95 8.88178e-16
      vertex 26.5 -8.05 4
      vertex 26.5 -8.05 8.88178e-16
    endloop
  endfacet
  facet normal -0.965944 -0.25875 0
    outer loop
      vertex 18.1713 -27.2816 8.88178e-16
      vertex 18.0765 -26.9277 4
      vertex 18.0765 -26.9277 8.88178e-16
    endloop
  endfacet
  facet normal -0.965944 -0.25875 0
    outer loop
      vertex 18.0765 -26.9277 4
      vertex 18.1713 -27.2816 8.88178e-16
      vertex 18.1713 -27.2816 4
    endloop
  endfacet
  facet normal 0.0524155 -0.998625 0
    outer loop
      vertex 21.5 -29.7 8.88178e-16
      vertex 21.8658 -29.6808 4
      vertex 21.5 -29.7 4
    endloop
  endfacet
  facet normal 0.0524155 -0.998625 0
    outer loop
      vertex 21.8658 -29.6808 4
      vertex 21.5 -29.7 8.88178e-16
      vertex 21.8658 -29.6808 8.88178e-16
    endloop
  endfacet
  facet normal 0.25875 -0.965944 0
    outer loop
      vertex 22.2277 -29.6235 8.88178e-16
      vertex 22.5816 -29.5287 4
      vertex 22.2277 -29.6235 4
    endloop
  endfacet
  facet normal 0.25875 -0.965944 0
    outer loop
      vertex 22.5816 -29.5287 4
      vertex 22.2277 -29.6235 8.88178e-16
      vertex 22.5816 -29.5287 8.88178e-16
    endloop
  endfacet
  facet normal 0.629277 -0.777181 0
    outer loop
      vertex 23.5572 -29.0316 8.88178e-16
      vertex 23.842 -28.801 4
      vertex 23.5572 -29.0316 4
    endloop
  endfacet
  facet normal 0.629277 -0.777181 0
    outer loop
      vertex 23.842 -28.801 4
      vertex 23.5572 -29.0316 8.88178e-16
      vertex 23.842 -28.801 8.88178e-16
    endloop
  endfacet
  facet normal 0.838668 -0.544643 0
    outer loop
      vertex 24.3316 -28.2572 4
      vertex 24.5311 -27.95 8.88178e-16
      vertex 24.5311 -27.95 4
    endloop
  endfacet
  facet normal 0.838668 -0.544643 0
    outer loop
      vertex 24.5311 -27.95 8.88178e-16
      vertex 24.3316 -28.2572 4
      vertex 24.3316 -28.2572 8.88178e-16
    endloop
  endfacet
  facet normal 0.777181 -0.629277 0
    outer loop
      vertex 24.101 -28.542 4
      vertex 24.3316 -28.2572 8.88178e-16
      vertex 24.3316 -28.2572 4
    endloop
  endfacet
  facet normal 0.777181 -0.629277 0
    outer loop
      vertex 24.3316 -28.2572 8.88178e-16
      vertex 24.101 -28.542 4
      vertex 24.101 -28.542 8.88178e-16
    endloop
  endfacet
  facet normal -0.544643 -0.838668 0
    outer loop
      vertex 19.4428 -29.0316 8.88178e-16
      vertex 19.75 -29.2311 4
      vertex 19.4428 -29.0316 4
    endloop
  endfacet
  facet normal -0.544643 -0.838668 -0
    outer loop
      vertex 19.75 -29.2311 4
      vertex 19.4428 -29.0316 8.88178e-16
      vertex 19.75 -29.2311 8.88178e-16
    endloop
  endfacet
  facet normal -0.933564 -0.358412 0
    outer loop
      vertex 18.3026 -27.6236 8.88178e-16
      vertex 18.1713 -27.2816 4
      vertex 18.1713 -27.2816 8.88178e-16
    endloop
  endfacet
  facet normal -0.933564 -0.358412 0
    outer loop
      vertex 18.1713 -27.2816 4
      vertex 18.3026 -27.6236 8.88178e-16
      vertex 18.3026 -27.6236 4
    endloop
  endfacet
  facet normal 0.156383 -0.987696 0
    outer loop
      vertex 21.8658 -29.6808 8.88178e-16
      vertex 22.2277 -29.6235 4
      vertex 21.8658 -29.6808 4
    endloop
  endfacet
  facet normal 0.156383 -0.987696 0
    outer loop
      vertex 22.2277 -29.6235 4
      vertex 21.8658 -29.6808 8.88178e-16
      vertex 22.2277 -29.6235 8.88178e-16
    endloop
  endfacet
  facet normal 0.544643 -0.838668 0
    outer loop
      vertex 23.25 -29.2311 8.88178e-16
      vertex 23.5572 -29.0316 4
      vertex 23.25 -29.2311 4
    endloop
  endfacet
  facet normal 0.544643 -0.838668 0
    outer loop
      vertex 23.5572 -29.0316 4
      vertex 23.25 -29.2311 8.88178e-16
      vertex 23.5572 -29.0316 8.88178e-16
    endloop
  endfacet
  facet normal 0.453971 -0.891017 0
    outer loop
      vertex 22.9236 -29.3974 8.88178e-16
      vertex 23.25 -29.2311 4
      vertex 22.9236 -29.3974 4
    endloop
  endfacet
  facet normal 0.453971 -0.891017 0
    outer loop
      vertex 23.25 -29.2311 4
      vertex 22.9236 -29.3974 8.88178e-16
      vertex 23.25 -29.2311 8.88178e-16
    endloop
  endfacet
  facet normal 0.358412 -0.933564 0
    outer loop
      vertex 22.5816 -29.5287 8.88178e-16
      vertex 22.9236 -29.3974 4
      vertex 22.5816 -29.5287 4
    endloop
  endfacet
  facet normal 0.358412 -0.933564 0
    outer loop
      vertex 22.9236 -29.3974 4
      vertex 22.5816 -29.5287 8.88178e-16
      vertex 22.9236 -29.3974 8.88178e-16
    endloop
  endfacet
  facet normal 0.965944 -0.25875 0
    outer loop
      vertex 24.8287 -27.2816 4
      vertex 24.9235 -26.9277 8.88178e-16
      vertex 24.9235 -26.9277 4
    endloop
  endfacet
  facet normal 0.965944 -0.25875 0
    outer loop
      vertex 24.9235 -26.9277 8.88178e-16
      vertex 24.8287 -27.2816 4
      vertex 24.8287 -27.2816 8.88178e-16
    endloop
  endfacet
  facet normal -0.453971 -0.891017 0
    outer loop
      vertex 19.75 -29.2311 8.88178e-16
      vertex 20.0764 -29.3974 4
      vertex 19.75 -29.2311 4
    endloop
  endfacet
  facet normal -0.453971 -0.891017 -0
    outer loop
      vertex 20.0764 -29.3974 4
      vertex 19.75 -29.2311 8.88178e-16
      vertex 20.0764 -29.3974 8.88178e-16
    endloop
  endfacet
  facet normal -0.777181 -0.629277 0
    outer loop
      vertex 18.899 -28.542 8.88178e-16
      vertex 18.6684 -28.2572 4
      vertex 18.6684 -28.2572 8.88178e-16
    endloop
  endfacet
  facet normal -0.777181 -0.629277 0
    outer loop
      vertex 18.6684 -28.2572 4
      vertex 18.899 -28.542 8.88178e-16
      vertex 18.899 -28.542 4
    endloop
  endfacet
  facet normal -0.358412 -0.933564 0
    outer loop
      vertex 20.0764 -29.3974 8.88178e-16
      vertex 20.4184 -29.5287 4
      vertex 20.0764 -29.3974 4
    endloop
  endfacet
  facet normal -0.358412 -0.933564 -0
    outer loop
      vertex 20.4184 -29.5287 4
      vertex 20.0764 -29.3974 8.88178e-16
      vertex 20.4184 -29.5287 8.88178e-16
    endloop
  endfacet
  facet normal -0.998633 -0.0522639 0
    outer loop
      vertex 23.2 -26.2 8.88178e-16
      vertex 23.1907 -26.0223 4
      vertex 23.1907 -26.0223 8.88178e-16
    endloop
  endfacet
  facet normal -0.998633 -0.0522639 0
    outer loop
      vertex 23.1907 -26.0223 4
      vertex 23.2 -26.2 8.88178e-16
      vertex 23.2 -26.2 4
    endloop
  endfacet
  facet normal 0.998633 -0.0522639 0
    outer loop
      vertex 19.8 -26.2 4
      vertex 19.8093 -26.0223 8.88178e-16
      vertex 19.8093 -26.0223 4
    endloop
  endfacet
  facet normal 0.998633 -0.0522639 0
    outer loop
      vertex 19.8093 -26.0223 8.88178e-16
      vertex 19.8 -26.2 4
      vertex 19.8 -26.2 8.88178e-16
    endloop
  endfacet
  facet normal 0.0522639 -0.998633 0
    outer loop
      vertex 21.3223 -24.5093 8.88178e-16
      vertex 21.5 -24.5 4
      vertex 21.3223 -24.5093 4
    endloop
  endfacet
  facet normal 0.0522639 -0.998633 0
    outer loop
      vertex 21.5 -24.5 4
      vertex 21.3223 -24.5093 8.88178e-16
      vertex 21.5 -24.5 8.88178e-16
    endloop
  endfacet
  facet normal -0.707107 -0.707107 0
    outer loop
      vertex 22.7633 -25.0625 8.88178e-16
      vertex 22.6375 -24.9367 4
      vertex 22.6375 -24.9367 8.88178e-16
    endloop
  endfacet
  facet normal -0.707107 -0.707107 0
    outer loop
      vertex 22.6375 -24.9367 4
      vertex 22.7633 -25.0625 8.88178e-16
      vertex 22.7633 -25.0625 4
    endloop
  endfacet
  facet normal 0.707107 -0.707107 0
    outer loop
      vertex 20.2367 -25.0625 4
      vertex 20.3625 -24.9367 8.88178e-16
      vertex 20.3625 -24.9367 4
    endloop
  endfacet
  facet normal 0.707107 -0.707107 0
    outer loop
      vertex 20.3625 -24.9367 8.88178e-16
      vertex 20.2367 -25.0625 4
      vertex 20.2367 -25.0625 8.88178e-16
    endloop
  endfacet
  facet normal 0.45417 -0.890915 0
    outer loop
      vertex 20.65 -24.7278 8.88178e-16
      vertex 20.8085 -24.647 4
      vertex 20.65 -24.7278 4
    endloop
  endfacet
  facet normal 0.45417 -0.890915 0
    outer loop
      vertex 20.8085 -24.647 4
      vertex 20.65 -24.7278 8.88178e-16
      vertex 20.8085 -24.647 8.88178e-16
    endloop
  endfacet
  facet normal -0.777127 0.629344 0
    outer loop
      vertex 22.7633 -27.3375 8.88178e-16
      vertex 22.8753 -27.1992 4
      vertex 22.8753 -27.1992 8.88178e-16
    endloop
  endfacet
  facet normal -0.777127 0.629344 0
    outer loop
      vertex 22.8753 -27.1992 4
      vertex 22.7633 -27.3375 8.88178e-16
      vertex 22.7633 -27.3375 4
    endloop
  endfacet
  facet normal -0.933577 -0.358377 0
    outer loop
      vertex 23.1168 -25.6747 8.88178e-16
      vertex 23.053 -25.5085 4
      vertex 23.053 -25.5085 8.88178e-16
    endloop
  endfacet
  facet normal -0.933577 -0.358377 0
    outer loop
      vertex 23.053 -25.5085 4
      vertex 23.1168 -25.6747 8.88178e-16
      vertex 23.1168 -25.6747 4
    endloop
  endfacet
  facet normal -0.358377 -0.933577 0
    outer loop
      vertex 22.0253 -24.5832 8.88178e-16
      vertex 22.1915 -24.647 4
      vertex 22.0253 -24.5832 4
    endloop
  endfacet
  facet normal -0.358377 -0.933577 -0
    outer loop
      vertex 22.1915 -24.647 4
      vertex 22.0253 -24.5832 8.88178e-16
      vertex 22.1915 -24.647 8.88178e-16
    endloop
  endfacet
  facet normal 0.838649 -0.544672 0
    outer loop
      vertex 20.0278 -25.35 4
      vertex 20.1247 -25.2008 8.88178e-16
      vertex 20.1247 -25.2008 4
    endloop
  endfacet
  facet normal 0.838649 -0.544672 0
    outer loop
      vertex 20.1247 -25.2008 8.88178e-16
      vertex 20.0278 -25.35 4
      vertex 20.0278 -25.35 8.88178e-16
    endloop
  endfacet
  facet normal 0.777127 -0.629344 0
    outer loop
      vertex 20.1247 -25.2008 4
      vertex 20.2367 -25.0625 8.88178e-16
      vertex 20.2367 -25.0625 4
    endloop
  endfacet
  facet normal 0.777127 -0.629344 0
    outer loop
      vertex 20.2367 -25.0625 8.88178e-16
      vertex 20.1247 -25.2008 4
      vertex 20.1247 -25.2008 8.88178e-16
    endloop
  endfacet
  facet normal 0.629344 -0.777127 0
    outer loop
      vertex 20.3625 -24.9367 8.88178e-16
      vertex 20.5008 -24.8247 4
      vertex 20.3625 -24.9367 4
    endloop
  endfacet
  facet normal 0.629344 -0.777127 0
    outer loop
      vertex 20.5008 -24.8247 4
      vertex 20.3625 -24.9367 8.88178e-16
      vertex 20.5008 -24.8247 8.88178e-16
    endloop
  endfacet
  facet normal -0.156193 0.987726 0
    outer loop
      vertex 21.8535 -27.8629 8.88178e-16
      vertex 21.6777 -27.8907 4
      vertex 21.8535 -27.8629 4
    endloop
  endfacet
  facet normal -0.156193 0.987726 0
    outer loop
      vertex 21.6777 -27.8907 4
      vertex 21.8535 -27.8629 8.88178e-16
      vertex 21.6777 -27.8907 8.88178e-16
    endloop
  endfacet
  facet normal -0.965973 -0.258642 0
    outer loop
      vertex 23.1628 -25.8465 8.88178e-16
      vertex 23.1168 -25.6747 4
      vertex 23.1168 -25.6747 8.88178e-16
    endloop
  endfacet
  facet normal -0.965973 -0.258642 0
    outer loop
      vertex 23.1168 -25.6747 4
      vertex 23.1628 -25.8465 8.88178e-16
      vertex 23.1628 -25.8465 4
    endloop
  endfacet
  facet normal -0.98764 -0.156741 0
    outer loop
      vertex 23.1907 -26.0223 8.88178e-16
      vertex 23.1628 -25.8465 4
      vertex 23.1628 -25.8465 8.88178e-16
    endloop
  endfacet
  facet normal -0.98764 -0.156741 0
    outer loop
      vertex 23.1628 -25.8465 4
      vertex 23.1907 -26.0223 8.88178e-16
      vertex 23.1907 -26.0223 4
    endloop
  endfacet
  facet normal -0.838649 -0.544672 0
    outer loop
      vertex 22.9722 -25.35 8.88178e-16
      vertex 22.8753 -25.2008 4
      vertex 22.8753 -25.2008 8.88178e-16
    endloop
  endfacet
  facet normal -0.838649 -0.544672 0
    outer loop
      vertex 22.8753 -25.2008 4
      vertex 22.9722 -25.35 8.88178e-16
      vertex 22.9722 -25.35 4
    endloop
  endfacet
  facet normal -0.777127 -0.629344 0
    outer loop
      vertex 22.8753 -25.2008 8.88178e-16
      vertex 22.7633 -25.0625 4
      vertex 22.7633 -25.0625 8.88178e-16
    endloop
  endfacet
  facet normal -0.777127 -0.629344 0
    outer loop
      vertex 22.7633 -25.0625 4
      vertex 22.8753 -25.2008 8.88178e-16
      vertex 22.8753 -25.2008 4
    endloop
  endfacet
  facet normal -0.890915 -0.45417 0
    outer loop
      vertex 23.053 -25.5085 8.88178e-16
      vertex 22.9722 -25.35 4
      vertex 22.9722 -25.35 8.88178e-16
    endloop
  endfacet
  facet normal -0.890915 -0.45417 0
    outer loop
      vertex 22.9722 -25.35 4
      vertex 23.053 -25.5085 8.88178e-16
      vertex 23.053 -25.5085 4
    endloop
  endfacet
  facet normal -0.259167 -0.965833 0
    outer loop
      vertex 21.8535 -24.5371 8.88178e-16
      vertex 22.0253 -24.5832 4
      vertex 21.8535 -24.5371 4
    endloop
  endfacet
  facet normal -0.259167 -0.965833 -0
    outer loop
      vertex 22.0253 -24.5832 4
      vertex 21.8535 -24.5371 8.88178e-16
      vertex 22.0253 -24.5832 8.88178e-16
    endloop
  endfacet
  facet normal -0.156193 -0.987726 0
    outer loop
      vertex 21.6777 -24.5093 8.88178e-16
      vertex 21.8535 -24.5371 4
      vertex 21.6777 -24.5093 4
    endloop
  endfacet
  facet normal -0.156193 -0.987726 -0
    outer loop
      vertex 21.8535 -24.5371 4
      vertex 21.6777 -24.5093 8.88178e-16
      vertex 21.8535 -24.5371 8.88178e-16
    endloop
  endfacet
  facet normal -0.0522639 -0.998633 0
    outer loop
      vertex 21.5 -24.5 8.88178e-16
      vertex 21.6777 -24.5093 4
      vertex 21.5 -24.5 4
    endloop
  endfacet
  facet normal -0.0522639 -0.998633 -0
    outer loop
      vertex 21.6777 -24.5093 4
      vertex 21.5 -24.5 8.88178e-16
      vertex 21.6777 -24.5093 8.88178e-16
    endloop
  endfacet
  facet normal -0.629344 -0.777127 0
    outer loop
      vertex 22.4992 -24.8247 8.88178e-16
      vertex 22.6375 -24.9367 4
      vertex 22.4992 -24.8247 4
    endloop
  endfacet
  facet normal -0.629344 -0.777127 -0
    outer loop
      vertex 22.6375 -24.9367 4
      vertex 22.4992 -24.8247 8.88178e-16
      vertex 22.6375 -24.9367 8.88178e-16
    endloop
  endfacet
  facet normal -0.544672 -0.838649 0
    outer loop
      vertex 22.35 -24.7278 8.88178e-16
      vertex 22.4992 -24.8247 4
      vertex 22.35 -24.7278 4
    endloop
  endfacet
  facet normal -0.544672 -0.838649 -0
    outer loop
      vertex 22.4992 -24.8247 4
      vertex 22.35 -24.7278 8.88178e-16
      vertex 22.4992 -24.8247 8.88178e-16
    endloop
  endfacet
  facet normal 0.890915 -0.45417 0
    outer loop
      vertex 19.947 -25.5085 4
      vertex 20.0278 -25.35 8.88178e-16
      vertex 20.0278 -25.35 4
    endloop
  endfacet
  facet normal 0.890915 -0.45417 0
    outer loop
      vertex 20.0278 -25.35 8.88178e-16
      vertex 19.947 -25.5085 4
      vertex 19.947 -25.5085 8.88178e-16
    endloop
  endfacet
  facet normal 0.933577 -0.358377 0
    outer loop
      vertex 19.8832 -25.6747 4
      vertex 19.947 -25.5085 8.88178e-16
      vertex 19.947 -25.5085 4
    endloop
  endfacet
  facet normal 0.933577 -0.358377 0
    outer loop
      vertex 19.947 -25.5085 8.88178e-16
      vertex 19.8832 -25.6747 4
      vertex 19.8832 -25.6747 8.88178e-16
    endloop
  endfacet
  facet normal 0.965973 -0.258642 0
    outer loop
      vertex 19.8372 -25.8465 4
      vertex 19.8832 -25.6747 8.88178e-16
      vertex 19.8832 -25.6747 4
    endloop
  endfacet
  facet normal 0.965973 -0.258642 0
    outer loop
      vertex 19.8832 -25.6747 8.88178e-16
      vertex 19.8372 -25.8465 4
      vertex 19.8372 -25.8465 8.88178e-16
    endloop
  endfacet
  facet normal 0.156193 -0.987726 0
    outer loop
      vertex 21.1465 -24.5371 8.88178e-16
      vertex 21.3223 -24.5093 4
      vertex 21.1465 -24.5371 4
    endloop
  endfacet
  facet normal 0.156193 -0.987726 0
    outer loop
      vertex 21.3223 -24.5093 4
      vertex 21.1465 -24.5371 8.88178e-16
      vertex 21.3223 -24.5093 8.88178e-16
    endloop
  endfacet
  facet normal 0.358377 -0.933577 0
    outer loop
      vertex 20.8085 -24.647 8.88178e-16
      vertex 20.9747 -24.5832 4
      vertex 20.8085 -24.647 4
    endloop
  endfacet
  facet normal 0.358377 -0.933577 0
    outer loop
      vertex 20.9747 -24.5832 4
      vertex 20.8085 -24.647 8.88178e-16
      vertex 20.9747 -24.5832 8.88178e-16
    endloop
  endfacet
  facet normal 0.259167 -0.965833 0
    outer loop
      vertex 20.9747 -24.5832 8.88178e-16
      vertex 21.1465 -24.5371 4
      vertex 20.9747 -24.5832 4
    endloop
  endfacet
  facet normal 0.259167 -0.965833 0
    outer loop
      vertex 21.1465 -24.5371 4
      vertex 20.9747 -24.5832 8.88178e-16
      vertex 21.1465 -24.5371 8.88178e-16
    endloop
  endfacet
  facet normal -0.998633 0.0522639 0
    outer loop
      vertex 23.1907 -26.3777 8.88178e-16
      vertex 23.2 -26.2 4
      vertex 23.2 -26.2 8.88178e-16
    endloop
  endfacet
  facet normal -0.998633 0.0522639 0
    outer loop
      vertex 23.2 -26.2 4
      vertex 23.1907 -26.3777 8.88178e-16
      vertex 23.1907 -26.3777 4
    endloop
  endfacet
  facet normal -0.544672 0.838649 0
    outer loop
      vertex 22.4992 -27.5753 8.88178e-16
      vertex 22.35 -27.6722 4
      vertex 22.4992 -27.5753 4
    endloop
  endfacet
  facet normal -0.544672 0.838649 0
    outer loop
      vertex 22.35 -27.6722 4
      vertex 22.4992 -27.5753 8.88178e-16
      vertex 22.35 -27.6722 8.88178e-16
    endloop
  endfacet
  facet normal -0.838649 0.544672 0
    outer loop
      vertex 22.8753 -27.1992 8.88178e-16
      vertex 22.9722 -27.05 4
      vertex 22.9722 -27.05 8.88178e-16
    endloop
  endfacet
  facet normal -0.838649 0.544672 0
    outer loop
      vertex 22.9722 -27.05 4
      vertex 22.8753 -27.1992 8.88178e-16
      vertex 22.8753 -27.1992 4
    endloop
  endfacet
  facet normal 0.0522639 0.998633 -0
    outer loop
      vertex 21.5 -27.9 8.88178e-16
      vertex 21.3223 -27.8907 4
      vertex 21.5 -27.9 4
    endloop
  endfacet
  facet normal 0.0522639 0.998633 0
    outer loop
      vertex 21.3223 -27.8907 4
      vertex 21.5 -27.9 8.88178e-16
      vertex 21.3223 -27.8907 8.88178e-16
    endloop
  endfacet
  facet normal 0.933577 0.358377 0
    outer loop
      vertex 19.947 -26.8915 4
      vertex 19.8832 -26.7253 8.88178e-16
      vertex 19.8832 -26.7253 4
    endloop
  endfacet
  facet normal 0.933577 0.358377 0
    outer loop
      vertex 19.8832 -26.7253 8.88178e-16
      vertex 19.947 -26.8915 4
      vertex 19.947 -26.8915 8.88178e-16
    endloop
  endfacet
  facet normal -0.45417 0.890915 0
    outer loop
      vertex 22.35 -27.6722 8.88178e-16
      vertex 22.1915 -27.753 4
      vertex 22.35 -27.6722 4
    endloop
  endfacet
  facet normal -0.45417 0.890915 0
    outer loop
      vertex 22.1915 -27.753 4
      vertex 22.35 -27.6722 8.88178e-16
      vertex 22.1915 -27.753 8.88178e-16
    endloop
  endfacet
  facet normal -0.45417 -0.890915 0
    outer loop
      vertex 22.1915 -24.647 8.88178e-16
      vertex 22.35 -24.7278 4
      vertex 22.1915 -24.647 4
    endloop
  endfacet
  facet normal -0.45417 -0.890915 -0
    outer loop
      vertex 22.35 -24.7278 4
      vertex 22.1915 -24.647 8.88178e-16
      vertex 22.35 -24.7278 8.88178e-16
    endloop
  endfacet
  facet normal 0.98764 -0.156741 0
    outer loop
      vertex 19.8093 -26.0223 4
      vertex 19.8372 -25.8465 8.88178e-16
      vertex 19.8372 -25.8465 4
    endloop
  endfacet
  facet normal 0.98764 -0.156741 0
    outer loop
      vertex 19.8372 -25.8465 8.88178e-16
      vertex 19.8093 -26.0223 4
      vertex 19.8093 -26.0223 8.88178e-16
    endloop
  endfacet
  facet normal 0.544672 -0.838649 0
    outer loop
      vertex 20.5008 -24.8247 8.88178e-16
      vertex 20.65 -24.7278 4
      vertex 20.5008 -24.8247 4
    endloop
  endfacet
  facet normal 0.544672 -0.838649 0
    outer loop
      vertex 20.65 -24.7278 4
      vertex 20.5008 -24.8247 8.88178e-16
      vertex 20.65 -24.7278 8.88178e-16
    endloop
  endfacet
  facet normal -0.933577 0.358377 0
    outer loop
      vertex 23.053 -26.8915 8.88178e-16
      vertex 23.1168 -26.7253 4
      vertex 23.1168 -26.7253 8.88178e-16
    endloop
  endfacet
  facet normal -0.933577 0.358377 0
    outer loop
      vertex 23.1168 -26.7253 4
      vertex 23.053 -26.8915 8.88178e-16
      vertex 23.053 -26.8915 4
    endloop
  endfacet
  facet normal -0.966011 0.258502 0
    outer loop
      vertex 23.1168 -26.7253 8.88178e-16
      vertex 23.1628 -26.5534 4
      vertex 23.1628 -26.5534 8.88178e-16
    endloop
  endfacet
  facet normal -0.966011 0.258502 0
    outer loop
      vertex 23.1628 -26.5534 4
      vertex 23.1168 -26.7253 8.88178e-16
      vertex 23.1168 -26.7253 4
    endloop
  endfacet
  facet normal -0.987626 0.156828 0
    outer loop
      vertex 23.1628 -26.5534 8.88178e-16
      vertex 23.1907 -26.3777 4
      vertex 23.1907 -26.3777 8.88178e-16
    endloop
  endfacet
  facet normal -0.987626 0.156828 0
    outer loop
      vertex 23.1907 -26.3777 4
      vertex 23.1628 -26.5534 8.88178e-16
      vertex 23.1628 -26.5534 4
    endloop
  endfacet
  facet normal -0.890915 0.45417 0
    outer loop
      vertex 22.9722 -27.05 8.88178e-16
      vertex 23.053 -26.8915 4
      vertex 23.053 -26.8915 8.88178e-16
    endloop
  endfacet
  facet normal -0.890915 0.45417 0
    outer loop
      vertex 23.053 -26.8915 4
      vertex 22.9722 -27.05 8.88178e-16
      vertex 22.9722 -27.05 4
    endloop
  endfacet
  facet normal 0.358377 0.933577 -0
    outer loop
      vertex 20.9747 -27.8168 8.88178e-16
      vertex 20.8085 -27.753 4
      vertex 20.9747 -27.8168 4
    endloop
  endfacet
  facet normal 0.358377 0.933577 0
    outer loop
      vertex 20.8085 -27.753 4
      vertex 20.9747 -27.8168 8.88178e-16
      vertex 20.8085 -27.753 8.88178e-16
    endloop
  endfacet
  facet normal 0.777127 0.629344 0
    outer loop
      vertex 20.2367 -27.3375 4
      vertex 20.1247 -27.1992 8.88178e-16
      vertex 20.1247 -27.1992 4
    endloop
  endfacet
  facet normal 0.777127 0.629344 0
    outer loop
      vertex 20.1247 -27.1992 8.88178e-16
      vertex 20.2367 -27.3375 4
      vertex 20.2367 -27.3375 8.88178e-16
    endloop
  endfacet
  facet normal 0.966011 0.258502 0
    outer loop
      vertex 19.8832 -26.7253 4
      vertex 19.8372 -26.5534 8.88178e-16
      vertex 19.8372 -26.5534 4
    endloop
  endfacet
  facet normal 0.966011 0.258502 0
    outer loop
      vertex 19.8372 -26.5534 8.88178e-16
      vertex 19.8832 -26.7253 4
      vertex 19.8832 -26.7253 8.88178e-16
    endloop
  endfacet
  facet normal -0.629344 0.777127 0
    outer loop
      vertex 22.6375 -27.4633 8.88178e-16
      vertex 22.4992 -27.5753 4
      vertex 22.6375 -27.4633 4
    endloop
  endfacet
  facet normal -0.629344 0.777127 0
    outer loop
      vertex 22.4992 -27.5753 4
      vertex 22.6375 -27.4633 8.88178e-16
      vertex 22.4992 -27.5753 8.88178e-16
    endloop
  endfacet
  facet normal -0.707107 0.707107 0
    outer loop
      vertex 22.6375 -27.4633 8.88178e-16
      vertex 22.7633 -27.3375 4
      vertex 22.7633 -27.3375 8.88178e-16
    endloop
  endfacet
  facet normal -0.707107 0.707107 0
    outer loop
      vertex 22.7633 -27.3375 4
      vertex 22.6375 -27.4633 8.88178e-16
      vertex 22.6375 -27.4633 4
    endloop
  endfacet
  facet normal -0.0522639 0.998633 0
    outer loop
      vertex 21.6777 -27.8907 8.88178e-16
      vertex 21.5 -27.9 4
      vertex 21.6777 -27.8907 4
    endloop
  endfacet
  facet normal -0.0522639 0.998633 0
    outer loop
      vertex 21.5 -27.9 4
      vertex 21.6777 -27.8907 8.88178e-16
      vertex 21.5 -27.9 8.88178e-16
    endloop
  endfacet
  facet normal 0.259167 0.965833 -0
    outer loop
      vertex 21.1465 -27.8629 8.88178e-16
      vertex 20.9747 -27.8168 4
      vertex 21.1465 -27.8629 4
    endloop
  endfacet
  facet normal 0.259167 0.965833 0
    outer loop
      vertex 20.9747 -27.8168 4
      vertex 21.1465 -27.8629 8.88178e-16
      vertex 20.9747 -27.8168 8.88178e-16
    endloop
  endfacet
  facet normal 0.707107 0.707107 0
    outer loop
      vertex 20.3625 -27.4633 4
      vertex 20.2367 -27.3375 8.88178e-16
      vertex 20.2367 -27.3375 4
    endloop
  endfacet
  facet normal 0.707107 0.707107 0
    outer loop
      vertex 20.2367 -27.3375 8.88178e-16
      vertex 20.3625 -27.4633 4
      vertex 20.3625 -27.4633 8.88178e-16
    endloop
  endfacet
  facet normal 0.890915 0.45417 0
    outer loop
      vertex 20.0278 -27.05 4
      vertex 19.947 -26.8915 8.88178e-16
      vertex 19.947 -26.8915 4
    endloop
  endfacet
  facet normal 0.890915 0.45417 0
    outer loop
      vertex 19.947 -26.8915 8.88178e-16
      vertex 20.0278 -27.05 4
      vertex 20.0278 -27.05 8.88178e-16
    endloop
  endfacet
  facet normal 0.987626 0.156828 0
    outer loop
      vertex 19.8372 -26.5534 4
      vertex 19.8093 -26.3777 8.88178e-16
      vertex 19.8093 -26.3777 4
    endloop
  endfacet
  facet normal 0.987626 0.156828 0
    outer loop
      vertex 19.8093 -26.3777 8.88178e-16
      vertex 19.8372 -26.5534 4
      vertex 19.8372 -26.5534 8.88178e-16
    endloop
  endfacet
  facet normal 0.998633 0.0522639 0
    outer loop
      vertex 19.8093 -26.3777 4
      vertex 19.8 -26.2 8.88178e-16
      vertex 19.8 -26.2 4
    endloop
  endfacet
  facet normal 0.998633 0.0522639 0
    outer loop
      vertex 19.8 -26.2 8.88178e-16
      vertex 19.8093 -26.3777 4
      vertex 19.8093 -26.3777 8.88178e-16
    endloop
  endfacet
  facet normal -0.259167 0.965833 0
    outer loop
      vertex 22.0253 -27.8168 8.88178e-16
      vertex 21.8535 -27.8629 4
      vertex 22.0253 -27.8168 4
    endloop
  endfacet
  facet normal -0.259167 0.965833 0
    outer loop
      vertex 21.8535 -27.8629 4
      vertex 22.0253 -27.8168 8.88178e-16
      vertex 21.8535 -27.8629 8.88178e-16
    endloop
  endfacet
  facet normal -0.358377 0.933577 0
    outer loop
      vertex 22.1915 -27.753 8.88178e-16
      vertex 22.0253 -27.8168 4
      vertex 22.1915 -27.753 4
    endloop
  endfacet
  facet normal -0.358377 0.933577 0
    outer loop
      vertex 22.0253 -27.8168 4
      vertex 22.1915 -27.753 8.88178e-16
      vertex 22.0253 -27.8168 8.88178e-16
    endloop
  endfacet
  facet normal 0.156193 0.987726 -0
    outer loop
      vertex 21.3223 -27.8907 8.88178e-16
      vertex 21.1465 -27.8629 4
      vertex 21.3223 -27.8907 4
    endloop
  endfacet
  facet normal 0.156193 0.987726 0
    outer loop
      vertex 21.1465 -27.8629 4
      vertex 21.3223 -27.8907 8.88178e-16
      vertex 21.1465 -27.8629 8.88178e-16
    endloop
  endfacet
  facet normal 0.45417 0.890915 -0
    outer loop
      vertex 20.8085 -27.753 8.88178e-16
      vertex 20.65 -27.6722 4
      vertex 20.8085 -27.753 4
    endloop
  endfacet
  facet normal 0.45417 0.890915 0
    outer loop
      vertex 20.65 -27.6722 4
      vertex 20.8085 -27.753 8.88178e-16
      vertex 20.65 -27.6722 8.88178e-16
    endloop
  endfacet
  facet normal 0.838649 0.544672 0
    outer loop
      vertex 20.1247 -27.1992 4
      vertex 20.0278 -27.05 8.88178e-16
      vertex 20.0278 -27.05 4
    endloop
  endfacet
  facet normal 0.838649 0.544672 0
    outer loop
      vertex 20.0278 -27.05 8.88178e-16
      vertex 20.1247 -27.1992 4
      vertex 20.1247 -27.1992 8.88178e-16
    endloop
  endfacet
  facet normal 0.544672 0.838649 -0
    outer loop
      vertex 20.65 -27.6722 8.88178e-16
      vertex 20.5008 -27.5753 4
      vertex 20.65 -27.6722 4
    endloop
  endfacet
  facet normal 0.544672 0.838649 0
    outer loop
      vertex 20.5008 -27.5753 4
      vertex 20.65 -27.6722 8.88178e-16
      vertex 20.5008 -27.5753 8.88178e-16
    endloop
  endfacet
  facet normal 0.629344 0.777127 -0
    outer loop
      vertex 20.5008 -27.5753 8.88178e-16
      vertex 20.3625 -27.4633 4
      vertex 20.5008 -27.5753 4
    endloop
  endfacet
  facet normal 0.629344 0.777127 0
    outer loop
      vertex 20.3625 -27.4633 4
      vertex 20.5008 -27.5753 8.88178e-16
      vertex 20.3625 -27.4633 8.88178e-16
    endloop
  endfacet
  facet normal -1 0 0
    outer loop
      vertex -24 12 4
      vertex -24 5.15 5.85
      vertex -24 12 18
    endloop
  endfacet
  facet normal -1 0 0
    outer loop
      vertex -24 -7.95 4
      vertex -24 5.15 5.85
      vertex -24 12 4
    endloop
  endfacet
  facet normal -1 -0 0
    outer loop
      vertex -24 5.15 5.85
      vertex -24 -7.95 4
      vertex -24 -5.15 5.85
    endloop
  endfacet
  facet normal -1 0 0
    outer loop
      vertex -24 5.15 16.15
      vertex -24 12 18
      vertex -24 5.15 5.85
    endloop
  endfacet
  facet normal -1 0 0
    outer loop
      vertex -24 -5.15 16.15
      vertex -24 12 18
      vertex -24 5.15 16.15
    endloop
  endfacet
  facet normal -1 0 0
    outer loop
      vertex -24 -12 4
      vertex -24 -5.15 5.85
      vertex -24 -7.95 4
    endloop
  endfacet
  facet normal -1 -0 0
    outer loop
      vertex -24 -5.15 5.85
      vertex -24 -12 4
      vertex -24 -5.15 16.15
    endloop
  endfacet
  facet normal -1 0 0
    outer loop
      vertex -24 -5.15 16.15
      vertex -24 -12 18
      vertex -24 12 18
    endloop
  endfacet
  facet normal -1 0 0
    outer loop
      vertex -24 -12 18
      vertex -24 -5.15 16.15
      vertex -24 -12 4
    endloop
  endfacet
  facet normal 0 0 1
    outer loop
      vertex 24 12 18
      vertex 16.5 -5.15 18
      vertex 24 -12 18
    endloop
  endfacet
  facet normal -0 0 1
    outer loop
      vertex 7.60845 2.47214 18
      vertex 16.5 -5.15 18
      vertex 24 12 18
    endloop
  endfacet
  facet normal 0 0 1
    outer loop
      vertex 16.5 -5.15 18
      vertex 7.95617 0.836227 18
      vertex 8 0 18
    endloop
  endfacet
  facet normal 0 0 1
    outer loop
      vertex 16.5 -5.15 18
      vertex 7.82518 1.66329 18
      vertex 7.95617 0.836227 18
    endloop
  endfacet
  facet normal 0 0 1
    outer loop
      vertex 16.5 -5.15 18
      vertex 7.60845 2.47214 18
      vertex 7.82518 1.66329 18
    endloop
  endfacet
  facet normal 0 0 1
    outer loop
      vertex 24 12 18
      vertex 7.30836 3.25389 18
      vertex 7.60845 2.47214 18
    endloop
  endfacet
  facet normal 0 0 1
    outer loop
      vertex 24 12 18
      vertex 6.9282 4 18
      vertex 7.30836 3.25389 18
    endloop
  endfacet
  facet normal 0 0 1
    outer loop
      vertex 24 12 18
      vertex 6.47214 4.70228 18
      vertex 6.9282 4 18
    endloop
  endfacet
  facet normal 0 0 1
    outer loop
      vertex 24 12 18
      vertex 5.94516 5.35304 18
      vertex 6.47214 4.70228 18
    endloop
  endfacet
  facet normal 0 0 1
    outer loop
      vertex 24 12 18
      vertex 5.35304 5.94516 18
      vertex 5.94516 5.35304 18
    endloop
  endfacet
  facet normal 0 0 1
    outer loop
      vertex 24 12 18
      vertex 4.70228 6.47214 18
      vertex 5.35304 5.94516 18
    endloop
  endfacet
  facet normal 0 0 1
    outer loop
      vertex 24 12 18
      vertex 4 6.9282 18
      vertex 4.70228 6.47214 18
    endloop
  endfacet
  facet normal 0 0 1
    outer loop
      vertex 24 12 18
      vertex 3.25389 7.30836 18
      vertex 4 6.9282 18
    endloop
  endfacet
  facet normal 0 0 1
    outer loop
      vertex 24 12 18
      vertex 2.47214 7.60845 18
      vertex 3.25389 7.30836 18
    endloop
  endfacet
  facet normal 0 0 1
    outer loop
      vertex 24 12 18
      vertex 1.66329 7.82518 18
      vertex 2.47214 7.60845 18
    endloop
  endfacet
  facet normal 0 0 1
    outer loop
      vertex 24 12 18
      vertex 0.836227 7.95617 18
      vertex 1.66329 7.82518 18
    endloop
  endfacet
  facet normal 0 0 1
    outer loop
      vertex 24 12 18
      vertex 0 8 18
      vertex 0.836227 7.95617 18
    endloop
  endfacet
  facet normal -0 0 1
    outer loop
      vertex -24 12 18
      vertex 0 8 18
      vertex 24 12 18
    endloop
  endfacet
  facet normal 0 0 1
    outer loop
      vertex 0 8 18
      vertex -24 12 18
      vertex -0.836227 7.95617 18
    endloop
  endfacet
  facet normal 0 0 1
    outer loop
      vertex -7.95617 0.836227 18
      vertex -16.5 -5.15 18
      vertex -8 0 18
    endloop
  endfacet
  facet normal 0 0 1
    outer loop
      vertex -7.82518 1.66329 18
      vertex -16.5 -5.15 18
      vertex -7.95617 0.836227 18
    endloop
  endfacet
  facet normal 0 0 1
    outer loop
      vertex -7.60845 2.47214 18
      vertex -16.5 -5.15 18
      vertex -7.82518 1.66329 18
    endloop
  endfacet
  facet normal 0 0 1
    outer loop
      vertex -24 12 18
      vertex -7.60845 2.47214 18
      vertex -7.30836 3.25389 18
    endloop
  endfacet
  facet normal 0 0 1
    outer loop
      vertex -24 12 18
      vertex -7.30836 3.25389 18
      vertex -6.9282 4 18
    endloop
  endfacet
  facet normal 0 0 1
    outer loop
      vertex -24 12 18
      vertex -6.9282 4 18
      vertex -6.47214 4.70228 18
    endloop
  endfacet
  facet normal 0 0 1
    outer loop
      vertex -24 12 18
      vertex -6.47214 4.70228 18
      vertex -5.94516 5.35304 18
    endloop
  endfacet
  facet normal 0 0 1
    outer loop
      vertex -24 12 18
      vertex -5.94516 5.35304 18
      vertex -5.35304 5.94516 18
    endloop
  endfacet
  facet normal 0 0 1
    outer loop
      vertex -0.836227 7.95617 18
      vertex -24 12 18
      vertex -1.66329 7.82518 18
    endloop
  endfacet
  facet normal 0 0 1
    outer loop
      vertex -24 12 18
      vertex -2.47214 7.60845 18
      vertex -1.66329 7.82518 18
    endloop
  endfacet
  facet normal 0 0 1
    outer loop
      vertex -24 12 18
      vertex -3.25389 7.30836 18
      vertex -2.47214 7.60845 18
    endloop
  endfacet
  facet normal 0 0 1
    outer loop
      vertex -24 12 18
      vertex -4 6.9282 18
      vertex -3.25389 7.30836 18
    endloop
  endfacet
  facet normal 0 0 1
    outer loop
      vertex -24 12 18
      vertex -4.70228 6.47214 18
      vertex -4 6.9282 18
    endloop
  endfacet
  facet normal 0 0 1
    outer loop
      vertex -24 12 18
      vertex -5.35304 5.94516 18
      vertex -4.70228 6.47214 18
    endloop
  endfacet
  facet normal 0 0 1
    outer loop
      vertex -7.60845 2.47214 18
      vertex -24 12 18
      vertex -16.5 -5.15 18
    endloop
  endfacet
  facet normal 0 0 1
    outer loop
      vertex -24 -12 18
      vertex -16.5 -5.15 18
      vertex -24 12 18
    endloop
  endfacet
  facet normal 0 0 1
    outer loop
      vertex -16.5 -5.15 18
      vertex -24 -12 18
      vertex -16.5 -12 18
    endloop
  endfacet
  facet normal 0 0 1
    outer loop
      vertex 24 -12 18
      vertex 16.5 -5.15 18
      vertex 16.5 -12 18
    endloop
  endfacet
  facet normal -0 0 1
    outer loop
      vertex 7.95617 -0.836227 18
      vertex 16.5 -5.15 18
      vertex 8 0 18
    endloop
  endfacet
  facet normal -0 0 1
    outer loop
      vertex 7.82518 -1.66329 18
      vertex 16.5 -5.15 18
      vertex 7.95617 -0.836227 18
    endloop
  endfacet
  facet normal -0 0 1
    outer loop
      vertex 7.60845 -2.47214 18
      vertex 16.5 -5.15 18
      vertex 7.82518 -1.66329 18
    endloop
  endfacet
  facet normal -0 0 1
    outer loop
      vertex 7.30836 -3.25389 18
      vertex 16.5 -5.15 18
      vertex 7.60845 -2.47214 18
    endloop
  endfacet
  facet normal -0 0 1
    outer loop
      vertex 6.9282 -4 18
      vertex 16.5 -5.15 18
      vertex 7.30836 -3.25389 18
    endloop
  endfacet
  facet normal -0 0 1
    outer loop
      vertex 6.47214 -4.70228 18
      vertex 16.5 -5.15 18
      vertex 6.9282 -4 18
    endloop
  endfacet
  facet normal 0 0 1
    outer loop
      vertex 16.5 -5.15 18
      vertex 6.47214 -4.70228 18
      vertex 6.10958 -5.15 18
    endloop
  endfacet
  facet normal 0 0 1
    outer loop
      vertex -6.47214 -4.70228 18
      vertex -16.5 -5.15 18
      vertex -6.10958 -5.15 18
    endloop
  endfacet
  facet normal 0 0 1
    outer loop
      vertex -6.9282 -4 18
      vertex -16.5 -5.15 18
      vertex -6.47214 -4.70228 18
    endloop
  endfacet
  facet normal 0 0 1
    outer loop
      vertex -7.30836 -3.25389 18
      vertex -16.5 -5.15 18
      vertex -6.9282 -4 18
    endloop
  endfacet
  facet normal 0 0 1
    outer loop
      vertex -7.60845 -2.47214 18
      vertex -16.5 -5.15 18
      vertex -7.30836 -3.25389 18
    endloop
  endfacet
  facet normal 0 0 1
    outer loop
      vertex -7.82518 -1.66329 18
      vertex -16.5 -5.15 18
      vertex -7.60845 -2.47214 18
    endloop
  endfacet
  facet normal 0 0 1
    outer loop
      vertex -7.95617 -0.836227 18
      vertex -16.5 -5.15 18
      vertex -7.82518 -1.66329 18
    endloop
  endfacet
  facet normal 0 0 1
    outer loop
      vertex -16.5 -5.15 18
      vertex -7.95617 -0.836227 18
      vertex -8 0 18
    endloop
  endfacet
  facet normal 1 0 0
    outer loop
      vertex 24 12 18
      vertex 24 5.15 16.15
      vertex 24 12 4
    endloop
  endfacet
  facet normal 1 0 0
    outer loop
      vertex 24 12 18
      vertex 24 -5.15 16.15
      vertex 24 5.15 16.15
    endloop
  endfacet
  facet normal 1 0 0
    outer loop
      vertex 24 -12 4
      vertex 24 -5.15 5.85
      vertex 24 -5.15 16.15
    endloop
  endfacet
  facet normal 1 -0 0
    outer loop
      vertex 24 -12 18
      vertex 24 -5.15 16.15
      vertex 24 12 18
    endloop
  endfacet
  facet normal 1 0 0
    outer loop
      vertex 24 -12 4
      vertex 24 -5.15 16.15
      vertex 24 -12 18
    endloop
  endfacet
  facet normal 1 0 0
    outer loop
      vertex 24 -5.15 5.85
      vertex 24 -12 4
      vertex 24 -7.95 4
    endloop
  endfacet
  facet normal 1 -0 0
    outer loop
      vertex 24 5.15 5.85
      vertex 24 12 4
      vertex 24 5.15 16.15
    endloop
  endfacet
  facet normal 1 0 0
    outer loop
      vertex 24 -7.95 4
      vertex 24 5.15 5.85
      vertex 24 -5.15 5.85
    endloop
  endfacet
  facet normal 1 0 0
    outer loop
      vertex 24 5.15 5.85
      vertex 24 -7.95 4
      vertex 24 12 4
    endloop
  endfacet
  facet normal 0 1 -0
    outer loop
      vertex 24 12 4
      vertex -24 12 18
      vertex 24 12 18
    endloop
  endfacet
  facet normal 0 1 0
    outer loop
      vertex -24 12 18
      vertex 24 12 4
      vertex -24 12 4
    endloop
  endfacet
  facet normal 0 0 -1
    outer loop
      vertex -16.5 -7.95 4
      vertex -24 -7.95 4
      vertex -16.5 -5.15 4
    endloop
  endfacet
  facet normal 0 0 -1
    outer loop
      vertex 16.5 -5.15 4
      vertex 24 -7.95 4
      vertex 16.5 -7.95 4
    endloop
  endfacet
  facet normal 0 0 -1
    outer loop
      vertex 24 -7.95 4
      vertex 16.5 -5.15 4
      vertex 24 12 4
    endloop
  endfacet
  facet normal 0 0 -1
    outer loop
      vertex -16.5 -5.15 4
      vertex 24 12 4
      vertex 16.5 -5.15 4
    endloop
  endfacet
  facet normal 0 0 -1
    outer loop
      vertex -24 12 4
      vertex -16.5 -5.15 4
      vertex -24 -7.95 4
    endloop
  endfacet
  facet normal 0 0 -1
    outer loop
      vertex -16.5 -5.15 4
      vertex -24 12 4
      vertex 24 12 4
    endloop
  endfacet
  facet normal 0 0 -1
    outer loop
      vertex -16.5 -12 4
      vertex -16.8241 -12 4
      vertex -16.5 -8.05 4
    endloop
  endfacet
  facet normal 0 0 -1
    outer loop
      vertex 16.8241 -12 4
      vertex 16.5 -12 4
      vertex 16.5 -8.05 4
    endloop
  endfacet
  facet normal 0 -1 0
    outer loop
      vertex 16.5 -12 18
      vertex 16.8241 -12 4
      vertex 24 -12 18
    endloop
  endfacet
  facet normal 0 -1 0
    outer loop
      vertex 16.5 -12 4
      vertex 16.8241 -12 4
      vertex 16.5 -12 18
    endloop
  endfacet
  facet normal 0 -1 -0
    outer loop
      vertex 24 -12 18
      vertex 16.8241 -12 4
      vertex 24 -12 4
    endloop
  endfacet
  facet normal 0 -1 0
    outer loop
      vertex -16.8241 -12 4
      vertex -24 -12 18
      vertex -24 -12 4
    endloop
  endfacet
  facet normal 0 -1 0
    outer loop
      vertex -24 -12 18
      vertex -16.8241 -12 4
      vertex -16.5 -12 18
    endloop
  endfacet
  facet normal 0 -1 0
    outer loop
      vertex -16.8241 -12 4
      vertex -16.5 -12 4
      vertex -16.5 -12 18
    endloop
  endfacet
  facet normal 0 0 1
    outer loop
      vertex 6.06658 0.637623 28
      vertex 6.06658 -0.637623 28
      vertex 6.1 0 28
    endloop
  endfacet
  facet normal 0 0 1
    outer loop
      vertex 5.9667 1.26826 28
      vertex 6.06658 -0.637623 28
      vertex 6.06658 0.637623 28
    endloop
  endfacet
  facet normal 0 0 1
    outer loop
      vertex 5.9667 1.26826 28
      vertex 5.9667 -1.26826 28
      vertex 6.06658 -0.637623 28
    endloop
  endfacet
  facet normal 0 0 1
    outer loop
      vertex 5.80144 1.885 28
      vertex 5.9667 -1.26826 28
      vertex 5.9667 1.26826 28
    endloop
  endfacet
  facet normal 0 0 1
    outer loop
      vertex 5.80144 1.885 28
      vertex 5.80144 -1.885 28
      vertex 5.9667 -1.26826 28
    endloop
  endfacet
  facet normal 0 0 1
    outer loop
      vertex 5.57263 2.48109 28
      vertex 5.80144 -1.885 28
      vertex 5.80144 1.885 28
    endloop
  endfacet
  facet normal 0 0 1
    outer loop
      vertex 5.57263 2.48109 28
      vertex 5.57263 -2.48109 28
      vertex 5.80144 -1.885 28
    endloop
  endfacet
  facet normal 0 0 1
    outer loop
      vertex 5.28275 3.05 28
      vertex 5.57263 -2.48109 28
      vertex 5.57263 2.48109 28
    endloop
  endfacet
  facet normal 0 0 1
    outer loop
      vertex 5.28275 3.05 28
      vertex 5.28275 -3.05 28
      vertex 5.57263 -2.48109 28
    endloop
  endfacet
  facet normal 0 0 1
    outer loop
      vertex 4.935 3.58549 28
      vertex 5.28275 -3.05 28
      vertex 5.28275 3.05 28
    endloop
  endfacet
  facet normal 0 0 1
    outer loop
      vertex 4.935 3.58549 28
      vertex 4.935 -3.58549 28
      vertex 5.28275 -3.05 28
    endloop
  endfacet
  facet normal 0 0 1
    outer loop
      vertex 4.53318 4.0817 28
      vertex 4.935 -3.58549 28
      vertex 4.935 3.58549 28
    endloop
  endfacet
  facet normal 0 0 1
    outer loop
      vertex 4.53318 4.0817 28
      vertex 4.53318 -4.0817 28
      vertex 4.935 -3.58549 28
    endloop
  endfacet
  facet normal 0 0 1
    outer loop
      vertex 4.0817 4.53318 28
      vertex 4.53318 -4.0817 28
      vertex 4.53318 4.0817 28
    endloop
  endfacet
  facet normal 0 0 1
    outer loop
      vertex 4.0817 4.53318 28
      vertex 4.0817 -4.53318 28
      vertex 4.53318 -4.0817 28
    endloop
  endfacet
  facet normal 0 0 1
    outer loop
      vertex 3.58549 4.935 28
      vertex 4.0817 -4.53318 28
      vertex 4.0817 4.53318 28
    endloop
  endfacet
  facet normal 0 0 1
    outer loop
      vertex 3.58549 4.935 28
      vertex 3.58549 -4.935 28
      vertex 4.0817 -4.53318 28
    endloop
  endfacet
  facet normal 0 0 1
    outer loop
      vertex 3.05 5.28275 28
      vertex 3.58549 -4.935 28
      vertex 3.58549 4.935 28
    endloop
  endfacet
  facet normal 0 0 1
    outer loop
      vertex 3.05 5.28275 28
      vertex 3.05 -5.28275 28
      vertex 3.58549 -4.935 28
    endloop
  endfacet
  facet normal 0 0 1
    outer loop
      vertex 2.48109 5.57263 28
      vertex 3.05 -5.28275 28
      vertex 3.05 5.28275 28
    endloop
  endfacet
  facet normal 0 0 1
    outer loop
      vertex 2.48109 5.57263 28
      vertex 2.48109 -5.57263 28
      vertex 3.05 -5.28275 28
    endloop
  endfacet
  facet normal 0 0 1
    outer loop
      vertex 1.885 5.80144 28
      vertex 2.48109 -5.57263 28
      vertex 2.48109 5.57263 28
    endloop
  endfacet
  facet normal 0 0 1
    outer loop
      vertex 1.885 5.80144 28
      vertex 1.885 -5.80144 28
      vertex 2.48109 -5.57263 28
    endloop
  endfacet
  facet normal 0 0 1
    outer loop
      vertex 1.26826 5.9667 28
      vertex 1.885 -5.80144 28
      vertex 1.885 5.80144 28
    endloop
  endfacet
  facet normal 0 0 1
    outer loop
      vertex 1.26826 5.9667 28
      vertex 1.26826 -5.9667 28
      vertex 1.885 -5.80144 28
    endloop
  endfacet
  facet normal 0 0 1
    outer loop
      vertex 0.637623 6.06658 28
      vertex 1.26826 -5.9667 28
      vertex 1.26826 5.9667 28
    endloop
  endfacet
  facet normal 0 0 1
    outer loop
      vertex 0.637623 6.06658 28
      vertex 0.637623 -6.06658 28
      vertex 1.26826 -5.9667 28
    endloop
  endfacet
  facet normal 0 0 1
    outer loop
      vertex 0 6.1 28
      vertex 0.637623 -6.06658 28
      vertex 0.637623 6.06658 28
    endloop
  endfacet
  facet normal 0 0 1
    outer loop
      vertex 0 6.1 28
      vertex 0 -6.1 28
      vertex 0.637623 -6.06658 28
    endloop
  endfacet
  facet normal -0 0 1
    outer loop
      vertex -0.637623 6.06658 28
      vertex 0 -6.1 28
      vertex 0 6.1 28
    endloop
  endfacet
  facet normal 0 0 1
    outer loop
      vertex -0.637623 6.06658 28
      vertex -0.637623 -6.06658 28
      vertex 0 -6.1 28
    endloop
  endfacet
  facet normal -0 0 1
    outer loop
      vertex -1.26826 5.9667 28
      vertex -0.637623 -6.06658 28
      vertex -0.637623 6.06658 28
    endloop
  endfacet
  facet normal 0 0 1
    outer loop
      vertex -1.26826 5.9667 28
      vertex -1.26826 -5.9667 28
      vertex -0.637623 -6.06658 28
    endloop
  endfacet
  facet normal -0 0 1
    outer loop
      vertex -1.885 5.80144 28
      vertex -1.26826 -5.9667 28
      vertex -1.26826 5.9667 28
    endloop
  endfacet
  facet normal 0 0 1
    outer loop
      vertex -1.885 5.80144 28
      vertex -1.885 -5.80144 28
      vertex -1.26826 -5.9667 28
    endloop
  endfacet
  facet normal -0 0 1
    outer loop
      vertex -2.48109 5.57263 28
      vertex -1.885 -5.80144 28
      vertex -1.885 5.80144 28
    endloop
  endfacet
  facet normal 0 0 1
    outer loop
      vertex -2.48109 5.57263 28
      vertex -2.48109 -5.57263 28
      vertex -1.885 -5.80144 28
    endloop
  endfacet
  facet normal -0 0 1
    outer loop
      vertex -3.05 5.28275 28
      vertex -2.48109 -5.57263 28
      vertex -2.48109 5.57263 28
    endloop
  endfacet
  facet normal 0 0 1
    outer loop
      vertex -3.05 5.28275 28
      vertex -3.05 -5.28275 28
      vertex -2.48109 -5.57263 28
    endloop
  endfacet
  facet normal -0 0 1
    outer loop
      vertex -3.58549 4.935 28
      vertex -3.05 -5.28275 28
      vertex -3.05 5.28275 28
    endloop
  endfacet
  facet normal 0 0 1
    outer loop
      vertex -3.58549 4.935 28
      vertex -3.58549 -4.935 28
      vertex -3.05 -5.28275 28
    endloop
  endfacet
  facet normal -0 0 1
    outer loop
      vertex -4.0817 4.53318 28
      vertex -3.58549 -4.935 28
      vertex -3.58549 4.935 28
    endloop
  endfacet
  facet normal 0 0 1
    outer loop
      vertex -4.0817 4.53318 28
      vertex -4.0817 -4.53318 28
      vertex -3.58549 -4.935 28
    endloop
  endfacet
  facet normal -0 0 1
    outer loop
      vertex -4.53318 4.0817 28
      vertex -4.0817 -4.53318 28
      vertex -4.0817 4.53318 28
    endloop
  endfacet
  facet normal 0 0 1
    outer loop
      vertex -4.53318 4.0817 28
      vertex -4.53318 -4.0817 28
      vertex -4.0817 -4.53318 28
    endloop
  endfacet
  facet normal -0 0 1
    outer loop
      vertex -4.935 3.58549 28
      vertex -4.53318 -4.0817 28
      vertex -4.53318 4.0817 28
    endloop
  endfacet
  facet normal 0 0 1
    outer loop
      vertex -4.935 3.58549 28
      vertex -4.935 -3.58549 28
      vertex -4.53318 -4.0817 28
    endloop
  endfacet
  facet normal -0 0 1
    outer loop
      vertex -5.28275 3.05 28
      vertex -4.935 -3.58549 28
      vertex -4.935 3.58549 28
    endloop
  endfacet
  facet normal 0 0 1
    outer loop
      vertex -5.28275 3.05 28
      vertex -5.28275 -3.05 28
      vertex -4.935 -3.58549 28
    endloop
  endfacet
  facet normal -0 0 1
    outer loop
      vertex -5.57263 2.48109 28
      vertex -5.28275 -3.05 28
      vertex -5.28275 3.05 28
    endloop
  endfacet
  facet normal 0 0 1
    outer loop
      vertex -5.57263 2.48109 28
      vertex -5.57263 -2.48109 28
      vertex -5.28275 -3.05 28
    endloop
  endfacet
  facet normal -0 0 1
    outer loop
      vertex -5.80144 1.885 28
      vertex -5.57263 -2.48109 28
      vertex -5.57263 2.48109 28
    endloop
  endfacet
  facet normal 0 0 1
    outer loop
      vertex -5.80144 1.885 28
      vertex -5.80144 -1.885 28
      vertex -5.57263 -2.48109 28
    endloop
  endfacet
  facet normal -0 0 1
    outer loop
      vertex -5.9667 1.26826 28
      vertex -5.80144 -1.885 28
      vertex -5.80144 1.885 28
    endloop
  endfacet
  facet normal 0 0 1
    outer loop
      vertex -5.9667 1.26826 28
      vertex -5.9667 -1.26826 28
      vertex -5.80144 -1.885 28
    endloop
  endfacet
  facet normal -0 0 1
    outer loop
      vertex -6.06658 0.637623 28
      vertex -5.9667 -1.26826 28
      vertex -5.9667 1.26826 28
    endloop
  endfacet
  facet normal 0 0 1
    outer loop
      vertex -6.06658 0.637623 28
      vertex -6.06658 -0.637623 28
      vertex -5.9667 -1.26826 28
    endloop
  endfacet
  facet normal 0 -0 1
    outer loop
      vertex -6.06658 -0.637623 28
      vertex -6.06658 0.637623 28
      vertex -6.1 0 28
    endloop
  endfacet
  facet normal 0 0 -1
    outer loop
      vertex 16.5 -5.15 16.15
      vertex 24 5.15 16.15
      vertex 24 -5.15 16.15
    endloop
  endfacet
  facet normal 0 0 -1
    outer loop
      vertex -16.5 -5.15 16.15
      vertex 24 5.15 16.15
      vertex 16.5 -5.15 16.15
    endloop
  endfacet
  facet normal 0 0 -1
    outer loop
      vertex -24 5.15 16.15
      vertex -16.5 -5.15 16.15
      vertex -24 -5.15 16.15
    endloop
  endfacet
  facet normal 0 0 -1
    outer loop
      vertex -16.5 -5.15 16.15
      vertex -24 5.15 16.15
      vertex 24 5.15 16.15
    endloop
  endfacet
  facet normal 0 -1 0
    outer loop
      vertex -24 5.15 5.85
      vertex 24 5.15 16.15
      vertex -24 5.15 16.15
    endloop
  endfacet
  facet normal 0 -1 -0
    outer loop
      vertex 24 5.15 16.15
      vertex -24 5.15 5.85
      vertex 24 5.15 5.85
    endloop
  endfacet
  facet normal 0 0 1
    outer loop
      vertex 24 5.15 5.85
      vertex 16.5 -5.15 5.85
      vertex 24 -5.15 5.85
    endloop
  endfacet
  facet normal 0 0 1
    outer loop
      vertex 24 5.15 5.85
      vertex -16.5 -5.15 5.85
      vertex 16.5 -5.15 5.85
    endloop
  endfacet
  facet normal -0 0 1
    outer loop
      vertex -24 5.15 5.85
      vertex -16.5 -5.15 5.85
      vertex 24 5.15 5.85
    endloop
  endfacet
  facet normal 0 0 1
    outer loop
      vertex -16.5 -5.15 5.85
      vertex -24 5.15 5.85
      vertex -24 -5.15 5.85
    endloop
  endfacet
  facet normal 0 1 -0
    outer loop
      vertex -16.5 -5.15 5.85
      vertex -24 -5.15 16.15
      vertex -16.5 -5.15 16.15
    endloop
  endfacet
  facet normal 0 1 0
    outer loop
      vertex -24 -5.15 16.15
      vertex -16.5 -5.15 5.85
      vertex -24 -5.15 5.85
    endloop
  endfacet
  facet normal 0 1 -0
    outer loop
      vertex 24 -5.15 5.85
      vertex 16.5 -5.15 16.15
      vertex 24 -5.15 16.15
    endloop
  endfacet
  facet normal 0 1 0
    outer loop
      vertex 16.5 -5.15 16.15
      vertex 24 -5.15 5.85
      vertex 16.5 -5.15 5.85
    endloop
  endfacet
  facet normal 0 -1 0
    outer loop
      vertex -16.5 -5.15 4
      vertex 16.5 -5.15 5.85
      vertex -16.5 -5.15 5.85
    endloop
  endfacet
  facet normal 0 -1 -0
    outer loop
      vertex 16.5 -5.15 5.85
      vertex -16.5 -5.15 4
      vertex 16.5 -5.15 4
    endloop
  endfacet
  facet normal 0 -1 0
    outer loop
      vertex -16.5 -5.15 16.15
      vertex -6.10958 -5.15 18
      vertex -16.5 -5.15 18
    endloop
  endfacet
  facet normal 0 -1 -0
    outer loop
      vertex -6.10958 -5.15 18
      vertex -16.5 -5.15 16.15
      vertex 6.10958 -5.15 18
    endloop
  endfacet
  facet normal 0 -1 0
    outer loop
      vertex 16.5 -5.15 16.15
      vertex 6.10958 -5.15 18
      vertex -16.5 -5.15 16.15
    endloop
  endfacet
  facet normal 0 -1 0
    outer loop
      vertex 6.10958 -5.15 18
      vertex 16.5 -5.15 16.15
      vertex 16.5 -5.15 18
    endloop
  endfacet
  facet normal 0 -1 0
    outer loop
      vertex -6.10958 -5.15 18
      vertex 6.10958 -5.15 18.25
      vertex -6.10958 -5.15 18.25
    endloop
  endfacet
  facet normal 0 -1 -0
    outer loop
      vertex 6.10958 -5.15 18.25
      vertex -6.10958 -5.15 18
      vertex 6.10958 -5.15 18
    endloop
  endfacet
  facet normal 0 0 -1
    outer loop
      vertex 5.35304 -5.94516 18.25
      vertex 6.10958 -5.15 18.25
      vertex 5.94516 -5.35304 18.25
    endloop
  endfacet
  facet normal 0 0 -1
    outer loop
      vertex 4.70228 -6.47214 18.25
      vertex 6.10958 -5.15 18.25
      vertex 5.35304 -5.94516 18.25
    endloop
  endfacet
  facet normal 0 0 -1
    outer loop
      vertex 4 -6.9282 18.25
      vertex 6.10958 -5.15 18.25
      vertex 4.70228 -6.47214 18.25
    endloop
  endfacet
  facet normal 0 0 -1
    outer loop
      vertex 3.25389 -7.30836 18.25
      vertex 6.10958 -5.15 18.25
      vertex 4 -6.9282 18.25
    endloop
  endfacet
  facet normal 0 0 -1
    outer loop
      vertex 2.47214 -7.60845 18.25
      vertex 6.10958 -5.15 18.25
      vertex 3.25389 -7.30836 18.25
    endloop
  endfacet
  facet normal 0 0 -1
    outer loop
      vertex 1.66329 -7.82518 18.25
      vertex 6.10958 -5.15 18.25
      vertex 2.47214 -7.60845 18.25
    endloop
  endfacet
  facet normal 0 0 -1
    outer loop
      vertex 0.836227 -7.95617 18.25
      vertex 6.10958 -5.15 18.25
      vertex 1.66329 -7.82518 18.25
    endloop
  endfacet
  facet normal 0 0 -1
    outer loop
      vertex 0 -8 18.25
      vertex 6.10958 -5.15 18.25
      vertex 0.836227 -7.95617 18.25
    endloop
  endfacet
  facet normal 0 0 -1
    outer loop
      vertex -0.836227 -7.95617 18.25
      vertex 6.10958 -5.15 18.25
      vertex 0 -8 18.25
    endloop
  endfacet
  facet normal 0 0 -1
    outer loop
      vertex -1.66329 -7.82518 18.25
      vertex 6.10958 -5.15 18.25
      vertex -0.836227 -7.95617 18.25
    endloop
  endfacet
  facet normal 0 0 -1
    outer loop
      vertex -2.47214 -7.60845 18.25
      vertex 6.10958 -5.15 18.25
      vertex -1.66329 -7.82518 18.25
    endloop
  endfacet
  facet normal 0 0 -1
    outer loop
      vertex -3.25389 -7.30836 18.25
      vertex 6.10958 -5.15 18.25
      vertex -2.47214 -7.60845 18.25
    endloop
  endfacet
  facet normal 0 0 -1
    outer loop
      vertex -4 -6.9282 18.25
      vertex 6.10958 -5.15 18.25
      vertex -3.25389 -7.30836 18.25
    endloop
  endfacet
  facet normal 0 0 -1
    outer loop
      vertex -4.70228 -6.47214 18.25
      vertex 6.10958 -5.15 18.25
      vertex -4 -6.9282 18.25
    endloop
  endfacet
  facet normal 0 0 -1
    outer loop
      vertex -5.35304 -5.94516 18.25
      vertex 6.10958 -5.15 18.25
      vertex -4.70228 -6.47214 18.25
    endloop
  endfacet
  facet normal 0 0 -1
    outer loop
      vertex -6.10958 -5.15 18.25
      vertex -5.35304 -5.94516 18.25
      vertex -5.94516 -5.35304 18.25
    endloop
  endfacet
  facet normal 0 0 -1
    outer loop
      vertex -5.35304 -5.94516 18.25
      vertex -6.10958 -5.15 18.25
      vertex 6.10958 -5.15 18.25
    endloop
  endfacet
endsolid OpenSCAD_Model
