solid OpenSCAD_Model
  facet normal 0.998629 0.0523407 0
    outer loop
      vertex 1.4 0 5
      vertex 1.39233 0.146339 0
      vertex 1.39233 0.146339 5
    endloop
  endfacet
  facet normal 0.998629 0.0523407 0
    outer loop
      vertex 1.39233 0.146339 0
      vertex 1.4 0 5
      vertex 1.4 0 0
    endloop
  endfacet
  facet normal -0.998629 0.0523407 0
    outer loop
      vertex -1.4 0 0
      vertex -1.39233 0.146339 5
      vertex -1.39233 0.146339 0
    endloop
  endfacet
  facet normal -0.998629 0.0523407 0
    outer loop
      vertex -1.39233 0.146339 5
      vertex -1.4 0 0
      vertex -1.4 0 5
    endloop
  endfacet
  facet normal 0.0523407 0.998629 -0
    outer loop
      vertex 0.146339 1.39233 0
      vertex 0 1.4 5
      vertex 0.146339 1.39233 5
    endloop
  endfacet
  facet normal 0.0523407 0.998629 0
    outer loop
      vertex 0 1.4 5
      vertex 0.146339 1.39233 0
      vertex 0 1.4 0
    endloop
  endfacet
  facet normal 0.707107 0.707107 0
    outer loop
      vertex 1.0404 0.936783 5
      vertex 0.936783 1.0404 0
      vertex 0.936783 1.0404 5
    endloop
  endfacet
  facet normal 0.707107 0.707107 0
    outer loop
      vertex 0.936783 1.0404 0
      vertex 1.0404 0.936783 5
      vertex 1.0404 0.936783 0
    endloop
  endfacet
  facet normal -0.629314 0.777151 0
    outer loop
      vertex -0.822899 1.13262 0
      vertex -0.936783 1.0404 5
      vertex -0.822899 1.13262 5
    endloop
  endfacet
  facet normal -0.629314 0.777151 0
    outer loop
      vertex -0.936783 1.0404 5
      vertex -0.822899 1.13262 0
      vertex -0.936783 1.0404 0
    endloop
  endfacet
  facet normal -0.258836 0.965921 0
    outer loop
      vertex -0.291076 1.36941 0
      vertex -0.432623 1.33148 5
      vertex -0.291076 1.36941 5
    endloop
  endfacet
  facet normal -0.258836 0.965921 0
    outer loop
      vertex -0.432623 1.33148 5
      vertex -0.291076 1.36941 0
      vertex -0.432623 1.33148 0
    endloop
  endfacet
  facet normal -0.965921 -0.258836 0
    outer loop
      vertex -1.33148 -0.432623 0
      vertex -1.36941 -0.291076 5
      vertex -1.36941 -0.291076 0
    endloop
  endfacet
  facet normal -0.965921 -0.258836 0
    outer loop
      vertex -1.36941 -0.291076 5
      vertex -1.33148 -0.432623 0
      vertex -1.33148 -0.432623 5
    endloop
  endfacet
  facet normal 0 0 -1
    outer loop
      vertex 1.39233 -0.146339 0
      vertex 1.39233 0.146339 0
      vertex 1.4 0 0
    endloop
  endfacet
  facet normal 0 0 -1
    outer loop
      vertex 1.36941 -0.291076 0
      vertex 1.39233 0.146339 0
      vertex 1.39233 -0.146339 0
    endloop
  endfacet
  facet normal 0 0 -1
    outer loop
      vertex 1.36941 -0.291076 0
      vertex 1.36941 0.291076 0
      vertex 1.39233 0.146339 0
    endloop
  endfacet
  facet normal 0 0 -1
    outer loop
      vertex 1.33148 -0.432623 0
      vertex 1.36941 0.291076 0
      vertex 1.36941 -0.291076 0
    endloop
  endfacet
  facet normal 0 0 -1
    outer loop
      vertex 1.33148 -0.432623 0
      vertex 1.33148 0.432623 0
      vertex 1.36941 0.291076 0
    endloop
  endfacet
  facet normal 0 0 -1
    outer loop
      vertex 1.27896 -0.56943 0
      vertex 1.33148 0.432623 0
      vertex 1.33148 -0.432623 0
    endloop
  endfacet
  facet normal 0 0 -1
    outer loop
      vertex 1.27896 -0.56943 0
      vertex 1.27896 0.56943 0
      vertex 1.33148 0.432623 0
    endloop
  endfacet
  facet normal 0 0 -1
    outer loop
      vertex 1.21243 -0.7 0
      vertex 1.27896 0.56943 0
      vertex 1.27896 -0.56943 0
    endloop
  endfacet
  facet normal 0 0 -1
    outer loop
      vertex 1.21243 -0.7 0
      vertex 1.21243 0.7 0
      vertex 1.27896 0.56943 0
    endloop
  endfacet
  facet normal 0 0 -1
    outer loop
      vertex 1.13262 -0.822899 0
      vertex 1.21243 0.7 0
      vertex 1.21243 -0.7 0
    endloop
  endfacet
  facet normal 0 0 -1
    outer loop
      vertex 1.13262 -0.822899 0
      vertex 1.13262 0.822899 0
      vertex 1.21243 0.7 0
    endloop
  endfacet
  facet normal 0 0 -1
    outer loop
      vertex 1.0404 -0.936783 0
      vertex 1.13262 0.822899 0
      vertex 1.13262 -0.822899 0
    endloop
  endfacet
  facet normal 0 0 -1
    outer loop
      vertex 1.0404 -0.936783 0
      vertex 1.0404 0.936783 0
      vertex 1.13262 0.822899 0
    endloop
  endfacet
  facet normal 0 0 -1
    outer loop
      vertex 0.936783 -1.0404 0
      vertex 1.0404 0.936783 0
      vertex 1.0404 -0.936783 0
    endloop
  endfacet
  facet normal 0 0 -1
    outer loop
      vertex 0.936783 -1.0404 0
      vertex 0.936783 1.0404 0
      vertex 1.0404 0.936783 0
    endloop
  endfacet
  facet normal 0 0 -1
    outer loop
      vertex 0.822899 -1.13262 0
      vertex 0.936783 1.0404 0
      vertex 0.936783 -1.0404 0
    endloop
  endfacet
  facet normal 0 0 -1
    outer loop
      vertex 0.822899 -1.13262 0
      vertex 0.822899 1.13262 0
      vertex 0.936783 1.0404 0
    endloop
  endfacet
  facet normal 0 0 -1
    outer loop
      vertex 0.7 -1.21243 0
      vertex 0.822899 1.13262 0
      vertex 0.822899 -1.13262 0
    endloop
  endfacet
  facet normal 0 0 -1
    outer loop
      vertex 0.7 -1.21243 0
      vertex 0.7 1.21243 0
      vertex 0.822899 1.13262 0
    endloop
  endfacet
  facet normal 0 0 -1
    outer loop
      vertex 0.56943 -1.27896 0
      vertex 0.7 1.21243 0
      vertex 0.7 -1.21243 0
    endloop
  endfacet
  facet normal 0 0 -1
    outer loop
      vertex 0.56943 -1.27896 0
      vertex 0.56943 1.27896 0
      vertex 0.7 1.21243 0
    endloop
  endfacet
  facet normal 0 0 -1
    outer loop
      vertex 0.432623 -1.33148 0
      vertex 0.56943 1.27896 0
      vertex 0.56943 -1.27896 0
    endloop
  endfacet
  facet normal 0 0 -1
    outer loop
      vertex 0.432623 -1.33148 0
      vertex 0.432623 1.33148 0
      vertex 0.56943 1.27896 0
    endloop
  endfacet
  facet normal 0 0 -1
    outer loop
      vertex 0.291076 -1.36941 0
      vertex 0.432623 1.33148 0
      vertex 0.432623 -1.33148 0
    endloop
  endfacet
  facet normal 0 0 -1
    outer loop
      vertex 0.291076 -1.36941 0
      vertex 0.291076 1.36941 0
      vertex 0.432623 1.33148 0
    endloop
  endfacet
  facet normal 0 0 -1
    outer loop
      vertex 0.146339 -1.39233 0
      vertex 0.291076 1.36941 0
      vertex 0.291076 -1.36941 0
    endloop
  endfacet
  facet normal 0 0 -1
    outer loop
      vertex 0.146339 -1.39233 0
      vertex 0.146339 1.39233 0
      vertex 0.291076 1.36941 0
    endloop
  endfacet
  facet normal 0 0 -1
    outer loop
      vertex 0 -1.4 0
      vertex 0.146339 1.39233 0
      vertex 0.146339 -1.39233 0
    endloop
  endfacet
  facet normal 0 0 -1
    outer loop
      vertex 0 -1.4 0
      vertex 0 1.4 0
      vertex 0.146339 1.39233 0
    endloop
  endfacet
  facet normal 0 0 -1
    outer loop
      vertex -0.146339 -1.39233 0
      vertex 0 1.4 0
      vertex 0 -1.4 0
    endloop
  endfacet
  facet normal 0 0 -1
    outer loop
      vertex -0.146339 -1.39233 0
      vertex -0.146339 1.39233 0
      vertex 0 1.4 0
    endloop
  endfacet
  facet normal 0 0 -1
    outer loop
      vertex -0.291076 -1.36941 0
      vertex -0.146339 1.39233 0
      vertex -0.146339 -1.39233 0
    endloop
  endfacet
  facet normal 0 0 -1
    outer loop
      vertex -0.291076 -1.36941 0
      vertex -0.291076 1.36941 0
      vertex -0.146339 1.39233 0
    endloop
  endfacet
  facet normal 0 0 -1
    outer loop
      vertex -0.432623 -1.33148 0
      vertex -0.291076 1.36941 0
      vertex -0.291076 -1.36941 0
    endloop
  endfacet
  facet normal 0 0 -1
    outer loop
      vertex -0.432623 -1.33148 0
      vertex -0.432623 1.33148 0
      vertex -0.291076 1.36941 0
    endloop
  endfacet
  facet normal 0 0 -1
    outer loop
      vertex -0.56943 -1.27896 0
      vertex -0.432623 1.33148 0
      vertex -0.432623 -1.33148 0
    endloop
  endfacet
  facet normal 0 0 -1
    outer loop
      vertex -0.56943 -1.27896 0
      vertex -0.56943 1.27896 0
      vertex -0.432623 1.33148 0
    endloop
  endfacet
  facet normal 0 0 -1
    outer loop
      vertex -0.7 -1.21243 0
      vertex -0.56943 1.27896 0
      vertex -0.56943 -1.27896 0
    endloop
  endfacet
  facet normal 0 0 -1
    outer loop
      vertex -0.7 -1.21243 0
      vertex -0.7 1.21243 0
      vertex -0.56943 1.27896 0
    endloop
  endfacet
  facet normal 0 0 -1
    outer loop
      vertex -0.822899 -1.13262 0
      vertex -0.7 1.21243 0
      vertex -0.7 -1.21243 0
    endloop
  endfacet
  facet normal 0 0 -1
    outer loop
      vertex -0.822899 -1.13262 0
      vertex -0.822899 1.13262 0
      vertex -0.7 1.21243 0
    endloop
  endfacet
  facet normal 0 0 -1
    outer loop
      vertex -0.936783 -1.0404 0
      vertex -0.822899 1.13262 0
      vertex -0.822899 -1.13262 0
    endloop
  endfacet
  facet normal 0 0 -1
    outer loop
      vertex -0.936783 -1.0404 0
      vertex -0.936783 1.0404 0
      vertex -0.822899 1.13262 0
    endloop
  endfacet
  facet normal 0 0 -1
    outer loop
      vertex -1.0404 -0.936783 0
      vertex -0.936783 1.0404 0
      vertex -0.936783 -1.0404 0
    endloop
  endfacet
  facet normal 0 0 -1
    outer loop
      vertex -1.0404 -0.936783 0
      vertex -1.0404 0.936783 0
      vertex -0.936783 1.0404 0
    endloop
  endfacet
  facet normal 0 0 -1
    outer loop
      vertex -1.13262 -0.822899 0
      vertex -1.0404 0.936783 0
      vertex -1.0404 -0.936783 0
    endloop
  endfacet
  facet normal 0 0 -1
    outer loop
      vertex -1.13262 -0.822899 0
      vertex -1.13262 0.822899 0
      vertex -1.0404 0.936783 0
    endloop
  endfacet
  facet normal 0 0 -1
    outer loop
      vertex -1.21243 -0.7 0
      vertex -1.13262 0.822899 0
      vertex -1.13262 -0.822899 0
    endloop
  endfacet
  facet normal 0 0 -1
    outer loop
      vertex -1.21243 -0.7 0
      vertex -1.21243 0.7 0
      vertex -1.13262 0.822899 0
    endloop
  endfacet
  facet normal 0 0 -1
    outer loop
      vertex -1.27896 -0.56943 0
      vertex -1.21243 0.7 0
      vertex -1.21243 -0.7 0
    endloop
  endfacet
  facet normal 0 0 -1
    outer loop
      vertex -1.27896 -0.56943 0
      vertex -1.27896 0.56943 0
      vertex -1.21243 0.7 0
    endloop
  endfacet
  facet normal 0 0 -1
    outer loop
      vertex -1.33148 -0.432623 0
      vertex -1.27896 0.56943 0
      vertex -1.27896 -0.56943 0
    endloop
  endfacet
  facet normal 0 0 -1
    outer loop
      vertex -1.33148 -0.432623 0
      vertex -1.33148 0.432623 0
      vertex -1.27896 0.56943 0
    endloop
  endfacet
  facet normal 0 0 -1
    outer loop
      vertex -1.36941 -0.291076 0
      vertex -1.33148 0.432623 0
      vertex -1.33148 -0.432623 0
    endloop
  endfacet
  facet normal 0 0 -1
    outer loop
      vertex -1.36941 -0.291076 0
      vertex -1.36941 0.291076 0
      vertex -1.33148 0.432623 0
    endloop
  endfacet
  facet normal 0 0 -1
    outer loop
      vertex -1.39233 -0.146339 0
      vertex -1.36941 0.291076 0
      vertex -1.36941 -0.291076 0
    endloop
  endfacet
  facet normal 0 0 -1
    outer loop
      vertex -1.39233 -0.146339 0
      vertex -1.39233 0.146339 0
      vertex -1.36941 0.291076 0
    endloop
  endfacet
  facet normal 0 -0 -1
    outer loop
      vertex -1.39233 0.146339 0
      vertex -1.39233 -0.146339 0
      vertex -1.4 0 0
    endloop
  endfacet
  facet normal 0.891003 0.453997 0
    outer loop
      vertex 1.27896 0.56943 5
      vertex 1.21243 0.7 0
      vertex 1.21243 0.7 5
    endloop
  endfacet
  facet normal 0.891003 0.453997 0
    outer loop
      vertex 1.21243 0.7 0
      vertex 1.27896 0.56943 5
      vertex 1.27896 0.56943 0
    endloop
  endfacet
  facet normal 0.838675 0.544632 0
    outer loop
      vertex 1.21243 0.7 5
      vertex 1.13262 0.822899 0
      vertex 1.13262 0.822899 5
    endloop
  endfacet
  facet normal 0.838675 0.544632 0
    outer loop
      vertex 1.13262 0.822899 0
      vertex 1.21243 0.7 5
      vertex 1.21243 0.7 0
    endloop
  endfacet
  facet normal 0.358396 0.93357 -0
    outer loop
      vertex 0.56943 1.27896 0
      vertex 0.432623 1.33148 5
      vertex 0.56943 1.27896 5
    endloop
  endfacet
  facet normal 0.358396 0.93357 0
    outer loop
      vertex 0.432623 1.33148 5
      vertex 0.56943 1.27896 0
      vertex 0.432623 1.33148 0
    endloop
  endfacet
  facet normal 0.544632 0.838675 -0
    outer loop
      vertex 0.822899 1.13262 0
      vertex 0.7 1.21243 5
      vertex 0.822899 1.13262 5
    endloop
  endfacet
  facet normal 0.544632 0.838675 0
    outer loop
      vertex 0.7 1.21243 5
      vertex 0.822899 1.13262 0
      vertex 0.7 1.21243 0
    endloop
  endfacet
  facet normal -0.891003 0.453997 0
    outer loop
      vertex -1.27896 0.56943 0
      vertex -1.21243 0.7 5
      vertex -1.21243 0.7 0
    endloop
  endfacet
  facet normal -0.891003 0.453997 0
    outer loop
      vertex -1.21243 0.7 5
      vertex -1.27896 0.56943 0
      vertex -1.27896 0.56943 5
    endloop
  endfacet
  facet normal -0.0523407 0.998629 0
    outer loop
      vertex 0 1.4 0
      vertex -0.146339 1.39233 5
      vertex 0 1.4 5
    endloop
  endfacet
  facet normal -0.0523407 0.998629 0
    outer loop
      vertex -0.146339 1.39233 5
      vertex 0 1.4 0
      vertex -0.146339 1.39233 0
    endloop
  endfacet
  facet normal 0.93357 -0.358396 0
    outer loop
      vertex 1.27896 -0.56943 5
      vertex 1.33148 -0.432623 0
      vertex 1.33148 -0.432623 5
    endloop
  endfacet
  facet normal 0.93357 -0.358396 0
    outer loop
      vertex 1.33148 -0.432623 0
      vertex 1.27896 -0.56943 5
      vertex 1.27896 -0.56943 0
    endloop
  endfacet
  facet normal -0.998629 -0.0523407 0
    outer loop
      vertex -1.39233 -0.146339 0
      vertex -1.4 0 5
      vertex -1.4 0 0
    endloop
  endfacet
  facet normal -0.998629 -0.0523407 0
    outer loop
      vertex -1.4 0 5
      vertex -1.39233 -0.146339 0
      vertex -1.39233 -0.146339 5
    endloop
  endfacet
  facet normal 0.965921 0.258836 0
    outer loop
      vertex 1.36941 0.291076 5
      vertex 1.33148 0.432623 0
      vertex 1.33148 0.432623 5
    endloop
  endfacet
  facet normal 0.965921 0.258836 0
    outer loop
      vertex 1.33148 0.432623 0
      vertex 1.36941 0.291076 5
      vertex 1.36941 0.291076 0
    endloop
  endfacet
  facet normal 0.987693 0.156407 0
    outer loop
      vertex 1.39233 0.146339 5
      vertex 1.36941 0.291076 0
      vertex 1.36941 0.291076 5
    endloop
  endfacet
  facet normal 0.987693 0.156407 0
    outer loop
      vertex 1.36941 0.291076 0
      vertex 1.39233 0.146339 5
      vertex 1.39233 0.146339 0
    endloop
  endfacet
  facet normal 0.93357 0.358396 0
    outer loop
      vertex 1.33148 0.432623 5
      vertex 1.27896 0.56943 0
      vertex 1.27896 0.56943 5
    endloop
  endfacet
  facet normal 0.93357 0.358396 0
    outer loop
      vertex 1.27896 0.56943 0
      vertex 1.33148 0.432623 5
      vertex 1.33148 0.432623 0
    endloop
  endfacet
  facet normal 0.777151 0.629314 0
    outer loop
      vertex 1.13262 0.822899 5
      vertex 1.0404 0.936783 0
      vertex 1.0404 0.936783 5
    endloop
  endfacet
  facet normal 0.777151 0.629314 0
    outer loop
      vertex 1.0404 0.936783 0
      vertex 1.13262 0.822899 5
      vertex 1.13262 0.822899 0
    endloop
  endfacet
  facet normal 0.258836 0.965921 -0
    outer loop
      vertex 0.432623 1.33148 0
      vertex 0.291076 1.36941 5
      vertex 0.432623 1.33148 5
    endloop
  endfacet
  facet normal 0.258836 0.965921 0
    outer loop
      vertex 0.291076 1.36941 5
      vertex 0.432623 1.33148 0
      vertex 0.291076 1.36941 0
    endloop
  endfacet
  facet normal 0.156407 0.987693 -0
    outer loop
      vertex 0.291076 1.36941 0
      vertex 0.146339 1.39233 5
      vertex 0.291076 1.36941 5
    endloop
  endfacet
  facet normal 0.156407 0.987693 0
    outer loop
      vertex 0.146339 1.39233 5
      vertex 0.291076 1.36941 0
      vertex 0.146339 1.39233 0
    endloop
  endfacet
  facet normal 0.453997 0.891003 -0
    outer loop
      vertex 0.7 1.21243 0
      vertex 0.56943 1.27896 5
      vertex 0.7 1.21243 5
    endloop
  endfacet
  facet normal 0.453997 0.891003 0
    outer loop
      vertex 0.56943 1.27896 5
      vertex 0.7 1.21243 0
      vertex 0.56943 1.27896 0
    endloop
  endfacet
  facet normal 0.629314 0.777151 -0
    outer loop
      vertex 0.936783 1.0404 0
      vertex 0.822899 1.13262 5
      vertex 0.936783 1.0404 5
    endloop
  endfacet
  facet normal 0.629314 0.777151 0
    outer loop
      vertex 0.822899 1.13262 5
      vertex 0.936783 1.0404 0
      vertex 0.822899 1.13262 0
    endloop
  endfacet
  facet normal -0.965921 0.258836 0
    outer loop
      vertex -1.36941 0.291076 0
      vertex -1.33148 0.432623 5
      vertex -1.33148 0.432623 0
    endloop
  endfacet
  facet normal -0.965921 0.258836 0
    outer loop
      vertex -1.33148 0.432623 5
      vertex -1.36941 0.291076 0
      vertex -1.36941 0.291076 5
    endloop
  endfacet
  facet normal -0.777151 0.629314 0
    outer loop
      vertex -1.13262 0.822899 0
      vertex -1.0404 0.936783 5
      vertex -1.0404 0.936783 0
    endloop
  endfacet
  facet normal -0.777151 0.629314 0
    outer loop
      vertex -1.0404 0.936783 5
      vertex -1.13262 0.822899 0
      vertex -1.13262 0.822899 5
    endloop
  endfacet
  facet normal -0.707107 0.707107 0
    outer loop
      vertex -1.0404 0.936783 0
      vertex -0.936783 1.0404 5
      vertex -0.936783 1.0404 0
    endloop
  endfacet
  facet normal -0.707107 0.707107 0
    outer loop
      vertex -0.936783 1.0404 5
      vertex -1.0404 0.936783 0
      vertex -1.0404 0.936783 5
    endloop
  endfacet
  facet normal -0.838675 0.544632 0
    outer loop
      vertex -1.21243 0.7 0
      vertex -1.13262 0.822899 5
      vertex -1.13262 0.822899 0
    endloop
  endfacet
  facet normal -0.838675 0.544632 0
    outer loop
      vertex -1.13262 0.822899 5
      vertex -1.21243 0.7 0
      vertex -1.21243 0.7 5
    endloop
  endfacet
  facet normal -0.93357 0.358396 0
    outer loop
      vertex -1.33148 0.432623 0
      vertex -1.27896 0.56943 5
      vertex -1.27896 0.56943 0
    endloop
  endfacet
  facet normal -0.93357 0.358396 0
    outer loop
      vertex -1.27896 0.56943 5
      vertex -1.33148 0.432623 0
      vertex -1.33148 0.432623 5
    endloop
  endfacet
  facet normal -0.987693 0.156407 0
    outer loop
      vertex -1.39233 0.146339 0
      vertex -1.36941 0.291076 5
      vertex -1.36941 0.291076 0
    endloop
  endfacet
  facet normal -0.987693 0.156407 0
    outer loop
      vertex -1.36941 0.291076 5
      vertex -1.39233 0.146339 0
      vertex -1.39233 0.146339 5
    endloop
  endfacet
  facet normal 0 0 1
    outer loop
      vertex 1.39233 0.146339 5
      vertex 1.39233 -0.146339 5
      vertex 1.4 0 5
    endloop
  endfacet
  facet normal 0 0 1
    outer loop
      vertex 1.36941 0.291076 5
      vertex 1.39233 -0.146339 5
      vertex 1.39233 0.146339 5
    endloop
  endfacet
  facet normal 0 0 1
    outer loop
      vertex 1.36941 0.291076 5
      vertex 1.36941 -0.291076 5
      vertex 1.39233 -0.146339 5
    endloop
  endfacet
  facet normal 0 0 1
    outer loop
      vertex 1.33148 0.432623 5
      vertex 1.36941 -0.291076 5
      vertex 1.36941 0.291076 5
    endloop
  endfacet
  facet normal 0 0 1
    outer loop
      vertex 1.33148 0.432623 5
      vertex 1.33148 -0.432623 5
      vertex 1.36941 -0.291076 5
    endloop
  endfacet
  facet normal 0 0 1
    outer loop
      vertex 1.27896 0.56943 5
      vertex 1.33148 -0.432623 5
      vertex 1.33148 0.432623 5
    endloop
  endfacet
  facet normal 0 0 1
    outer loop
      vertex 1.27896 0.56943 5
      vertex 1.27896 -0.56943 5
      vertex 1.33148 -0.432623 5
    endloop
  endfacet
  facet normal 0 0 1
    outer loop
      vertex 1.21243 0.7 5
      vertex 1.27896 -0.56943 5
      vertex 1.27896 0.56943 5
    endloop
  endfacet
  facet normal 0 0 1
    outer loop
      vertex 1.21243 0.7 5
      vertex 1.21243 -0.7 5
      vertex 1.27896 -0.56943 5
    endloop
  endfacet
  facet normal 0 0 1
    outer loop
      vertex 1.13262 0.822899 5
      vertex 1.21243 -0.7 5
      vertex 1.21243 0.7 5
    endloop
  endfacet
  facet normal 0 0 1
    outer loop
      vertex 1.13262 0.822899 5
      vertex 1.13262 -0.822899 5
      vertex 1.21243 -0.7 5
    endloop
  endfacet
  facet normal 0 0 1
    outer loop
      vertex 1.0404 0.936783 5
      vertex 1.13262 -0.822899 5
      vertex 1.13262 0.822899 5
    endloop
  endfacet
  facet normal 0 0 1
    outer loop
      vertex 1.0404 0.936783 5
      vertex 1.0404 -0.936783 5
      vertex 1.13262 -0.822899 5
    endloop
  endfacet
  facet normal 0 0 1
    outer loop
      vertex 0.936783 1.0404 5
      vertex 1.0404 -0.936783 5
      vertex 1.0404 0.936783 5
    endloop
  endfacet
  facet normal 0 0 1
    outer loop
      vertex 0.936783 1.0404 5
      vertex 0.936783 -1.0404 5
      vertex 1.0404 -0.936783 5
    endloop
  endfacet
  facet normal 0 0 1
    outer loop
      vertex 0.822899 1.13262 5
      vertex 0.936783 -1.0404 5
      vertex 0.936783 1.0404 5
    endloop
  endfacet
  facet normal 0 0 1
    outer loop
      vertex 0.822899 1.13262 5
      vertex 0.822899 -1.13262 5
      vertex 0.936783 -1.0404 5
    endloop
  endfacet
  facet normal 0 0 1
    outer loop
      vertex 0.7 1.21243 5
      vertex 0.822899 -1.13262 5
      vertex 0.822899 1.13262 5
    endloop
  endfacet
  facet normal 0 0 1
    outer loop
      vertex 0.7 1.21243 5
      vertex 0.7 -1.21243 5
      vertex 0.822899 -1.13262 5
    endloop
  endfacet
  facet normal 0 0 1
    outer loop
      vertex 0.56943 1.27896 5
      vertex 0.7 -1.21243 5
      vertex 0.7 1.21243 5
    endloop
  endfacet
  facet normal 0 0 1
    outer loop
      vertex 0.56943 1.27896 5
      vertex 0.56943 -1.27896 5
      vertex 0.7 -1.21243 5
    endloop
  endfacet
  facet normal 0 0 1
    outer loop
      vertex 0.432623 1.33148 5
      vertex 0.56943 -1.27896 5
      vertex 0.56943 1.27896 5
    endloop
  endfacet
  facet normal 0 0 1
    outer loop
      vertex 0.432623 1.33148 5
      vertex 0.432623 -1.33148 5
      vertex 0.56943 -1.27896 5
    endloop
  endfacet
  facet normal 0 0 1
    outer loop
      vertex 0.291076 1.36941 5
      vertex 0.432623 -1.33148 5
      vertex 0.432623 1.33148 5
    endloop
  endfacet
  facet normal 0 0 1
    outer loop
      vertex 0.291076 1.36941 5
      vertex 0.291076 -1.36941 5
      vertex 0.432623 -1.33148 5
    endloop
  endfacet
  facet normal 0 0 1
    outer loop
      vertex 0.146339 1.39233 5
      vertex 0.291076 -1.36941 5
      vertex 0.291076 1.36941 5
    endloop
  endfacet
  facet normal 0 0 1
    outer loop
      vertex 0.146339 1.39233 5
      vertex 0.146339 -1.39233 5
      vertex 0.291076 -1.36941 5
    endloop
  endfacet
  facet normal 0 0 1
    outer loop
      vertex 0 1.4 5
      vertex 0.146339 -1.39233 5
      vertex 0.146339 1.39233 5
    endloop
  endfacet
  facet normal 0 0 1
    outer loop
      vertex 0 1.4 5
      vertex 0 -1.4 5
      vertex 0.146339 -1.39233 5
    endloop
  endfacet
  facet normal -0 0 1
    outer loop
      vertex -0.146339 1.39233 5
      vertex 0 -1.4 5
      vertex 0 1.4 5
    endloop
  endfacet
  facet normal 0 0 1
    outer loop
      vertex -0.146339 1.39233 5
      vertex -0.146339 -1.39233 5
      vertex 0 -1.4 5
    endloop
  endfacet
  facet normal -0 0 1
    outer loop
      vertex -0.291076 1.36941 5
      vertex -0.146339 -1.39233 5
      vertex -0.146339 1.39233 5
    endloop
  endfacet
  facet normal 0 0 1
    outer loop
      vertex -0.291076 1.36941 5
      vertex -0.291076 -1.36941 5
      vertex -0.146339 -1.39233 5
    endloop
  endfacet
  facet normal -0 0 1
    outer loop
      vertex -0.432623 1.33148 5
      vertex -0.291076 -1.36941 5
      vertex -0.291076 1.36941 5
    endloop
  endfacet
  facet normal 0 0 1
    outer loop
      vertex -0.432623 1.33148 5
      vertex -0.432623 -1.33148 5
      vertex -0.291076 -1.36941 5
    endloop
  endfacet
  facet normal -0 0 1
    outer loop
      vertex -0.56943 1.27896 5
      vertex -0.432623 -1.33148 5
      vertex -0.432623 1.33148 5
    endloop
  endfacet
  facet normal 0 0 1
    outer loop
      vertex -0.56943 1.27896 5
      vertex -0.56943 -1.27896 5
      vertex -0.432623 -1.33148 5
    endloop
  endfacet
  facet normal -0 0 1
    outer loop
      vertex -0.7 1.21243 5
      vertex -0.56943 -1.27896 5
      vertex -0.56943 1.27896 5
    endloop
  endfacet
  facet normal 0 0 1
    outer loop
      vertex -0.7 1.21243 5
      vertex -0.7 -1.21243 5
      vertex -0.56943 -1.27896 5
    endloop
  endfacet
  facet normal -0 0 1
    outer loop
      vertex -0.822899 1.13262 5
      vertex -0.7 -1.21243 5
      vertex -0.7 1.21243 5
    endloop
  endfacet
  facet normal 0 0 1
    outer loop
      vertex -0.822899 1.13262 5
      vertex -0.822899 -1.13262 5
      vertex -0.7 -1.21243 5
    endloop
  endfacet
  facet normal -0 0 1
    outer loop
      vertex -0.936783 1.0404 5
      vertex -0.822899 -1.13262 5
      vertex -0.822899 1.13262 5
    endloop
  endfacet
  facet normal 0 0 1
    outer loop
      vertex -0.936783 1.0404 5
      vertex -0.936783 -1.0404 5
      vertex -0.822899 -1.13262 5
    endloop
  endfacet
  facet normal -0 0 1
    outer loop
      vertex -1.0404 0.936783 5
      vertex -0.936783 -1.0404 5
      vertex -0.936783 1.0404 5
    endloop
  endfacet
  facet normal 0 0 1
    outer loop
      vertex -1.0404 0.936783 5
      vertex -1.0404 -0.936783 5
      vertex -0.936783 -1.0404 5
    endloop
  endfacet
  facet normal -0 0 1
    outer loop
      vertex -1.13262 0.822899 5
      vertex -1.0404 -0.936783 5
      vertex -1.0404 0.936783 5
    endloop
  endfacet
  facet normal 0 0 1
    outer loop
      vertex -1.13262 0.822899 5
      vertex -1.13262 -0.822899 5
      vertex -1.0404 -0.936783 5
    endloop
  endfacet
  facet normal -0 0 1
    outer loop
      vertex -1.21243 0.7 5
      vertex -1.13262 -0.822899 5
      vertex -1.13262 0.822899 5
    endloop
  endfacet
  facet normal 0 0 1
    outer loop
      vertex -1.21243 0.7 5
      vertex -1.21243 -0.7 5
      vertex -1.13262 -0.822899 5
    endloop
  endfacet
  facet normal -0 0 1
    outer loop
      vertex -1.27896 0.56943 5
      vertex -1.21243 -0.7 5
      vertex -1.21243 0.7 5
    endloop
  endfacet
  facet normal 0 0 1
    outer loop
      vertex -1.27896 0.56943 5
      vertex -1.27896 -0.56943 5
      vertex -1.21243 -0.7 5
    endloop
  endfacet
  facet normal -0 0 1
    outer loop
      vertex -1.33148 0.432623 5
      vertex -1.27896 -0.56943 5
      vertex -1.27896 0.56943 5
    endloop
  endfacet
  facet normal 0 0 1
    outer loop
      vertex -1.33148 0.432623 5
      vertex -1.33148 -0.432623 5
      vertex -1.27896 -0.56943 5
    endloop
  endfacet
  facet normal -0 0 1
    outer loop
      vertex -1.36941 0.291076 5
      vertex -1.33148 -0.432623 5
      vertex -1.33148 0.432623 5
    endloop
  endfacet
  facet normal 0 0 1
    outer loop
      vertex -1.36941 0.291076 5
      vertex -1.36941 -0.291076 5
      vertex -1.33148 -0.432623 5
    endloop
  endfacet
  facet normal -0 0 1
    outer loop
      vertex -1.39233 0.146339 5
      vertex -1.36941 -0.291076 5
      vertex -1.36941 0.291076 5
    endloop
  endfacet
  facet normal 0 0 1
    outer loop
      vertex -1.39233 0.146339 5
      vertex -1.39233 -0.146339 5
      vertex -1.36941 -0.291076 5
    endloop
  endfacet
  facet normal 0 -0 1
    outer loop
      vertex -1.39233 -0.146339 5
      vertex -1.39233 0.146339 5
      vertex -1.4 0 5
    endloop
  endfacet
  facet normal -0.453997 0.891003 0
    outer loop
      vertex -0.56943 1.27896 0
      vertex -0.7 1.21243 5
      vertex -0.56943 1.27896 5
    endloop
  endfacet
  facet normal -0.453997 0.891003 0
    outer loop
      vertex -0.7 1.21243 5
      vertex -0.56943 1.27896 0
      vertex -0.7 1.21243 0
    endloop
  endfacet
  facet normal -0.358396 0.93357 0
    outer loop
      vertex -0.432623 1.33148 0
      vertex -0.56943 1.27896 5
      vertex -0.432623 1.33148 5
    endloop
  endfacet
  facet normal -0.358396 0.93357 0
    outer loop
      vertex -0.56943 1.27896 5
      vertex -0.432623 1.33148 0
      vertex -0.56943 1.27896 0
    endloop
  endfacet
  facet normal -0.544632 0.838675 0
    outer loop
      vertex -0.7 1.21243 0
      vertex -0.822899 1.13262 5
      vertex -0.7 1.21243 5
    endloop
  endfacet
  facet normal -0.544632 0.838675 0
    outer loop
      vertex -0.822899 1.13262 5
      vertex -0.7 1.21243 0
      vertex -0.822899 1.13262 0
    endloop
  endfacet
  facet normal -0.156407 0.987693 0
    outer loop
      vertex -0.146339 1.39233 0
      vertex -0.291076 1.36941 5
      vertex -0.146339 1.39233 5
    endloop
  endfacet
  facet normal -0.156407 0.987693 0
    outer loop
      vertex -0.291076 1.36941 5
      vertex -0.146339 1.39233 0
      vertex -0.291076 1.36941 0
    endloop
  endfacet
  facet normal 0.0523407 -0.998629 0
    outer loop
      vertex 0 -1.4 0
      vertex 0.146339 -1.39233 5
      vertex 0 -1.4 5
    endloop
  endfacet
  facet normal 0.0523407 -0.998629 0
    outer loop
      vertex 0.146339 -1.39233 5
      vertex 0 -1.4 0
      vertex 0.146339 -1.39233 0
    endloop
  endfacet
  facet normal 0.258836 -0.965921 0
    outer loop
      vertex 0.291076 -1.36941 0
      vertex 0.432623 -1.33148 5
      vertex 0.291076 -1.36941 5
    endloop
  endfacet
  facet normal 0.258836 -0.965921 0
    outer loop
      vertex 0.432623 -1.33148 5
      vertex 0.291076 -1.36941 0
      vertex 0.432623 -1.33148 0
    endloop
  endfacet
  facet normal 0.629314 -0.777151 0
    outer loop
      vertex 0.822899 -1.13262 0
      vertex 0.936783 -1.0404 5
      vertex 0.822899 -1.13262 5
    endloop
  endfacet
  facet normal 0.629314 -0.777151 0
    outer loop
      vertex 0.936783 -1.0404 5
      vertex 0.822899 -1.13262 0
      vertex 0.936783 -1.0404 0
    endloop
  endfacet
  facet normal 0.453997 -0.891003 0
    outer loop
      vertex 0.56943 -1.27896 0
      vertex 0.7 -1.21243 5
      vertex 0.56943 -1.27896 5
    endloop
  endfacet
  facet normal 0.453997 -0.891003 0
    outer loop
      vertex 0.7 -1.21243 5
      vertex 0.56943 -1.27896 0
      vertex 0.7 -1.21243 0
    endloop
  endfacet
  facet normal 0.777151 -0.629314 0
    outer loop
      vertex 1.0404 -0.936783 5
      vertex 1.13262 -0.822899 0
      vertex 1.13262 -0.822899 5
    endloop
  endfacet
  facet normal 0.777151 -0.629314 0
    outer loop
      vertex 1.13262 -0.822899 0
      vertex 1.0404 -0.936783 5
      vertex 1.0404 -0.936783 0
    endloop
  endfacet
  facet normal 0.891003 -0.453997 0
    outer loop
      vertex 1.21243 -0.7 5
      vertex 1.27896 -0.56943 0
      vertex 1.27896 -0.56943 5
    endloop
  endfacet
  facet normal 0.891003 -0.453997 0
    outer loop
      vertex 1.27896 -0.56943 0
      vertex 1.21243 -0.7 5
      vertex 1.21243 -0.7 0
    endloop
  endfacet
  facet normal -0.707107 -0.707107 0
    outer loop
      vertex -0.936783 -1.0404 0
      vertex -1.0404 -0.936783 5
      vertex -1.0404 -0.936783 0
    endloop
  endfacet
  facet normal -0.707107 -0.707107 0
    outer loop
      vertex -1.0404 -0.936783 5
      vertex -0.936783 -1.0404 0
      vertex -0.936783 -1.0404 5
    endloop
  endfacet
  facet normal -0.544632 -0.838675 0
    outer loop
      vertex -0.822899 -1.13262 0
      vertex -0.7 -1.21243 5
      vertex -0.822899 -1.13262 5
    endloop
  endfacet
  facet normal -0.544632 -0.838675 -0
    outer loop
      vertex -0.7 -1.21243 5
      vertex -0.822899 -1.13262 0
      vertex -0.7 -1.21243 0
    endloop
  endfacet
  facet normal -0.358396 -0.93357 0
    outer loop
      vertex -0.56943 -1.27896 0
      vertex -0.432623 -1.33148 5
      vertex -0.56943 -1.27896 5
    endloop
  endfacet
  facet normal -0.358396 -0.93357 -0
    outer loop
      vertex -0.432623 -1.33148 5
      vertex -0.56943 -1.27896 0
      vertex -0.432623 -1.33148 0
    endloop
  endfacet
  facet normal -0.156407 -0.987693 0
    outer loop
      vertex -0.291076 -1.36941 0
      vertex -0.146339 -1.39233 5
      vertex -0.291076 -1.36941 5
    endloop
  endfacet
  facet normal -0.156407 -0.987693 -0
    outer loop
      vertex -0.146339 -1.39233 5
      vertex -0.291076 -1.36941 0
      vertex -0.146339 -1.39233 0
    endloop
  endfacet
  facet normal -0.93357 -0.358396 0
    outer loop
      vertex -1.27896 -0.56943 0
      vertex -1.33148 -0.432623 5
      vertex -1.33148 -0.432623 0
    endloop
  endfacet
  facet normal -0.93357 -0.358396 0
    outer loop
      vertex -1.33148 -0.432623 5
      vertex -1.27896 -0.56943 0
      vertex -1.27896 -0.56943 5
    endloop
  endfacet
  facet normal -0.838675 -0.544632 0
    outer loop
      vertex -1.13262 -0.822899 0
      vertex -1.21243 -0.7 5
      vertex -1.21243 -0.7 0
    endloop
  endfacet
  facet normal -0.838675 -0.544632 0
    outer loop
      vertex -1.21243 -0.7 5
      vertex -1.13262 -0.822899 0
      vertex -1.13262 -0.822899 5
    endloop
  endfacet
  facet normal -0.987693 -0.156407 0
    outer loop
      vertex -1.36941 -0.291076 0
      vertex -1.39233 -0.146339 5
      vertex -1.39233 -0.146339 0
    endloop
  endfacet
  facet normal -0.987693 -0.156407 0
    outer loop
      vertex -1.39233 -0.146339 5
      vertex -1.36941 -0.291076 0
      vertex -1.36941 -0.291076 5
    endloop
  endfacet
  facet normal 0.156407 -0.987693 0
    outer loop
      vertex 0.146339 -1.39233 0
      vertex 0.291076 -1.36941 5
      vertex 0.146339 -1.39233 5
    endloop
  endfacet
  facet normal 0.156407 -0.987693 0
    outer loop
      vertex 0.291076 -1.36941 5
      vertex 0.146339 -1.39233 0
      vertex 0.291076 -1.36941 0
    endloop
  endfacet
  facet normal 0.358396 -0.93357 0
    outer loop
      vertex 0.432623 -1.33148 0
      vertex 0.56943 -1.27896 5
      vertex 0.432623 -1.33148 5
    endloop
  endfacet
  facet normal 0.358396 -0.93357 0
    outer loop
      vertex 0.56943 -1.27896 5
      vertex 0.432623 -1.33148 0
      vertex 0.56943 -1.27896 0
    endloop
  endfacet
  facet normal 0.707107 -0.707107 0
    outer loop
      vertex 0.936783 -1.0404 5
      vertex 1.0404 -0.936783 0
      vertex 1.0404 -0.936783 5
    endloop
  endfacet
  facet normal 0.707107 -0.707107 0
    outer loop
      vertex 1.0404 -0.936783 0
      vertex 0.936783 -1.0404 5
      vertex 0.936783 -1.0404 0
    endloop
  endfacet
  facet normal 0.544632 -0.838675 0
    outer loop
      vertex 0.7 -1.21243 0
      vertex 0.822899 -1.13262 5
      vertex 0.7 -1.21243 5
    endloop
  endfacet
  facet normal 0.544632 -0.838675 0
    outer loop
      vertex 0.822899 -1.13262 5
      vertex 0.7 -1.21243 0
      vertex 0.822899 -1.13262 0
    endloop
  endfacet
  facet normal 0.838675 -0.544632 0
    outer loop
      vertex 1.13262 -0.822899 5
      vertex 1.21243 -0.7 0
      vertex 1.21243 -0.7 5
    endloop
  endfacet
  facet normal 0.838675 -0.544632 0
    outer loop
      vertex 1.21243 -0.7 0
      vertex 1.13262 -0.822899 5
      vertex 1.13262 -0.822899 0
    endloop
  endfacet
  facet normal 0.987693 -0.156407 0
    outer loop
      vertex 1.36941 -0.291076 5
      vertex 1.39233 -0.146339 0
      vertex 1.39233 -0.146339 5
    endloop
  endfacet
  facet normal 0.987693 -0.156407 0
    outer loop
      vertex 1.39233 -0.146339 0
      vertex 1.36941 -0.291076 5
      vertex 1.36941 -0.291076 0
    endloop
  endfacet
  facet normal 0.965921 -0.258836 0
    outer loop
      vertex 1.33148 -0.432623 5
      vertex 1.36941 -0.291076 0
      vertex 1.36941 -0.291076 5
    endloop
  endfacet
  facet normal 0.965921 -0.258836 0
    outer loop
      vertex 1.36941 -0.291076 0
      vertex 1.33148 -0.432623 5
      vertex 1.33148 -0.432623 0
    endloop
  endfacet
  facet normal 0.998629 -0.0523407 0
    outer loop
      vertex 1.39233 -0.146339 5
      vertex 1.4 0 0
      vertex 1.4 0 5
    endloop
  endfacet
  facet normal 0.998629 -0.0523407 0
    outer loop
      vertex 1.4 0 0
      vertex 1.39233 -0.146339 5
      vertex 1.39233 -0.146339 0
    endloop
  endfacet
  facet normal -0.629314 -0.777151 0
    outer loop
      vertex -0.936783 -1.0404 0
      vertex -0.822899 -1.13262 5
      vertex -0.936783 -1.0404 5
    endloop
  endfacet
  facet normal -0.629314 -0.777151 -0
    outer loop
      vertex -0.822899 -1.13262 5
      vertex -0.936783 -1.0404 0
      vertex -0.822899 -1.13262 0
    endloop
  endfacet
  facet normal -0.453997 -0.891003 0
    outer loop
      vertex -0.7 -1.21243 0
      vertex -0.56943 -1.27896 5
      vertex -0.7 -1.21243 5
    endloop
  endfacet
  facet normal -0.453997 -0.891003 -0
    outer loop
      vertex -0.56943 -1.27896 5
      vertex -0.7 -1.21243 0
      vertex -0.56943 -1.27896 0
    endloop
  endfacet
  facet normal -0.258836 -0.965921 0
    outer loop
      vertex -0.432623 -1.33148 0
      vertex -0.291076 -1.36941 5
      vertex -0.432623 -1.33148 5
    endloop
  endfacet
  facet normal -0.258836 -0.965921 -0
    outer loop
      vertex -0.291076 -1.36941 5
      vertex -0.432623 -1.33148 0
      vertex -0.291076 -1.36941 0
    endloop
  endfacet
  facet normal -0.0523407 -0.998629 0
    outer loop
      vertex -0.146339 -1.39233 0
      vertex 0 -1.4 5
      vertex -0.146339 -1.39233 5
    endloop
  endfacet
  facet normal -0.0523407 -0.998629 -0
    outer loop
      vertex 0 -1.4 5
      vertex -0.146339 -1.39233 0
      vertex 0 -1.4 0
    endloop
  endfacet
  facet normal -0.891003 -0.453997 0
    outer loop
      vertex -1.21243 -0.7 0
      vertex -1.27896 -0.56943 5
      vertex -1.27896 -0.56943 0
    endloop
  endfacet
  facet normal -0.891003 -0.453997 0
    outer loop
      vertex -1.27896 -0.56943 5
      vertex -1.21243 -0.7 0
      vertex -1.21243 -0.7 5
    endloop
  endfacet
  facet normal -0.777151 -0.629314 0
    outer loop
      vertex -1.0404 -0.936783 0
      vertex -1.13262 -0.822899 5
      vertex -1.13262 -0.822899 0
    endloop
  endfacet
  facet normal -0.777151 -0.629314 0
    outer loop
      vertex -1.13262 -0.822899 5
      vertex -1.0404 -0.936783 0
      vertex -1.0404 -0.936783 5
    endloop
  endfacet
  facet normal 0.838677 0.544629 0
    outer loop
      vertex 1.21243 10.7 5
      vertex 1.13262 10.8229 0
      vertex 1.13262 10.8229 5
    endloop
  endfacet
  facet normal 0.838677 0.544629 0
    outer loop
      vertex 1.13262 10.8229 0
      vertex 1.21243 10.7 5
      vertex 1.21243 10.7 0
    endloop
  endfacet
  facet normal 0.358277 0.933615 -0
    outer loop
      vertex 0.56943 11.279 0
      vertex 0.432623 11.3315 5
      vertex 0.56943 11.279 5
    endloop
  endfacet
  facet normal 0.358277 0.933615 0
    outer loop
      vertex 0.432623 11.3315 5
      vertex 0.56943 11.279 0
      vertex 0.432623 11.3315 0
    endloop
  endfacet
  facet normal -0.454376 0.89081 0
    outer loop
      vertex -0.56943 11.279 0
      vertex -0.7 11.2124 5
      vertex -0.56943 11.279 5
    endloop
  endfacet
  facet normal -0.454376 0.89081 0
    outer loop
      vertex -0.7 11.2124 5
      vertex -0.56943 11.279 0
      vertex -0.7 11.2124 0
    endloop
  endfacet
  facet normal -0.933564 0.358412 0
    outer loop
      vertex -1.33148 10.4326 0
      vertex -1.27896 10.5694 5
      vertex -1.27896 10.5694 0
    endloop
  endfacet
  facet normal -0.933564 0.358412 0
    outer loop
      vertex -1.27896 10.5694 5
      vertex -1.33148 10.4326 0
      vertex -1.33148 10.4326 5
    endloop
  endfacet
  facet normal 0.998629 -0.0523403 0
    outer loop
      vertex 1.39233 9.85366 5
      vertex 1.4 10 0
      vertex 1.4 10 5
    endloop
  endfacet
  facet normal 0.998629 -0.0523403 0
    outer loop
      vertex 1.4 10 0
      vertex 1.39233 9.85366 5
      vertex 1.39233 9.85366 0
    endloop
  endfacet
  facet normal 0.0525449 0.998619 -0
    outer loop
      vertex 0.146339 11.3923 0
      vertex 0 11.4 5
      vertex 0.146339 11.3923 5
    endloop
  endfacet
  facet normal 0.0525449 0.998619 0
    outer loop
      vertex 0 11.4 5
      vertex 0.146339 11.3923 0
      vertex 0 11.4 0
    endloop
  endfacet
  facet normal 0.544584 0.838707 -0
    outer loop
      vertex 0.822899 11.1326 0
      vertex 0.7 11.2124 5
      vertex 0.822899 11.1326 5
    endloop
  endfacet
  facet normal 0.544584 0.838707 0
    outer loop
      vertex 0.7 11.2124 5
      vertex 0.822899 11.1326 0
      vertex 0.7 11.2124 0
    endloop
  endfacet
  facet normal 0 0 -1
    outer loop
      vertex 1.39233 9.85366 0
      vertex 1.39233 10.1463 0
      vertex 1.4 10 0
    endloop
  endfacet
  facet normal 0 0 -1
    outer loop
      vertex 1.36941 9.70892 0
      vertex 1.39233 10.1463 0
      vertex 1.39233 9.85366 0
    endloop
  endfacet
  facet normal 0 0 -1
    outer loop
      vertex 1.36941 9.70892 0
      vertex 1.36941 10.2911 0
      vertex 1.39233 10.1463 0
    endloop
  endfacet
  facet normal 0 0 -1
    outer loop
      vertex 1.33148 9.56738 0
      vertex 1.36941 10.2911 0
      vertex 1.36941 9.70892 0
    endloop
  endfacet
  facet normal 0 0 -1
    outer loop
      vertex 1.33148 9.56738 0
      vertex 1.33148 10.4326 0
      vertex 1.36941 10.2911 0
    endloop
  endfacet
  facet normal 0 0 -1
    outer loop
      vertex 1.27896 9.43057 0
      vertex 1.33148 10.4326 0
      vertex 1.33148 9.56738 0
    endloop
  endfacet
  facet normal 0 0 -1
    outer loop
      vertex 1.27896 9.43057 0
      vertex 1.27896 10.5694 0
      vertex 1.33148 10.4326 0
    endloop
  endfacet
  facet normal 0 0 -1
    outer loop
      vertex 1.21243 9.3 0
      vertex 1.27896 10.5694 0
      vertex 1.27896 9.43057 0
    endloop
  endfacet
  facet normal 0 0 -1
    outer loop
      vertex 1.21243 9.3 0
      vertex 1.21243 10.7 0
      vertex 1.27896 10.5694 0
    endloop
  endfacet
  facet normal 0 0 -1
    outer loop
      vertex 1.13262 9.1771 0
      vertex 1.21243 10.7 0
      vertex 1.21243 9.3 0
    endloop
  endfacet
  facet normal 0 0 -1
    outer loop
      vertex 1.13262 9.1771 0
      vertex 1.13262 10.8229 0
      vertex 1.21243 10.7 0
    endloop
  endfacet
  facet normal 0 0 -1
    outer loop
      vertex 1.0404 9.06322 0
      vertex 1.13262 10.8229 0
      vertex 1.13262 9.1771 0
    endloop
  endfacet
  facet normal 0 0 -1
    outer loop
      vertex 1.0404 9.06322 0
      vertex 1.0404 10.9368 0
      vertex 1.13262 10.8229 0
    endloop
  endfacet
  facet normal 0 0 -1
    outer loop
      vertex 0.936783 8.9596 0
      vertex 1.0404 10.9368 0
      vertex 1.0404 9.06322 0
    endloop
  endfacet
  facet normal 0 0 -1
    outer loop
      vertex 0.936783 8.9596 0
      vertex 0.936783 11.0404 0
      vertex 1.0404 10.9368 0
    endloop
  endfacet
  facet normal 0 0 -1
    outer loop
      vertex 0.822899 8.86738 0
      vertex 0.936783 11.0404 0
      vertex 0.936783 8.9596 0
    endloop
  endfacet
  facet normal 0 0 -1
    outer loop
      vertex 0.822899 8.86738 0
      vertex 0.822899 11.1326 0
      vertex 0.936783 11.0404 0
    endloop
  endfacet
  facet normal 0 0 -1
    outer loop
      vertex 0.7 8.78756 0
      vertex 0.822899 11.1326 0
      vertex 0.822899 8.86738 0
    endloop
  endfacet
  facet normal 0 0 -1
    outer loop
      vertex 0.7 8.78756 0
      vertex 0.7 11.2124 0
      vertex 0.822899 11.1326 0
    endloop
  endfacet
  facet normal 0 0 -1
    outer loop
      vertex 0.56943 8.72104 0
      vertex 0.7 11.2124 0
      vertex 0.7 8.78756 0
    endloop
  endfacet
  facet normal 0 0 -1
    outer loop
      vertex 0.56943 8.72104 0
      vertex 0.56943 11.279 0
      vertex 0.7 11.2124 0
    endloop
  endfacet
  facet normal 0 0 -1
    outer loop
      vertex 0.432623 8.66852 0
      vertex 0.56943 11.279 0
      vertex 0.56943 8.72104 0
    endloop
  endfacet
  facet normal 0 0 -1
    outer loop
      vertex 0.432623 8.66852 0
      vertex 0.432623 11.3315 0
      vertex 0.56943 11.279 0
    endloop
  endfacet
  facet normal 0 0 -1
    outer loop
      vertex 0.291076 8.63059 0
      vertex 0.432623 11.3315 0
      vertex 0.432623 8.66852 0
    endloop
  endfacet
  facet normal 0 0 -1
    outer loop
      vertex 0.291076 8.63059 0
      vertex 0.291076 11.3694 0
      vertex 0.432623 11.3315 0
    endloop
  endfacet
  facet normal 0 0 -1
    outer loop
      vertex 0.146339 8.60767 0
      vertex 0.291076 11.3694 0
      vertex 0.291076 8.63059 0
    endloop
  endfacet
  facet normal 0 0 -1
    outer loop
      vertex 0.146339 8.60767 0
      vertex 0.146339 11.3923 0
      vertex 0.291076 11.3694 0
    endloop
  endfacet
  facet normal 0 0 -1
    outer loop
      vertex 0 8.6 0
      vertex 0.146339 11.3923 0
      vertex 0.146339 8.60767 0
    endloop
  endfacet
  facet normal 0 0 -1
    outer loop
      vertex 0 8.6 0
      vertex 0 11.4 0
      vertex 0.146339 11.3923 0
    endloop
  endfacet
  facet normal 0 0 -1
    outer loop
      vertex -0.146339 8.60767 0
      vertex 0 11.4 0
      vertex 0 8.6 0
    endloop
  endfacet
  facet normal 0 0 -1
    outer loop
      vertex -0.146339 8.60767 0
      vertex -0.146339 11.3923 0
      vertex 0 11.4 0
    endloop
  endfacet
  facet normal 0 0 -1
    outer loop
      vertex -0.291076 8.63059 0
      vertex -0.146339 11.3923 0
      vertex -0.146339 8.60767 0
    endloop
  endfacet
  facet normal 0 0 -1
    outer loop
      vertex -0.291076 8.63059 0
      vertex -0.291076 11.3694 0
      vertex -0.146339 11.3923 0
    endloop
  endfacet
  facet normal 0 0 -1
    outer loop
      vertex -0.432623 8.66852 0
      vertex -0.291076 11.3694 0
      vertex -0.291076 8.63059 0
    endloop
  endfacet
  facet normal 0 0 -1
    outer loop
      vertex -0.432623 8.66852 0
      vertex -0.432623 11.3315 0
      vertex -0.291076 11.3694 0
    endloop
  endfacet
  facet normal 0 0 -1
    outer loop
      vertex -0.56943 8.72104 0
      vertex -0.432623 11.3315 0
      vertex -0.432623 8.66852 0
    endloop
  endfacet
  facet normal 0 0 -1
    outer loop
      vertex -0.56943 8.72104 0
      vertex -0.56943 11.279 0
      vertex -0.432623 11.3315 0
    endloop
  endfacet
  facet normal 0 0 -1
    outer loop
      vertex -0.7 8.78756 0
      vertex -0.56943 11.279 0
      vertex -0.56943 8.72104 0
    endloop
  endfacet
  facet normal 0 0 -1
    outer loop
      vertex -0.7 8.78756 0
      vertex -0.7 11.2124 0
      vertex -0.56943 11.279 0
    endloop
  endfacet
  facet normal 0 0 -1
    outer loop
      vertex -0.822899 8.86738 0
      vertex -0.7 11.2124 0
      vertex -0.7 8.78756 0
    endloop
  endfacet
  facet normal 0 0 -1
    outer loop
      vertex -0.822899 8.86738 0
      vertex -0.822899 11.1326 0
      vertex -0.7 11.2124 0
    endloop
  endfacet
  facet normal 0 0 -1
    outer loop
      vertex -0.936783 8.9596 0
      vertex -0.822899 11.1326 0
      vertex -0.822899 8.86738 0
    endloop
  endfacet
  facet normal 0 0 -1
    outer loop
      vertex -0.936783 8.9596 0
      vertex -0.936783 11.0404 0
      vertex -0.822899 11.1326 0
    endloop
  endfacet
  facet normal 0 0 -1
    outer loop
      vertex -1.0404 9.06322 0
      vertex -0.936783 11.0404 0
      vertex -0.936783 8.9596 0
    endloop
  endfacet
  facet normal 0 0 -1
    outer loop
      vertex -1.0404 9.06322 0
      vertex -1.0404 10.9368 0
      vertex -0.936783 11.0404 0
    endloop
  endfacet
  facet normal 0 0 -1
    outer loop
      vertex -1.13262 9.1771 0
      vertex -1.0404 10.9368 0
      vertex -1.0404 9.06322 0
    endloop
  endfacet
  facet normal 0 0 -1
    outer loop
      vertex -1.13262 9.1771 0
      vertex -1.13262 10.8229 0
      vertex -1.0404 10.9368 0
    endloop
  endfacet
  facet normal 0 0 -1
    outer loop
      vertex -1.21243 9.3 0
      vertex -1.13262 10.8229 0
      vertex -1.13262 9.1771 0
    endloop
  endfacet
  facet normal 0 0 -1
    outer loop
      vertex -1.21243 9.3 0
      vertex -1.21243 10.7 0
      vertex -1.13262 10.8229 0
    endloop
  endfacet
  facet normal 0 0 -1
    outer loop
      vertex -1.27896 9.43057 0
      vertex -1.21243 10.7 0
      vertex -1.21243 9.3 0
    endloop
  endfacet
  facet normal 0 0 -1
    outer loop
      vertex -1.27896 9.43057 0
      vertex -1.27896 10.5694 0
      vertex -1.21243 10.7 0
    endloop
  endfacet
  facet normal 0 0 -1
    outer loop
      vertex -1.33148 9.56738 0
      vertex -1.27896 10.5694 0
      vertex -1.27896 9.43057 0
    endloop
  endfacet
  facet normal 0 0 -1
    outer loop
      vertex -1.33148 9.56738 0
      vertex -1.33148 10.4326 0
      vertex -1.27896 10.5694 0
    endloop
  endfacet
  facet normal 0 0 -1
    outer loop
      vertex -1.36941 9.70892 0
      vertex -1.33148 10.4326 0
      vertex -1.33148 9.56738 0
    endloop
  endfacet
  facet normal 0 0 -1
    outer loop
      vertex -1.36941 9.70892 0
      vertex -1.36941 10.2911 0
      vertex -1.33148 10.4326 0
    endloop
  endfacet
  facet normal 0 0 -1
    outer loop
      vertex -1.39233 9.85366 0
      vertex -1.36941 10.2911 0
      vertex -1.36941 9.70892 0
    endloop
  endfacet
  facet normal 0 0 -1
    outer loop
      vertex -1.39233 9.85366 0
      vertex -1.39233 10.1463 0
      vertex -1.36941 10.2911 0
    endloop
  endfacet
  facet normal 0 -0 -1
    outer loop
      vertex -1.39233 10.1463 0
      vertex -1.39233 9.85366 0
      vertex -1.4 10 0
    endloop
  endfacet
  facet normal -0.998629 0.0523546 0
    outer loop
      vertex -1.4 10 0
      vertex -1.39233 10.1463 5
      vertex -1.39233 10.1463 0
    endloop
  endfacet
  facet normal -0.998629 0.0523546 0
    outer loop
      vertex -1.39233 10.1463 5
      vertex -1.4 10 0
      vertex -1.4 10 5
    endloop
  endfacet
  facet normal -0.777194 0.629261 0
    outer loop
      vertex -1.13262 10.8229 0
      vertex -1.0404 10.9368 5
      vertex -1.0404 10.9368 0
    endloop
  endfacet
  facet normal -0.777194 0.629261 0
    outer loop
      vertex -1.0404 10.9368 5
      vertex -1.13262 10.8229 0
      vertex -1.13262 10.8229 5
    endloop
  endfacet
  facet normal -0.544584 0.838707 0
    outer loop
      vertex -0.7 11.2124 0
      vertex -0.822899 11.1326 5
      vertex -0.7 11.2124 5
    endloop
  endfacet
  facet normal -0.544584 0.838707 0
    outer loop
      vertex -0.822899 11.1326 5
      vertex -0.7 11.2124 0
      vertex -0.822899 11.1326 0
    endloop
  endfacet
  facet normal -0.258645 0.965973 0
    outer loop
      vertex -0.291076 11.3694 0
      vertex -0.432623 11.3315 5
      vertex -0.291076 11.3694 5
    endloop
  endfacet
  facet normal -0.258645 0.965973 0
    outer loop
      vertex -0.432623 11.3315 5
      vertex -0.291076 11.3694 0
      vertex -0.432623 11.3315 0
    endloop
  endfacet
  facet normal -0.629314 -0.777151 0
    outer loop
      vertex -0.936783 8.9596 0
      vertex -0.822899 8.86738 5
      vertex -0.936783 8.9596 5
    endloop
  endfacet
  facet normal -0.629314 -0.777151 -0
    outer loop
      vertex -0.822899 8.86738 5
      vertex -0.936783 8.9596 0
      vertex -0.822899 8.86738 0
    endloop
  endfacet
  facet normal -0.838677 -0.544629 0
    outer loop
      vertex -1.13262 9.1771 0
      vertex -1.21243 9.3 5
      vertex -1.21243 9.3 0
    endloop
  endfacet
  facet normal -0.838677 -0.544629 0
    outer loop
      vertex -1.21243 9.3 5
      vertex -1.13262 9.1771 0
      vertex -1.13262 9.1771 5
    endloop
  endfacet
  facet normal 0.707049 0.707165 0
    outer loop
      vertex 1.0404 10.9368 5
      vertex 0.936783 11.0404 0
      vertex 0.936783 11.0404 5
    endloop
  endfacet
  facet normal 0.707049 0.707165 0
    outer loop
      vertex 0.936783 11.0404 0
      vertex 1.0404 10.9368 5
      vertex 1.0404 10.9368 0
    endloop
  endfacet
  facet normal -0.0525449 0.998619 0
    outer loop
      vertex 0 11.4 0
      vertex -0.146339 11.3923 5
      vertex 0 11.4 5
    endloop
  endfacet
  facet normal -0.0525449 0.998619 0
    outer loop
      vertex -0.146339 11.3923 5
      vertex 0 11.4 0
      vertex -0.146339 11.3923 0
    endloop
  endfacet
  facet normal 0.258645 0.965973 -0
    outer loop
      vertex 0.432623 11.3315 0
      vertex 0.291076 11.3694 5
      vertex 0.432623 11.3315 5
    endloop
  endfacet
  facet normal 0.258645 0.965973 0
    outer loop
      vertex 0.291076 11.3694 5
      vertex 0.432623 11.3315 0
      vertex 0.291076 11.3694 0
    endloop
  endfacet
  facet normal 0.156274 0.987714 -0
    outer loop
      vertex 0.291076 11.3694 0
      vertex 0.146339 11.3923 5
      vertex 0.291076 11.3694 5
    endloop
  endfacet
  facet normal 0.156274 0.987714 0
    outer loop
      vertex 0.146339 11.3923 5
      vertex 0.291076 11.3694 0
      vertex 0.146339 11.3923 0
    endloop
  endfacet
  facet normal 0.454376 0.89081 -0
    outer loop
      vertex 0.7 11.2124 0
      vertex 0.56943 11.279 5
      vertex 0.7 11.2124 5
    endloop
  endfacet
  facet normal 0.454376 0.89081 0
    outer loop
      vertex 0.56943 11.279 5
      vertex 0.7 11.2124 0
      vertex 0.56943 11.279 0
    endloop
  endfacet
  facet normal 0.629232 0.777218 -0
    outer loop
      vertex 0.936783 11.0404 0
      vertex 0.822899 11.1326 5
      vertex 0.936783 11.0404 5
    endloop
  endfacet
  facet normal 0.629232 0.777218 0
    outer loop
      vertex 0.822899 11.1326 5
      vertex 0.936783 11.0404 0
      vertex 0.822899 11.1326 0
    endloop
  endfacet
  facet normal 0 0 1
    outer loop
      vertex 1.39233 10.1463 5
      vertex 1.39233 9.85366 5
      vertex 1.4 10 5
    endloop
  endfacet
  facet normal 0 0 1
    outer loop
      vertex 1.36941 10.2911 5
      vertex 1.39233 9.85366 5
      vertex 1.39233 10.1463 5
    endloop
  endfacet
  facet normal 0 0 1
    outer loop
      vertex 1.36941 10.2911 5
      vertex 1.36941 9.70892 5
      vertex 1.39233 9.85366 5
    endloop
  endfacet
  facet normal 0 0 1
    outer loop
      vertex 1.33148 10.4326 5
      vertex 1.36941 9.70892 5
      vertex 1.36941 10.2911 5
    endloop
  endfacet
  facet normal 0 0 1
    outer loop
      vertex 1.33148 10.4326 5
      vertex 1.33148 9.56738 5
      vertex 1.36941 9.70892 5
    endloop
  endfacet
  facet normal 0 0 1
    outer loop
      vertex 1.27896 10.5694 5
      vertex 1.33148 9.56738 5
      vertex 1.33148 10.4326 5
    endloop
  endfacet
  facet normal 0 0 1
    outer loop
      vertex 1.27896 10.5694 5
      vertex 1.27896 9.43057 5
      vertex 1.33148 9.56738 5
    endloop
  endfacet
  facet normal 0 0 1
    outer loop
      vertex 1.21243 10.7 5
      vertex 1.27896 9.43057 5
      vertex 1.27896 10.5694 5
    endloop
  endfacet
  facet normal 0 0 1
    outer loop
      vertex 1.21243 10.7 5
      vertex 1.21243 9.3 5
      vertex 1.27896 9.43057 5
    endloop
  endfacet
  facet normal 0 0 1
    outer loop
      vertex 1.13262 10.8229 5
      vertex 1.21243 9.3 5
      vertex 1.21243 10.7 5
    endloop
  endfacet
  facet normal 0 0 1
    outer loop
      vertex 1.13262 10.8229 5
      vertex 1.13262 9.1771 5
      vertex 1.21243 9.3 5
    endloop
  endfacet
  facet normal 0 0 1
    outer loop
      vertex 1.0404 10.9368 5
      vertex 1.13262 9.1771 5
      vertex 1.13262 10.8229 5
    endloop
  endfacet
  facet normal 0 0 1
    outer loop
      vertex 1.0404 10.9368 5
      vertex 1.0404 9.06322 5
      vertex 1.13262 9.1771 5
    endloop
  endfacet
  facet normal 0 0 1
    outer loop
      vertex 0.936783 11.0404 5
      vertex 1.0404 9.06322 5
      vertex 1.0404 10.9368 5
    endloop
  endfacet
  facet normal 0 0 1
    outer loop
      vertex 0.936783 11.0404 5
      vertex 0.936783 8.9596 5
      vertex 1.0404 9.06322 5
    endloop
  endfacet
  facet normal 0 0 1
    outer loop
      vertex 0.822899 11.1326 5
      vertex 0.936783 8.9596 5
      vertex 0.936783 11.0404 5
    endloop
  endfacet
  facet normal 0 0 1
    outer loop
      vertex 0.822899 11.1326 5
      vertex 0.822899 8.86738 5
      vertex 0.936783 8.9596 5
    endloop
  endfacet
  facet normal 0 0 1
    outer loop
      vertex 0.7 11.2124 5
      vertex 0.822899 8.86738 5
      vertex 0.822899 11.1326 5
    endloop
  endfacet
  facet normal 0 0 1
    outer loop
      vertex 0.7 11.2124 5
      vertex 0.7 8.78756 5
      vertex 0.822899 8.86738 5
    endloop
  endfacet
  facet normal 0 0 1
    outer loop
      vertex 0.56943 11.279 5
      vertex 0.7 8.78756 5
      vertex 0.7 11.2124 5
    endloop
  endfacet
  facet normal 0 0 1
    outer loop
      vertex 0.56943 11.279 5
      vertex 0.56943 8.72104 5
      vertex 0.7 8.78756 5
    endloop
  endfacet
  facet normal 0 0 1
    outer loop
      vertex 0.432623 11.3315 5
      vertex 0.56943 8.72104 5
      vertex 0.56943 11.279 5
    endloop
  endfacet
  facet normal 0 0 1
    outer loop
      vertex 0.432623 11.3315 5
      vertex 0.432623 8.66852 5
      vertex 0.56943 8.72104 5
    endloop
  endfacet
  facet normal 0 0 1
    outer loop
      vertex 0.291076 11.3694 5
      vertex 0.432623 8.66852 5
      vertex 0.432623 11.3315 5
    endloop
  endfacet
  facet normal 0 0 1
    outer loop
      vertex 0.291076 11.3694 5
      vertex 0.291076 8.63059 5
      vertex 0.432623 8.66852 5
    endloop
  endfacet
  facet normal 0 0 1
    outer loop
      vertex 0.146339 11.3923 5
      vertex 0.291076 8.63059 5
      vertex 0.291076 11.3694 5
    endloop
  endfacet
  facet normal 0 0 1
    outer loop
      vertex 0.146339 11.3923 5
      vertex 0.146339 8.60767 5
      vertex 0.291076 8.63059 5
    endloop
  endfacet
  facet normal 0 0 1
    outer loop
      vertex 0 11.4 5
      vertex 0.146339 8.60767 5
      vertex 0.146339 11.3923 5
    endloop
  endfacet
  facet normal 0 0 1
    outer loop
      vertex 0 11.4 5
      vertex 0 8.6 5
      vertex 0.146339 8.60767 5
    endloop
  endfacet
  facet normal -0 0 1
    outer loop
      vertex -0.146339 11.3923 5
      vertex 0 8.6 5
      vertex 0 11.4 5
    endloop
  endfacet
  facet normal 0 0 1
    outer loop
      vertex -0.146339 11.3923 5
      vertex -0.146339 8.60767 5
      vertex 0 8.6 5
    endloop
  endfacet
  facet normal -0 0 1
    outer loop
      vertex -0.291076 11.3694 5
      vertex -0.146339 8.60767 5
      vertex -0.146339 11.3923 5
    endloop
  endfacet
  facet normal 0 0 1
    outer loop
      vertex -0.291076 11.3694 5
      vertex -0.291076 8.63059 5
      vertex -0.146339 8.60767 5
    endloop
  endfacet
  facet normal -0 0 1
    outer loop
      vertex -0.432623 11.3315 5
      vertex -0.291076 8.63059 5
      vertex -0.291076 11.3694 5
    endloop
  endfacet
  facet normal 0 0 1
    outer loop
      vertex -0.432623 11.3315 5
      vertex -0.432623 8.66852 5
      vertex -0.291076 8.63059 5
    endloop
  endfacet
  facet normal -0 0 1
    outer loop
      vertex -0.56943 11.279 5
      vertex -0.432623 8.66852 5
      vertex -0.432623 11.3315 5
    endloop
  endfacet
  facet normal 0 0 1
    outer loop
      vertex -0.56943 11.279 5
      vertex -0.56943 8.72104 5
      vertex -0.432623 8.66852 5
    endloop
  endfacet
  facet normal -0 0 1
    outer loop
      vertex -0.7 11.2124 5
      vertex -0.56943 8.72104 5
      vertex -0.56943 11.279 5
    endloop
  endfacet
  facet normal 0 0 1
    outer loop
      vertex -0.7 11.2124 5
      vertex -0.7 8.78756 5
      vertex -0.56943 8.72104 5
    endloop
  endfacet
  facet normal -0 0 1
    outer loop
      vertex -0.822899 11.1326 5
      vertex -0.7 8.78756 5
      vertex -0.7 11.2124 5
    endloop
  endfacet
  facet normal 0 0 1
    outer loop
      vertex -0.822899 11.1326 5
      vertex -0.822899 8.86738 5
      vertex -0.7 8.78756 5
    endloop
  endfacet
  facet normal -0 0 1
    outer loop
      vertex -0.936783 11.0404 5
      vertex -0.822899 8.86738 5
      vertex -0.822899 11.1326 5
    endloop
  endfacet
  facet normal 0 0 1
    outer loop
      vertex -0.936783 11.0404 5
      vertex -0.936783 8.9596 5
      vertex -0.822899 8.86738 5
    endloop
  endfacet
  facet normal -0 0 1
    outer loop
      vertex -1.0404 10.9368 5
      vertex -0.936783 8.9596 5
      vertex -0.936783 11.0404 5
    endloop
  endfacet
  facet normal 0 0 1
    outer loop
      vertex -1.0404 10.9368 5
      vertex -1.0404 9.06322 5
      vertex -0.936783 8.9596 5
    endloop
  endfacet
  facet normal -0 0 1
    outer loop
      vertex -1.13262 10.8229 5
      vertex -1.0404 9.06322 5
      vertex -1.0404 10.9368 5
    endloop
  endfacet
  facet normal 0 0 1
    outer loop
      vertex -1.13262 10.8229 5
      vertex -1.13262 9.1771 5
      vertex -1.0404 9.06322 5
    endloop
  endfacet
  facet normal -0 0 1
    outer loop
      vertex -1.21243 10.7 5
      vertex -1.13262 9.1771 5
      vertex -1.13262 10.8229 5
    endloop
  endfacet
  facet normal 0 0 1
    outer loop
      vertex -1.21243 10.7 5
      vertex -1.21243 9.3 5
      vertex -1.13262 9.1771 5
    endloop
  endfacet
  facet normal -0 0 1
    outer loop
      vertex -1.27896 10.5694 5
      vertex -1.21243 9.3 5
      vertex -1.21243 10.7 5
    endloop
  endfacet
  facet normal 0 0 1
    outer loop
      vertex -1.27896 10.5694 5
      vertex -1.27896 9.43057 5
      vertex -1.21243 9.3 5
    endloop
  endfacet
  facet normal -0 0 1
    outer loop
      vertex -1.33148 10.4326 5
      vertex -1.27896 9.43057 5
      vertex -1.27896 10.5694 5
    endloop
  endfacet
  facet normal 0 0 1
    outer loop
      vertex -1.33148 10.4326 5
      vertex -1.33148 9.56738 5
      vertex -1.27896 9.43057 5
    endloop
  endfacet
  facet normal -0 0 1
    outer loop
      vertex -1.36941 10.2911 5
      vertex -1.33148 9.56738 5
      vertex -1.33148 10.4326 5
    endloop
  endfacet
  facet normal 0 0 1
    outer loop
      vertex -1.36941 10.2911 5
      vertex -1.36941 9.70892 5
      vertex -1.33148 9.56738 5
    endloop
  endfacet
  facet normal -0 0 1
    outer loop
      vertex -1.39233 10.1463 5
      vertex -1.36941 9.70892 5
      vertex -1.36941 10.2911 5
    endloop
  endfacet
  facet normal 0 0 1
    outer loop
      vertex -1.39233 10.1463 5
      vertex -1.39233 9.85366 5
      vertex -1.36941 9.70892 5
    endloop
  endfacet
  facet normal 0 -0 1
    outer loop
      vertex -1.39233 9.85366 5
      vertex -1.39233 10.1463 5
      vertex -1.4 10 5
    endloop
  endfacet
  facet normal -0.9659 0.258916 0
    outer loop
      vertex -1.36941 10.2911 0
      vertex -1.33148 10.4326 5
      vertex -1.33148 10.4326 0
    endloop
  endfacet
  facet normal -0.9659 0.258916 0
    outer loop
      vertex -1.33148 10.4326 5
      vertex -1.36941 10.2911 0
      vertex -1.36941 10.2911 5
    endloop
  endfacet
  facet normal -0.987703 0.156341 0
    outer loop
      vertex -1.39233 10.1463 0
      vertex -1.36941 10.2911 5
      vertex -1.36941 10.2911 0
    endloop
  endfacet
  facet normal -0.987703 0.156341 0
    outer loop
      vertex -1.36941 10.2911 5
      vertex -1.39233 10.1463 0
      vertex -1.39233 10.1463 5
    endloop
  endfacet
  facet normal -0.891045 0.453915 0
    outer loop
      vertex -1.27896 10.5694 0
      vertex -1.21243 10.7 5
      vertex -1.21243 10.7 0
    endloop
  endfacet
  facet normal -0.891045 0.453915 0
    outer loop
      vertex -1.21243 10.7 5
      vertex -1.27896 10.5694 0
      vertex -1.27896 10.5694 5
    endloop
  endfacet
  facet normal -0.838677 0.544629 0
    outer loop
      vertex -1.21243 10.7 0
      vertex -1.13262 10.8229 5
      vertex -1.13262 10.8229 0
    endloop
  endfacet
  facet normal -0.838677 0.544629 0
    outer loop
      vertex -1.13262 10.8229 5
      vertex -1.21243 10.7 0
      vertex -1.21243 10.7 5
    endloop
  endfacet
  facet normal -0.358277 0.933615 0
    outer loop
      vertex -0.432623 11.3315 0
      vertex -0.56943 11.279 5
      vertex -0.432623 11.3315 5
    endloop
  endfacet
  facet normal -0.358277 0.933615 0
    outer loop
      vertex -0.56943 11.279 5
      vertex -0.432623 11.3315 0
      vertex -0.56943 11.279 0
    endloop
  endfacet
  facet normal -0.156274 0.987714 0
    outer loop
      vertex -0.146339 11.3923 0
      vertex -0.291076 11.3694 5
      vertex -0.146339 11.3923 5
    endloop
  endfacet
  facet normal -0.156274 0.987714 0
    outer loop
      vertex -0.291076 11.3694 5
      vertex -0.146339 11.3923 0
      vertex -0.291076 11.3694 0
    endloop
  endfacet
  facet normal -0.629232 0.777218 0
    outer loop
      vertex -0.822899 11.1326 0
      vertex -0.936783 11.0404 5
      vertex -0.822899 11.1326 5
    endloop
  endfacet
  facet normal -0.629232 0.777218 0
    outer loop
      vertex -0.936783 11.0404 5
      vertex -0.822899 11.1326 0
      vertex -0.936783 11.0404 0
    endloop
  endfacet
  facet normal -0.707049 0.707165 0
    outer loop
      vertex -1.0404 10.9368 0
      vertex -0.936783 11.0404 5
      vertex -0.936783 11.0404 0
    endloop
  endfacet
  facet normal -0.707049 0.707165 0
    outer loop
      vertex -0.936783 11.0404 5
      vertex -1.0404 10.9368 0
      vertex -1.0404 10.9368 5
    endloop
  endfacet
  facet normal 0.998629 0.0523546 0
    outer loop
      vertex 1.4 10 5
      vertex 1.39233 10.1463 0
      vertex 1.39233 10.1463 5
    endloop
  endfacet
  facet normal 0.998629 0.0523546 0
    outer loop
      vertex 1.39233 10.1463 0
      vertex 1.4 10 5
      vertex 1.4 10 0
    endloop
  endfacet
  facet normal 0.965918 -0.258848 0
    outer loop
      vertex 1.33148 9.56738 5
      vertex 1.36941 9.70892 0
      vertex 1.36941 9.70892 5
    endloop
  endfacet
  facet normal 0.965918 -0.258848 0
    outer loop
      vertex 1.36941 9.70892 0
      vertex 1.33148 9.56738 5
      vertex 1.33148 9.56738 0
    endloop
  endfacet
  facet normal 0.77714 -0.629328 0
    outer loop
      vertex 1.0404 9.06322 5
      vertex 1.13262 9.1771 0
      vertex 1.13262 9.1771 5
    endloop
  endfacet
  facet normal 0.77714 -0.629328 0
    outer loop
      vertex 1.13262 9.1771 0
      vertex 1.0404 9.06322 5
      vertex 1.0404 9.06322 0
    endloop
  endfacet
  facet normal 0.0523407 -0.998629 0
    outer loop
      vertex 0 8.6 0
      vertex 0.146339 8.60767 5
      vertex 0 8.6 5
    endloop
  endfacet
  facet normal 0.0523407 -0.998629 0
    outer loop
      vertex 0.146339 8.60767 5
      vertex 0 8.6 0
      vertex 0.146339 8.60767 0
    endloop
  endfacet
  facet normal -0.933572 -0.358389 0
    outer loop
      vertex -1.27896 9.43057 0
      vertex -1.33148 9.56738 5
      vertex -1.33148 9.56738 0
    endloop
  endfacet
  facet normal -0.933572 -0.358389 0
    outer loop
      vertex -1.33148 9.56738 5
      vertex -1.27896 9.43057 0
      vertex -1.27896 9.43057 5
    endloop
  endfacet
  facet normal -0.77714 -0.629328 0
    outer loop
      vertex -1.0404 9.06322 0
      vertex -1.13262 9.1771 5
      vertex -1.13262 9.1771 0
    endloop
  endfacet
  facet normal -0.77714 -0.629328 0
    outer loop
      vertex -1.13262 9.1771 5
      vertex -1.0404 9.06322 0
      vertex -1.0404 9.06322 5
    endloop
  endfacet
  facet normal 0.453943 -0.891031 0
    outer loop
      vertex 0.56943 8.72104 0
      vertex 0.7 8.78756 5
      vertex 0.56943 8.72104 5
    endloop
  endfacet
  facet normal 0.453943 -0.891031 0
    outer loop
      vertex 0.7 8.78756 5
      vertex 0.56943 8.72104 0
      vertex 0.7 8.78756 0
    endloop
  endfacet
  facet normal 0.891045 0.453915 0
    outer loop
      vertex 1.27896 10.5694 5
      vertex 1.21243 10.7 0
      vertex 1.21243 10.7 5
    endloop
  endfacet
  facet normal 0.891045 0.453915 0
    outer loop
      vertex 1.21243 10.7 0
      vertex 1.27896 10.5694 5
      vertex 1.27896 10.5694 0
    endloop
  endfacet
  facet normal 0.933564 0.358412 0
    outer loop
      vertex 1.33148 10.4326 5
      vertex 1.27896 10.5694 0
      vertex 1.27896 10.5694 5
    endloop
  endfacet
  facet normal 0.933564 0.358412 0
    outer loop
      vertex 1.27896 10.5694 0
      vertex 1.33148 10.4326 5
      vertex 1.33148 10.4326 0
    endloop
  endfacet
  facet normal 0.9659 0.258916 0
    outer loop
      vertex 1.36941 10.2911 5
      vertex 1.33148 10.4326 0
      vertex 1.33148 10.4326 5
    endloop
  endfacet
  facet normal 0.9659 0.258916 0
    outer loop
      vertex 1.33148 10.4326 0
      vertex 1.36941 10.2911 5
      vertex 1.36941 10.2911 0
    endloop
  endfacet
  facet normal 0.777194 0.629261 0
    outer loop
      vertex 1.13262 10.8229 5
      vertex 1.0404 10.9368 0
      vertex 1.0404 10.9368 5
    endloop
  endfacet
  facet normal 0.777194 0.629261 0
    outer loop
      vertex 1.0404 10.9368 0
      vertex 1.13262 10.8229 5
      vertex 1.13262 10.8229 0
    endloop
  endfacet
  facet normal -0.998629 -0.0523403 0
    outer loop
      vertex -1.39233 9.85366 0
      vertex -1.4 10 5
      vertex -1.4 10 0
    endloop
  endfacet
  facet normal -0.998629 -0.0523403 0
    outer loop
      vertex -1.4 10 5
      vertex -1.39233 9.85366 0
      vertex -1.39233 9.85366 5
    endloop
  endfacet
  facet normal 0.987693 -0.156404 0
    outer loop
      vertex 1.36941 9.70892 5
      vertex 1.39233 9.85366 0
      vertex 1.39233 9.85366 5
    endloop
  endfacet
  facet normal 0.987693 -0.156404 0
    outer loop
      vertex 1.39233 9.85366 0
      vertex 1.36941 9.70892 5
      vertex 1.36941 9.70892 0
    endloop
  endfacet
  facet normal 0.707117 -0.707097 0
    outer loop
      vertex 0.936783 8.9596 5
      vertex 1.0404 9.06322 0
      vertex 1.0404 9.06322 5
    endloop
  endfacet
  facet normal 0.707117 -0.707097 0
    outer loop
      vertex 1.0404 9.06322 0
      vertex 0.936783 8.9596 5
      vertex 0.936783 8.9596 0
    endloop
  endfacet
  facet normal 0.891003 -0.453997 0
    outer loop
      vertex 1.21243 9.3 5
      vertex 1.27896 9.43057 0
      vertex 1.27896 9.43057 5
    endloop
  endfacet
  facet normal 0.891003 -0.453997 0
    outer loop
      vertex 1.27896 9.43057 0
      vertex 1.21243 9.3 5
      vertex 1.21243 9.3 0
    endloop
  endfacet
  facet normal -0.258836 -0.965921 0
    outer loop
      vertex -0.432623 8.66852 0
      vertex -0.291076 8.63059 5
      vertex -0.432623 8.66852 5
    endloop
  endfacet
  facet normal -0.258836 -0.965921 -0
    outer loop
      vertex -0.291076 8.63059 5
      vertex -0.432623 8.66852 0
      vertex -0.291076 8.63059 0
    endloop
  endfacet
  facet normal -0.987693 -0.156404 0
    outer loop
      vertex -1.36941 9.70892 0
      vertex -1.39233 9.85366 5
      vertex -1.39233 9.85366 0
    endloop
  endfacet
  facet normal -0.987693 -0.156404 0
    outer loop
      vertex -1.39233 9.85366 5
      vertex -1.36941 9.70892 0
      vertex -1.36941 9.70892 5
    endloop
  endfacet
  facet normal -0.707117 -0.707097 0
    outer loop
      vertex -0.936783 8.9596 0
      vertex -1.0404 9.06322 5
      vertex -1.0404 9.06322 0
    endloop
  endfacet
  facet normal -0.707117 -0.707097 0
    outer loop
      vertex -1.0404 9.06322 5
      vertex -0.936783 8.9596 0
      vertex -0.936783 8.9596 5
    endloop
  endfacet
  facet normal 0.358396 -0.93357 0
    outer loop
      vertex 0.432623 8.66852 0
      vertex 0.56943 8.72104 5
      vertex 0.432623 8.66852 5
    endloop
  endfacet
  facet normal 0.358396 -0.93357 0
    outer loop
      vertex 0.56943 8.72104 5
      vertex 0.432623 8.66852 0
      vertex 0.56943 8.72104 0
    endloop
  endfacet
  facet normal 0.987703 0.156341 0
    outer loop
      vertex 1.39233 10.1463 5
      vertex 1.36941 10.2911 0
      vertex 1.36941 10.2911 5
    endloop
  endfacet
  facet normal 0.987703 0.156341 0
    outer loop
      vertex 1.36941 10.2911 0
      vertex 1.39233 10.1463 5
      vertex 1.39233 10.1463 0
    endloop
  endfacet
  facet normal 0.629314 -0.777151 0
    outer loop
      vertex 0.822899 8.86738 0
      vertex 0.936783 8.9596 5
      vertex 0.822899 8.86738 5
    endloop
  endfacet
  facet normal 0.629314 -0.777151 0
    outer loop
      vertex 0.936783 8.9596 5
      vertex 0.822899 8.86738 0
      vertex 0.936783 8.9596 0
    endloop
  endfacet
  facet normal 0.54468 -0.838644 0
    outer loop
      vertex 0.7 8.78756 0
      vertex 0.822899 8.86738 5
      vertex 0.7 8.78756 5
    endloop
  endfacet
  facet normal 0.54468 -0.838644 0
    outer loop
      vertex 0.822899 8.86738 5
      vertex 0.7 8.78756 0
      vertex 0.822899 8.86738 0
    endloop
  endfacet
  facet normal 0.838677 -0.544629 0
    outer loop
      vertex 1.13262 9.1771 5
      vertex 1.21243 9.3 0
      vertex 1.21243 9.3 5
    endloop
  endfacet
  facet normal 0.838677 -0.544629 0
    outer loop
      vertex 1.21243 9.3 0
      vertex 1.13262 9.1771 5
      vertex 1.13262 9.1771 0
    endloop
  endfacet
  facet normal 0.933572 -0.358389 0
    outer loop
      vertex 1.27896 9.43057 5
      vertex 1.33148 9.56738 0
      vertex 1.33148 9.56738 5
    endloop
  endfacet
  facet normal 0.933572 -0.358389 0
    outer loop
      vertex 1.33148 9.56738 0
      vertex 1.27896 9.43057 5
      vertex 1.27896 9.43057 0
    endloop
  endfacet
  facet normal -0.0523407 -0.998629 0
    outer loop
      vertex -0.146339 8.60767 0
      vertex 0 8.6 5
      vertex -0.146339 8.60767 5
    endloop
  endfacet
  facet normal -0.0523407 -0.998629 -0
    outer loop
      vertex 0 8.6 5
      vertex -0.146339 8.60767 0
      vertex 0 8.6 0
    endloop
  endfacet
  facet normal -0.453943 -0.891031 0
    outer loop
      vertex -0.7 8.78756 0
      vertex -0.56943 8.72104 5
      vertex -0.7 8.78756 5
    endloop
  endfacet
  facet normal -0.453943 -0.891031 -0
    outer loop
      vertex -0.56943 8.72104 5
      vertex -0.7 8.78756 0
      vertex -0.56943 8.72104 0
    endloop
  endfacet
  facet normal -0.358396 -0.93357 0
    outer loop
      vertex -0.56943 8.72104 0
      vertex -0.432623 8.66852 5
      vertex -0.56943 8.72104 5
    endloop
  endfacet
  facet normal -0.358396 -0.93357 -0
    outer loop
      vertex -0.432623 8.66852 5
      vertex -0.56943 8.72104 0
      vertex -0.432623 8.66852 0
    endloop
  endfacet
  facet normal -0.156407 -0.987693 0
    outer loop
      vertex -0.291076 8.63059 0
      vertex -0.146339 8.60767 5
      vertex -0.291076 8.63059 5
    endloop
  endfacet
  facet normal -0.156407 -0.987693 -0
    outer loop
      vertex -0.146339 8.60767 5
      vertex -0.291076 8.63059 0
      vertex -0.146339 8.60767 0
    endloop
  endfacet
  facet normal -0.891003 -0.453997 0
    outer loop
      vertex -1.21243 9.3 0
      vertex -1.27896 9.43057 5
      vertex -1.27896 9.43057 0
    endloop
  endfacet
  facet normal -0.891003 -0.453997 0
    outer loop
      vertex -1.27896 9.43057 5
      vertex -1.21243 9.3 0
      vertex -1.21243 9.3 5
    endloop
  endfacet
  facet normal -0.965918 -0.258848 0
    outer loop
      vertex -1.33148 9.56738 0
      vertex -1.36941 9.70892 5
      vertex -1.36941 9.70892 0
    endloop
  endfacet
  facet normal -0.965918 -0.258848 0
    outer loop
      vertex -1.36941 9.70892 5
      vertex -1.33148 9.56738 0
      vertex -1.33148 9.56738 5
    endloop
  endfacet
  facet normal 0.258836 -0.965921 0
    outer loop
      vertex 0.291076 8.63059 0
      vertex 0.432623 8.66852 5
      vertex 0.291076 8.63059 5
    endloop
  endfacet
  facet normal 0.258836 -0.965921 0
    outer loop
      vertex 0.432623 8.66852 5
      vertex 0.291076 8.63059 0
      vertex 0.432623 8.66852 0
    endloop
  endfacet
  facet normal 0.156407 -0.987693 0
    outer loop
      vertex 0.146339 8.60767 0
      vertex 0.291076 8.63059 5
      vertex 0.146339 8.60767 5
    endloop
  endfacet
  facet normal 0.156407 -0.987693 0
    outer loop
      vertex 0.291076 8.63059 5
      vertex 0.146339 8.60767 0
      vertex 0.291076 8.63059 0
    endloop
  endfacet
  facet normal -0.54468 -0.838644 0
    outer loop
      vertex -0.822899 8.86738 0
      vertex -0.7 8.78756 5
      vertex -0.822899 8.86738 5
    endloop
  endfacet
  facet normal -0.54468 -0.838644 -0
    outer loop
      vertex -0.7 8.78756 5
      vertex -0.822899 8.86738 0
      vertex -0.7 8.78756 0
    endloop
  endfacet
  facet normal 0.998629 0.0523546 0
    outer loop
      vertex 1.4 20 5
      vertex 1.39233 20.1463 0
      vertex 1.39233 20.1463 5
    endloop
  endfacet
  facet normal 0.998629 0.0523546 0
    outer loop
      vertex 1.39233 20.1463 0
      vertex 1.4 20 5
      vertex 1.4 20 0
    endloop
  endfacet
  facet normal -0.0525449 0.998619 0
    outer loop
      vertex 0 21.4 0
      vertex -0.146339 21.3923 5
      vertex 0 21.4 5
    endloop
  endfacet
  facet normal -0.0525449 0.998619 0
    outer loop
      vertex -0.146339 21.3923 5
      vertex 0 21.4 0
      vertex -0.146339 21.3923 0
    endloop
  endfacet
  facet normal 0.0525449 -0.998619 0
    outer loop
      vertex 0 18.6 0
      vertex 0.146339 18.6077 5
      vertex 0 18.6 5
    endloop
  endfacet
  facet normal 0.0525449 -0.998619 0
    outer loop
      vertex 0.146339 18.6077 5
      vertex 0 18.6 0
      vertex 0.146339 18.6077 0
    endloop
  endfacet
  facet normal 0.707049 0.707165 -0
    outer loop
      vertex 1.0404 20.9368 0
      vertex 0.936783 21.0404 5
      vertex 1.0404 20.9368 5
    endloop
  endfacet
  facet normal 0.707049 0.707165 0
    outer loop
      vertex 0.936783 21.0404 5
      vertex 1.0404 20.9368 0
      vertex 0.936783 21.0404 0
    endloop
  endfacet
  facet normal -0.707049 0.707165 0
    outer loop
      vertex -0.936783 21.0404 0
      vertex -1.0404 20.9368 5
      vertex -0.936783 21.0404 5
    endloop
  endfacet
  facet normal -0.707049 0.707165 0
    outer loop
      vertex -1.0404 20.9368 5
      vertex -0.936783 21.0404 0
      vertex -1.0404 20.9368 0
    endloop
  endfacet
  facet normal -0.454376 0.89081 0
    outer loop
      vertex -0.56943 21.279 0
      vertex -0.7 21.2124 5
      vertex -0.56943 21.279 5
    endloop
  endfacet
  facet normal -0.454376 0.89081 0
    outer loop
      vertex -0.7 21.2124 5
      vertex -0.56943 21.279 0
      vertex -0.7 21.2124 0
    endloop
  endfacet
  facet normal 0.891045 0.453915 0
    outer loop
      vertex 1.27896 20.5694 5
      vertex 1.21243 20.7 0
      vertex 1.21243 20.7 5
    endloop
  endfacet
  facet normal 0.891045 0.453915 0
    outer loop
      vertex 1.21243 20.7 0
      vertex 1.27896 20.5694 5
      vertex 1.27896 20.5694 0
    endloop
  endfacet
  facet normal 0.838677 0.544629 0
    outer loop
      vertex 1.21243 20.7 5
      vertex 1.13262 20.8229 0
      vertex 1.13262 20.8229 5
    endloop
  endfacet
  facet normal 0.838677 0.544629 0
    outer loop
      vertex 1.13262 20.8229 0
      vertex 1.21243 20.7 5
      vertex 1.21243 20.7 0
    endloop
  endfacet
  facet normal 0.358277 0.933615 -0
    outer loop
      vertex 0.56943 21.279 0
      vertex 0.432623 21.3315 5
      vertex 0.56943 21.279 5
    endloop
  endfacet
  facet normal 0.358277 0.933615 0
    outer loop
      vertex 0.432623 21.3315 5
      vertex 0.56943 21.279 0
      vertex 0.432623 21.3315 0
    endloop
  endfacet
  facet normal 0.544584 0.838707 -0
    outer loop
      vertex 0.822899 21.1326 0
      vertex 0.7 21.2124 5
      vertex 0.822899 21.1326 5
    endloop
  endfacet
  facet normal 0.544584 0.838707 0
    outer loop
      vertex 0.7 21.2124 5
      vertex 0.822899 21.1326 0
      vertex 0.7 21.2124 0
    endloop
  endfacet
  facet normal -0.933564 0.358412 0
    outer loop
      vertex -1.33148 20.4326 0
      vertex -1.27896 20.5694 5
      vertex -1.27896 20.5694 0
    endloop
  endfacet
  facet normal -0.933564 0.358412 0
    outer loop
      vertex -1.27896 20.5694 5
      vertex -1.33148 20.4326 0
      vertex -1.33148 20.4326 5
    endloop
  endfacet
  facet normal -0.544584 0.838707 0
    outer loop
      vertex -0.7 21.2124 0
      vertex -0.822899 21.1326 5
      vertex -0.7 21.2124 5
    endloop
  endfacet
  facet normal -0.544584 0.838707 0
    outer loop
      vertex -0.822899 21.1326 5
      vertex -0.7 21.2124 0
      vertex -0.822899 21.1326 0
    endloop
  endfacet
  facet normal -0.258645 0.965973 0
    outer loop
      vertex -0.291076 21.3694 0
      vertex -0.432623 21.3315 5
      vertex -0.291076 21.3694 5
    endloop
  endfacet
  facet normal -0.258645 0.965973 0
    outer loop
      vertex -0.432623 21.3315 5
      vertex -0.291076 21.3694 0
      vertex -0.432623 21.3315 0
    endloop
  endfacet
  facet normal 0.987703 -0.156341 0
    outer loop
      vertex 1.36941 19.7089 5
      vertex 1.39233 19.8537 0
      vertex 1.39233 19.8537 5
    endloop
  endfacet
  facet normal 0.987703 -0.156341 0
    outer loop
      vertex 1.39233 19.8537 0
      vertex 1.36941 19.7089 5
      vertex 1.36941 19.7089 0
    endloop
  endfacet
  facet normal 0.358277 -0.933615 0
    outer loop
      vertex 0.432623 18.6685 0
      vertex 0.56943 18.721 5
      vertex 0.432623 18.6685 5
    endloop
  endfacet
  facet normal 0.358277 -0.933615 0
    outer loop
      vertex 0.56943 18.721 5
      vertex 0.432623 18.6685 0
      vertex 0.56943 18.721 0
    endloop
  endfacet
  facet normal 0.454376 -0.89081 0
    outer loop
      vertex 0.56943 18.721 0
      vertex 0.7 18.7876 5
      vertex 0.56943 18.721 5
    endloop
  endfacet
  facet normal 0.454376 -0.89081 0
    outer loop
      vertex 0.7 18.7876 5
      vertex 0.56943 18.721 0
      vertex 0.7 18.7876 0
    endloop
  endfacet
  facet normal 0.9659 0.258916 0
    outer loop
      vertex 1.36941 20.2911 5
      vertex 1.33148 20.4326 0
      vertex 1.33148 20.4326 5
    endloop
  endfacet
  facet normal 0.9659 0.258916 0
    outer loop
      vertex 1.33148 20.4326 0
      vertex 1.36941 20.2911 5
      vertex 1.36941 20.2911 0
    endloop
  endfacet
  facet normal 0.987703 0.156341 0
    outer loop
      vertex 1.39233 20.1463 5
      vertex 1.36941 20.2911 0
      vertex 1.36941 20.2911 5
    endloop
  endfacet
  facet normal 0.987703 0.156341 0
    outer loop
      vertex 1.36941 20.2911 0
      vertex 1.39233 20.1463 5
      vertex 1.39233 20.1463 0
    endloop
  endfacet
  facet normal 0.933564 0.358412 0
    outer loop
      vertex 1.33148 20.4326 5
      vertex 1.27896 20.5694 0
      vertex 1.27896 20.5694 5
    endloop
  endfacet
  facet normal 0.933564 0.358412 0
    outer loop
      vertex 1.27896 20.5694 0
      vertex 1.33148 20.4326 5
      vertex 1.33148 20.4326 0
    endloop
  endfacet
  facet normal 0.777194 0.629261 0
    outer loop
      vertex 1.13262 20.8229 5
      vertex 1.0404 20.9368 0
      vertex 1.0404 20.9368 5
    endloop
  endfacet
  facet normal 0.777194 0.629261 0
    outer loop
      vertex 1.0404 20.9368 0
      vertex 1.13262 20.8229 5
      vertex 1.13262 20.8229 0
    endloop
  endfacet
  facet normal 0.156274 0.987714 -0
    outer loop
      vertex 0.291076 21.3694 0
      vertex 0.146339 21.3923 5
      vertex 0.291076 21.3694 5
    endloop
  endfacet
  facet normal 0.156274 0.987714 0
    outer loop
      vertex 0.146339 21.3923 5
      vertex 0.291076 21.3694 0
      vertex 0.146339 21.3923 0
    endloop
  endfacet
  facet normal 0.258645 0.965973 -0
    outer loop
      vertex 0.432623 21.3315 0
      vertex 0.291076 21.3694 5
      vertex 0.432623 21.3315 5
    endloop
  endfacet
  facet normal 0.258645 0.965973 0
    outer loop
      vertex 0.291076 21.3694 5
      vertex 0.432623 21.3315 0
      vertex 0.291076 21.3694 0
    endloop
  endfacet
  facet normal 0.0525449 0.998619 -0
    outer loop
      vertex 0.146339 21.3923 0
      vertex 0 21.4 5
      vertex 0.146339 21.3923 5
    endloop
  endfacet
  facet normal 0.0525449 0.998619 0
    outer loop
      vertex 0 21.4 5
      vertex 0.146339 21.3923 0
      vertex 0 21.4 0
    endloop
  endfacet
  facet normal 0.454376 0.89081 -0
    outer loop
      vertex 0.7 21.2124 0
      vertex 0.56943 21.279 5
      vertex 0.7 21.2124 5
    endloop
  endfacet
  facet normal 0.454376 0.89081 0
    outer loop
      vertex 0.56943 21.279 5
      vertex 0.7 21.2124 0
      vertex 0.56943 21.279 0
    endloop
  endfacet
  facet normal 0.629232 0.777218 -0
    outer loop
      vertex 0.936783 21.0404 0
      vertex 0.822899 21.1326 5
      vertex 0.936783 21.0404 5
    endloop
  endfacet
  facet normal 0.629232 0.777218 0
    outer loop
      vertex 0.822899 21.1326 5
      vertex 0.936783 21.0404 0
      vertex 0.822899 21.1326 0
    endloop
  endfacet
  facet normal -0.987703 0.156341 0
    outer loop
      vertex -1.39233 20.1463 0
      vertex -1.36941 20.2911 5
      vertex -1.36941 20.2911 0
    endloop
  endfacet
  facet normal -0.987703 0.156341 0
    outer loop
      vertex -1.36941 20.2911 5
      vertex -1.39233 20.1463 0
      vertex -1.39233 20.1463 5
    endloop
  endfacet
  facet normal 0 0 -1
    outer loop
      vertex 1.39233 19.8537 0
      vertex 1.39233 20.1463 0
      vertex 1.4 20 0
    endloop
  endfacet
  facet normal 0 0 -1
    outer loop
      vertex 1.36941 19.7089 0
      vertex 1.39233 20.1463 0
      vertex 1.39233 19.8537 0
    endloop
  endfacet
  facet normal 0 0 -1
    outer loop
      vertex 1.36941 19.7089 0
      vertex 1.36941 20.2911 0
      vertex 1.39233 20.1463 0
    endloop
  endfacet
  facet normal 0 0 -1
    outer loop
      vertex 1.33148 19.5674 0
      vertex 1.36941 20.2911 0
      vertex 1.36941 19.7089 0
    endloop
  endfacet
  facet normal 0 0 -1
    outer loop
      vertex 1.33148 19.5674 0
      vertex 1.33148 20.4326 0
      vertex 1.36941 20.2911 0
    endloop
  endfacet
  facet normal 0 0 -1
    outer loop
      vertex 1.27896 19.4306 0
      vertex 1.33148 20.4326 0
      vertex 1.33148 19.5674 0
    endloop
  endfacet
  facet normal 0 0 -1
    outer loop
      vertex 1.27896 19.4306 0
      vertex 1.27896 20.5694 0
      vertex 1.33148 20.4326 0
    endloop
  endfacet
  facet normal 0 0 -1
    outer loop
      vertex 1.21243 19.3 0
      vertex 1.27896 20.5694 0
      vertex 1.27896 19.4306 0
    endloop
  endfacet
  facet normal 0 0 -1
    outer loop
      vertex 1.21243 19.3 0
      vertex 1.21243 20.7 0
      vertex 1.27896 20.5694 0
    endloop
  endfacet
  facet normal 0 0 -1
    outer loop
      vertex 1.13262 19.1771 0
      vertex 1.21243 20.7 0
      vertex 1.21243 19.3 0
    endloop
  endfacet
  facet normal 0 0 -1
    outer loop
      vertex 1.13262 19.1771 0
      vertex 1.13262 20.8229 0
      vertex 1.21243 20.7 0
    endloop
  endfacet
  facet normal 0 0 -1
    outer loop
      vertex 1.0404 19.0632 0
      vertex 1.13262 20.8229 0
      vertex 1.13262 19.1771 0
    endloop
  endfacet
  facet normal 0 0 -1
    outer loop
      vertex 1.0404 19.0632 0
      vertex 1.0404 20.9368 0
      vertex 1.13262 20.8229 0
    endloop
  endfacet
  facet normal 0 0 -1
    outer loop
      vertex 0.936783 18.9596 0
      vertex 1.0404 20.9368 0
      vertex 1.0404 19.0632 0
    endloop
  endfacet
  facet normal 0 0 -1
    outer loop
      vertex 0.936783 18.9596 0
      vertex 0.936783 21.0404 0
      vertex 1.0404 20.9368 0
    endloop
  endfacet
  facet normal 0 0 -1
    outer loop
      vertex 0.822899 18.8674 0
      vertex 0.936783 21.0404 0
      vertex 0.936783 18.9596 0
    endloop
  endfacet
  facet normal 0 0 -1
    outer loop
      vertex 0.822899 18.8674 0
      vertex 0.822899 21.1326 0
      vertex 0.936783 21.0404 0
    endloop
  endfacet
  facet normal 0 0 -1
    outer loop
      vertex 0.7 18.7876 0
      vertex 0.822899 21.1326 0
      vertex 0.822899 18.8674 0
    endloop
  endfacet
  facet normal 0 0 -1
    outer loop
      vertex 0.7 18.7876 0
      vertex 0.7 21.2124 0
      vertex 0.822899 21.1326 0
    endloop
  endfacet
  facet normal 0 0 -1
    outer loop
      vertex 0.56943 18.721 0
      vertex 0.7 21.2124 0
      vertex 0.7 18.7876 0
    endloop
  endfacet
  facet normal 0 0 -1
    outer loop
      vertex 0.56943 18.721 0
      vertex 0.56943 21.279 0
      vertex 0.7 21.2124 0
    endloop
  endfacet
  facet normal 0 0 -1
    outer loop
      vertex 0.432623 18.6685 0
      vertex 0.56943 21.279 0
      vertex 0.56943 18.721 0
    endloop
  endfacet
  facet normal 0 0 -1
    outer loop
      vertex 0.432623 18.6685 0
      vertex 0.432623 21.3315 0
      vertex 0.56943 21.279 0
    endloop
  endfacet
  facet normal 0 0 -1
    outer loop
      vertex 0.291076 18.6306 0
      vertex 0.432623 21.3315 0
      vertex 0.432623 18.6685 0
    endloop
  endfacet
  facet normal 0 0 -1
    outer loop
      vertex 0.291076 18.6306 0
      vertex 0.291076 21.3694 0
      vertex 0.432623 21.3315 0
    endloop
  endfacet
  facet normal 0 0 -1
    outer loop
      vertex 0.146339 18.6077 0
      vertex 0.291076 21.3694 0
      vertex 0.291076 18.6306 0
    endloop
  endfacet
  facet normal 0 0 -1
    outer loop
      vertex 0.146339 18.6077 0
      vertex 0.146339 21.3923 0
      vertex 0.291076 21.3694 0
    endloop
  endfacet
  facet normal 0 0 -1
    outer loop
      vertex 0 18.6 0
      vertex 0.146339 21.3923 0
      vertex 0.146339 18.6077 0
    endloop
  endfacet
  facet normal 0 0 -1
    outer loop
      vertex 0 18.6 0
      vertex 0 21.4 0
      vertex 0.146339 21.3923 0
    endloop
  endfacet
  facet normal 0 0 -1
    outer loop
      vertex -0.146339 18.6077 0
      vertex 0 21.4 0
      vertex 0 18.6 0
    endloop
  endfacet
  facet normal 0 0 -1
    outer loop
      vertex -0.146339 18.6077 0
      vertex -0.146339 21.3923 0
      vertex 0 21.4 0
    endloop
  endfacet
  facet normal 0 0 -1
    outer loop
      vertex -0.291076 18.6306 0
      vertex -0.146339 21.3923 0
      vertex -0.146339 18.6077 0
    endloop
  endfacet
  facet normal 0 0 -1
    outer loop
      vertex -0.291076 18.6306 0
      vertex -0.291076 21.3694 0
      vertex -0.146339 21.3923 0
    endloop
  endfacet
  facet normal 0 0 -1
    outer loop
      vertex -0.432623 18.6685 0
      vertex -0.291076 21.3694 0
      vertex -0.291076 18.6306 0
    endloop
  endfacet
  facet normal 0 0 -1
    outer loop
      vertex -0.432623 18.6685 0
      vertex -0.432623 21.3315 0
      vertex -0.291076 21.3694 0
    endloop
  endfacet
  facet normal 0 0 -1
    outer loop
      vertex -0.56943 18.721 0
      vertex -0.432623 21.3315 0
      vertex -0.432623 18.6685 0
    endloop
  endfacet
  facet normal 0 0 -1
    outer loop
      vertex -0.56943 18.721 0
      vertex -0.56943 21.279 0
      vertex -0.432623 21.3315 0
    endloop
  endfacet
  facet normal 0 0 -1
    outer loop
      vertex -0.7 18.7876 0
      vertex -0.56943 21.279 0
      vertex -0.56943 18.721 0
    endloop
  endfacet
  facet normal 0 0 -1
    outer loop
      vertex -0.7 18.7876 0
      vertex -0.7 21.2124 0
      vertex -0.56943 21.279 0
    endloop
  endfacet
  facet normal 0 0 -1
    outer loop
      vertex -0.822899 18.8674 0
      vertex -0.7 21.2124 0
      vertex -0.7 18.7876 0
    endloop
  endfacet
  facet normal 0 0 -1
    outer loop
      vertex -0.822899 18.8674 0
      vertex -0.822899 21.1326 0
      vertex -0.7 21.2124 0
    endloop
  endfacet
  facet normal 0 0 -1
    outer loop
      vertex -0.936783 18.9596 0
      vertex -0.822899 21.1326 0
      vertex -0.822899 18.8674 0
    endloop
  endfacet
  facet normal 0 0 -1
    outer loop
      vertex -0.936783 18.9596 0
      vertex -0.936783 21.0404 0
      vertex -0.822899 21.1326 0
    endloop
  endfacet
  facet normal 0 0 -1
    outer loop
      vertex -1.0404 19.0632 0
      vertex -0.936783 21.0404 0
      vertex -0.936783 18.9596 0
    endloop
  endfacet
  facet normal 0 0 -1
    outer loop
      vertex -1.0404 19.0632 0
      vertex -1.0404 20.9368 0
      vertex -0.936783 21.0404 0
    endloop
  endfacet
  facet normal 0 0 -1
    outer loop
      vertex -1.13262 19.1771 0
      vertex -1.0404 20.9368 0
      vertex -1.0404 19.0632 0
    endloop
  endfacet
  facet normal 0 0 -1
    outer loop
      vertex -1.13262 19.1771 0
      vertex -1.13262 20.8229 0
      vertex -1.0404 20.9368 0
    endloop
  endfacet
  facet normal 0 0 -1
    outer loop
      vertex -1.21243 19.3 0
      vertex -1.13262 20.8229 0
      vertex -1.13262 19.1771 0
    endloop
  endfacet
  facet normal 0 0 -1
    outer loop
      vertex -1.21243 19.3 0
      vertex -1.21243 20.7 0
      vertex -1.13262 20.8229 0
    endloop
  endfacet
  facet normal 0 0 -1
    outer loop
      vertex -1.27896 19.4306 0
      vertex -1.21243 20.7 0
      vertex -1.21243 19.3 0
    endloop
  endfacet
  facet normal 0 0 -1
    outer loop
      vertex -1.27896 19.4306 0
      vertex -1.27896 20.5694 0
      vertex -1.21243 20.7 0
    endloop
  endfacet
  facet normal 0 0 -1
    outer loop
      vertex -1.33148 19.5674 0
      vertex -1.27896 20.5694 0
      vertex -1.27896 19.4306 0
    endloop
  endfacet
  facet normal 0 0 -1
    outer loop
      vertex -1.33148 19.5674 0
      vertex -1.33148 20.4326 0
      vertex -1.27896 20.5694 0
    endloop
  endfacet
  facet normal 0 0 -1
    outer loop
      vertex -1.36941 19.7089 0
      vertex -1.33148 20.4326 0
      vertex -1.33148 19.5674 0
    endloop
  endfacet
  facet normal 0 0 -1
    outer loop
      vertex -1.36941 19.7089 0
      vertex -1.36941 20.2911 0
      vertex -1.33148 20.4326 0
    endloop
  endfacet
  facet normal 0 0 -1
    outer loop
      vertex -1.39233 19.8537 0
      vertex -1.36941 20.2911 0
      vertex -1.36941 19.7089 0
    endloop
  endfacet
  facet normal 0 0 -1
    outer loop
      vertex -1.39233 19.8537 0
      vertex -1.39233 20.1463 0
      vertex -1.36941 20.2911 0
    endloop
  endfacet
  facet normal 0 -0 -1
    outer loop
      vertex -1.39233 20.1463 0
      vertex -1.39233 19.8537 0
      vertex -1.4 20 0
    endloop
  endfacet
  facet normal -0.838677 0.544629 0
    outer loop
      vertex -1.21243 20.7 0
      vertex -1.13262 20.8229 5
      vertex -1.13262 20.8229 0
    endloop
  endfacet
  facet normal -0.838677 0.544629 0
    outer loop
      vertex -1.13262 20.8229 5
      vertex -1.21243 20.7 0
      vertex -1.21243 20.7 5
    endloop
  endfacet
  facet normal -0.777194 0.629261 0
    outer loop
      vertex -1.13262 20.8229 0
      vertex -1.0404 20.9368 5
      vertex -1.0404 20.9368 0
    endloop
  endfacet
  facet normal -0.777194 0.629261 0
    outer loop
      vertex -1.0404 20.9368 5
      vertex -1.13262 20.8229 0
      vertex -1.13262 20.8229 5
    endloop
  endfacet
  facet normal -0.891045 0.453915 0
    outer loop
      vertex -1.27896 20.5694 0
      vertex -1.21243 20.7 5
      vertex -1.21243 20.7 0
    endloop
  endfacet
  facet normal -0.891045 0.453915 0
    outer loop
      vertex -1.21243 20.7 5
      vertex -1.27896 20.5694 0
      vertex -1.27896 20.5694 5
    endloop
  endfacet
  facet normal -0.9659 0.258916 0
    outer loop
      vertex -1.36941 20.2911 0
      vertex -1.33148 20.4326 5
      vertex -1.33148 20.4326 0
    endloop
  endfacet
  facet normal -0.9659 0.258916 0
    outer loop
      vertex -1.33148 20.4326 5
      vertex -1.36941 20.2911 0
      vertex -1.36941 20.2911 5
    endloop
  endfacet
  facet normal -0.998629 0.0523546 0
    outer loop
      vertex -1.4 20 0
      vertex -1.39233 20.1463 5
      vertex -1.39233 20.1463 0
    endloop
  endfacet
  facet normal -0.998629 0.0523546 0
    outer loop
      vertex -1.39233 20.1463 5
      vertex -1.4 20 0
      vertex -1.4 20 5
    endloop
  endfacet
  facet normal 0 0 1
    outer loop
      vertex 1.39233 20.1463 5
      vertex 1.39233 19.8537 5
      vertex 1.4 20 5
    endloop
  endfacet
  facet normal 0 0 1
    outer loop
      vertex 1.36941 20.2911 5
      vertex 1.39233 19.8537 5
      vertex 1.39233 20.1463 5
    endloop
  endfacet
  facet normal 0 0 1
    outer loop
      vertex 1.36941 20.2911 5
      vertex 1.36941 19.7089 5
      vertex 1.39233 19.8537 5
    endloop
  endfacet
  facet normal 0 0 1
    outer loop
      vertex 1.33148 20.4326 5
      vertex 1.36941 19.7089 5
      vertex 1.36941 20.2911 5
    endloop
  endfacet
  facet normal 0 0 1
    outer loop
      vertex 1.33148 20.4326 5
      vertex 1.33148 19.5674 5
      vertex 1.36941 19.7089 5
    endloop
  endfacet
  facet normal 0 0 1
    outer loop
      vertex 1.27896 20.5694 5
      vertex 1.33148 19.5674 5
      vertex 1.33148 20.4326 5
    endloop
  endfacet
  facet normal 0 0 1
    outer loop
      vertex 1.27896 20.5694 5
      vertex 1.27896 19.4306 5
      vertex 1.33148 19.5674 5
    endloop
  endfacet
  facet normal 0 0 1
    outer loop
      vertex 1.21243 20.7 5
      vertex 1.27896 19.4306 5
      vertex 1.27896 20.5694 5
    endloop
  endfacet
  facet normal 0 0 1
    outer loop
      vertex 1.21243 20.7 5
      vertex 1.21243 19.3 5
      vertex 1.27896 19.4306 5
    endloop
  endfacet
  facet normal 0 0 1
    outer loop
      vertex 1.13262 20.8229 5
      vertex 1.21243 19.3 5
      vertex 1.21243 20.7 5
    endloop
  endfacet
  facet normal 0 0 1
    outer loop
      vertex 1.13262 20.8229 5
      vertex 1.13262 19.1771 5
      vertex 1.21243 19.3 5
    endloop
  endfacet
  facet normal 0 0 1
    outer loop
      vertex 1.0404 20.9368 5
      vertex 1.13262 19.1771 5
      vertex 1.13262 20.8229 5
    endloop
  endfacet
  facet normal 0 0 1
    outer loop
      vertex 1.0404 20.9368 5
      vertex 1.0404 19.0632 5
      vertex 1.13262 19.1771 5
    endloop
  endfacet
  facet normal 0 0 1
    outer loop
      vertex 0.936783 21.0404 5
      vertex 1.0404 19.0632 5
      vertex 1.0404 20.9368 5
    endloop
  endfacet
  facet normal 0 0 1
    outer loop
      vertex 0.936783 21.0404 5
      vertex 0.936783 18.9596 5
      vertex 1.0404 19.0632 5
    endloop
  endfacet
  facet normal 0 0 1
    outer loop
      vertex 0.822899 21.1326 5
      vertex 0.936783 18.9596 5
      vertex 0.936783 21.0404 5
    endloop
  endfacet
  facet normal 0 0 1
    outer loop
      vertex 0.822899 21.1326 5
      vertex 0.822899 18.8674 5
      vertex 0.936783 18.9596 5
    endloop
  endfacet
  facet normal 0 0 1
    outer loop
      vertex 0.7 21.2124 5
      vertex 0.822899 18.8674 5
      vertex 0.822899 21.1326 5
    endloop
  endfacet
  facet normal 0 0 1
    outer loop
      vertex 0.7 21.2124 5
      vertex 0.7 18.7876 5
      vertex 0.822899 18.8674 5
    endloop
  endfacet
  facet normal 0 0 1
    outer loop
      vertex 0.56943 21.279 5
      vertex 0.7 18.7876 5
      vertex 0.7 21.2124 5
    endloop
  endfacet
  facet normal 0 0 1
    outer loop
      vertex 0.56943 21.279 5
      vertex 0.56943 18.721 5
      vertex 0.7 18.7876 5
    endloop
  endfacet
  facet normal 0 0 1
    outer loop
      vertex 0.432623 21.3315 5
      vertex 0.56943 18.721 5
      vertex 0.56943 21.279 5
    endloop
  endfacet
  facet normal 0 0 1
    outer loop
      vertex 0.432623 21.3315 5
      vertex 0.432623 18.6685 5
      vertex 0.56943 18.721 5
    endloop
  endfacet
  facet normal 0 0 1
    outer loop
      vertex 0.291076 21.3694 5
      vertex 0.432623 18.6685 5
      vertex 0.432623 21.3315 5
    endloop
  endfacet
  facet normal 0 0 1
    outer loop
      vertex 0.291076 21.3694 5
      vertex 0.291076 18.6306 5
      vertex 0.432623 18.6685 5
    endloop
  endfacet
  facet normal 0 0 1
    outer loop
      vertex 0.146339 21.3923 5
      vertex 0.291076 18.6306 5
      vertex 0.291076 21.3694 5
    endloop
  endfacet
  facet normal 0 0 1
    outer loop
      vertex 0.146339 21.3923 5
      vertex 0.146339 18.6077 5
      vertex 0.291076 18.6306 5
    endloop
  endfacet
  facet normal 0 0 1
    outer loop
      vertex 0 21.4 5
      vertex 0.146339 18.6077 5
      vertex 0.146339 21.3923 5
    endloop
  endfacet
  facet normal 0 0 1
    outer loop
      vertex 0 21.4 5
      vertex 0 18.6 5
      vertex 0.146339 18.6077 5
    endloop
  endfacet
  facet normal -0 0 1
    outer loop
      vertex -0.146339 21.3923 5
      vertex 0 18.6 5
      vertex 0 21.4 5
    endloop
  endfacet
  facet normal 0 0 1
    outer loop
      vertex -0.146339 21.3923 5
      vertex -0.146339 18.6077 5
      vertex 0 18.6 5
    endloop
  endfacet
  facet normal -0 0 1
    outer loop
      vertex -0.291076 21.3694 5
      vertex -0.146339 18.6077 5
      vertex -0.146339 21.3923 5
    endloop
  endfacet
  facet normal 0 0 1
    outer loop
      vertex -0.291076 21.3694 5
      vertex -0.291076 18.6306 5
      vertex -0.146339 18.6077 5
    endloop
  endfacet
  facet normal -0 0 1
    outer loop
      vertex -0.432623 21.3315 5
      vertex -0.291076 18.6306 5
      vertex -0.291076 21.3694 5
    endloop
  endfacet
  facet normal 0 0 1
    outer loop
      vertex -0.432623 21.3315 5
      vertex -0.432623 18.6685 5
      vertex -0.291076 18.6306 5
    endloop
  endfacet
  facet normal -0 0 1
    outer loop
      vertex -0.56943 21.279 5
      vertex -0.432623 18.6685 5
      vertex -0.432623 21.3315 5
    endloop
  endfacet
  facet normal 0 0 1
    outer loop
      vertex -0.56943 21.279 5
      vertex -0.56943 18.721 5
      vertex -0.432623 18.6685 5
    endloop
  endfacet
  facet normal -0 0 1
    outer loop
      vertex -0.7 21.2124 5
      vertex -0.56943 18.721 5
      vertex -0.56943 21.279 5
    endloop
  endfacet
  facet normal 0 0 1
    outer loop
      vertex -0.7 21.2124 5
      vertex -0.7 18.7876 5
      vertex -0.56943 18.721 5
    endloop
  endfacet
  facet normal -0 0 1
    outer loop
      vertex -0.822899 21.1326 5
      vertex -0.7 18.7876 5
      vertex -0.7 21.2124 5
    endloop
  endfacet
  facet normal 0 0 1
    outer loop
      vertex -0.822899 21.1326 5
      vertex -0.822899 18.8674 5
      vertex -0.7 18.7876 5
    endloop
  endfacet
  facet normal -0 0 1
    outer loop
      vertex -0.936783 21.0404 5
      vertex -0.822899 18.8674 5
      vertex -0.822899 21.1326 5
    endloop
  endfacet
  facet normal 0 0 1
    outer loop
      vertex -0.936783 21.0404 5
      vertex -0.936783 18.9596 5
      vertex -0.822899 18.8674 5
    endloop
  endfacet
  facet normal -0 0 1
    outer loop
      vertex -1.0404 20.9368 5
      vertex -0.936783 18.9596 5
      vertex -0.936783 21.0404 5
    endloop
  endfacet
  facet normal 0 0 1
    outer loop
      vertex -1.0404 20.9368 5
      vertex -1.0404 19.0632 5
      vertex -0.936783 18.9596 5
    endloop
  endfacet
  facet normal -0 0 1
    outer loop
      vertex -1.13262 20.8229 5
      vertex -1.0404 19.0632 5
      vertex -1.0404 20.9368 5
    endloop
  endfacet
  facet normal 0 0 1
    outer loop
      vertex -1.13262 20.8229 5
      vertex -1.13262 19.1771 5
      vertex -1.0404 19.0632 5
    endloop
  endfacet
  facet normal -0 0 1
    outer loop
      vertex -1.21243 20.7 5
      vertex -1.13262 19.1771 5
      vertex -1.13262 20.8229 5
    endloop
  endfacet
  facet normal 0 0 1
    outer loop
      vertex -1.21243 20.7 5
      vertex -1.21243 19.3 5
      vertex -1.13262 19.1771 5
    endloop
  endfacet
  facet normal -0 0 1
    outer loop
      vertex -1.27896 20.5694 5
      vertex -1.21243 19.3 5
      vertex -1.21243 20.7 5
    endloop
  endfacet
  facet normal 0 0 1
    outer loop
      vertex -1.27896 20.5694 5
      vertex -1.27896 19.4306 5
      vertex -1.21243 19.3 5
    endloop
  endfacet
  facet normal -0 0 1
    outer loop
      vertex -1.33148 20.4326 5
      vertex -1.27896 19.4306 5
      vertex -1.27896 20.5694 5
    endloop
  endfacet
  facet normal 0 0 1
    outer loop
      vertex -1.33148 20.4326 5
      vertex -1.33148 19.5674 5
      vertex -1.27896 19.4306 5
    endloop
  endfacet
  facet normal -0 0 1
    outer loop
      vertex -1.36941 20.2911 5
      vertex -1.33148 19.5674 5
      vertex -1.33148 20.4326 5
    endloop
  endfacet
  facet normal 0 0 1
    outer loop
      vertex -1.36941 20.2911 5
      vertex -1.36941 19.7089 5
      vertex -1.33148 19.5674 5
    endloop
  endfacet
  facet normal -0 0 1
    outer loop
      vertex -1.39233 20.1463 5
      vertex -1.36941 19.7089 5
      vertex -1.36941 20.2911 5
    endloop
  endfacet
  facet normal 0 0 1
    outer loop
      vertex -1.39233 20.1463 5
      vertex -1.39233 19.8537 5
      vertex -1.36941 19.7089 5
    endloop
  endfacet
  facet normal 0 -0 1
    outer loop
      vertex -1.39233 19.8537 5
      vertex -1.39233 20.1463 5
      vertex -1.4 20 5
    endloop
  endfacet
  facet normal -0.629232 0.777218 0
    outer loop
      vertex -0.822899 21.1326 0
      vertex -0.936783 21.0404 5
      vertex -0.822899 21.1326 5
    endloop
  endfacet
  facet normal -0.629232 0.777218 0
    outer loop
      vertex -0.936783 21.0404 5
      vertex -0.822899 21.1326 0
      vertex -0.936783 21.0404 0
    endloop
  endfacet
  facet normal -0.358277 0.933615 0
    outer loop
      vertex -0.432623 21.3315 0
      vertex -0.56943 21.279 5
      vertex -0.432623 21.3315 5
    endloop
  endfacet
  facet normal -0.358277 0.933615 0
    outer loop
      vertex -0.56943 21.279 5
      vertex -0.432623 21.3315 0
      vertex -0.56943 21.279 0
    endloop
  endfacet
  facet normal -0.156274 0.987714 0
    outer loop
      vertex -0.146339 21.3923 0
      vertex -0.291076 21.3694 5
      vertex -0.146339 21.3923 5
    endloop
  endfacet
  facet normal -0.156274 0.987714 0
    outer loop
      vertex -0.291076 21.3694 5
      vertex -0.146339 21.3923 0
      vertex -0.291076 21.3694 0
    endloop
  endfacet
  facet normal 0.998629 -0.0523546 0
    outer loop
      vertex 1.39233 19.8537 5
      vertex 1.4 20 0
      vertex 1.4 20 5
    endloop
  endfacet
  facet normal 0.998629 -0.0523546 0
    outer loop
      vertex 1.4 20 0
      vertex 1.39233 19.8537 5
      vertex 1.39233 19.8537 0
    endloop
  endfacet
  facet normal 0.707049 -0.707165 0
    outer loop
      vertex 0.936783 18.9596 5
      vertex 1.0404 19.0632 0
      vertex 1.0404 19.0632 5
    endloop
  endfacet
  facet normal 0.707049 -0.707165 0
    outer loop
      vertex 1.0404 19.0632 0
      vertex 0.936783 18.9596 5
      vertex 0.936783 18.9596 0
    endloop
  endfacet
  facet normal -0.629232 -0.777218 0
    outer loop
      vertex -0.936783 18.9596 0
      vertex -0.822899 18.8674 5
      vertex -0.936783 18.9596 5
    endloop
  endfacet
  facet normal -0.629232 -0.777218 -0
    outer loop
      vertex -0.822899 18.8674 5
      vertex -0.936783 18.9596 0
      vertex -0.822899 18.8674 0
    endloop
  endfacet
  facet normal -0.838677 -0.544629 0
    outer loop
      vertex -1.13262 19.1771 0
      vertex -1.21243 19.3 5
      vertex -1.21243 19.3 0
    endloop
  endfacet
  facet normal -0.838677 -0.544629 0
    outer loop
      vertex -1.21243 19.3 5
      vertex -1.13262 19.1771 0
      vertex -1.13262 19.1771 5
    endloop
  endfacet
  facet normal -0.777194 -0.629261 0
    outer loop
      vertex -1.0404 19.0632 0
      vertex -1.13262 19.1771 5
      vertex -1.13262 19.1771 0
    endloop
  endfacet
  facet normal -0.777194 -0.629261 0
    outer loop
      vertex -1.13262 19.1771 5
      vertex -1.0404 19.0632 0
      vertex -1.0404 19.0632 5
    endloop
  endfacet
  facet normal -0.998629 -0.0523546 0
    outer loop
      vertex -1.39233 19.8537 0
      vertex -1.4 20 5
      vertex -1.4 20 0
    endloop
  endfacet
  facet normal -0.998629 -0.0523546 0
    outer loop
      vertex -1.4 20 5
      vertex -1.39233 19.8537 0
      vertex -1.39233 19.8537 5
    endloop
  endfacet
  facet normal 0.9659 -0.258916 0
    outer loop
      vertex 1.33148 19.5674 5
      vertex 1.36941 19.7089 0
      vertex 1.36941 19.7089 5
    endloop
  endfacet
  facet normal 0.9659 -0.258916 0
    outer loop
      vertex 1.36941 19.7089 0
      vertex 1.33148 19.5674 5
      vertex 1.33148 19.5674 0
    endloop
  endfacet
  facet normal 0.777194 -0.629261 0
    outer loop
      vertex 1.0404 19.0632 5
      vertex 1.13262 19.1771 0
      vertex 1.13262 19.1771 5
    endloop
  endfacet
  facet normal 0.777194 -0.629261 0
    outer loop
      vertex 1.13262 19.1771 0
      vertex 1.0404 19.0632 5
      vertex 1.0404 19.0632 0
    endloop
  endfacet
  facet normal 0.544584 -0.838707 0
    outer loop
      vertex 0.7 18.7876 0
      vertex 0.822899 18.8674 5
      vertex 0.7 18.7876 5
    endloop
  endfacet
  facet normal 0.544584 -0.838707 0
    outer loop
      vertex 0.822899 18.8674 5
      vertex 0.7 18.7876 0
      vertex 0.822899 18.8674 0
    endloop
  endfacet
  facet normal 0.629232 -0.777218 0
    outer loop
      vertex 0.822899 18.8674 0
      vertex 0.936783 18.9596 5
      vertex 0.822899 18.8674 5
    endloop
  endfacet
  facet normal 0.629232 -0.777218 0
    outer loop
      vertex 0.936783 18.9596 5
      vertex 0.822899 18.8674 0
      vertex 0.936783 18.9596 0
    endloop
  endfacet
  facet normal 0.891045 -0.453915 0
    outer loop
      vertex 1.21243 19.3 5
      vertex 1.27896 19.4306 0
      vertex 1.27896 19.4306 5
    endloop
  endfacet
  facet normal 0.891045 -0.453915 0
    outer loop
      vertex 1.27896 19.4306 0
      vertex 1.21243 19.3 5
      vertex 1.21243 19.3 0
    endloop
  endfacet
  facet normal -0.258645 -0.965973 0
    outer loop
      vertex -0.432623 18.6685 0
      vertex -0.291076 18.6306 5
      vertex -0.432623 18.6685 5
    endloop
  endfacet
  facet normal -0.258645 -0.965973 -0
    outer loop
      vertex -0.291076 18.6306 5
      vertex -0.432623 18.6685 0
      vertex -0.291076 18.6306 0
    endloop
  endfacet
  facet normal -0.454376 -0.89081 0
    outer loop
      vertex -0.7 18.7876 0
      vertex -0.56943 18.721 5
      vertex -0.7 18.7876 5
    endloop
  endfacet
  facet normal -0.454376 -0.89081 -0
    outer loop
      vertex -0.56943 18.721 5
      vertex -0.7 18.7876 0
      vertex -0.56943 18.721 0
    endloop
  endfacet
  facet normal -0.707049 -0.707165 0
    outer loop
      vertex -0.936783 18.9596 0
      vertex -1.0404 19.0632 5
      vertex -1.0404 19.0632 0
    endloop
  endfacet
  facet normal -0.707049 -0.707165 0
    outer loop
      vertex -1.0404 19.0632 5
      vertex -0.936783 18.9596 0
      vertex -0.936783 18.9596 5
    endloop
  endfacet
  facet normal -0.933564 -0.358412 0
    outer loop
      vertex -1.27896 19.4306 0
      vertex -1.33148 19.5674 5
      vertex -1.33148 19.5674 0
    endloop
  endfacet
  facet normal -0.933564 -0.358412 0
    outer loop
      vertex -1.33148 19.5674 5
      vertex -1.27896 19.4306 0
      vertex -1.27896 19.4306 5
    endloop
  endfacet
  facet normal 0.156274 -0.987714 0
    outer loop
      vertex 0.146339 18.6077 0
      vertex 0.291076 18.6306 5
      vertex 0.146339 18.6077 5
    endloop
  endfacet
  facet normal 0.156274 -0.987714 0
    outer loop
      vertex 0.291076 18.6306 5
      vertex 0.146339 18.6077 0
      vertex 0.291076 18.6306 0
    endloop
  endfacet
  facet normal 0.838677 -0.544629 0
    outer loop
      vertex 1.13262 19.1771 5
      vertex 1.21243 19.3 0
      vertex 1.21243 19.3 5
    endloop
  endfacet
  facet normal 0.838677 -0.544629 0
    outer loop
      vertex 1.21243 19.3 0
      vertex 1.13262 19.1771 5
      vertex 1.13262 19.1771 0
    endloop
  endfacet
  facet normal 0.933564 -0.358412 0
    outer loop
      vertex 1.27896 19.4306 5
      vertex 1.33148 19.5674 0
      vertex 1.33148 19.5674 5
    endloop
  endfacet
  facet normal 0.933564 -0.358412 0
    outer loop
      vertex 1.33148 19.5674 0
      vertex 1.27896 19.4306 5
      vertex 1.27896 19.4306 0
    endloop
  endfacet
  facet normal -0.0525449 -0.998619 0
    outer loop
      vertex -0.146339 18.6077 0
      vertex 0 18.6 5
      vertex -0.146339 18.6077 5
    endloop
  endfacet
  facet normal -0.0525449 -0.998619 -0
    outer loop
      vertex 0 18.6 5
      vertex -0.146339 18.6077 0
      vertex 0 18.6 0
    endloop
  endfacet
  facet normal -0.156274 -0.987714 0
    outer loop
      vertex -0.291076 18.6306 0
      vertex -0.146339 18.6077 5
      vertex -0.291076 18.6306 5
    endloop
  endfacet
  facet normal -0.156274 -0.987714 -0
    outer loop
      vertex -0.146339 18.6077 5
      vertex -0.291076 18.6306 0
      vertex -0.146339 18.6077 0
    endloop
  endfacet
  facet normal -0.358277 -0.933615 0
    outer loop
      vertex -0.56943 18.721 0
      vertex -0.432623 18.6685 5
      vertex -0.56943 18.721 5
    endloop
  endfacet
  facet normal -0.358277 -0.933615 -0
    outer loop
      vertex -0.432623 18.6685 5
      vertex -0.56943 18.721 0
      vertex -0.432623 18.6685 0
    endloop
  endfacet
  facet normal -0.891045 -0.453915 0
    outer loop
      vertex -1.21243 19.3 0
      vertex -1.27896 19.4306 5
      vertex -1.27896 19.4306 0
    endloop
  endfacet
  facet normal -0.891045 -0.453915 0
    outer loop
      vertex -1.27896 19.4306 5
      vertex -1.21243 19.3 0
      vertex -1.21243 19.3 5
    endloop
  endfacet
  facet normal -0.9659 -0.258916 0
    outer loop
      vertex -1.33148 19.5674 0
      vertex -1.36941 19.7089 5
      vertex -1.36941 19.7089 0
    endloop
  endfacet
  facet normal -0.9659 -0.258916 0
    outer loop
      vertex -1.36941 19.7089 5
      vertex -1.33148 19.5674 0
      vertex -1.33148 19.5674 5
    endloop
  endfacet
  facet normal -0.987703 -0.156341 0
    outer loop
      vertex -1.36941 19.7089 0
      vertex -1.39233 19.8537 5
      vertex -1.39233 19.8537 0
    endloop
  endfacet
  facet normal -0.987703 -0.156341 0
    outer loop
      vertex -1.39233 19.8537 5
      vertex -1.36941 19.7089 0
      vertex -1.36941 19.7089 5
    endloop
  endfacet
  facet normal 0.258645 -0.965973 0
    outer loop
      vertex 0.291076 18.6306 0
      vertex 0.432623 18.6685 5
      vertex 0.291076 18.6306 5
    endloop
  endfacet
  facet normal 0.258645 -0.965973 0
    outer loop
      vertex 0.432623 18.6685 5
      vertex 0.291076 18.6306 0
      vertex 0.432623 18.6685 0
    endloop
  endfacet
  facet normal -0.544584 -0.838707 0
    outer loop
      vertex -0.822899 18.8674 0
      vertex -0.7 18.7876 5
      vertex -0.822899 18.8674 5
    endloop
  endfacet
  facet normal -0.544584 -0.838707 -0
    outer loop
      vertex -0.7 18.7876 5
      vertex -0.822899 18.8674 0
      vertex -0.7 18.7876 0
    endloop
  endfacet
  facet normal 0.998629 0.0523546 0
    outer loop
      vertex 1.4 30 5
      vertex 1.39233 30.1463 0
      vertex 1.39233 30.1463 5
    endloop
  endfacet
  facet normal 0.998629 0.0523546 0
    outer loop
      vertex 1.39233 30.1463 0
      vertex 1.4 30 5
      vertex 1.4 30 0
    endloop
  endfacet
  facet normal -0.0525449 0.998619 0
    outer loop
      vertex 0 31.4 0
      vertex -0.146339 31.3923 5
      vertex 0 31.4 5
    endloop
  endfacet
  facet normal -0.0525449 0.998619 0
    outer loop
      vertex -0.146339 31.3923 5
      vertex 0 31.4 0
      vertex -0.146339 31.3923 0
    endloop
  endfacet
  facet normal 0.0525449 -0.998619 0
    outer loop
      vertex 0 28.6 0
      vertex 0.146339 28.6077 5
      vertex 0 28.6 5
    endloop
  endfacet
  facet normal 0.0525449 -0.998619 0
    outer loop
      vertex 0.146339 28.6077 5
      vertex 0 28.6 0
      vertex 0.146339 28.6077 0
    endloop
  endfacet
  facet normal 0.707049 0.707165 -0
    outer loop
      vertex 1.0404 30.9368 0
      vertex 0.936783 31.0404 5
      vertex 1.0404 30.9368 5
    endloop
  endfacet
  facet normal 0.707049 0.707165 0
    outer loop
      vertex 0.936783 31.0404 5
      vertex 1.0404 30.9368 0
      vertex 0.936783 31.0404 0
    endloop
  endfacet
  facet normal -0.707049 0.707165 0
    outer loop
      vertex -0.936783 31.0404 0
      vertex -1.0404 30.9368 5
      vertex -0.936783 31.0404 5
    endloop
  endfacet
  facet normal -0.707049 0.707165 0
    outer loop
      vertex -1.0404 30.9368 5
      vertex -0.936783 31.0404 0
      vertex -1.0404 30.9368 0
    endloop
  endfacet
  facet normal -0.454376 0.89081 0
    outer loop
      vertex -0.56943 31.279 0
      vertex -0.7 31.2124 5
      vertex -0.56943 31.279 5
    endloop
  endfacet
  facet normal -0.454376 0.89081 0
    outer loop
      vertex -0.7 31.2124 5
      vertex -0.56943 31.279 0
      vertex -0.7 31.2124 0
    endloop
  endfacet
  facet normal 0.891045 0.453915 0
    outer loop
      vertex 1.27896 30.5694 5
      vertex 1.21243 30.7 0
      vertex 1.21243 30.7 5
    endloop
  endfacet
  facet normal 0.891045 0.453915 0
    outer loop
      vertex 1.21243 30.7 0
      vertex 1.27896 30.5694 5
      vertex 1.27896 30.5694 0
    endloop
  endfacet
  facet normal 0.838677 0.544629 0
    outer loop
      vertex 1.21243 30.7 5
      vertex 1.13262 30.8229 0
      vertex 1.13262 30.8229 5
    endloop
  endfacet
  facet normal 0.838677 0.544629 0
    outer loop
      vertex 1.13262 30.8229 0
      vertex 1.21243 30.7 5
      vertex 1.21243 30.7 0
    endloop
  endfacet
  facet normal 0.358277 0.933615 -0
    outer loop
      vertex 0.56943 31.279 0
      vertex 0.432623 31.3315 5
      vertex 0.56943 31.279 5
    endloop
  endfacet
  facet normal 0.358277 0.933615 0
    outer loop
      vertex 0.432623 31.3315 5
      vertex 0.56943 31.279 0
      vertex 0.432623 31.3315 0
    endloop
  endfacet
  facet normal 0.544584 0.838707 -0
    outer loop
      vertex 0.822899 31.1326 0
      vertex 0.7 31.2124 5
      vertex 0.822899 31.1326 5
    endloop
  endfacet
  facet normal 0.544584 0.838707 0
    outer loop
      vertex 0.7 31.2124 5
      vertex 0.822899 31.1326 0
      vertex 0.7 31.2124 0
    endloop
  endfacet
  facet normal -0.933564 0.358412 0
    outer loop
      vertex -1.33148 30.4326 0
      vertex -1.27896 30.5694 5
      vertex -1.27896 30.5694 0
    endloop
  endfacet
  facet normal -0.933564 0.358412 0
    outer loop
      vertex -1.27896 30.5694 5
      vertex -1.33148 30.4326 0
      vertex -1.33148 30.4326 5
    endloop
  endfacet
  facet normal -0.544584 0.838707 0
    outer loop
      vertex -0.7 31.2124 0
      vertex -0.822899 31.1326 5
      vertex -0.7 31.2124 5
    endloop
  endfacet
  facet normal -0.544584 0.838707 0
    outer loop
      vertex -0.822899 31.1326 5
      vertex -0.7 31.2124 0
      vertex -0.822899 31.1326 0
    endloop
  endfacet
  facet normal -0.258645 0.965973 0
    outer loop
      vertex -0.291076 31.3694 0
      vertex -0.432623 31.3315 5
      vertex -0.291076 31.3694 5
    endloop
  endfacet
  facet normal -0.258645 0.965973 0
    outer loop
      vertex -0.432623 31.3315 5
      vertex -0.291076 31.3694 0
      vertex -0.432623 31.3315 0
    endloop
  endfacet
  facet normal 0.987703 -0.156341 0
    outer loop
      vertex 1.36941 29.7089 5
      vertex 1.39233 29.8537 0
      vertex 1.39233 29.8537 5
    endloop
  endfacet
  facet normal 0.987703 -0.156341 0
    outer loop
      vertex 1.39233 29.8537 0
      vertex 1.36941 29.7089 5
      vertex 1.36941 29.7089 0
    endloop
  endfacet
  facet normal 0.358277 -0.933615 0
    outer loop
      vertex 0.432623 28.6685 0
      vertex 0.56943 28.721 5
      vertex 0.432623 28.6685 5
    endloop
  endfacet
  facet normal 0.358277 -0.933615 0
    outer loop
      vertex 0.56943 28.721 5
      vertex 0.432623 28.6685 0
      vertex 0.56943 28.721 0
    endloop
  endfacet
  facet normal 0.9659 0.258916 0
    outer loop
      vertex 1.36941 30.2911 5
      vertex 1.33148 30.4326 0
      vertex 1.33148 30.4326 5
    endloop
  endfacet
  facet normal 0.9659 0.258916 0
    outer loop
      vertex 1.33148 30.4326 0
      vertex 1.36941 30.2911 5
      vertex 1.36941 30.2911 0
    endloop
  endfacet
  facet normal 0.987703 0.156341 0
    outer loop
      vertex 1.39233 30.1463 5
      vertex 1.36941 30.2911 0
      vertex 1.36941 30.2911 5
    endloop
  endfacet
  facet normal 0.987703 0.156341 0
    outer loop
      vertex 1.36941 30.2911 0
      vertex 1.39233 30.1463 5
      vertex 1.39233 30.1463 0
    endloop
  endfacet
  facet normal 0.933564 0.358412 0
    outer loop
      vertex 1.33148 30.4326 5
      vertex 1.27896 30.5694 0
      vertex 1.27896 30.5694 5
    endloop
  endfacet
  facet normal 0.933564 0.358412 0
    outer loop
      vertex 1.27896 30.5694 0
      vertex 1.33148 30.4326 5
      vertex 1.33148 30.4326 0
    endloop
  endfacet
  facet normal 0.777194 0.629261 0
    outer loop
      vertex 1.13262 30.8229 5
      vertex 1.0404 30.9368 0
      vertex 1.0404 30.9368 5
    endloop
  endfacet
  facet normal 0.777194 0.629261 0
    outer loop
      vertex 1.0404 30.9368 0
      vertex 1.13262 30.8229 5
      vertex 1.13262 30.8229 0
    endloop
  endfacet
  facet normal 0.156274 0.987714 -0
    outer loop
      vertex 0.291076 31.3694 0
      vertex 0.146339 31.3923 5
      vertex 0.291076 31.3694 5
    endloop
  endfacet
  facet normal 0.156274 0.987714 0
    outer loop
      vertex 0.146339 31.3923 5
      vertex 0.291076 31.3694 0
      vertex 0.146339 31.3923 0
    endloop
  endfacet
  facet normal 0.258645 0.965973 -0
    outer loop
      vertex 0.432623 31.3315 0
      vertex 0.291076 31.3694 5
      vertex 0.432623 31.3315 5
    endloop
  endfacet
  facet normal 0.258645 0.965973 0
    outer loop
      vertex 0.291076 31.3694 5
      vertex 0.432623 31.3315 0
      vertex 0.291076 31.3694 0
    endloop
  endfacet
  facet normal 0.0525449 0.998619 -0
    outer loop
      vertex 0.146339 31.3923 0
      vertex 0 31.4 5
      vertex 0.146339 31.3923 5
    endloop
  endfacet
  facet normal 0.0525449 0.998619 0
    outer loop
      vertex 0 31.4 5
      vertex 0.146339 31.3923 0
      vertex 0 31.4 0
    endloop
  endfacet
  facet normal 0.454376 0.89081 -0
    outer loop
      vertex 0.7 31.2124 0
      vertex 0.56943 31.279 5
      vertex 0.7 31.2124 5
    endloop
  endfacet
  facet normal 0.454376 0.89081 0
    outer loop
      vertex 0.56943 31.279 5
      vertex 0.7 31.2124 0
      vertex 0.56943 31.279 0
    endloop
  endfacet
  facet normal 0.629232 0.777218 -0
    outer loop
      vertex 0.936783 31.0404 0
      vertex 0.822899 31.1326 5
      vertex 0.936783 31.0404 5
    endloop
  endfacet
  facet normal 0.629232 0.777218 0
    outer loop
      vertex 0.822899 31.1326 5
      vertex 0.936783 31.0404 0
      vertex 0.822899 31.1326 0
    endloop
  endfacet
  facet normal -0.987703 0.156341 0
    outer loop
      vertex -1.39233 30.1463 0
      vertex -1.36941 30.2911 5
      vertex -1.36941 30.2911 0
    endloop
  endfacet
  facet normal -0.987703 0.156341 0
    outer loop
      vertex -1.36941 30.2911 5
      vertex -1.39233 30.1463 0
      vertex -1.39233 30.1463 5
    endloop
  endfacet
  facet normal 0 0 -1
    outer loop
      vertex 1.39233 29.8537 0
      vertex 1.39233 30.1463 0
      vertex 1.4 30 0
    endloop
  endfacet
  facet normal 0 0 -1
    outer loop
      vertex 1.36941 29.7089 0
      vertex 1.39233 30.1463 0
      vertex 1.39233 29.8537 0
    endloop
  endfacet
  facet normal 0 0 -1
    outer loop
      vertex 1.36941 29.7089 0
      vertex 1.36941 30.2911 0
      vertex 1.39233 30.1463 0
    endloop
  endfacet
  facet normal 0 0 -1
    outer loop
      vertex 1.33148 29.5674 0
      vertex 1.36941 30.2911 0
      vertex 1.36941 29.7089 0
    endloop
  endfacet
  facet normal 0 0 -1
    outer loop
      vertex 1.33148 29.5674 0
      vertex 1.33148 30.4326 0
      vertex 1.36941 30.2911 0
    endloop
  endfacet
  facet normal 0 0 -1
    outer loop
      vertex 1.27896 29.4306 0
      vertex 1.33148 30.4326 0
      vertex 1.33148 29.5674 0
    endloop
  endfacet
  facet normal 0 0 -1
    outer loop
      vertex 1.27896 29.4306 0
      vertex 1.27896 30.5694 0
      vertex 1.33148 30.4326 0
    endloop
  endfacet
  facet normal 0 0 -1
    outer loop
      vertex 1.21243 29.3 0
      vertex 1.27896 30.5694 0
      vertex 1.27896 29.4306 0
    endloop
  endfacet
  facet normal 0 0 -1
    outer loop
      vertex 1.21243 29.3 0
      vertex 1.21243 30.7 0
      vertex 1.27896 30.5694 0
    endloop
  endfacet
  facet normal 0 0 -1
    outer loop
      vertex 1.13262 29.1771 0
      vertex 1.21243 30.7 0
      vertex 1.21243 29.3 0
    endloop
  endfacet
  facet normal 0 0 -1
    outer loop
      vertex 1.13262 29.1771 0
      vertex 1.13262 30.8229 0
      vertex 1.21243 30.7 0
    endloop
  endfacet
  facet normal 0 0 -1
    outer loop
      vertex 1.0404 29.0632 0
      vertex 1.13262 30.8229 0
      vertex 1.13262 29.1771 0
    endloop
  endfacet
  facet normal 0 0 -1
    outer loop
      vertex 1.0404 29.0632 0
      vertex 1.0404 30.9368 0
      vertex 1.13262 30.8229 0
    endloop
  endfacet
  facet normal 0 0 -1
    outer loop
      vertex 0.936783 28.9596 0
      vertex 1.0404 30.9368 0
      vertex 1.0404 29.0632 0
    endloop
  endfacet
  facet normal 0 0 -1
    outer loop
      vertex 0.936783 28.9596 0
      vertex 0.936783 31.0404 0
      vertex 1.0404 30.9368 0
    endloop
  endfacet
  facet normal 0 0 -1
    outer loop
      vertex 0.822899 28.8674 0
      vertex 0.936783 31.0404 0
      vertex 0.936783 28.9596 0
    endloop
  endfacet
  facet normal 0 0 -1
    outer loop
      vertex 0.822899 28.8674 0
      vertex 0.822899 31.1326 0
      vertex 0.936783 31.0404 0
    endloop
  endfacet
  facet normal 0 0 -1
    outer loop
      vertex 0.7 28.7876 0
      vertex 0.822899 31.1326 0
      vertex 0.822899 28.8674 0
    endloop
  endfacet
  facet normal 0 0 -1
    outer loop
      vertex 0.7 28.7876 0
      vertex 0.7 31.2124 0
      vertex 0.822899 31.1326 0
    endloop
  endfacet
  facet normal 0 0 -1
    outer loop
      vertex 0.56943 28.721 0
      vertex 0.7 31.2124 0
      vertex 0.7 28.7876 0
    endloop
  endfacet
  facet normal 0 0 -1
    outer loop
      vertex 0.56943 28.721 0
      vertex 0.56943 31.279 0
      vertex 0.7 31.2124 0
    endloop
  endfacet
  facet normal 0 0 -1
    outer loop
      vertex 0.432623 28.6685 0
      vertex 0.56943 31.279 0
      vertex 0.56943 28.721 0
    endloop
  endfacet
  facet normal 0 0 -1
    outer loop
      vertex 0.432623 28.6685 0
      vertex 0.432623 31.3315 0
      vertex 0.56943 31.279 0
    endloop
  endfacet
  facet normal 0 0 -1
    outer loop
      vertex 0.291076 28.6306 0
      vertex 0.432623 31.3315 0
      vertex 0.432623 28.6685 0
    endloop
  endfacet
  facet normal 0 0 -1
    outer loop
      vertex 0.291076 28.6306 0
      vertex 0.291076 31.3694 0
      vertex 0.432623 31.3315 0
    endloop
  endfacet
  facet normal 0 0 -1
    outer loop
      vertex 0.146339 28.6077 0
      vertex 0.291076 31.3694 0
      vertex 0.291076 28.6306 0
    endloop
  endfacet
  facet normal 0 0 -1
    outer loop
      vertex 0.146339 28.6077 0
      vertex 0.146339 31.3923 0
      vertex 0.291076 31.3694 0
    endloop
  endfacet
  facet normal 0 0 -1
    outer loop
      vertex 0 28.6 0
      vertex 0.146339 31.3923 0
      vertex 0.146339 28.6077 0
    endloop
  endfacet
  facet normal 0 0 -1
    outer loop
      vertex 0 28.6 0
      vertex 0 31.4 0
      vertex 0.146339 31.3923 0
    endloop
  endfacet
  facet normal 0 0 -1
    outer loop
      vertex -0.146339 28.6077 0
      vertex 0 31.4 0
      vertex 0 28.6 0
    endloop
  endfacet
  facet normal 0 0 -1
    outer loop
      vertex -0.146339 28.6077 0
      vertex -0.146339 31.3923 0
      vertex 0 31.4 0
    endloop
  endfacet
  facet normal 0 0 -1
    outer loop
      vertex -0.291076 28.6306 0
      vertex -0.146339 31.3923 0
      vertex -0.146339 28.6077 0
    endloop
  endfacet
  facet normal 0 0 -1
    outer loop
      vertex -0.291076 28.6306 0
      vertex -0.291076 31.3694 0
      vertex -0.146339 31.3923 0
    endloop
  endfacet
  facet normal 0 0 -1
    outer loop
      vertex -0.432623 28.6685 0
      vertex -0.291076 31.3694 0
      vertex -0.291076 28.6306 0
    endloop
  endfacet
  facet normal 0 0 -1
    outer loop
      vertex -0.432623 28.6685 0
      vertex -0.432623 31.3315 0
      vertex -0.291076 31.3694 0
    endloop
  endfacet
  facet normal 0 0 -1
    outer loop
      vertex -0.56943 28.721 0
      vertex -0.432623 31.3315 0
      vertex -0.432623 28.6685 0
    endloop
  endfacet
  facet normal 0 0 -1
    outer loop
      vertex -0.56943 28.721 0
      vertex -0.56943 31.279 0
      vertex -0.432623 31.3315 0
    endloop
  endfacet
  facet normal 0 0 -1
    outer loop
      vertex -0.7 28.7876 0
      vertex -0.56943 31.279 0
      vertex -0.56943 28.721 0
    endloop
  endfacet
  facet normal 0 0 -1
    outer loop
      vertex -0.7 28.7876 0
      vertex -0.7 31.2124 0
      vertex -0.56943 31.279 0
    endloop
  endfacet
  facet normal 0 0 -1
    outer loop
      vertex -0.822899 28.8674 0
      vertex -0.7 31.2124 0
      vertex -0.7 28.7876 0
    endloop
  endfacet
  facet normal 0 0 -1
    outer loop
      vertex -0.822899 28.8674 0
      vertex -0.822899 31.1326 0
      vertex -0.7 31.2124 0
    endloop
  endfacet
  facet normal 0 0 -1
    outer loop
      vertex -0.936783 28.9596 0
      vertex -0.822899 31.1326 0
      vertex -0.822899 28.8674 0
    endloop
  endfacet
  facet normal 0 0 -1
    outer loop
      vertex -0.936783 28.9596 0
      vertex -0.936783 31.0404 0
      vertex -0.822899 31.1326 0
    endloop
  endfacet
  facet normal 0 0 -1
    outer loop
      vertex -1.0404 29.0632 0
      vertex -0.936783 31.0404 0
      vertex -0.936783 28.9596 0
    endloop
  endfacet
  facet normal 0 0 -1
    outer loop
      vertex -1.0404 29.0632 0
      vertex -1.0404 30.9368 0
      vertex -0.936783 31.0404 0
    endloop
  endfacet
  facet normal 0 0 -1
    outer loop
      vertex -1.13262 29.1771 0
      vertex -1.0404 30.9368 0
      vertex -1.0404 29.0632 0
    endloop
  endfacet
  facet normal 0 0 -1
    outer loop
      vertex -1.13262 29.1771 0
      vertex -1.13262 30.8229 0
      vertex -1.0404 30.9368 0
    endloop
  endfacet
  facet normal 0 0 -1
    outer loop
      vertex -1.21243 29.3 0
      vertex -1.13262 30.8229 0
      vertex -1.13262 29.1771 0
    endloop
  endfacet
  facet normal 0 0 -1
    outer loop
      vertex -1.21243 29.3 0
      vertex -1.21243 30.7 0
      vertex -1.13262 30.8229 0
    endloop
  endfacet
  facet normal 0 0 -1
    outer loop
      vertex -1.27896 29.4306 0
      vertex -1.21243 30.7 0
      vertex -1.21243 29.3 0
    endloop
  endfacet
  facet normal 0 0 -1
    outer loop
      vertex -1.27896 29.4306 0
      vertex -1.27896 30.5694 0
      vertex -1.21243 30.7 0
    endloop
  endfacet
  facet normal 0 0 -1
    outer loop
      vertex -1.33148 29.5674 0
      vertex -1.27896 30.5694 0
      vertex -1.27896 29.4306 0
    endloop
  endfacet
  facet normal 0 0 -1
    outer loop
      vertex -1.33148 29.5674 0
      vertex -1.33148 30.4326 0
      vertex -1.27896 30.5694 0
    endloop
  endfacet
  facet normal 0 0 -1
    outer loop
      vertex -1.36941 29.7089 0
      vertex -1.33148 30.4326 0
      vertex -1.33148 29.5674 0
    endloop
  endfacet
  facet normal 0 0 -1
    outer loop
      vertex -1.36941 29.7089 0
      vertex -1.36941 30.2911 0
      vertex -1.33148 30.4326 0
    endloop
  endfacet
  facet normal 0 0 -1
    outer loop
      vertex -1.39233 29.8537 0
      vertex -1.36941 30.2911 0
      vertex -1.36941 29.7089 0
    endloop
  endfacet
  facet normal 0 0 -1
    outer loop
      vertex -1.39233 29.8537 0
      vertex -1.39233 30.1463 0
      vertex -1.36941 30.2911 0
    endloop
  endfacet
  facet normal 0 -0 -1
    outer loop
      vertex -1.39233 30.1463 0
      vertex -1.39233 29.8537 0
      vertex -1.4 30 0
    endloop
  endfacet
  facet normal -0.838677 0.544629 0
    outer loop
      vertex -1.21243 30.7 0
      vertex -1.13262 30.8229 5
      vertex -1.13262 30.8229 0
    endloop
  endfacet
  facet normal -0.838677 0.544629 0
    outer loop
      vertex -1.13262 30.8229 5
      vertex -1.21243 30.7 0
      vertex -1.21243 30.7 5
    endloop
  endfacet
  facet normal -0.777194 0.629261 0
    outer loop
      vertex -1.13262 30.8229 0
      vertex -1.0404 30.9368 5
      vertex -1.0404 30.9368 0
    endloop
  endfacet
  facet normal -0.777194 0.629261 0
    outer loop
      vertex -1.0404 30.9368 5
      vertex -1.13262 30.8229 0
      vertex -1.13262 30.8229 5
    endloop
  endfacet
  facet normal -0.891045 0.453915 0
    outer loop
      vertex -1.27896 30.5694 0
      vertex -1.21243 30.7 5
      vertex -1.21243 30.7 0
    endloop
  endfacet
  facet normal -0.891045 0.453915 0
    outer loop
      vertex -1.21243 30.7 5
      vertex -1.27896 30.5694 0
      vertex -1.27896 30.5694 5
    endloop
  endfacet
  facet normal -0.9659 0.258916 0
    outer loop
      vertex -1.36941 30.2911 0
      vertex -1.33148 30.4326 5
      vertex -1.33148 30.4326 0
    endloop
  endfacet
  facet normal -0.9659 0.258916 0
    outer loop
      vertex -1.33148 30.4326 5
      vertex -1.36941 30.2911 0
      vertex -1.36941 30.2911 5
    endloop
  endfacet
  facet normal -0.998629 0.0523546 0
    outer loop
      vertex -1.4 30 0
      vertex -1.39233 30.1463 5
      vertex -1.39233 30.1463 0
    endloop
  endfacet
  facet normal -0.998629 0.0523546 0
    outer loop
      vertex -1.39233 30.1463 5
      vertex -1.4 30 0
      vertex -1.4 30 5
    endloop
  endfacet
  facet normal 0 0 1
    outer loop
      vertex 1.39233 30.1463 5
      vertex 1.39233 29.8537 5
      vertex 1.4 30 5
    endloop
  endfacet
  facet normal 0 0 1
    outer loop
      vertex 1.36941 30.2911 5
      vertex 1.39233 29.8537 5
      vertex 1.39233 30.1463 5
    endloop
  endfacet
  facet normal 0 0 1
    outer loop
      vertex 1.36941 30.2911 5
      vertex 1.36941 29.7089 5
      vertex 1.39233 29.8537 5
    endloop
  endfacet
  facet normal 0 0 1
    outer loop
      vertex 1.33148 30.4326 5
      vertex 1.36941 29.7089 5
      vertex 1.36941 30.2911 5
    endloop
  endfacet
  facet normal 0 0 1
    outer loop
      vertex 1.33148 30.4326 5
      vertex 1.33148 29.5674 5
      vertex 1.36941 29.7089 5
    endloop
  endfacet
  facet normal 0 0 1
    outer loop
      vertex 1.27896 30.5694 5
      vertex 1.33148 29.5674 5
      vertex 1.33148 30.4326 5
    endloop
  endfacet
  facet normal 0 0 1
    outer loop
      vertex 1.27896 30.5694 5
      vertex 1.27896 29.4306 5
      vertex 1.33148 29.5674 5
    endloop
  endfacet
  facet normal 0 0 1
    outer loop
      vertex 1.21243 30.7 5
      vertex 1.27896 29.4306 5
      vertex 1.27896 30.5694 5
    endloop
  endfacet
  facet normal 0 0 1
    outer loop
      vertex 1.21243 30.7 5
      vertex 1.21243 29.3 5
      vertex 1.27896 29.4306 5
    endloop
  endfacet
  facet normal 0 0 1
    outer loop
      vertex 1.13262 30.8229 5
      vertex 1.21243 29.3 5
      vertex 1.21243 30.7 5
    endloop
  endfacet
  facet normal 0 0 1
    outer loop
      vertex 1.13262 30.8229 5
      vertex 1.13262 29.1771 5
      vertex 1.21243 29.3 5
    endloop
  endfacet
  facet normal 0 0 1
    outer loop
      vertex 1.0404 30.9368 5
      vertex 1.13262 29.1771 5
      vertex 1.13262 30.8229 5
    endloop
  endfacet
  facet normal 0 0 1
    outer loop
      vertex 1.0404 30.9368 5
      vertex 1.0404 29.0632 5
      vertex 1.13262 29.1771 5
    endloop
  endfacet
  facet normal 0 0 1
    outer loop
      vertex 0.936783 31.0404 5
      vertex 1.0404 29.0632 5
      vertex 1.0404 30.9368 5
    endloop
  endfacet
  facet normal 0 0 1
    outer loop
      vertex 0.936783 31.0404 5
      vertex 0.936783 28.9596 5
      vertex 1.0404 29.0632 5
    endloop
  endfacet
  facet normal 0 0 1
    outer loop
      vertex 0.822899 31.1326 5
      vertex 0.936783 28.9596 5
      vertex 0.936783 31.0404 5
    endloop
  endfacet
  facet normal 0 0 1
    outer loop
      vertex 0.822899 31.1326 5
      vertex 0.822899 28.8674 5
      vertex 0.936783 28.9596 5
    endloop
  endfacet
  facet normal 0 0 1
    outer loop
      vertex 0.7 31.2124 5
      vertex 0.822899 28.8674 5
      vertex 0.822899 31.1326 5
    endloop
  endfacet
  facet normal 0 0 1
    outer loop
      vertex 0.7 31.2124 5
      vertex 0.7 28.7876 5
      vertex 0.822899 28.8674 5
    endloop
  endfacet
  facet normal 0 0 1
    outer loop
      vertex 0.56943 31.279 5
      vertex 0.7 28.7876 5
      vertex 0.7 31.2124 5
    endloop
  endfacet
  facet normal 0 0 1
    outer loop
      vertex 0.56943 31.279 5
      vertex 0.56943 28.721 5
      vertex 0.7 28.7876 5
    endloop
  endfacet
  facet normal 0 0 1
    outer loop
      vertex 0.432623 31.3315 5
      vertex 0.56943 28.721 5
      vertex 0.56943 31.279 5
    endloop
  endfacet
  facet normal 0 0 1
    outer loop
      vertex 0.432623 31.3315 5
      vertex 0.432623 28.6685 5
      vertex 0.56943 28.721 5
    endloop
  endfacet
  facet normal 0 0 1
    outer loop
      vertex 0.291076 31.3694 5
      vertex 0.432623 28.6685 5
      vertex 0.432623 31.3315 5
    endloop
  endfacet
  facet normal 0 0 1
    outer loop
      vertex 0.291076 31.3694 5
      vertex 0.291076 28.6306 5
      vertex 0.432623 28.6685 5
    endloop
  endfacet
  facet normal 0 0 1
    outer loop
      vertex 0.146339 31.3923 5
      vertex 0.291076 28.6306 5
      vertex 0.291076 31.3694 5
    endloop
  endfacet
  facet normal 0 0 1
    outer loop
      vertex 0.146339 31.3923 5
      vertex 0.146339 28.6077 5
      vertex 0.291076 28.6306 5
    endloop
  endfacet
  facet normal 0 0 1
    outer loop
      vertex 0 31.4 5
      vertex 0.146339 28.6077 5
      vertex 0.146339 31.3923 5
    endloop
  endfacet
  facet normal 0 0 1
    outer loop
      vertex 0 31.4 5
      vertex 0 28.6 5
      vertex 0.146339 28.6077 5
    endloop
  endfacet
  facet normal -0 0 1
    outer loop
      vertex -0.146339 31.3923 5
      vertex 0 28.6 5
      vertex 0 31.4 5
    endloop
  endfacet
  facet normal 0 0 1
    outer loop
      vertex -0.146339 31.3923 5
      vertex -0.146339 28.6077 5
      vertex 0 28.6 5
    endloop
  endfacet
  facet normal -0 0 1
    outer loop
      vertex -0.291076 31.3694 5
      vertex -0.146339 28.6077 5
      vertex -0.146339 31.3923 5
    endloop
  endfacet
  facet normal 0 0 1
    outer loop
      vertex -0.291076 31.3694 5
      vertex -0.291076 28.6306 5
      vertex -0.146339 28.6077 5
    endloop
  endfacet
  facet normal -0 0 1
    outer loop
      vertex -0.432623 31.3315 5
      vertex -0.291076 28.6306 5
      vertex -0.291076 31.3694 5
    endloop
  endfacet
  facet normal 0 0 1
    outer loop
      vertex -0.432623 31.3315 5
      vertex -0.432623 28.6685 5
      vertex -0.291076 28.6306 5
    endloop
  endfacet
  facet normal -0 0 1
    outer loop
      vertex -0.56943 31.279 5
      vertex -0.432623 28.6685 5
      vertex -0.432623 31.3315 5
    endloop
  endfacet
  facet normal 0 0 1
    outer loop
      vertex -0.56943 31.279 5
      vertex -0.56943 28.721 5
      vertex -0.432623 28.6685 5
    endloop
  endfacet
  facet normal -0 0 1
    outer loop
      vertex -0.7 31.2124 5
      vertex -0.56943 28.721 5
      vertex -0.56943 31.279 5
    endloop
  endfacet
  facet normal 0 0 1
    outer loop
      vertex -0.7 31.2124 5
      vertex -0.7 28.7876 5
      vertex -0.56943 28.721 5
    endloop
  endfacet
  facet normal -0 0 1
    outer loop
      vertex -0.822899 31.1326 5
      vertex -0.7 28.7876 5
      vertex -0.7 31.2124 5
    endloop
  endfacet
  facet normal 0 0 1
    outer loop
      vertex -0.822899 31.1326 5
      vertex -0.822899 28.8674 5
      vertex -0.7 28.7876 5
    endloop
  endfacet
  facet normal -0 0 1
    outer loop
      vertex -0.936783 31.0404 5
      vertex -0.822899 28.8674 5
      vertex -0.822899 31.1326 5
    endloop
  endfacet
  facet normal 0 0 1
    outer loop
      vertex -0.936783 31.0404 5
      vertex -0.936783 28.9596 5
      vertex -0.822899 28.8674 5
    endloop
  endfacet
  facet normal -0 0 1
    outer loop
      vertex -1.0404 30.9368 5
      vertex -0.936783 28.9596 5
      vertex -0.936783 31.0404 5
    endloop
  endfacet
  facet normal 0 0 1
    outer loop
      vertex -1.0404 30.9368 5
      vertex -1.0404 29.0632 5
      vertex -0.936783 28.9596 5
    endloop
  endfacet
  facet normal -0 0 1
    outer loop
      vertex -1.13262 30.8229 5
      vertex -1.0404 29.0632 5
      vertex -1.0404 30.9368 5
    endloop
  endfacet
  facet normal 0 0 1
    outer loop
      vertex -1.13262 30.8229 5
      vertex -1.13262 29.1771 5
      vertex -1.0404 29.0632 5
    endloop
  endfacet
  facet normal -0 0 1
    outer loop
      vertex -1.21243 30.7 5
      vertex -1.13262 29.1771 5
      vertex -1.13262 30.8229 5
    endloop
  endfacet
  facet normal 0 0 1
    outer loop
      vertex -1.21243 30.7 5
      vertex -1.21243 29.3 5
      vertex -1.13262 29.1771 5
    endloop
  endfacet
  facet normal -0 0 1
    outer loop
      vertex -1.27896 30.5694 5
      vertex -1.21243 29.3 5
      vertex -1.21243 30.7 5
    endloop
  endfacet
  facet normal 0 0 1
    outer loop
      vertex -1.27896 30.5694 5
      vertex -1.27896 29.4306 5
      vertex -1.21243 29.3 5
    endloop
  endfacet
  facet normal -0 0 1
    outer loop
      vertex -1.33148 30.4326 5
      vertex -1.27896 29.4306 5
      vertex -1.27896 30.5694 5
    endloop
  endfacet
  facet normal 0 0 1
    outer loop
      vertex -1.33148 30.4326 5
      vertex -1.33148 29.5674 5
      vertex -1.27896 29.4306 5
    endloop
  endfacet
  facet normal -0 0 1
    outer loop
      vertex -1.36941 30.2911 5
      vertex -1.33148 29.5674 5
      vertex -1.33148 30.4326 5
    endloop
  endfacet
  facet normal 0 0 1
    outer loop
      vertex -1.36941 30.2911 5
      vertex -1.36941 29.7089 5
      vertex -1.33148 29.5674 5
    endloop
  endfacet
  facet normal -0 0 1
    outer loop
      vertex -1.39233 30.1463 5
      vertex -1.36941 29.7089 5
      vertex -1.36941 30.2911 5
    endloop
  endfacet
  facet normal 0 0 1
    outer loop
      vertex -1.39233 30.1463 5
      vertex -1.39233 29.8537 5
      vertex -1.36941 29.7089 5
    endloop
  endfacet
  facet normal 0 -0 1
    outer loop
      vertex -1.39233 29.8537 5
      vertex -1.39233 30.1463 5
      vertex -1.4 30 5
    endloop
  endfacet
  facet normal -0.629232 0.777218 0
    outer loop
      vertex -0.822899 31.1326 0
      vertex -0.936783 31.0404 5
      vertex -0.822899 31.1326 5
    endloop
  endfacet
  facet normal -0.629232 0.777218 0
    outer loop
      vertex -0.936783 31.0404 5
      vertex -0.822899 31.1326 0
      vertex -0.936783 31.0404 0
    endloop
  endfacet
  facet normal -0.358277 0.933615 0
    outer loop
      vertex -0.432623 31.3315 0
      vertex -0.56943 31.279 5
      vertex -0.432623 31.3315 5
    endloop
  endfacet
  facet normal -0.358277 0.933615 0
    outer loop
      vertex -0.56943 31.279 5
      vertex -0.432623 31.3315 0
      vertex -0.56943 31.279 0
    endloop
  endfacet
  facet normal -0.156274 0.987714 0
    outer loop
      vertex -0.146339 31.3923 0
      vertex -0.291076 31.3694 5
      vertex -0.146339 31.3923 5
    endloop
  endfacet
  facet normal -0.156274 0.987714 0
    outer loop
      vertex -0.291076 31.3694 5
      vertex -0.146339 31.3923 0
      vertex -0.291076 31.3694 0
    endloop
  endfacet
  facet normal 0.998629 -0.0523546 0
    outer loop
      vertex 1.39233 29.8537 5
      vertex 1.4 30 0
      vertex 1.4 30 5
    endloop
  endfacet
  facet normal 0.998629 -0.0523546 0
    outer loop
      vertex 1.4 30 0
      vertex 1.39233 29.8537 5
      vertex 1.39233 29.8537 0
    endloop
  endfacet
  facet normal 0.707049 -0.707165 0
    outer loop
      vertex 0.936783 28.9596 5
      vertex 1.0404 29.0632 0
      vertex 1.0404 29.0632 5
    endloop
  endfacet
  facet normal 0.707049 -0.707165 0
    outer loop
      vertex 1.0404 29.0632 0
      vertex 0.936783 28.9596 5
      vertex 0.936783 28.9596 0
    endloop
  endfacet
  facet normal -0.629232 -0.777218 0
    outer loop
      vertex -0.936783 28.9596 0
      vertex -0.822899 28.8674 5
      vertex -0.936783 28.9596 5
    endloop
  endfacet
  facet normal -0.629232 -0.777218 -0
    outer loop
      vertex -0.822899 28.8674 5
      vertex -0.936783 28.9596 0
      vertex -0.822899 28.8674 0
    endloop
  endfacet
  facet normal -0.838677 -0.544629 0
    outer loop
      vertex -1.13262 29.1771 0
      vertex -1.21243 29.3 5
      vertex -1.21243 29.3 0
    endloop
  endfacet
  facet normal -0.838677 -0.544629 0
    outer loop
      vertex -1.21243 29.3 5
      vertex -1.13262 29.1771 0
      vertex -1.13262 29.1771 5
    endloop
  endfacet
  facet normal -0.777194 -0.629261 0
    outer loop
      vertex -1.0404 29.0632 0
      vertex -1.13262 29.1771 5
      vertex -1.13262 29.1771 0
    endloop
  endfacet
  facet normal -0.777194 -0.629261 0
    outer loop
      vertex -1.13262 29.1771 5
      vertex -1.0404 29.0632 0
      vertex -1.0404 29.0632 5
    endloop
  endfacet
  facet normal -0.998629 -0.0523546 0
    outer loop
      vertex -1.39233 29.8537 0
      vertex -1.4 30 5
      vertex -1.4 30 0
    endloop
  endfacet
  facet normal -0.998629 -0.0523546 0
    outer loop
      vertex -1.4 30 5
      vertex -1.39233 29.8537 0
      vertex -1.39233 29.8537 5
    endloop
  endfacet
  facet normal 0.9659 -0.258916 0
    outer loop
      vertex 1.33148 29.5674 5
      vertex 1.36941 29.7089 0
      vertex 1.36941 29.7089 5
    endloop
  endfacet
  facet normal 0.9659 -0.258916 0
    outer loop
      vertex 1.36941 29.7089 0
      vertex 1.33148 29.5674 5
      vertex 1.33148 29.5674 0
    endloop
  endfacet
  facet normal 0.777194 -0.629261 0
    outer loop
      vertex 1.0404 29.0632 5
      vertex 1.13262 29.1771 0
      vertex 1.13262 29.1771 5
    endloop
  endfacet
  facet normal 0.777194 -0.629261 0
    outer loop
      vertex 1.13262 29.1771 0
      vertex 1.0404 29.0632 5
      vertex 1.0404 29.0632 0
    endloop
  endfacet
  facet normal 0.544584 -0.838707 0
    outer loop
      vertex 0.7 28.7876 0
      vertex 0.822899 28.8674 5
      vertex 0.7 28.7876 5
    endloop
  endfacet
  facet normal 0.544584 -0.838707 0
    outer loop
      vertex 0.822899 28.8674 5
      vertex 0.7 28.7876 0
      vertex 0.822899 28.8674 0
    endloop
  endfacet
  facet normal 0.629232 -0.777218 0
    outer loop
      vertex 0.822899 28.8674 0
      vertex 0.936783 28.9596 5
      vertex 0.822899 28.8674 5
    endloop
  endfacet
  facet normal 0.629232 -0.777218 0
    outer loop
      vertex 0.936783 28.9596 5
      vertex 0.822899 28.8674 0
      vertex 0.936783 28.9596 0
    endloop
  endfacet
  facet normal 0.891045 -0.453915 0
    outer loop
      vertex 1.21243 29.3 5
      vertex 1.27896 29.4306 0
      vertex 1.27896 29.4306 5
    endloop
  endfacet
  facet normal 0.891045 -0.453915 0
    outer loop
      vertex 1.27896 29.4306 0
      vertex 1.21243 29.3 5
      vertex 1.21243 29.3 0
    endloop
  endfacet
  facet normal -0.358277 -0.933615 0
    outer loop
      vertex -0.56943 28.721 0
      vertex -0.432623 28.6685 5
      vertex -0.56943 28.721 5
    endloop
  endfacet
  facet normal -0.358277 -0.933615 -0
    outer loop
      vertex -0.432623 28.6685 5
      vertex -0.56943 28.721 0
      vertex -0.432623 28.6685 0
    endloop
  endfacet
  facet normal -0.707049 -0.707165 0
    outer loop
      vertex -0.936783 28.9596 0
      vertex -1.0404 29.0632 5
      vertex -1.0404 29.0632 0
    endloop
  endfacet
  facet normal -0.707049 -0.707165 0
    outer loop
      vertex -1.0404 29.0632 5
      vertex -0.936783 28.9596 0
      vertex -0.936783 28.9596 5
    endloop
  endfacet
  facet normal -0.933564 -0.358412 0
    outer loop
      vertex -1.27896 29.4306 0
      vertex -1.33148 29.5674 5
      vertex -1.33148 29.5674 0
    endloop
  endfacet
  facet normal -0.933564 -0.358412 0
    outer loop
      vertex -1.33148 29.5674 5
      vertex -1.27896 29.4306 0
      vertex -1.27896 29.4306 5
    endloop
  endfacet
  facet normal -0.891045 -0.453915 0
    outer loop
      vertex -1.21243 29.3 0
      vertex -1.27896 29.4306 5
      vertex -1.27896 29.4306 0
    endloop
  endfacet
  facet normal -0.891045 -0.453915 0
    outer loop
      vertex -1.27896 29.4306 5
      vertex -1.21243 29.3 0
      vertex -1.21243 29.3 5
    endloop
  endfacet
  facet normal -0.987703 -0.156341 0
    outer loop
      vertex -1.36941 29.7089 0
      vertex -1.39233 29.8537 5
      vertex -1.39233 29.8537 0
    endloop
  endfacet
  facet normal -0.987703 -0.156341 0
    outer loop
      vertex -1.39233 29.8537 5
      vertex -1.36941 29.7089 0
      vertex -1.36941 29.7089 5
    endloop
  endfacet
  facet normal 0.156274 -0.987714 0
    outer loop
      vertex 0.146339 28.6077 0
      vertex 0.291076 28.6306 5
      vertex 0.146339 28.6077 5
    endloop
  endfacet
  facet normal 0.156274 -0.987714 0
    outer loop
      vertex 0.291076 28.6306 5
      vertex 0.146339 28.6077 0
      vertex 0.291076 28.6306 0
    endloop
  endfacet
  facet normal 0.454376 -0.89081 0
    outer loop
      vertex 0.56943 28.721 0
      vertex 0.7 28.7876 5
      vertex 0.56943 28.721 5
    endloop
  endfacet
  facet normal 0.454376 -0.89081 0
    outer loop
      vertex 0.7 28.7876 5
      vertex 0.56943 28.721 0
      vertex 0.7 28.7876 0
    endloop
  endfacet
  facet normal 0.838677 -0.544629 0
    outer loop
      vertex 1.13262 29.1771 5
      vertex 1.21243 29.3 0
      vertex 1.21243 29.3 5
    endloop
  endfacet
  facet normal 0.838677 -0.544629 0
    outer loop
      vertex 1.21243 29.3 0
      vertex 1.13262 29.1771 5
      vertex 1.13262 29.1771 0
    endloop
  endfacet
  facet normal 0.933564 -0.358412 0
    outer loop
      vertex 1.27896 29.4306 5
      vertex 1.33148 29.5674 0
      vertex 1.33148 29.5674 5
    endloop
  endfacet
  facet normal 0.933564 -0.358412 0
    outer loop
      vertex 1.33148 29.5674 0
      vertex 1.27896 29.4306 5
      vertex 1.27896 29.4306 0
    endloop
  endfacet
  facet normal -0.0525449 -0.998619 0
    outer loop
      vertex -0.146339 28.6077 0
      vertex 0 28.6 5
      vertex -0.146339 28.6077 5
    endloop
  endfacet
  facet normal -0.0525449 -0.998619 -0
    outer loop
      vertex 0 28.6 5
      vertex -0.146339 28.6077 0
      vertex 0 28.6 0
    endloop
  endfacet
  facet normal -0.454376 -0.89081 0
    outer loop
      vertex -0.7 28.7876 0
      vertex -0.56943 28.721 5
      vertex -0.7 28.7876 5
    endloop
  endfacet
  facet normal -0.454376 -0.89081 -0
    outer loop
      vertex -0.56943 28.721 5
      vertex -0.7 28.7876 0
      vertex -0.56943 28.721 0
    endloop
  endfacet
  facet normal -0.9659 -0.258916 0
    outer loop
      vertex -1.33148 29.5674 0
      vertex -1.36941 29.7089 5
      vertex -1.36941 29.7089 0
    endloop
  endfacet
  facet normal -0.9659 -0.258916 0
    outer loop
      vertex -1.36941 29.7089 5
      vertex -1.33148 29.5674 0
      vertex -1.33148 29.5674 5
    endloop
  endfacet
  facet normal 0.258645 -0.965973 0
    outer loop
      vertex 0.291076 28.6306 0
      vertex 0.432623 28.6685 5
      vertex 0.291076 28.6306 5
    endloop
  endfacet
  facet normal 0.258645 -0.965973 0
    outer loop
      vertex 0.432623 28.6685 5
      vertex 0.291076 28.6306 0
      vertex 0.432623 28.6685 0
    endloop
  endfacet
  facet normal -0.156274 -0.987714 0
    outer loop
      vertex -0.291076 28.6306 0
      vertex -0.146339 28.6077 5
      vertex -0.291076 28.6306 5
    endloop
  endfacet
  facet normal -0.156274 -0.987714 -0
    outer loop
      vertex -0.146339 28.6077 5
      vertex -0.291076 28.6306 0
      vertex -0.146339 28.6077 0
    endloop
  endfacet
  facet normal -0.258645 -0.965973 0
    outer loop
      vertex -0.432623 28.6685 0
      vertex -0.291076 28.6306 5
      vertex -0.432623 28.6685 5
    endloop
  endfacet
  facet normal -0.258645 -0.965973 -0
    outer loop
      vertex -0.291076 28.6306 5
      vertex -0.432623 28.6685 0
      vertex -0.291076 28.6306 0
    endloop
  endfacet
  facet normal -0.544584 -0.838707 0
    outer loop
      vertex -0.822899 28.8674 0
      vertex -0.7 28.7876 5
      vertex -0.822899 28.8674 5
    endloop
  endfacet
  facet normal -0.544584 -0.838707 -0
    outer loop
      vertex -0.7 28.7876 5
      vertex -0.822899 28.8674 0
      vertex -0.7 28.7876 0
    endloop
  endfacet
  facet normal 0.998619 0.0525449 0
    outer loop
      vertex 11.4 0 5
      vertex 11.3923 0.146339 0
      vertex 11.3923 0.146339 5
    endloop
  endfacet
  facet normal 0.998619 0.0525449 0
    outer loop
      vertex 11.3923 0.146339 0
      vertex 11.4 0 5
      vertex 11.4 0 0
    endloop
  endfacet
  facet normal -0.998629 0.0523407 0
    outer loop
      vertex 8.6 0 0
      vertex 8.60767 0.146339 5
      vertex 8.60767 0.146339 0
    endloop
  endfacet
  facet normal -0.998629 0.0523407 0
    outer loop
      vertex 8.60767 0.146339 5
      vertex 8.6 0 0
      vertex 8.6 0 5
    endloop
  endfacet
  facet normal 0.0523546 0.998629 -0
    outer loop
      vertex 10.1463 1.39233 0
      vertex 10 1.4 5
      vertex 10.1463 1.39233 5
    endloop
  endfacet
  facet normal 0.0523546 0.998629 0
    outer loop
      vertex 10 1.4 5
      vertex 10.1463 1.39233 0
      vertex 10 1.4 0
    endloop
  endfacet
  facet normal 0.707165 0.707049 0
    outer loop
      vertex 11.0404 0.936783 5
      vertex 10.9368 1.0404 0
      vertex 10.9368 1.0404 5
    endloop
  endfacet
  facet normal 0.707165 0.707049 0
    outer loop
      vertex 10.9368 1.0404 0
      vertex 11.0404 0.936783 5
      vertex 11.0404 0.936783 0
    endloop
  endfacet
  facet normal -0.629328 0.77714 0
    outer loop
      vertex 9.1771 1.13262 0
      vertex 9.06322 1.0404 5
      vertex 9.1771 1.13262 5
    endloop
  endfacet
  facet normal -0.629328 0.77714 0
    outer loop
      vertex 9.06322 1.0404 5
      vertex 9.1771 1.13262 0
      vertex 9.06322 1.0404 0
    endloop
  endfacet
  facet normal -0.258848 0.965918 0
    outer loop
      vertex 9.70892 1.36941 0
      vertex 9.56738 1.33148 5
      vertex 9.70892 1.36941 5
    endloop
  endfacet
  facet normal -0.258848 0.965918 0
    outer loop
      vertex 9.56738 1.33148 5
      vertex 9.70892 1.36941 0
      vertex 9.56738 1.33148 0
    endloop
  endfacet
  facet normal -0.93357 -0.358396 0
    outer loop
      vertex 8.72104 -0.56943 0
      vertex 8.66852 -0.432623 5
      vertex 8.66852 -0.432623 0
    endloop
  endfacet
  facet normal -0.93357 -0.358396 0
    outer loop
      vertex 8.66852 -0.432623 5
      vertex 8.72104 -0.56943 0
      vertex 8.72104 -0.56943 5
    endloop
  endfacet
  facet normal 0.89081 0.454376 0
    outer loop
      vertex 11.279 0.56943 5
      vertex 11.2124 0.7 0
      vertex 11.2124 0.7 5
    endloop
  endfacet
  facet normal 0.89081 0.454376 0
    outer loop
      vertex 11.2124 0.7 0
      vertex 11.279 0.56943 5
      vertex 11.279 0.56943 0
    endloop
  endfacet
  facet normal 0.838707 0.544584 0
    outer loop
      vertex 11.2124 0.7 5
      vertex 11.1326 0.822899 0
      vertex 11.1326 0.822899 5
    endloop
  endfacet
  facet normal 0.838707 0.544584 0
    outer loop
      vertex 11.1326 0.822899 0
      vertex 11.2124 0.7 5
      vertex 11.2124 0.7 0
    endloop
  endfacet
  facet normal 0.358412 0.933564 -0
    outer loop
      vertex 10.5694 1.27896 0
      vertex 10.4326 1.33148 5
      vertex 10.5694 1.27896 5
    endloop
  endfacet
  facet normal 0.358412 0.933564 0
    outer loop
      vertex 10.4326 1.33148 5
      vertex 10.5694 1.27896 0
      vertex 10.4326 1.33148 0
    endloop
  endfacet
  facet normal 0.544629 0.838677 -0
    outer loop
      vertex 10.8229 1.13262 0
      vertex 10.7 1.21243 5
      vertex 10.8229 1.13262 5
    endloop
  endfacet
  facet normal 0.544629 0.838677 0
    outer loop
      vertex 10.7 1.21243 5
      vertex 10.8229 1.13262 0
      vertex 10.7 1.21243 0
    endloop
  endfacet
  facet normal -0.891031 0.453943 0
    outer loop
      vertex 8.72104 0.56943 0
      vertex 8.78756 0.7 5
      vertex 8.78756 0.7 0
    endloop
  endfacet
  facet normal -0.891031 0.453943 0
    outer loop
      vertex 8.78756 0.7 5
      vertex 8.72104 0.56943 0
      vertex 8.72104 0.56943 5
    endloop
  endfacet
  facet normal -0.0523403 0.998629 0
    outer loop
      vertex 10 1.4 0
      vertex 9.85366 1.39233 5
      vertex 10 1.4 5
    endloop
  endfacet
  facet normal -0.0523403 0.998629 0
    outer loop
      vertex 9.85366 1.39233 5
      vertex 10 1.4 0
      vertex 9.85366 1.39233 0
    endloop
  endfacet
  facet normal 0.933615 -0.358277 0
    outer loop
      vertex 11.279 -0.56943 5
      vertex 11.3315 -0.432623 0
      vertex 11.3315 -0.432623 5
    endloop
  endfacet
  facet normal 0.933615 -0.358277 0
    outer loop
      vertex 11.3315 -0.432623 0
      vertex 11.279 -0.56943 5
      vertex 11.279 -0.56943 0
    endloop
  endfacet
  facet normal 0.965973 -0.258645 0
    outer loop
      vertex 11.3315 -0.432623 5
      vertex 11.3694 -0.291076 0
      vertex 11.3694 -0.291076 5
    endloop
  endfacet
  facet normal 0.965973 -0.258645 0
    outer loop
      vertex 11.3694 -0.291076 0
      vertex 11.3315 -0.432623 5
      vertex 11.3315 -0.432623 0
    endloop
  endfacet
  facet normal 0 0 -1
    outer loop
      vertex 11.3923 -0.146339 0
      vertex 11.3923 0.146339 0
      vertex 11.4 0 0
    endloop
  endfacet
  facet normal 0 0 -1
    outer loop
      vertex 11.3694 -0.291076 0
      vertex 11.3923 0.146339 0
      vertex 11.3923 -0.146339 0
    endloop
  endfacet
  facet normal 0 0 -1
    outer loop
      vertex 11.3694 -0.291076 0
      vertex 11.3694 0.291076 0
      vertex 11.3923 0.146339 0
    endloop
  endfacet
  facet normal 0 0 -1
    outer loop
      vertex 11.3315 -0.432623 0
      vertex 11.3694 0.291076 0
      vertex 11.3694 -0.291076 0
    endloop
  endfacet
  facet normal 0 0 -1
    outer loop
      vertex 11.3315 -0.432623 0
      vertex 11.3315 0.432623 0
      vertex 11.3694 0.291076 0
    endloop
  endfacet
  facet normal 0 0 -1
    outer loop
      vertex 11.279 -0.56943 0
      vertex 11.3315 0.432623 0
      vertex 11.3315 -0.432623 0
    endloop
  endfacet
  facet normal 0 0 -1
    outer loop
      vertex 11.279 -0.56943 0
      vertex 11.279 0.56943 0
      vertex 11.3315 0.432623 0
    endloop
  endfacet
  facet normal 0 0 -1
    outer loop
      vertex 11.2124 -0.7 0
      vertex 11.279 0.56943 0
      vertex 11.279 -0.56943 0
    endloop
  endfacet
  facet normal 0 0 -1
    outer loop
      vertex 11.2124 -0.7 0
      vertex 11.2124 0.7 0
      vertex 11.279 0.56943 0
    endloop
  endfacet
  facet normal 0 0 -1
    outer loop
      vertex 11.1326 -0.822899 0
      vertex 11.2124 0.7 0
      vertex 11.2124 -0.7 0
    endloop
  endfacet
  facet normal 0 0 -1
    outer loop
      vertex 11.1326 -0.822899 0
      vertex 11.1326 0.822899 0
      vertex 11.2124 0.7 0
    endloop
  endfacet
  facet normal 0 0 -1
    outer loop
      vertex 11.0404 -0.936783 0
      vertex 11.1326 0.822899 0
      vertex 11.1326 -0.822899 0
    endloop
  endfacet
  facet normal 0 0 -1
    outer loop
      vertex 11.0404 -0.936783 0
      vertex 11.0404 0.936783 0
      vertex 11.1326 0.822899 0
    endloop
  endfacet
  facet normal 0 0 -1
    outer loop
      vertex 10.9368 -1.0404 0
      vertex 11.0404 0.936783 0
      vertex 11.0404 -0.936783 0
    endloop
  endfacet
  facet normal 0 0 -1
    outer loop
      vertex 10.9368 -1.0404 0
      vertex 10.9368 1.0404 0
      vertex 11.0404 0.936783 0
    endloop
  endfacet
  facet normal 0 0 -1
    outer loop
      vertex 10.8229 -1.13262 0
      vertex 10.9368 1.0404 0
      vertex 10.9368 -1.0404 0
    endloop
  endfacet
  facet normal 0 0 -1
    outer loop
      vertex 10.8229 -1.13262 0
      vertex 10.8229 1.13262 0
      vertex 10.9368 1.0404 0
    endloop
  endfacet
  facet normal 0 0 -1
    outer loop
      vertex 10.7 -1.21243 0
      vertex 10.8229 1.13262 0
      vertex 10.8229 -1.13262 0
    endloop
  endfacet
  facet normal 0 0 -1
    outer loop
      vertex 10.7 -1.21243 0
      vertex 10.7 1.21243 0
      vertex 10.8229 1.13262 0
    endloop
  endfacet
  facet normal 0 0 -1
    outer loop
      vertex 10.5694 -1.27896 0
      vertex 10.7 1.21243 0
      vertex 10.7 -1.21243 0
    endloop
  endfacet
  facet normal 0 0 -1
    outer loop
      vertex 10.5694 -1.27896 0
      vertex 10.5694 1.27896 0
      vertex 10.7 1.21243 0
    endloop
  endfacet
  facet normal 0 0 -1
    outer loop
      vertex 10.4326 -1.33148 0
      vertex 10.5694 1.27896 0
      vertex 10.5694 -1.27896 0
    endloop
  endfacet
  facet normal 0 0 -1
    outer loop
      vertex 10.4326 -1.33148 0
      vertex 10.4326 1.33148 0
      vertex 10.5694 1.27896 0
    endloop
  endfacet
  facet normal 0 0 -1
    outer loop
      vertex 10.2911 -1.36941 0
      vertex 10.4326 1.33148 0
      vertex 10.4326 -1.33148 0
    endloop
  endfacet
  facet normal 0 0 -1
    outer loop
      vertex 10.2911 -1.36941 0
      vertex 10.2911 1.36941 0
      vertex 10.4326 1.33148 0
    endloop
  endfacet
  facet normal 0 0 -1
    outer loop
      vertex 10.1463 -1.39233 0
      vertex 10.2911 1.36941 0
      vertex 10.2911 -1.36941 0
    endloop
  endfacet
  facet normal 0 0 -1
    outer loop
      vertex 10.1463 -1.39233 0
      vertex 10.1463 1.39233 0
      vertex 10.2911 1.36941 0
    endloop
  endfacet
  facet normal 0 0 -1
    outer loop
      vertex 10 -1.4 0
      vertex 10.1463 1.39233 0
      vertex 10.1463 -1.39233 0
    endloop
  endfacet
  facet normal 0 0 -1
    outer loop
      vertex 10 -1.4 0
      vertex 10 1.4 0
      vertex 10.1463 1.39233 0
    endloop
  endfacet
  facet normal 0 0 -1
    outer loop
      vertex 9.85366 -1.39233 0
      vertex 10 1.4 0
      vertex 10 -1.4 0
    endloop
  endfacet
  facet normal 0 0 -1
    outer loop
      vertex 9.85366 -1.39233 0
      vertex 9.85366 1.39233 0
      vertex 10 1.4 0
    endloop
  endfacet
  facet normal 0 0 -1
    outer loop
      vertex 9.70892 -1.36941 0
      vertex 9.85366 1.39233 0
      vertex 9.85366 -1.39233 0
    endloop
  endfacet
  facet normal 0 0 -1
    outer loop
      vertex 9.70892 -1.36941 0
      vertex 9.70892 1.36941 0
      vertex 9.85366 1.39233 0
    endloop
  endfacet
  facet normal 0 0 -1
    outer loop
      vertex 9.56738 -1.33148 0
      vertex 9.70892 1.36941 0
      vertex 9.70892 -1.36941 0
    endloop
  endfacet
  facet normal 0 0 -1
    outer loop
      vertex 9.56738 -1.33148 0
      vertex 9.56738 1.33148 0
      vertex 9.70892 1.36941 0
    endloop
  endfacet
  facet normal 0 0 -1
    outer loop
      vertex 9.43057 -1.27896 0
      vertex 9.56738 1.33148 0
      vertex 9.56738 -1.33148 0
    endloop
  endfacet
  facet normal 0 0 -1
    outer loop
      vertex 9.43057 -1.27896 0
      vertex 9.43057 1.27896 0
      vertex 9.56738 1.33148 0
    endloop
  endfacet
  facet normal 0 0 -1
    outer loop
      vertex 9.3 -1.21243 0
      vertex 9.43057 1.27896 0
      vertex 9.43057 -1.27896 0
    endloop
  endfacet
  facet normal 0 0 -1
    outer loop
      vertex 9.3 -1.21243 0
      vertex 9.3 1.21243 0
      vertex 9.43057 1.27896 0
    endloop
  endfacet
  facet normal 0 0 -1
    outer loop
      vertex 9.1771 -1.13262 0
      vertex 9.3 1.21243 0
      vertex 9.3 -1.21243 0
    endloop
  endfacet
  facet normal 0 0 -1
    outer loop
      vertex 9.1771 -1.13262 0
      vertex 9.1771 1.13262 0
      vertex 9.3 1.21243 0
    endloop
  endfacet
  facet normal 0 0 -1
    outer loop
      vertex 9.06322 -1.0404 0
      vertex 9.1771 1.13262 0
      vertex 9.1771 -1.13262 0
    endloop
  endfacet
  facet normal 0 0 -1
    outer loop
      vertex 9.06322 -1.0404 0
      vertex 9.06322 1.0404 0
      vertex 9.1771 1.13262 0
    endloop
  endfacet
  facet normal 0 0 -1
    outer loop
      vertex 8.9596 -0.936783 0
      vertex 9.06322 1.0404 0
      vertex 9.06322 -1.0404 0
    endloop
  endfacet
  facet normal 0 0 -1
    outer loop
      vertex 8.9596 -0.936783 0
      vertex 8.9596 0.936783 0
      vertex 9.06322 1.0404 0
    endloop
  endfacet
  facet normal 0 0 -1
    outer loop
      vertex 8.86738 -0.822899 0
      vertex 8.9596 0.936783 0
      vertex 8.9596 -0.936783 0
    endloop
  endfacet
  facet normal 0 0 -1
    outer loop
      vertex 8.86738 -0.822899 0
      vertex 8.86738 0.822899 0
      vertex 8.9596 0.936783 0
    endloop
  endfacet
  facet normal 0 0 -1
    outer loop
      vertex 8.78756 -0.7 0
      vertex 8.86738 0.822899 0
      vertex 8.86738 -0.822899 0
    endloop
  endfacet
  facet normal 0 0 -1
    outer loop
      vertex 8.78756 -0.7 0
      vertex 8.78756 0.7 0
      vertex 8.86738 0.822899 0
    endloop
  endfacet
  facet normal 0 0 -1
    outer loop
      vertex 8.72104 -0.56943 0
      vertex 8.78756 0.7 0
      vertex 8.78756 -0.7 0
    endloop
  endfacet
  facet normal 0 0 -1
    outer loop
      vertex 8.72104 -0.56943 0
      vertex 8.72104 0.56943 0
      vertex 8.78756 0.7 0
    endloop
  endfacet
  facet normal 0 0 -1
    outer loop
      vertex 8.66852 -0.432623 0
      vertex 8.72104 0.56943 0
      vertex 8.72104 -0.56943 0
    endloop
  endfacet
  facet normal 0 0 -1
    outer loop
      vertex 8.66852 -0.432623 0
      vertex 8.66852 0.432623 0
      vertex 8.72104 0.56943 0
    endloop
  endfacet
  facet normal 0 0 -1
    outer loop
      vertex 8.63059 -0.291076 0
      vertex 8.66852 0.432623 0
      vertex 8.66852 -0.432623 0
    endloop
  endfacet
  facet normal 0 0 -1
    outer loop
      vertex 8.63059 -0.291076 0
      vertex 8.63059 0.291076 0
      vertex 8.66852 0.432623 0
    endloop
  endfacet
  facet normal 0 0 -1
    outer loop
      vertex 8.60767 -0.146339 0
      vertex 8.63059 0.291076 0
      vertex 8.63059 -0.291076 0
    endloop
  endfacet
  facet normal 0 0 -1
    outer loop
      vertex 8.60767 -0.146339 0
      vertex 8.60767 0.146339 0
      vertex 8.63059 0.291076 0
    endloop
  endfacet
  facet normal 0 -0 -1
    outer loop
      vertex 8.60767 0.146339 0
      vertex 8.60767 -0.146339 0
      vertex 8.6 0 0
    endloop
  endfacet
  facet normal 0.965973 0.258645 0
    outer loop
      vertex 11.3694 0.291076 5
      vertex 11.3315 0.432623 0
      vertex 11.3315 0.432623 5
    endloop
  endfacet
  facet normal 0.965973 0.258645 0
    outer loop
      vertex 11.3315 0.432623 0
      vertex 11.3694 0.291076 5
      vertex 11.3694 0.291076 0
    endloop
  endfacet
  facet normal 0.987714 0.156274 0
    outer loop
      vertex 11.3923 0.146339 5
      vertex 11.3694 0.291076 0
      vertex 11.3694 0.291076 5
    endloop
  endfacet
  facet normal 0.987714 0.156274 0
    outer loop
      vertex 11.3694 0.291076 0
      vertex 11.3923 0.146339 5
      vertex 11.3923 0.146339 0
    endloop
  endfacet
  facet normal 0.933615 0.358277 0
    outer loop
      vertex 11.3315 0.432623 5
      vertex 11.279 0.56943 0
      vertex 11.279 0.56943 5
    endloop
  endfacet
  facet normal 0.933615 0.358277 0
    outer loop
      vertex 11.279 0.56943 0
      vertex 11.3315 0.432623 5
      vertex 11.3315 0.432623 0
    endloop
  endfacet
  facet normal 0.777218 0.629232 0
    outer loop
      vertex 11.1326 0.822899 5
      vertex 11.0404 0.936783 0
      vertex 11.0404 0.936783 5
    endloop
  endfacet
  facet normal 0.777218 0.629232 0
    outer loop
      vertex 11.0404 0.936783 0
      vertex 11.1326 0.822899 5
      vertex 11.1326 0.822899 0
    endloop
  endfacet
  facet normal 0.258916 0.9659 -0
    outer loop
      vertex 10.4326 1.33148 0
      vertex 10.2911 1.36941 5
      vertex 10.4326 1.33148 5
    endloop
  endfacet
  facet normal 0.258916 0.9659 0
    outer loop
      vertex 10.2911 1.36941 5
      vertex 10.4326 1.33148 0
      vertex 10.2911 1.36941 0
    endloop
  endfacet
  facet normal 0.156341 0.987703 -0
    outer loop
      vertex 10.2911 1.36941 0
      vertex 10.1463 1.39233 5
      vertex 10.2911 1.36941 5
    endloop
  endfacet
  facet normal 0.156341 0.987703 0
    outer loop
      vertex 10.1463 1.39233 5
      vertex 10.2911 1.36941 0
      vertex 10.1463 1.39233 0
    endloop
  endfacet
  facet normal 0.453915 0.891045 -0
    outer loop
      vertex 10.7 1.21243 0
      vertex 10.5694 1.27896 5
      vertex 10.7 1.21243 5
    endloop
  endfacet
  facet normal 0.453915 0.891045 0
    outer loop
      vertex 10.5694 1.27896 5
      vertex 10.7 1.21243 0
      vertex 10.5694 1.27896 0
    endloop
  endfacet
  facet normal 0.629261 0.777194 -0
    outer loop
      vertex 10.9368 1.0404 0
      vertex 10.8229 1.13262 5
      vertex 10.9368 1.0404 5
    endloop
  endfacet
  facet normal 0.629261 0.777194 0
    outer loop
      vertex 10.8229 1.13262 5
      vertex 10.9368 1.0404 0
      vertex 10.8229 1.13262 0
    endloop
  endfacet
  facet normal -0.965921 0.258836 0
    outer loop
      vertex 8.63059 0.291076 0
      vertex 8.66852 0.432623 5
      vertex 8.66852 0.432623 0
    endloop
  endfacet
  facet normal -0.965921 0.258836 0
    outer loop
      vertex 8.66852 0.432623 5
      vertex 8.63059 0.291076 0
      vertex 8.63059 0.291076 5
    endloop
  endfacet
  facet normal -0.777151 0.629314 0
    outer loop
      vertex 8.86738 0.822899 0
      vertex 8.9596 0.936783 5
      vertex 8.9596 0.936783 0
    endloop
  endfacet
  facet normal -0.777151 0.629314 0
    outer loop
      vertex 8.9596 0.936783 5
      vertex 8.86738 0.822899 0
      vertex 8.86738 0.822899 5
    endloop
  endfacet
  facet normal -0.707097 0.707117 0
    outer loop
      vertex 8.9596 0.936783 0
      vertex 9.06322 1.0404 5
      vertex 9.06322 1.0404 0
    endloop
  endfacet
  facet normal -0.707097 0.707117 0
    outer loop
      vertex 9.06322 1.0404 5
      vertex 8.9596 0.936783 0
      vertex 8.9596 0.936783 5
    endloop
  endfacet
  facet normal -0.838644 0.54468 0
    outer loop
      vertex 8.78756 0.7 0
      vertex 8.86738 0.822899 5
      vertex 8.86738 0.822899 0
    endloop
  endfacet
  facet normal -0.838644 0.54468 0
    outer loop
      vertex 8.86738 0.822899 5
      vertex 8.78756 0.7 0
      vertex 8.78756 0.7 5
    endloop
  endfacet
  facet normal -0.93357 0.358396 0
    outer loop
      vertex 8.66852 0.432623 0
      vertex 8.72104 0.56943 5
      vertex 8.72104 0.56943 0
    endloop
  endfacet
  facet normal -0.93357 0.358396 0
    outer loop
      vertex 8.72104 0.56943 5
      vertex 8.66852 0.432623 0
      vertex 8.66852 0.432623 5
    endloop
  endfacet
  facet normal -0.987693 0.156407 0
    outer loop
      vertex 8.60767 0.146339 0
      vertex 8.63059 0.291076 5
      vertex 8.63059 0.291076 0
    endloop
  endfacet
  facet normal -0.987693 0.156407 0
    outer loop
      vertex 8.63059 0.291076 5
      vertex 8.60767 0.146339 0
      vertex 8.60767 0.146339 5
    endloop
  endfacet
  facet normal 0 0 1
    outer loop
      vertex 11.3923 0.146339 5
      vertex 11.3923 -0.146339 5
      vertex 11.4 0 5
    endloop
  endfacet
  facet normal 0 0 1
    outer loop
      vertex 11.3694 0.291076 5
      vertex 11.3923 -0.146339 5
      vertex 11.3923 0.146339 5
    endloop
  endfacet
  facet normal 0 0 1
    outer loop
      vertex 11.3694 0.291076 5
      vertex 11.3694 -0.291076 5
      vertex 11.3923 -0.146339 5
    endloop
  endfacet
  facet normal 0 0 1
    outer loop
      vertex 11.3315 0.432623 5
      vertex 11.3694 -0.291076 5
      vertex 11.3694 0.291076 5
    endloop
  endfacet
  facet normal 0 0 1
    outer loop
      vertex 11.3315 0.432623 5
      vertex 11.3315 -0.432623 5
      vertex 11.3694 -0.291076 5
    endloop
  endfacet
  facet normal 0 0 1
    outer loop
      vertex 11.279 0.56943 5
      vertex 11.3315 -0.432623 5
      vertex 11.3315 0.432623 5
    endloop
  endfacet
  facet normal 0 0 1
    outer loop
      vertex 11.279 0.56943 5
      vertex 11.279 -0.56943 5
      vertex 11.3315 -0.432623 5
    endloop
  endfacet
  facet normal 0 0 1
    outer loop
      vertex 11.2124 0.7 5
      vertex 11.279 -0.56943 5
      vertex 11.279 0.56943 5
    endloop
  endfacet
  facet normal 0 0 1
    outer loop
      vertex 11.2124 0.7 5
      vertex 11.2124 -0.7 5
      vertex 11.279 -0.56943 5
    endloop
  endfacet
  facet normal 0 0 1
    outer loop
      vertex 11.1326 0.822899 5
      vertex 11.2124 -0.7 5
      vertex 11.2124 0.7 5
    endloop
  endfacet
  facet normal 0 0 1
    outer loop
      vertex 11.1326 0.822899 5
      vertex 11.1326 -0.822899 5
      vertex 11.2124 -0.7 5
    endloop
  endfacet
  facet normal 0 0 1
    outer loop
      vertex 11.0404 0.936783 5
      vertex 11.1326 -0.822899 5
      vertex 11.1326 0.822899 5
    endloop
  endfacet
  facet normal 0 0 1
    outer loop
      vertex 11.0404 0.936783 5
      vertex 11.0404 -0.936783 5
      vertex 11.1326 -0.822899 5
    endloop
  endfacet
  facet normal 0 0 1
    outer loop
      vertex 10.9368 1.0404 5
      vertex 11.0404 -0.936783 5
      vertex 11.0404 0.936783 5
    endloop
  endfacet
  facet normal 0 0 1
    outer loop
      vertex 10.9368 1.0404 5
      vertex 10.9368 -1.0404 5
      vertex 11.0404 -0.936783 5
    endloop
  endfacet
  facet normal 0 0 1
    outer loop
      vertex 10.8229 1.13262 5
      vertex 10.9368 -1.0404 5
      vertex 10.9368 1.0404 5
    endloop
  endfacet
  facet normal 0 0 1
    outer loop
      vertex 10.8229 1.13262 5
      vertex 10.8229 -1.13262 5
      vertex 10.9368 -1.0404 5
    endloop
  endfacet
  facet normal 0 0 1
    outer loop
      vertex 10.7 1.21243 5
      vertex 10.8229 -1.13262 5
      vertex 10.8229 1.13262 5
    endloop
  endfacet
  facet normal 0 0 1
    outer loop
      vertex 10.7 1.21243 5
      vertex 10.7 -1.21243 5
      vertex 10.8229 -1.13262 5
    endloop
  endfacet
  facet normal 0 0 1
    outer loop
      vertex 10.5694 1.27896 5
      vertex 10.7 -1.21243 5
      vertex 10.7 1.21243 5
    endloop
  endfacet
  facet normal 0 0 1
    outer loop
      vertex 10.5694 1.27896 5
      vertex 10.5694 -1.27896 5
      vertex 10.7 -1.21243 5
    endloop
  endfacet
  facet normal 0 0 1
    outer loop
      vertex 10.4326 1.33148 5
      vertex 10.5694 -1.27896 5
      vertex 10.5694 1.27896 5
    endloop
  endfacet
  facet normal 0 0 1
    outer loop
      vertex 10.4326 1.33148 5
      vertex 10.4326 -1.33148 5
      vertex 10.5694 -1.27896 5
    endloop
  endfacet
  facet normal 0 0 1
    outer loop
      vertex 10.2911 1.36941 5
      vertex 10.4326 -1.33148 5
      vertex 10.4326 1.33148 5
    endloop
  endfacet
  facet normal 0 0 1
    outer loop
      vertex 10.2911 1.36941 5
      vertex 10.2911 -1.36941 5
      vertex 10.4326 -1.33148 5
    endloop
  endfacet
  facet normal 0 0 1
    outer loop
      vertex 10.1463 1.39233 5
      vertex 10.2911 -1.36941 5
      vertex 10.2911 1.36941 5
    endloop
  endfacet
  facet normal 0 0 1
    outer loop
      vertex 10.1463 1.39233 5
      vertex 10.1463 -1.39233 5
      vertex 10.2911 -1.36941 5
    endloop
  endfacet
  facet normal 0 0 1
    outer loop
      vertex 10 1.4 5
      vertex 10.1463 -1.39233 5
      vertex 10.1463 1.39233 5
    endloop
  endfacet
  facet normal 0 0 1
    outer loop
      vertex 10 1.4 5
      vertex 10 -1.4 5
      vertex 10.1463 -1.39233 5
    endloop
  endfacet
  facet normal -0 0 1
    outer loop
      vertex 9.85366 1.39233 5
      vertex 10 -1.4 5
      vertex 10 1.4 5
    endloop
  endfacet
  facet normal 0 0 1
    outer loop
      vertex 9.85366 1.39233 5
      vertex 9.85366 -1.39233 5
      vertex 10 -1.4 5
    endloop
  endfacet
  facet normal -0 0 1
    outer loop
      vertex 9.70892 1.36941 5
      vertex 9.85366 -1.39233 5
      vertex 9.85366 1.39233 5
    endloop
  endfacet
  facet normal 0 0 1
    outer loop
      vertex 9.70892 1.36941 5
      vertex 9.70892 -1.36941 5
      vertex 9.85366 -1.39233 5
    endloop
  endfacet
  facet normal -0 0 1
    outer loop
      vertex 9.56738 1.33148 5
      vertex 9.70892 -1.36941 5
      vertex 9.70892 1.36941 5
    endloop
  endfacet
  facet normal 0 0 1
    outer loop
      vertex 9.56738 1.33148 5
      vertex 9.56738 -1.33148 5
      vertex 9.70892 -1.36941 5
    endloop
  endfacet
  facet normal -0 0 1
    outer loop
      vertex 9.43057 1.27896 5
      vertex 9.56738 -1.33148 5
      vertex 9.56738 1.33148 5
    endloop
  endfacet
  facet normal 0 0 1
    outer loop
      vertex 9.43057 1.27896 5
      vertex 9.43057 -1.27896 5
      vertex 9.56738 -1.33148 5
    endloop
  endfacet
  facet normal -0 0 1
    outer loop
      vertex 9.3 1.21243 5
      vertex 9.43057 -1.27896 5
      vertex 9.43057 1.27896 5
    endloop
  endfacet
  facet normal 0 0 1
    outer loop
      vertex 9.3 1.21243 5
      vertex 9.3 -1.21243 5
      vertex 9.43057 -1.27896 5
    endloop
  endfacet
  facet normal -0 0 1
    outer loop
      vertex 9.1771 1.13262 5
      vertex 9.3 -1.21243 5
      vertex 9.3 1.21243 5
    endloop
  endfacet
  facet normal 0 0 1
    outer loop
      vertex 9.1771 1.13262 5
      vertex 9.1771 -1.13262 5
      vertex 9.3 -1.21243 5
    endloop
  endfacet
  facet normal -0 0 1
    outer loop
      vertex 9.06322 1.0404 5
      vertex 9.1771 -1.13262 5
      vertex 9.1771 1.13262 5
    endloop
  endfacet
  facet normal 0 0 1
    outer loop
      vertex 9.06322 1.0404 5
      vertex 9.06322 -1.0404 5
      vertex 9.1771 -1.13262 5
    endloop
  endfacet
  facet normal -0 0 1
    outer loop
      vertex 8.9596 0.936783 5
      vertex 9.06322 -1.0404 5
      vertex 9.06322 1.0404 5
    endloop
  endfacet
  facet normal 0 0 1
    outer loop
      vertex 8.9596 0.936783 5
      vertex 8.9596 -0.936783 5
      vertex 9.06322 -1.0404 5
    endloop
  endfacet
  facet normal -0 0 1
    outer loop
      vertex 8.86738 0.822899 5
      vertex 8.9596 -0.936783 5
      vertex 8.9596 0.936783 5
    endloop
  endfacet
  facet normal 0 0 1
    outer loop
      vertex 8.86738 0.822899 5
      vertex 8.86738 -0.822899 5
      vertex 8.9596 -0.936783 5
    endloop
  endfacet
  facet normal -0 0 1
    outer loop
      vertex 8.78756 0.7 5
      vertex 8.86738 -0.822899 5
      vertex 8.86738 0.822899 5
    endloop
  endfacet
  facet normal 0 0 1
    outer loop
      vertex 8.78756 0.7 5
      vertex 8.78756 -0.7 5
      vertex 8.86738 -0.822899 5
    endloop
  endfacet
  facet normal -0 0 1
    outer loop
      vertex 8.72104 0.56943 5
      vertex 8.78756 -0.7 5
      vertex 8.78756 0.7 5
    endloop
  endfacet
  facet normal 0 0 1
    outer loop
      vertex 8.72104 0.56943 5
      vertex 8.72104 -0.56943 5
      vertex 8.78756 -0.7 5
    endloop
  endfacet
  facet normal -0 0 1
    outer loop
      vertex 8.66852 0.432623 5
      vertex 8.72104 -0.56943 5
      vertex 8.72104 0.56943 5
    endloop
  endfacet
  facet normal 0 0 1
    outer loop
      vertex 8.66852 0.432623 5
      vertex 8.66852 -0.432623 5
      vertex 8.72104 -0.56943 5
    endloop
  endfacet
  facet normal -0 0 1
    outer loop
      vertex 8.63059 0.291076 5
      vertex 8.66852 -0.432623 5
      vertex 8.66852 0.432623 5
    endloop
  endfacet
  facet normal 0 0 1
    outer loop
      vertex 8.63059 0.291076 5
      vertex 8.63059 -0.291076 5
      vertex 8.66852 -0.432623 5
    endloop
  endfacet
  facet normal -0 0 1
    outer loop
      vertex 8.60767 0.146339 5
      vertex 8.63059 -0.291076 5
      vertex 8.63059 0.291076 5
    endloop
  endfacet
  facet normal 0 0 1
    outer loop
      vertex 8.60767 0.146339 5
      vertex 8.60767 -0.146339 5
      vertex 8.63059 -0.291076 5
    endloop
  endfacet
  facet normal 0 -0 1
    outer loop
      vertex 8.60767 -0.146339 5
      vertex 8.60767 0.146339 5
      vertex 8.6 0 5
    endloop
  endfacet
  facet normal -0.453997 0.891003 0
    outer loop
      vertex 9.43057 1.27896 0
      vertex 9.3 1.21243 5
      vertex 9.43057 1.27896 5
    endloop
  endfacet
  facet normal -0.453997 0.891003 0
    outer loop
      vertex 9.3 1.21243 5
      vertex 9.43057 1.27896 0
      vertex 9.3 1.21243 0
    endloop
  endfacet
  facet normal -0.358389 0.933572 0
    outer loop
      vertex 9.56738 1.33148 0
      vertex 9.43057 1.27896 5
      vertex 9.56738 1.33148 5
    endloop
  endfacet
  facet normal -0.358389 0.933572 0
    outer loop
      vertex 9.43057 1.27896 5
      vertex 9.56738 1.33148 0
      vertex 9.43057 1.27896 0
    endloop
  endfacet
  facet normal -0.544629 0.838677 0
    outer loop
      vertex 9.3 1.21243 0
      vertex 9.1771 1.13262 5
      vertex 9.3 1.21243 5
    endloop
  endfacet
  facet normal -0.544629 0.838677 0
    outer loop
      vertex 9.1771 1.13262 5
      vertex 9.3 1.21243 0
      vertex 9.1771 1.13262 0
    endloop
  endfacet
  facet normal -0.156404 0.987693 0
    outer loop
      vertex 9.85366 1.39233 0
      vertex 9.70892 1.36941 5
      vertex 9.85366 1.39233 5
    endloop
  endfacet
  facet normal -0.156404 0.987693 0
    outer loop
      vertex 9.70892 1.36941 5
      vertex 9.85366 1.39233 0
      vertex 9.70892 1.36941 0
    endloop
  endfacet
  facet normal 0.0523546 -0.998629 0
    outer loop
      vertex 10 -1.4 0
      vertex 10.1463 -1.39233 5
      vertex 10 -1.4 5
    endloop
  endfacet
  facet normal 0.0523546 -0.998629 0
    outer loop
      vertex 10.1463 -1.39233 5
      vertex 10 -1.4 0
      vertex 10.1463 -1.39233 0
    endloop
  endfacet
  facet normal 0.258916 -0.9659 0
    outer loop
      vertex 10.2911 -1.36941 0
      vertex 10.4326 -1.33148 5
      vertex 10.2911 -1.36941 5
    endloop
  endfacet
  facet normal 0.258916 -0.9659 0
    outer loop
      vertex 10.4326 -1.33148 5
      vertex 10.2911 -1.36941 0
      vertex 10.4326 -1.33148 0
    endloop
  endfacet
  facet normal 0.629261 -0.777194 0
    outer loop
      vertex 10.8229 -1.13262 0
      vertex 10.9368 -1.0404 5
      vertex 10.8229 -1.13262 5
    endloop
  endfacet
  facet normal 0.629261 -0.777194 0
    outer loop
      vertex 10.9368 -1.0404 5
      vertex 10.8229 -1.13262 0
      vertex 10.9368 -1.0404 0
    endloop
  endfacet
  facet normal 0.453915 -0.891045 0
    outer loop
      vertex 10.5694 -1.27896 0
      vertex 10.7 -1.21243 5
      vertex 10.5694 -1.27896 5
    endloop
  endfacet
  facet normal 0.453915 -0.891045 0
    outer loop
      vertex 10.7 -1.21243 5
      vertex 10.5694 -1.27896 0
      vertex 10.7 -1.21243 0
    endloop
  endfacet
  facet normal 0.777218 -0.629232 0
    outer loop
      vertex 11.0404 -0.936783 5
      vertex 11.1326 -0.822899 0
      vertex 11.1326 -0.822899 5
    endloop
  endfacet
  facet normal 0.777218 -0.629232 0
    outer loop
      vertex 11.1326 -0.822899 0
      vertex 11.0404 -0.936783 5
      vertex 11.0404 -0.936783 0
    endloop
  endfacet
  facet normal 0.89081 -0.454376 0
    outer loop
      vertex 11.2124 -0.7 5
      vertex 11.279 -0.56943 0
      vertex 11.279 -0.56943 5
    endloop
  endfacet
  facet normal 0.89081 -0.454376 0
    outer loop
      vertex 11.279 -0.56943 0
      vertex 11.2124 -0.7 5
      vertex 11.2124 -0.7 0
    endloop
  endfacet
  facet normal -0.629328 -0.77714 0
    outer loop
      vertex 9.06322 -1.0404 0
      vertex 9.1771 -1.13262 5
      vertex 9.06322 -1.0404 5
    endloop
  endfacet
  facet normal -0.629328 -0.77714 -0
    outer loop
      vertex 9.1771 -1.13262 5
      vertex 9.06322 -1.0404 0
      vertex 9.1771 -1.13262 0
    endloop
  endfacet
  facet normal -0.453997 -0.891003 0
    outer loop
      vertex 9.3 -1.21243 0
      vertex 9.43057 -1.27896 5
      vertex 9.3 -1.21243 5
    endloop
  endfacet
  facet normal -0.453997 -0.891003 -0
    outer loop
      vertex 9.43057 -1.27896 5
      vertex 9.3 -1.21243 0
      vertex 9.43057 -1.27896 0
    endloop
  endfacet
  facet normal -0.258848 -0.965918 0
    outer loop
      vertex 9.56738 -1.33148 0
      vertex 9.70892 -1.36941 5
      vertex 9.56738 -1.33148 5
    endloop
  endfacet
  facet normal -0.258848 -0.965918 -0
    outer loop
      vertex 9.70892 -1.36941 5
      vertex 9.56738 -1.33148 0
      vertex 9.70892 -1.36941 0
    endloop
  endfacet
  facet normal -0.0523403 -0.998629 0
    outer loop
      vertex 9.85366 -1.39233 0
      vertex 10 -1.4 5
      vertex 9.85366 -1.39233 5
    endloop
  endfacet
  facet normal -0.0523403 -0.998629 -0
    outer loop
      vertex 10 -1.4 5
      vertex 9.85366 -1.39233 0
      vertex 10 -1.4 0
    endloop
  endfacet
  facet normal -0.891031 -0.453943 0
    outer loop
      vertex 8.78756 -0.7 0
      vertex 8.72104 -0.56943 5
      vertex 8.72104 -0.56943 0
    endloop
  endfacet
  facet normal -0.891031 -0.453943 0
    outer loop
      vertex 8.72104 -0.56943 5
      vertex 8.78756 -0.7 0
      vertex 8.78756 -0.7 5
    endloop
  endfacet
  facet normal -0.777151 -0.629314 0
    outer loop
      vertex 8.9596 -0.936783 0
      vertex 8.86738 -0.822899 5
      vertex 8.86738 -0.822899 0
    endloop
  endfacet
  facet normal -0.777151 -0.629314 0
    outer loop
      vertex 8.86738 -0.822899 5
      vertex 8.9596 -0.936783 0
      vertex 8.9596 -0.936783 5
    endloop
  endfacet
  facet normal -0.965921 -0.258836 0
    outer loop
      vertex 8.66852 -0.432623 0
      vertex 8.63059 -0.291076 5
      vertex 8.63059 -0.291076 0
    endloop
  endfacet
  facet normal -0.965921 -0.258836 0
    outer loop
      vertex 8.63059 -0.291076 5
      vertex 8.66852 -0.432623 0
      vertex 8.66852 -0.432623 5
    endloop
  endfacet
  facet normal -0.998629 -0.0523407 0
    outer loop
      vertex 8.60767 -0.146339 0
      vertex 8.6 0 5
      vertex 8.6 0 0
    endloop
  endfacet
  facet normal -0.998629 -0.0523407 0
    outer loop
      vertex 8.6 0 5
      vertex 8.60767 -0.146339 0
      vertex 8.60767 -0.146339 5
    endloop
  endfacet
  facet normal 0.156341 -0.987703 0
    outer loop
      vertex 10.1463 -1.39233 0
      vertex 10.2911 -1.36941 5
      vertex 10.1463 -1.39233 5
    endloop
  endfacet
  facet normal 0.156341 -0.987703 0
    outer loop
      vertex 10.2911 -1.36941 5
      vertex 10.1463 -1.39233 0
      vertex 10.2911 -1.36941 0
    endloop
  endfacet
  facet normal 0.358412 -0.933564 0
    outer loop
      vertex 10.4326 -1.33148 0
      vertex 10.5694 -1.27896 5
      vertex 10.4326 -1.33148 5
    endloop
  endfacet
  facet normal 0.358412 -0.933564 0
    outer loop
      vertex 10.5694 -1.27896 5
      vertex 10.4326 -1.33148 0
      vertex 10.5694 -1.27896 0
    endloop
  endfacet
  facet normal 0.707165 -0.707049 0
    outer loop
      vertex 10.9368 -1.0404 5
      vertex 11.0404 -0.936783 0
      vertex 11.0404 -0.936783 5
    endloop
  endfacet
  facet normal 0.707165 -0.707049 0
    outer loop
      vertex 11.0404 -0.936783 0
      vertex 10.9368 -1.0404 5
      vertex 10.9368 -1.0404 0
    endloop
  endfacet
  facet normal 0.544629 -0.838677 0
    outer loop
      vertex 10.7 -1.21243 0
      vertex 10.8229 -1.13262 5
      vertex 10.7 -1.21243 5
    endloop
  endfacet
  facet normal 0.544629 -0.838677 0
    outer loop
      vertex 10.8229 -1.13262 5
      vertex 10.7 -1.21243 0
      vertex 10.8229 -1.13262 0
    endloop
  endfacet
  facet normal 0.838707 -0.544584 0
    outer loop
      vertex 11.1326 -0.822899 5
      vertex 11.2124 -0.7 0
      vertex 11.2124 -0.7 5
    endloop
  endfacet
  facet normal 0.838707 -0.544584 0
    outer loop
      vertex 11.2124 -0.7 0
      vertex 11.1326 -0.822899 5
      vertex 11.1326 -0.822899 0
    endloop
  endfacet
  facet normal 0.987714 -0.156274 0
    outer loop
      vertex 11.3694 -0.291076 5
      vertex 11.3923 -0.146339 0
      vertex 11.3923 -0.146339 5
    endloop
  endfacet
  facet normal 0.987714 -0.156274 0
    outer loop
      vertex 11.3923 -0.146339 0
      vertex 11.3694 -0.291076 5
      vertex 11.3694 -0.291076 0
    endloop
  endfacet
  facet normal 0.998619 -0.0525449 0
    outer loop
      vertex 11.3923 -0.146339 5
      vertex 11.4 0 0
      vertex 11.4 0 5
    endloop
  endfacet
  facet normal 0.998619 -0.0525449 0
    outer loop
      vertex 11.4 0 0
      vertex 11.3923 -0.146339 5
      vertex 11.3923 -0.146339 0
    endloop
  endfacet
  facet normal -0.544629 -0.838677 0
    outer loop
      vertex 9.1771 -1.13262 0
      vertex 9.3 -1.21243 5
      vertex 9.1771 -1.13262 5
    endloop
  endfacet
  facet normal -0.544629 -0.838677 -0
    outer loop
      vertex 9.3 -1.21243 5
      vertex 9.1771 -1.13262 0
      vertex 9.3 -1.21243 0
    endloop
  endfacet
  facet normal -0.358389 -0.933572 0
    outer loop
      vertex 9.43057 -1.27896 0
      vertex 9.56738 -1.33148 5
      vertex 9.43057 -1.27896 5
    endloop
  endfacet
  facet normal -0.358389 -0.933572 -0
    outer loop
      vertex 9.56738 -1.33148 5
      vertex 9.43057 -1.27896 0
      vertex 9.56738 -1.33148 0
    endloop
  endfacet
  facet normal -0.156404 -0.987693 0
    outer loop
      vertex 9.70892 -1.36941 0
      vertex 9.85366 -1.39233 5
      vertex 9.70892 -1.36941 5
    endloop
  endfacet
  facet normal -0.156404 -0.987693 -0
    outer loop
      vertex 9.85366 -1.39233 5
      vertex 9.70892 -1.36941 0
      vertex 9.85366 -1.39233 0
    endloop
  endfacet
  facet normal -0.838644 -0.54468 0
    outer loop
      vertex 8.86738 -0.822899 0
      vertex 8.78756 -0.7 5
      vertex 8.78756 -0.7 0
    endloop
  endfacet
  facet normal -0.838644 -0.54468 0
    outer loop
      vertex 8.78756 -0.7 5
      vertex 8.86738 -0.822899 0
      vertex 8.86738 -0.822899 5
    endloop
  endfacet
  facet normal -0.707097 -0.707117 0
    outer loop
      vertex 9.06322 -1.0404 0
      vertex 8.9596 -0.936783 5
      vertex 8.9596 -0.936783 0
    endloop
  endfacet
  facet normal -0.707097 -0.707117 0
    outer loop
      vertex 8.9596 -0.936783 5
      vertex 9.06322 -1.0404 0
      vertex 9.06322 -1.0404 5
    endloop
  endfacet
  facet normal -0.987693 -0.156407 0
    outer loop
      vertex 8.63059 -0.291076 0
      vertex 8.60767 -0.146339 5
      vertex 8.60767 -0.146339 0
    endloop
  endfacet
  facet normal -0.987693 -0.156407 0
    outer loop
      vertex 8.60767 -0.146339 5
      vertex 8.63059 -0.291076 0
      vertex 8.63059 -0.291076 5
    endloop
  endfacet
  facet normal 0.838709 0.544581 0
    outer loop
      vertex 11.2124 10.7 5
      vertex 11.1326 10.8229 0
      vertex 11.1326 10.8229 5
    endloop
  endfacet
  facet normal 0.838709 0.544581 0
    outer loop
      vertex 11.1326 10.8229 0
      vertex 11.2124 10.7 5
      vertex 11.2124 10.7 0
    endloop
  endfacet
  facet normal 0.358293 0.933609 -0
    outer loop
      vertex 10.5694 11.279 0
      vertex 10.4326 11.3315 5
      vertex 10.5694 11.279 5
    endloop
  endfacet
  facet normal 0.358293 0.933609 0
    outer loop
      vertex 10.4326 11.3315 5
      vertex 10.5694 11.279 0
      vertex 10.4326 11.3315 0
    endloop
  endfacet
  facet normal -0.454376 0.89081 0
    outer loop
      vertex 9.43057 11.279 0
      vertex 9.3 11.2124 5
      vertex 9.43057 11.279 5
    endloop
  endfacet
  facet normal -0.454376 0.89081 0
    outer loop
      vertex 9.3 11.2124 5
      vertex 9.43057 11.279 0
      vertex 9.3 11.2124 0
    endloop
  endfacet
  facet normal -0.933564 0.358412 0
    outer loop
      vertex 8.66852 10.4326 0
      vertex 8.72104 10.5694 5
      vertex 8.72104 10.5694 0
    endloop
  endfacet
  facet normal -0.933564 0.358412 0
    outer loop
      vertex 8.72104 10.5694 5
      vertex 8.66852 10.4326 0
      vertex 8.66852 10.4326 5
    endloop
  endfacet
  facet normal 0.998619 -0.0525445 0
    outer loop
      vertex 11.3923 9.85366 5
      vertex 11.4 10 0
      vertex 11.4 10 5
    endloop
  endfacet
  facet normal 0.998619 -0.0525445 0
    outer loop
      vertex 11.4 10 0
      vertex 11.3923 9.85366 5
      vertex 11.3923 9.85366 0
    endloop
  endfacet
  facet normal 0.544581 0.838709 -0
    outer loop
      vertex 10.8229 11.1326 0
      vertex 10.7 11.2124 5
      vertex 10.8229 11.1326 5
    endloop
  endfacet
  facet normal 0.544581 0.838709 0
    outer loop
      vertex 10.7 11.2124 5
      vertex 10.8229 11.1326 0
      vertex 10.7 11.2124 0
    endloop
  endfacet
  facet normal 0 0 -1
    outer loop
      vertex 11.3923 9.85366 0
      vertex 11.3923 10.1463 0
      vertex 11.4 10 0
    endloop
  endfacet
  facet normal 0 0 -1
    outer loop
      vertex 11.3694 9.70892 0
      vertex 11.3923 10.1463 0
      vertex 11.3923 9.85366 0
    endloop
  endfacet
  facet normal 0 0 -1
    outer loop
      vertex 11.3694 9.70892 0
      vertex 11.3694 10.2911 0
      vertex 11.3923 10.1463 0
    endloop
  endfacet
  facet normal 0 0 -1
    outer loop
      vertex 11.3315 9.56738 0
      vertex 11.3694 10.2911 0
      vertex 11.3694 9.70892 0
    endloop
  endfacet
  facet normal 0 0 -1
    outer loop
      vertex 11.3315 9.56738 0
      vertex 11.3315 10.4326 0
      vertex 11.3694 10.2911 0
    endloop
  endfacet
  facet normal 0 0 -1
    outer loop
      vertex 11.279 9.43057 0
      vertex 11.3315 10.4326 0
      vertex 11.3315 9.56738 0
    endloop
  endfacet
  facet normal 0 0 -1
    outer loop
      vertex 11.279 9.43057 0
      vertex 11.279 10.5694 0
      vertex 11.3315 10.4326 0
    endloop
  endfacet
  facet normal 0 0 -1
    outer loop
      vertex 11.2124 9.3 0
      vertex 11.279 10.5694 0
      vertex 11.279 9.43057 0
    endloop
  endfacet
  facet normal 0 0 -1
    outer loop
      vertex 11.2124 9.3 0
      vertex 11.2124 10.7 0
      vertex 11.279 10.5694 0
    endloop
  endfacet
  facet normal 0 0 -1
    outer loop
      vertex 11.1326 9.1771 0
      vertex 11.2124 10.7 0
      vertex 11.2124 9.3 0
    endloop
  endfacet
  facet normal 0 0 -1
    outer loop
      vertex 11.1326 9.1771 0
      vertex 11.1326 10.8229 0
      vertex 11.2124 10.7 0
    endloop
  endfacet
  facet normal 0 0 -1
    outer loop
      vertex 11.0404 9.06322 0
      vertex 11.1326 10.8229 0
      vertex 11.1326 9.1771 0
    endloop
  endfacet
  facet normal 0 0 -1
    outer loop
      vertex 11.0404 9.06322 0
      vertex 11.0404 10.9368 0
      vertex 11.1326 10.8229 0
    endloop
  endfacet
  facet normal 0 0 -1
    outer loop
      vertex 10.9368 8.9596 0
      vertex 11.0404 10.9368 0
      vertex 11.0404 9.06322 0
    endloop
  endfacet
  facet normal 0 0 -1
    outer loop
      vertex 10.9368 8.9596 0
      vertex 10.9368 11.0404 0
      vertex 11.0404 10.9368 0
    endloop
  endfacet
  facet normal 0 0 -1
    outer loop
      vertex 10.8229 8.86738 0
      vertex 10.9368 11.0404 0
      vertex 10.9368 8.9596 0
    endloop
  endfacet
  facet normal 0 0 -1
    outer loop
      vertex 10.8229 8.86738 0
      vertex 10.8229 11.1326 0
      vertex 10.9368 11.0404 0
    endloop
  endfacet
  facet normal 0 0 -1
    outer loop
      vertex 10.7 8.78756 0
      vertex 10.8229 11.1326 0
      vertex 10.8229 8.86738 0
    endloop
  endfacet
  facet normal 0 0 -1
    outer loop
      vertex 10.7 8.78756 0
      vertex 10.7 11.2124 0
      vertex 10.8229 11.1326 0
    endloop
  endfacet
  facet normal 0 0 -1
    outer loop
      vertex 10.5694 8.72104 0
      vertex 10.7 11.2124 0
      vertex 10.7 8.78756 0
    endloop
  endfacet
  facet normal 0 0 -1
    outer loop
      vertex 10.5694 8.72104 0
      vertex 10.5694 11.279 0
      vertex 10.7 11.2124 0
    endloop
  endfacet
  facet normal 0 0 -1
    outer loop
      vertex 10.4326 8.66852 0
      vertex 10.5694 11.279 0
      vertex 10.5694 8.72104 0
    endloop
  endfacet
  facet normal 0 0 -1
    outer loop
      vertex 10.4326 8.66852 0
      vertex 10.4326 11.3315 0
      vertex 10.5694 11.279 0
    endloop
  endfacet
  facet normal 0 0 -1
    outer loop
      vertex 10.2911 8.63059 0
      vertex 10.4326 11.3315 0
      vertex 10.4326 8.66852 0
    endloop
  endfacet
  facet normal 0 0 -1
    outer loop
      vertex 10.2911 8.63059 0
      vertex 10.2911 11.3694 0
      vertex 10.4326 11.3315 0
    endloop
  endfacet
  facet normal 0 0 -1
    outer loop
      vertex 10.1463 8.60767 0
      vertex 10.2911 11.3694 0
      vertex 10.2911 8.63059 0
    endloop
  endfacet
  facet normal 0 0 -1
    outer loop
      vertex 10.1463 8.60767 0
      vertex 10.1463 11.3923 0
      vertex 10.2911 11.3694 0
    endloop
  endfacet
  facet normal 0 0 -1
    outer loop
      vertex 10 8.6 0
      vertex 10.1463 11.3923 0
      vertex 10.1463 8.60767 0
    endloop
  endfacet
  facet normal 0 0 -1
    outer loop
      vertex 10 8.6 0
      vertex 10 11.4 0
      vertex 10.1463 11.3923 0
    endloop
  endfacet
  facet normal 0 0 -1
    outer loop
      vertex 9.85366 8.60767 0
      vertex 10 11.4 0
      vertex 10 8.6 0
    endloop
  endfacet
  facet normal 0 0 -1
    outer loop
      vertex 9.85366 8.60767 0
      vertex 9.85366 11.3923 0
      vertex 10 11.4 0
    endloop
  endfacet
  facet normal 0 0 -1
    outer loop
      vertex 9.70892 8.63059 0
      vertex 9.85366 11.3923 0
      vertex 9.85366 8.60767 0
    endloop
  endfacet
  facet normal 0 0 -1
    outer loop
      vertex 9.70892 8.63059 0
      vertex 9.70892 11.3694 0
      vertex 9.85366 11.3923 0
    endloop
  endfacet
  facet normal 0 0 -1
    outer loop
      vertex 9.56738 8.66852 0
      vertex 9.70892 11.3694 0
      vertex 9.70892 8.63059 0
    endloop
  endfacet
  facet normal 0 0 -1
    outer loop
      vertex 9.56738 8.66852 0
      vertex 9.56738 11.3315 0
      vertex 9.70892 11.3694 0
    endloop
  endfacet
  facet normal 0 0 -1
    outer loop
      vertex 9.43057 8.72104 0
      vertex 9.56738 11.3315 0
      vertex 9.56738 8.66852 0
    endloop
  endfacet
  facet normal 0 0 -1
    outer loop
      vertex 9.43057 8.72104 0
      vertex 9.43057 11.279 0
      vertex 9.56738 11.3315 0
    endloop
  endfacet
  facet normal 0 0 -1
    outer loop
      vertex 9.3 8.78756 0
      vertex 9.43057 11.279 0
      vertex 9.43057 8.72104 0
    endloop
  endfacet
  facet normal 0 0 -1
    outer loop
      vertex 9.3 8.78756 0
      vertex 9.3 11.2124 0
      vertex 9.43057 11.279 0
    endloop
  endfacet
  facet normal 0 0 -1
    outer loop
      vertex 9.1771 8.86738 0
      vertex 9.3 11.2124 0
      vertex 9.3 8.78756 0
    endloop
  endfacet
  facet normal 0 0 -1
    outer loop
      vertex 9.1771 8.86738 0
      vertex 9.1771 11.1326 0
      vertex 9.3 11.2124 0
    endloop
  endfacet
  facet normal 0 0 -1
    outer loop
      vertex 9.06322 8.9596 0
      vertex 9.1771 11.1326 0
      vertex 9.1771 8.86738 0
    endloop
  endfacet
  facet normal 0 0 -1
    outer loop
      vertex 9.06322 8.9596 0
      vertex 9.06322 11.0404 0
      vertex 9.1771 11.1326 0
    endloop
  endfacet
  facet normal 0 0 -1
    outer loop
      vertex 8.9596 9.06322 0
      vertex 9.06322 11.0404 0
      vertex 9.06322 8.9596 0
    endloop
  endfacet
  facet normal 0 0 -1
    outer loop
      vertex 8.9596 9.06322 0
      vertex 8.9596 10.9368 0
      vertex 9.06322 11.0404 0
    endloop
  endfacet
  facet normal 0 0 -1
    outer loop
      vertex 8.86738 9.1771 0
      vertex 8.9596 10.9368 0
      vertex 8.9596 9.06322 0
    endloop
  endfacet
  facet normal 0 0 -1
    outer loop
      vertex 8.86738 9.1771 0
      vertex 8.86738 10.8229 0
      vertex 8.9596 10.9368 0
    endloop
  endfacet
  facet normal 0 0 -1
    outer loop
      vertex 8.78756 9.3 0
      vertex 8.86738 10.8229 0
      vertex 8.86738 9.1771 0
    endloop
  endfacet
  facet normal 0 0 -1
    outer loop
      vertex 8.78756 9.3 0
      vertex 8.78756 10.7 0
      vertex 8.86738 10.8229 0
    endloop
  endfacet
  facet normal 0 0 -1
    outer loop
      vertex 8.72104 9.43057 0
      vertex 8.78756 10.7 0
      vertex 8.78756 9.3 0
    endloop
  endfacet
  facet normal 0 0 -1
    outer loop
      vertex 8.72104 9.43057 0
      vertex 8.72104 10.5694 0
      vertex 8.78756 10.7 0
    endloop
  endfacet
  facet normal 0 0 -1
    outer loop
      vertex 8.66852 9.56738 0
      vertex 8.72104 10.5694 0
      vertex 8.72104 9.43057 0
    endloop
  endfacet
  facet normal 0 0 -1
    outer loop
      vertex 8.66852 9.56738 0
      vertex 8.66852 10.4326 0
      vertex 8.72104 10.5694 0
    endloop
  endfacet
  facet normal 0 0 -1
    outer loop
      vertex 8.63059 9.70892 0
      vertex 8.66852 10.4326 0
      vertex 8.66852 9.56738 0
    endloop
  endfacet
  facet normal 0 0 -1
    outer loop
      vertex 8.63059 9.70892 0
      vertex 8.63059 10.2911 0
      vertex 8.66852 10.4326 0
    endloop
  endfacet
  facet normal 0 0 -1
    outer loop
      vertex 8.60767 9.85366 0
      vertex 8.63059 10.2911 0
      vertex 8.63059 9.70892 0
    endloop
  endfacet
  facet normal 0 0 -1
    outer loop
      vertex 8.60767 9.85366 0
      vertex 8.60767 10.1463 0
      vertex 8.63059 10.2911 0
    endloop
  endfacet
  facet normal 0 -0 -1
    outer loop
      vertex 8.60767 10.1463 0
      vertex 8.60767 9.85366 0
      vertex 8.6 10 0
    endloop
  endfacet
  facet normal -0.998629 0.0523546 0
    outer loop
      vertex 8.6 10 0
      vertex 8.60767 10.1463 5
      vertex 8.60767 10.1463 0
    endloop
  endfacet
  facet normal -0.998629 0.0523546 0
    outer loop
      vertex 8.60767 10.1463 5
      vertex 8.6 10 0
      vertex 8.6 10 5
    endloop
  endfacet
  facet normal -0.777194 0.629261 0
    outer loop
      vertex 8.86738 10.8229 0
      vertex 8.9596 10.9368 5
      vertex 8.9596 10.9368 0
    endloop
  endfacet
  facet normal -0.777194 0.629261 0
    outer loop
      vertex 8.9596 10.9368 5
      vertex 8.86738 10.8229 0
      vertex 8.86738 10.8229 5
    endloop
  endfacet
  facet normal -0.544581 0.838709 0
    outer loop
      vertex 9.3 11.2124 0
      vertex 9.1771 11.1326 5
      vertex 9.3 11.2124 5
    endloop
  endfacet
  facet normal -0.544581 0.838709 0
    outer loop
      vertex 9.1771 11.1326 5
      vertex 9.3 11.2124 0
      vertex 9.1771 11.1326 0
    endloop
  endfacet
  facet normal -0.258656 0.965969 0
    outer loop
      vertex 9.70892 11.3694 0
      vertex 9.56738 11.3315 5
      vertex 9.70892 11.3694 5
    endloop
  endfacet
  facet normal -0.258656 0.965969 0
    outer loop
      vertex 9.56738 11.3315 5
      vertex 9.70892 11.3694 0
      vertex 9.56738 11.3315 0
    endloop
  endfacet
  facet normal 0.544677 -0.838646 0
    outer loop
      vertex 10.7 8.78756 0
      vertex 10.8229 8.86738 5
      vertex 10.7 8.78756 5
    endloop
  endfacet
  facet normal 0.544677 -0.838646 0
    outer loop
      vertex 10.8229 8.86738 5
      vertex 10.7 8.78756 0
      vertex 10.8229 8.86738 0
    endloop
  endfacet
  facet normal -0.629328 -0.77714 0
    outer loop
      vertex 9.06322 8.9596 0
      vertex 9.1771 8.86738 5
      vertex 9.06322 8.9596 5
    endloop
  endfacet
  facet normal -0.629328 -0.77714 -0
    outer loop
      vertex 9.1771 8.86738 5
      vertex 9.06322 8.9596 0
      vertex 9.1771 8.86738 0
    endloop
  endfacet
  facet normal -0.838646 -0.544677 0
    outer loop
      vertex 8.86738 9.1771 0
      vertex 8.78756 9.3 5
      vertex 8.78756 9.3 0
    endloop
  endfacet
  facet normal -0.838646 -0.544677 0
    outer loop
      vertex 8.78756 9.3 5
      vertex 8.86738 9.1771 0
      vertex 8.86738 9.1771 5
    endloop
  endfacet
  facet normal 0.987724 0.156208 0
    outer loop
      vertex 11.3923 10.1463 5
      vertex 11.3694 10.2911 0
      vertex 11.3694 10.2911 5
    endloop
  endfacet
  facet normal 0.987724 0.156208 0
    outer loop
      vertex 11.3694 10.2911 0
      vertex 11.3923 10.1463 5
      vertex 11.3923 10.1463 0
    endloop
  endfacet
  facet normal 0.707107 0.707107 0
    outer loop
      vertex 11.0404 10.9368 5
      vertex 10.9368 11.0404 0
      vertex 10.9368 11.0404 5
    endloop
  endfacet
  facet normal 0.707107 0.707107 0
    outer loop
      vertex 10.9368 11.0404 0
      vertex 11.0404 10.9368 5
      vertex 11.0404 10.9368 0
    endloop
  endfacet
  facet normal 0.777261 0.629179 0
    outer loop
      vertex 11.1326 10.8229 5
      vertex 11.0404 10.9368 0
      vertex 11.0404 10.9368 5
    endloop
  endfacet
  facet normal 0.777261 0.629179 0
    outer loop
      vertex 11.0404 10.9368 0
      vertex 11.1326 10.8229 5
      vertex 11.1326 10.8229 0
    endloop
  endfacet
  facet normal -0.0525445 0.998619 0
    outer loop
      vertex 10 11.4 0
      vertex 9.85366 11.3923 5
      vertex 10 11.4 5
    endloop
  endfacet
  facet normal -0.0525445 0.998619 0
    outer loop
      vertex 9.85366 11.3923 5
      vertex 10 11.4 0
      vertex 9.85366 11.3923 0
    endloop
  endfacet
  facet normal 0.258725 0.965951 -0
    outer loop
      vertex 10.4326 11.3315 0
      vertex 10.2911 11.3694 5
      vertex 10.4326 11.3315 5
    endloop
  endfacet
  facet normal 0.258725 0.965951 0
    outer loop
      vertex 10.2911 11.3694 5
      vertex 10.4326 11.3315 0
      vertex 10.2911 11.3694 0
    endloop
  endfacet
  facet normal 0.156208 0.987724 -0
    outer loop
      vertex 10.2911 11.3694 0
      vertex 10.1463 11.3923 5
      vertex 10.2911 11.3694 5
    endloop
  endfacet
  facet normal 0.156208 0.987724 0
    outer loop
      vertex 10.1463 11.3923 5
      vertex 10.2911 11.3694 0
      vertex 10.1463 11.3923 0
    endloop
  endfacet
  facet normal 0.454294 0.890852 -0
    outer loop
      vertex 10.7 11.2124 0
      vertex 10.5694 11.279 5
      vertex 10.7 11.2124 5
    endloop
  endfacet
  facet normal 0.454294 0.890852 0
    outer loop
      vertex 10.5694 11.279 5
      vertex 10.7 11.2124 0
      vertex 10.5694 11.279 0
    endloop
  endfacet
  facet normal 0.629179 0.777261 -0
    outer loop
      vertex 10.9368 11.0404 0
      vertex 10.8229 11.1326 5
      vertex 10.9368 11.0404 5
    endloop
  endfacet
  facet normal 0.629179 0.777261 0
    outer loop
      vertex 10.8229 11.1326 5
      vertex 10.9368 11.0404 0
      vertex 10.8229 11.1326 0
    endloop
  endfacet
  facet normal 0 0 1
    outer loop
      vertex 11.3923 10.1463 5
      vertex 11.3923 9.85366 5
      vertex 11.4 10 5
    endloop
  endfacet
  facet normal 0 0 1
    outer loop
      vertex 11.3694 10.2911 5
      vertex 11.3923 9.85366 5
      vertex 11.3923 10.1463 5
    endloop
  endfacet
  facet normal 0 0 1
    outer loop
      vertex 11.3694 10.2911 5
      vertex 11.3694 9.70892 5
      vertex 11.3923 9.85366 5
    endloop
  endfacet
  facet normal 0 0 1
    outer loop
      vertex 11.3315 10.4326 5
      vertex 11.3694 9.70892 5
      vertex 11.3694 10.2911 5
    endloop
  endfacet
  facet normal 0 0 1
    outer loop
      vertex 11.3315 10.4326 5
      vertex 11.3315 9.56738 5
      vertex 11.3694 9.70892 5
    endloop
  endfacet
  facet normal 0 0 1
    outer loop
      vertex 11.279 10.5694 5
      vertex 11.3315 9.56738 5
      vertex 11.3315 10.4326 5
    endloop
  endfacet
  facet normal 0 0 1
    outer loop
      vertex 11.279 10.5694 5
      vertex 11.279 9.43057 5
      vertex 11.3315 9.56738 5
    endloop
  endfacet
  facet normal 0 0 1
    outer loop
      vertex 11.2124 10.7 5
      vertex 11.279 9.43057 5
      vertex 11.279 10.5694 5
    endloop
  endfacet
  facet normal 0 0 1
    outer loop
      vertex 11.2124 10.7 5
      vertex 11.2124 9.3 5
      vertex 11.279 9.43057 5
    endloop
  endfacet
  facet normal 0 0 1
    outer loop
      vertex 11.1326 10.8229 5
      vertex 11.2124 9.3 5
      vertex 11.2124 10.7 5
    endloop
  endfacet
  facet normal 0 0 1
    outer loop
      vertex 11.1326 10.8229 5
      vertex 11.1326 9.1771 5
      vertex 11.2124 9.3 5
    endloop
  endfacet
  facet normal 0 0 1
    outer loop
      vertex 11.0404 10.9368 5
      vertex 11.1326 9.1771 5
      vertex 11.1326 10.8229 5
    endloop
  endfacet
  facet normal 0 0 1
    outer loop
      vertex 11.0404 10.9368 5
      vertex 11.0404 9.06322 5
      vertex 11.1326 9.1771 5
    endloop
  endfacet
  facet normal 0 0 1
    outer loop
      vertex 10.9368 11.0404 5
      vertex 11.0404 9.06322 5
      vertex 11.0404 10.9368 5
    endloop
  endfacet
  facet normal 0 0 1
    outer loop
      vertex 10.9368 11.0404 5
      vertex 10.9368 8.9596 5
      vertex 11.0404 9.06322 5
    endloop
  endfacet
  facet normal 0 0 1
    outer loop
      vertex 10.8229 11.1326 5
      vertex 10.9368 8.9596 5
      vertex 10.9368 11.0404 5
    endloop
  endfacet
  facet normal 0 0 1
    outer loop
      vertex 10.8229 11.1326 5
      vertex 10.8229 8.86738 5
      vertex 10.9368 8.9596 5
    endloop
  endfacet
  facet normal 0 0 1
    outer loop
      vertex 10.7 11.2124 5
      vertex 10.8229 8.86738 5
      vertex 10.8229 11.1326 5
    endloop
  endfacet
  facet normal 0 0 1
    outer loop
      vertex 10.7 11.2124 5
      vertex 10.7 8.78756 5
      vertex 10.8229 8.86738 5
    endloop
  endfacet
  facet normal 0 0 1
    outer loop
      vertex 10.5694 11.279 5
      vertex 10.7 8.78756 5
      vertex 10.7 11.2124 5
    endloop
  endfacet
  facet normal 0 0 1
    outer loop
      vertex 10.5694 11.279 5
      vertex 10.5694 8.72104 5
      vertex 10.7 8.78756 5
    endloop
  endfacet
  facet normal 0 0 1
    outer loop
      vertex 10.4326 11.3315 5
      vertex 10.5694 8.72104 5
      vertex 10.5694 11.279 5
    endloop
  endfacet
  facet normal 0 0 1
    outer loop
      vertex 10.4326 11.3315 5
      vertex 10.4326 8.66852 5
      vertex 10.5694 8.72104 5
    endloop
  endfacet
  facet normal 0 0 1
    outer loop
      vertex 10.2911 11.3694 5
      vertex 10.4326 8.66852 5
      vertex 10.4326 11.3315 5
    endloop
  endfacet
  facet normal 0 0 1
    outer loop
      vertex 10.2911 11.3694 5
      vertex 10.2911 8.63059 5
      vertex 10.4326 8.66852 5
    endloop
  endfacet
  facet normal 0 0 1
    outer loop
      vertex 10.1463 11.3923 5
      vertex 10.2911 8.63059 5
      vertex 10.2911 11.3694 5
    endloop
  endfacet
  facet normal 0 0 1
    outer loop
      vertex 10.1463 11.3923 5
      vertex 10.1463 8.60767 5
      vertex 10.2911 8.63059 5
    endloop
  endfacet
  facet normal 0 0 1
    outer loop
      vertex 10 11.4 5
      vertex 10.1463 8.60767 5
      vertex 10.1463 11.3923 5
    endloop
  endfacet
  facet normal 0 0 1
    outer loop
      vertex 10 11.4 5
      vertex 10 8.6 5
      vertex 10.1463 8.60767 5
    endloop
  endfacet
  facet normal -0 0 1
    outer loop
      vertex 9.85366 11.3923 5
      vertex 10 8.6 5
      vertex 10 11.4 5
    endloop
  endfacet
  facet normal 0 0 1
    outer loop
      vertex 9.85366 11.3923 5
      vertex 9.85366 8.60767 5
      vertex 10 8.6 5
    endloop
  endfacet
  facet normal -0 0 1
    outer loop
      vertex 9.70892 11.3694 5
      vertex 9.85366 8.60767 5
      vertex 9.85366 11.3923 5
    endloop
  endfacet
  facet normal 0 0 1
    outer loop
      vertex 9.70892 11.3694 5
      vertex 9.70892 8.63059 5
      vertex 9.85366 8.60767 5
    endloop
  endfacet
  facet normal -0 0 1
    outer loop
      vertex 9.56738 11.3315 5
      vertex 9.70892 8.63059 5
      vertex 9.70892 11.3694 5
    endloop
  endfacet
  facet normal 0 0 1
    outer loop
      vertex 9.56738 11.3315 5
      vertex 9.56738 8.66852 5
      vertex 9.70892 8.63059 5
    endloop
  endfacet
  facet normal -0 0 1
    outer loop
      vertex 9.43057 11.279 5
      vertex 9.56738 8.66852 5
      vertex 9.56738 11.3315 5
    endloop
  endfacet
  facet normal 0 0 1
    outer loop
      vertex 9.43057 11.279 5
      vertex 9.43057 8.72104 5
      vertex 9.56738 8.66852 5
    endloop
  endfacet
  facet normal -0 0 1
    outer loop
      vertex 9.3 11.2124 5
      vertex 9.43057 8.72104 5
      vertex 9.43057 11.279 5
    endloop
  endfacet
  facet normal 0 0 1
    outer loop
      vertex 9.3 11.2124 5
      vertex 9.3 8.78756 5
      vertex 9.43057 8.72104 5
    endloop
  endfacet
  facet normal -0 0 1
    outer loop
      vertex 9.1771 11.1326 5
      vertex 9.3 8.78756 5
      vertex 9.3 11.2124 5
    endloop
  endfacet
  facet normal 0 0 1
    outer loop
      vertex 9.1771 11.1326 5
      vertex 9.1771 8.86738 5
      vertex 9.3 8.78756 5
    endloop
  endfacet
  facet normal -0 0 1
    outer loop
      vertex 9.06322 11.0404 5
      vertex 9.1771 8.86738 5
      vertex 9.1771 11.1326 5
    endloop
  endfacet
  facet normal 0 0 1
    outer loop
      vertex 9.06322 11.0404 5
      vertex 9.06322 8.9596 5
      vertex 9.1771 8.86738 5
    endloop
  endfacet
  facet normal -0 0 1
    outer loop
      vertex 8.9596 10.9368 5
      vertex 9.06322 8.9596 5
      vertex 9.06322 11.0404 5
    endloop
  endfacet
  facet normal 0 0 1
    outer loop
      vertex 8.9596 10.9368 5
      vertex 8.9596 9.06322 5
      vertex 9.06322 8.9596 5
    endloop
  endfacet
  facet normal -0 0 1
    outer loop
      vertex 8.86738 10.8229 5
      vertex 8.9596 9.06322 5
      vertex 8.9596 10.9368 5
    endloop
  endfacet
  facet normal 0 0 1
    outer loop
      vertex 8.86738 10.8229 5
      vertex 8.86738 9.1771 5
      vertex 8.9596 9.06322 5
    endloop
  endfacet
  facet normal -0 0 1
    outer loop
      vertex 8.78756 10.7 5
      vertex 8.86738 9.1771 5
      vertex 8.86738 10.8229 5
    endloop
  endfacet
  facet normal 0 0 1
    outer loop
      vertex 8.78756 10.7 5
      vertex 8.78756 9.3 5
      vertex 8.86738 9.1771 5
    endloop
  endfacet
  facet normal -0 0 1
    outer loop
      vertex 8.72104 10.5694 5
      vertex 8.78756 9.3 5
      vertex 8.78756 10.7 5
    endloop
  endfacet
  facet normal 0 0 1
    outer loop
      vertex 8.72104 10.5694 5
      vertex 8.72104 9.43057 5
      vertex 8.78756 9.3 5
    endloop
  endfacet
  facet normal -0 0 1
    outer loop
      vertex 8.66852 10.4326 5
      vertex 8.72104 9.43057 5
      vertex 8.72104 10.5694 5
    endloop
  endfacet
  facet normal 0 0 1
    outer loop
      vertex 8.66852 10.4326 5
      vertex 8.66852 9.56738 5
      vertex 8.72104 9.43057 5
    endloop
  endfacet
  facet normal -0 0 1
    outer loop
      vertex 8.63059 10.2911 5
      vertex 8.66852 9.56738 5
      vertex 8.66852 10.4326 5
    endloop
  endfacet
  facet normal 0 0 1
    outer loop
      vertex 8.63059 10.2911 5
      vertex 8.63059 9.70892 5
      vertex 8.66852 9.56738 5
    endloop
  endfacet
  facet normal -0 0 1
    outer loop
      vertex 8.60767 10.1463 5
      vertex 8.63059 9.70892 5
      vertex 8.63059 10.2911 5
    endloop
  endfacet
  facet normal 0 0 1
    outer loop
      vertex 8.60767 10.1463 5
      vertex 8.60767 9.85366 5
      vertex 8.63059 9.70892 5
    endloop
  endfacet
  facet normal 0 -0 1
    outer loop
      vertex 8.60767 9.85366 5
      vertex 8.60767 10.1463 5
      vertex 8.6 10 5
    endloop
  endfacet
  facet normal -0.9659 0.258916 0
    outer loop
      vertex 8.63059 10.2911 0
      vertex 8.66852 10.4326 5
      vertex 8.66852 10.4326 0
    endloop
  endfacet
  facet normal -0.9659 0.258916 0
    outer loop
      vertex 8.66852 10.4326 5
      vertex 8.63059 10.2911 0
      vertex 8.63059 10.2911 5
    endloop
  endfacet
  facet normal -0.987703 0.156341 0
    outer loop
      vertex 8.60767 10.1463 0
      vertex 8.63059 10.2911 5
      vertex 8.63059 10.2911 0
    endloop
  endfacet
  facet normal -0.987703 0.156341 0
    outer loop
      vertex 8.63059 10.2911 5
      vertex 8.60767 10.1463 0
      vertex 8.60767 10.1463 5
    endloop
  endfacet
  facet normal -0.891073 0.45386 0
    outer loop
      vertex 8.72104 10.5694 0
      vertex 8.78756 10.7 5
      vertex 8.78756 10.7 0
    endloop
  endfacet
  facet normal -0.891073 0.45386 0
    outer loop
      vertex 8.78756 10.7 5
      vertex 8.72104 10.5694 0
      vertex 8.72104 10.5694 5
    endloop
  endfacet
  facet normal -0.838646 0.544677 0
    outer loop
      vertex 8.78756 10.7 0
      vertex 8.86738 10.8229 5
      vertex 8.86738 10.8229 0
    endloop
  endfacet
  facet normal -0.838646 0.544677 0
    outer loop
      vertex 8.86738 10.8229 5
      vertex 8.78756 10.7 0
      vertex 8.78756 10.7 5
    endloop
  endfacet
  facet normal -0.35827 0.933618 0
    outer loop
      vertex 9.56738 11.3315 0
      vertex 9.43057 11.279 5
      vertex 9.56738 11.3315 5
    endloop
  endfacet
  facet normal -0.35827 0.933618 0
    outer loop
      vertex 9.43057 11.279 5
      vertex 9.56738 11.3315 0
      vertex 9.43057 11.279 0
    endloop
  endfacet
  facet normal -0.156271 0.987714 0
    outer loop
      vertex 9.85366 11.3923 0
      vertex 9.70892 11.3694 5
      vertex 9.85366 11.3923 5
    endloop
  endfacet
  facet normal -0.156271 0.987714 0
    outer loop
      vertex 9.70892 11.3694 5
      vertex 9.85366 11.3923 0
      vertex 9.70892 11.3694 0
    endloop
  endfacet
  facet normal -0.629245 0.777207 0
    outer loop
      vertex 9.1771 11.1326 0
      vertex 9.06322 11.0404 5
      vertex 9.1771 11.1326 5
    endloop
  endfacet
  facet normal -0.629245 0.777207 0
    outer loop
      vertex 9.06322 11.0404 5
      vertex 9.1771 11.1326 0
      vertex 9.06322 11.0404 0
    endloop
  endfacet
  facet normal -0.707039 0.707175 0
    outer loop
      vertex 8.9596 10.9368 0
      vertex 9.06322 11.0404 5
      vertex 9.06322 11.0404 0
    endloop
  endfacet
  facet normal -0.707039 0.707175 0
    outer loop
      vertex 9.06322 11.0404 5
      vertex 8.9596 10.9368 0
      vertex 8.9596 10.9368 5
    endloop
  endfacet
  facet normal 0.998618 0.0525588 0
    outer loop
      vertex 11.4 10 5
      vertex 11.3923 10.1463 0
      vertex 11.3923 10.1463 5
    endloop
  endfacet
  facet normal 0.998618 0.0525588 0
    outer loop
      vertex 11.3923 10.1463 0
      vertex 11.4 10 5
      vertex 11.4 10 0
    endloop
  endfacet
  facet normal 0.965969 -0.258656 0
    outer loop
      vertex 11.3315 9.56738 5
      vertex 11.3694 9.70892 0
      vertex 11.3694 9.70892 5
    endloop
  endfacet
  facet normal 0.965969 -0.258656 0
    outer loop
      vertex 11.3694 9.70892 0
      vertex 11.3315 9.56738 5
      vertex 11.3315 9.56738 0
    endloop
  endfacet
  facet normal 0.777207 -0.629245 0
    outer loop
      vertex 11.0404 9.06322 5
      vertex 11.1326 9.1771 0
      vertex 11.1326 9.1771 5
    endloop
  endfacet
  facet normal 0.777207 -0.629245 0
    outer loop
      vertex 11.1326 9.1771 0
      vertex 11.0404 9.06322 5
      vertex 11.0404 9.06322 0
    endloop
  endfacet
  facet normal 0.0523546 -0.998629 0
    outer loop
      vertex 10 8.6 0
      vertex 10.1463 8.60767 5
      vertex 10 8.6 5
    endloop
  endfacet
  facet normal 0.0523546 -0.998629 0
    outer loop
      vertex 10.1463 8.60767 5
      vertex 10 8.6 0
      vertex 10.1463 8.60767 0
    endloop
  endfacet
  facet normal -0.933572 -0.358389 0
    outer loop
      vertex 8.72104 9.43057 0
      vertex 8.66852 9.56738 5
      vertex 8.66852 9.56738 0
    endloop
  endfacet
  facet normal -0.933572 -0.358389 0
    outer loop
      vertex 8.66852 9.56738 5
      vertex 8.72104 9.43057 0
      vertex 8.72104 9.43057 5
    endloop
  endfacet
  facet normal -0.77714 -0.629328 0
    outer loop
      vertex 8.9596 9.06322 0
      vertex 8.86738 9.1771 5
      vertex 8.86738 9.1771 0
    endloop
  endfacet
  facet normal -0.77714 -0.629328 0
    outer loop
      vertex 8.86738 9.1771 5
      vertex 8.9596 9.06322 0
      vertex 8.9596 9.06322 5
    endloop
  endfacet
  facet normal 0.890852 0.454294 0
    outer loop
      vertex 11.279 10.5694 5
      vertex 11.2124 10.7 0
      vertex 11.2124 10.7 5
    endloop
  endfacet
  facet normal 0.890852 0.454294 0
    outer loop
      vertex 11.2124 10.7 0
      vertex 11.279 10.5694 5
      vertex 11.279 10.5694 0
    endloop
  endfacet
  facet normal 0.933609 0.358293 0
    outer loop
      vertex 11.3315 10.4326 5
      vertex 11.279 10.5694 0
      vertex 11.279 10.5694 5
    endloop
  endfacet
  facet normal 0.933609 0.358293 0
    outer loop
      vertex 11.279 10.5694 0
      vertex 11.3315 10.4326 5
      vertex 11.3315 10.4326 0
    endloop
  endfacet
  facet normal 0.965951 0.258725 0
    outer loop
      vertex 11.3694 10.2911 5
      vertex 11.3315 10.4326 0
      vertex 11.3315 10.4326 5
    endloop
  endfacet
  facet normal 0.965951 0.258725 0
    outer loop
      vertex 11.3315 10.4326 0
      vertex 11.3694 10.2911 5
      vertex 11.3694 10.2911 0
    endloop
  endfacet
  facet normal 0.0525588 0.998618 -0
    outer loop
      vertex 10.1463 11.3923 0
      vertex 10 11.4 5
      vertex 10.1463 11.3923 5
    endloop
  endfacet
  facet normal 0.0525588 0.998618 0
    outer loop
      vertex 10 11.4 5
      vertex 10.1463 11.3923 0
      vertex 10 11.4 0
    endloop
  endfacet
  facet normal -0.998629 -0.0523403 0
    outer loop
      vertex 8.60767 9.85366 0
      vertex 8.6 10 5
      vertex 8.6 10 0
    endloop
  endfacet
  facet normal -0.998629 -0.0523403 0
    outer loop
      vertex 8.6 10 5
      vertex 8.60767 9.85366 0
      vertex 8.60767 9.85366 5
    endloop
  endfacet
  facet normal 0.987714 -0.156271 0
    outer loop
      vertex 11.3694 9.70892 5
      vertex 11.3923 9.85366 0
      vertex 11.3923 9.85366 5
    endloop
  endfacet
  facet normal 0.987714 -0.156271 0
    outer loop
      vertex 11.3923 9.85366 0
      vertex 11.3694 9.70892 5
      vertex 11.3694 9.70892 0
    endloop
  endfacet
  facet normal 0.707175 -0.707039 0
    outer loop
      vertex 10.9368 8.9596 5
      vertex 11.0404 9.06322 0
      vertex 11.0404 9.06322 5
    endloop
  endfacet
  facet normal 0.707175 -0.707039 0
    outer loop
      vertex 11.0404 9.06322 0
      vertex 10.9368 8.9596 5
      vertex 10.9368 8.9596 0
    endloop
  endfacet
  facet normal 0.89081 -0.454376 0
    outer loop
      vertex 11.2124 9.3 5
      vertex 11.279 9.43057 0
      vertex 11.279 9.43057 5
    endloop
  endfacet
  facet normal 0.89081 -0.454376 0
    outer loop
      vertex 11.279 9.43057 0
      vertex 11.2124 9.3 5
      vertex 11.2124 9.3 0
    endloop
  endfacet
  facet normal -0.358389 -0.933572 0
    outer loop
      vertex 9.43057 8.72104 0
      vertex 9.56738 8.66852 5
      vertex 9.43057 8.72104 5
    endloop
  endfacet
  facet normal -0.358389 -0.933572 -0
    outer loop
      vertex 9.56738 8.66852 5
      vertex 9.43057 8.72104 0
      vertex 9.56738 8.66852 0
    endloop
  endfacet
  facet normal -0.258848 -0.965918 0
    outer loop
      vertex 9.56738 8.66852 0
      vertex 9.70892 8.63059 5
      vertex 9.56738 8.66852 5
    endloop
  endfacet
  facet normal -0.258848 -0.965918 -0
    outer loop
      vertex 9.70892 8.63059 5
      vertex 9.56738 8.66852 0
      vertex 9.70892 8.63059 0
    endloop
  endfacet
  facet normal -0.891031 -0.453943 0
    outer loop
      vertex 8.78756 9.3 0
      vertex 8.72104 9.43057 5
      vertex 8.72104 9.43057 0
    endloop
  endfacet
  facet normal -0.891031 -0.453943 0
    outer loop
      vertex 8.72104 9.43057 5
      vertex 8.78756 9.3 0
      vertex 8.78756 9.3 5
    endloop
  endfacet
  facet normal -0.707107 -0.707107 0
    outer loop
      vertex 9.06322 8.9596 0
      vertex 8.9596 9.06322 5
      vertex 8.9596 9.06322 0
    endloop
  endfacet
  facet normal -0.707107 -0.707107 0
    outer loop
      vertex 8.9596 9.06322 5
      vertex 9.06322 8.9596 0
      vertex 9.06322 8.9596 5
    endloop
  endfacet
  facet normal 0.156341 -0.987703 0
    outer loop
      vertex 10.1463 8.60767 0
      vertex 10.2911 8.63059 5
      vertex 10.1463 8.60767 5
    endloop
  endfacet
  facet normal 0.156341 -0.987703 0
    outer loop
      vertex 10.2911 8.63059 5
      vertex 10.1463 8.60767 0
      vertex 10.2911 8.63059 0
    endloop
  endfacet
  facet normal 0.45386 -0.891073 0
    outer loop
      vertex 10.5694 8.72104 0
      vertex 10.7 8.78756 5
      vertex 10.5694 8.72104 5
    endloop
  endfacet
  facet normal 0.45386 -0.891073 0
    outer loop
      vertex 10.7 8.78756 5
      vertex 10.5694 8.72104 0
      vertex 10.7 8.78756 0
    endloop
  endfacet
  facet normal 0.358412 -0.933564 0
    outer loop
      vertex 10.4326 8.66852 0
      vertex 10.5694 8.72104 5
      vertex 10.4326 8.66852 5
    endloop
  endfacet
  facet normal 0.358412 -0.933564 0
    outer loop
      vertex 10.5694 8.72104 5
      vertex 10.4326 8.66852 0
      vertex 10.5694 8.72104 0
    endloop
  endfacet
  facet normal 0.629261 -0.777194 0
    outer loop
      vertex 10.8229 8.86738 0
      vertex 10.9368 8.9596 5
      vertex 10.8229 8.86738 5
    endloop
  endfacet
  facet normal 0.629261 -0.777194 0
    outer loop
      vertex 10.9368 8.9596 5
      vertex 10.8229 8.86738 0
      vertex 10.9368 8.9596 0
    endloop
  endfacet
  facet normal 0.838709 -0.544581 0
    outer loop
      vertex 11.1326 9.1771 5
      vertex 11.2124 9.3 0
      vertex 11.2124 9.3 5
    endloop
  endfacet
  facet normal 0.838709 -0.544581 0
    outer loop
      vertex 11.2124 9.3 0
      vertex 11.1326 9.1771 5
      vertex 11.1326 9.1771 0
    endloop
  endfacet
  facet normal 0.933618 -0.35827 0
    outer loop
      vertex 11.279 9.43057 5
      vertex 11.3315 9.56738 0
      vertex 11.3315 9.56738 5
    endloop
  endfacet
  facet normal 0.933618 -0.35827 0
    outer loop
      vertex 11.3315 9.56738 0
      vertex 11.279 9.43057 5
      vertex 11.279 9.43057 0
    endloop
  endfacet
  facet normal -0.453943 -0.891031 0
    outer loop
      vertex 9.3 8.78756 0
      vertex 9.43057 8.72104 5
      vertex 9.3 8.78756 5
    endloop
  endfacet
  facet normal -0.453943 -0.891031 -0
    outer loop
      vertex 9.43057 8.72104 5
      vertex 9.3 8.78756 0
      vertex 9.43057 8.72104 0
    endloop
  endfacet
  facet normal -0.965918 -0.258848 0
    outer loop
      vertex 8.66852 9.56738 0
      vertex 8.63059 9.70892 5
      vertex 8.63059 9.70892 0
    endloop
  endfacet
  facet normal -0.965918 -0.258848 0
    outer loop
      vertex 8.63059 9.70892 5
      vertex 8.66852 9.56738 0
      vertex 8.66852 9.56738 5
    endloop
  endfacet
  facet normal -0.987693 -0.156404 0
    outer loop
      vertex 8.63059 9.70892 0
      vertex 8.60767 9.85366 5
      vertex 8.60767 9.85366 0
    endloop
  endfacet
  facet normal -0.987693 -0.156404 0
    outer loop
      vertex 8.60767 9.85366 5
      vertex 8.63059 9.70892 0
      vertex 8.63059 9.70892 5
    endloop
  endfacet
  facet normal 0.258916 -0.9659 0
    outer loop
      vertex 10.2911 8.63059 0
      vertex 10.4326 8.66852 5
      vertex 10.2911 8.63059 5
    endloop
  endfacet
  facet normal 0.258916 -0.9659 0
    outer loop
      vertex 10.4326 8.66852 5
      vertex 10.2911 8.63059 0
      vertex 10.4326 8.66852 0
    endloop
  endfacet
  facet normal -0.544677 -0.838646 0
    outer loop
      vertex 9.1771 8.86738 0
      vertex 9.3 8.78756 5
      vertex 9.1771 8.86738 5
    endloop
  endfacet
  facet normal -0.544677 -0.838646 -0
    outer loop
      vertex 9.3 8.78756 5
      vertex 9.1771 8.86738 0
      vertex 9.3 8.78756 0
    endloop
  endfacet
  facet normal -0.156404 -0.987693 0
    outer loop
      vertex 9.70892 8.63059 0
      vertex 9.85366 8.60767 5
      vertex 9.70892 8.63059 5
    endloop
  endfacet
  facet normal -0.156404 -0.987693 -0
    outer loop
      vertex 9.85366 8.60767 5
      vertex 9.70892 8.63059 0
      vertex 9.85366 8.60767 0
    endloop
  endfacet
  facet normal -0.0523403 -0.998629 0
    outer loop
      vertex 9.85366 8.60767 0
      vertex 10 8.6 5
      vertex 9.85366 8.60767 5
    endloop
  endfacet
  facet normal -0.0523403 -0.998629 -0
    outer loop
      vertex 10 8.6 5
      vertex 9.85366 8.60767 0
      vertex 10 8.6 0
    endloop
  endfacet
  facet normal 0.998618 0.0525588 0
    outer loop
      vertex 11.4 20 5
      vertex 11.3923 20.1463 0
      vertex 11.3923 20.1463 5
    endloop
  endfacet
  facet normal 0.998618 0.0525588 0
    outer loop
      vertex 11.3923 20.1463 0
      vertex 11.4 20 5
      vertex 11.4 20 0
    endloop
  endfacet
  facet normal -0.0525445 0.998619 0
    outer loop
      vertex 10 21.4 0
      vertex 9.85366 21.3923 5
      vertex 10 21.4 5
    endloop
  endfacet
  facet normal -0.0525445 0.998619 0
    outer loop
      vertex 9.85366 21.3923 5
      vertex 10 21.4 0
      vertex 9.85366 21.3923 0
    endloop
  endfacet
  facet normal 0.0525588 -0.998618 0
    outer loop
      vertex 10 18.6 0
      vertex 10.1463 18.6077 5
      vertex 10 18.6 5
    endloop
  endfacet
  facet normal 0.0525588 -0.998618 0
    outer loop
      vertex 10.1463 18.6077 5
      vertex 10 18.6 0
      vertex 10.1463 18.6077 0
    endloop
  endfacet
  facet normal 0.707107 0.707107 -0
    outer loop
      vertex 11.0404 20.9368 0
      vertex 10.9368 21.0404 5
      vertex 11.0404 20.9368 5
    endloop
  endfacet
  facet normal 0.707107 0.707107 0
    outer loop
      vertex 10.9368 21.0404 5
      vertex 11.0404 20.9368 0
      vertex 10.9368 21.0404 0
    endloop
  endfacet
  facet normal -0.707039 0.707175 0
    outer loop
      vertex 9.06322 21.0404 0
      vertex 8.9596 20.9368 5
      vertex 9.06322 21.0404 5
    endloop
  endfacet
  facet normal -0.707039 0.707175 0
    outer loop
      vertex 8.9596 20.9368 5
      vertex 9.06322 21.0404 0
      vertex 8.9596 20.9368 0
    endloop
  endfacet
  facet normal -0.454376 0.89081 0
    outer loop
      vertex 9.43057 21.279 0
      vertex 9.3 21.2124 5
      vertex 9.43057 21.279 5
    endloop
  endfacet
  facet normal -0.454376 0.89081 0
    outer loop
      vertex 9.3 21.2124 5
      vertex 9.43057 21.279 0
      vertex 9.3 21.2124 0
    endloop
  endfacet
  facet normal 0.890852 0.454294 0
    outer loop
      vertex 11.279 20.5694 5
      vertex 11.2124 20.7 0
      vertex 11.2124 20.7 5
    endloop
  endfacet
  facet normal 0.890852 0.454294 0
    outer loop
      vertex 11.2124 20.7 0
      vertex 11.279 20.5694 5
      vertex 11.279 20.5694 0
    endloop
  endfacet
  facet normal 0.838709 0.544581 0
    outer loop
      vertex 11.2124 20.7 5
      vertex 11.1326 20.8229 0
      vertex 11.1326 20.8229 5
    endloop
  endfacet
  facet normal 0.838709 0.544581 0
    outer loop
      vertex 11.1326 20.8229 0
      vertex 11.2124 20.7 5
      vertex 11.2124 20.7 0
    endloop
  endfacet
  facet normal 0.358293 0.933609 -0
    outer loop
      vertex 10.5694 21.279 0
      vertex 10.4326 21.3315 5
      vertex 10.5694 21.279 5
    endloop
  endfacet
  facet normal 0.358293 0.933609 0
    outer loop
      vertex 10.4326 21.3315 5
      vertex 10.5694 21.279 0
      vertex 10.4326 21.3315 0
    endloop
  endfacet
  facet normal 0.544581 0.838709 -0
    outer loop
      vertex 10.8229 21.1326 0
      vertex 10.7 21.2124 5
      vertex 10.8229 21.1326 5
    endloop
  endfacet
  facet normal 0.544581 0.838709 0
    outer loop
      vertex 10.7 21.2124 5
      vertex 10.8229 21.1326 0
      vertex 10.7 21.2124 0
    endloop
  endfacet
  facet normal -0.933564 0.358412 0
    outer loop
      vertex 8.66852 20.4326 0
      vertex 8.72104 20.5694 5
      vertex 8.72104 20.5694 0
    endloop
  endfacet
  facet normal -0.933564 0.358412 0
    outer loop
      vertex 8.72104 20.5694 5
      vertex 8.66852 20.4326 0
      vertex 8.66852 20.4326 5
    endloop
  endfacet
  facet normal -0.544581 0.838709 0
    outer loop
      vertex 9.3 21.2124 0
      vertex 9.1771 21.1326 5
      vertex 9.3 21.2124 5
    endloop
  endfacet
  facet normal -0.544581 0.838709 0
    outer loop
      vertex 9.1771 21.1326 5
      vertex 9.3 21.2124 0
      vertex 9.1771 21.1326 0
    endloop
  endfacet
  facet normal -0.258656 0.965969 0
    outer loop
      vertex 9.70892 21.3694 0
      vertex 9.56738 21.3315 5
      vertex 9.70892 21.3694 5
    endloop
  endfacet
  facet normal -0.258656 0.965969 0
    outer loop
      vertex 9.56738 21.3315 5
      vertex 9.70892 21.3694 0
      vertex 9.56738 21.3315 0
    endloop
  endfacet
  facet normal 0.358293 -0.933609 0
    outer loop
      vertex 10.4326 18.6685 0
      vertex 10.5694 18.721 5
      vertex 10.4326 18.6685 5
    endloop
  endfacet
  facet normal 0.358293 -0.933609 0
    outer loop
      vertex 10.5694 18.721 5
      vertex 10.4326 18.6685 0
      vertex 10.5694 18.721 0
    endloop
  endfacet
  facet normal 0.454294 -0.890852 0
    outer loop
      vertex 10.5694 18.721 0
      vertex 10.7 18.7876 5
      vertex 10.5694 18.721 5
    endloop
  endfacet
  facet normal 0.454294 -0.890852 0
    outer loop
      vertex 10.7 18.7876 5
      vertex 10.5694 18.721 0
      vertex 10.7 18.7876 0
    endloop
  endfacet
  facet normal 0.965951 0.258725 0
    outer loop
      vertex 11.3694 20.2911 5
      vertex 11.3315 20.4326 0
      vertex 11.3315 20.4326 5
    endloop
  endfacet
  facet normal 0.965951 0.258725 0
    outer loop
      vertex 11.3315 20.4326 0
      vertex 11.3694 20.2911 5
      vertex 11.3694 20.2911 0
    endloop
  endfacet
  facet normal 0.987724 0.156208 0
    outer loop
      vertex 11.3923 20.1463 5
      vertex 11.3694 20.2911 0
      vertex 11.3694 20.2911 5
    endloop
  endfacet
  facet normal 0.987724 0.156208 0
    outer loop
      vertex 11.3694 20.2911 0
      vertex 11.3923 20.1463 5
      vertex 11.3923 20.1463 0
    endloop
  endfacet
  facet normal 0.933609 0.358293 0
    outer loop
      vertex 11.3315 20.4326 5
      vertex 11.279 20.5694 0
      vertex 11.279 20.5694 5
    endloop
  endfacet
  facet normal 0.933609 0.358293 0
    outer loop
      vertex 11.279 20.5694 0
      vertex 11.3315 20.4326 5
      vertex 11.3315 20.4326 0
    endloop
  endfacet
  facet normal 0.777261 0.629179 0
    outer loop
      vertex 11.1326 20.8229 5
      vertex 11.0404 20.9368 0
      vertex 11.0404 20.9368 5
    endloop
  endfacet
  facet normal 0.777261 0.629179 0
    outer loop
      vertex 11.0404 20.9368 0
      vertex 11.1326 20.8229 5
      vertex 11.1326 20.8229 0
    endloop
  endfacet
  facet normal 0.156208 0.987724 -0
    outer loop
      vertex 10.2911 21.3694 0
      vertex 10.1463 21.3923 5
      vertex 10.2911 21.3694 5
    endloop
  endfacet
  facet normal 0.156208 0.987724 0
    outer loop
      vertex 10.1463 21.3923 5
      vertex 10.2911 21.3694 0
      vertex 10.1463 21.3923 0
    endloop
  endfacet
  facet normal 0.258725 0.965951 -0
    outer loop
      vertex 10.4326 21.3315 0
      vertex 10.2911 21.3694 5
      vertex 10.4326 21.3315 5
    endloop
  endfacet
  facet normal 0.258725 0.965951 0
    outer loop
      vertex 10.2911 21.3694 5
      vertex 10.4326 21.3315 0
      vertex 10.2911 21.3694 0
    endloop
  endfacet
  facet normal 0.0525588 0.998618 -0
    outer loop
      vertex 10.1463 21.3923 0
      vertex 10 21.4 5
      vertex 10.1463 21.3923 5
    endloop
  endfacet
  facet normal 0.0525588 0.998618 0
    outer loop
      vertex 10 21.4 5
      vertex 10.1463 21.3923 0
      vertex 10 21.4 0
    endloop
  endfacet
  facet normal 0.454294 0.890852 -0
    outer loop
      vertex 10.7 21.2124 0
      vertex 10.5694 21.279 5
      vertex 10.7 21.2124 5
    endloop
  endfacet
  facet normal 0.454294 0.890852 0
    outer loop
      vertex 10.5694 21.279 5
      vertex 10.7 21.2124 0
      vertex 10.5694 21.279 0
    endloop
  endfacet
  facet normal 0.629179 0.777261 -0
    outer loop
      vertex 10.9368 21.0404 0
      vertex 10.8229 21.1326 5
      vertex 10.9368 21.0404 5
    endloop
  endfacet
  facet normal 0.629179 0.777261 0
    outer loop
      vertex 10.8229 21.1326 5
      vertex 10.9368 21.0404 0
      vertex 10.8229 21.1326 0
    endloop
  endfacet
  facet normal -0.987703 0.156341 0
    outer loop
      vertex 8.60767 20.1463 0
      vertex 8.63059 20.2911 5
      vertex 8.63059 20.2911 0
    endloop
  endfacet
  facet normal -0.987703 0.156341 0
    outer loop
      vertex 8.63059 20.2911 5
      vertex 8.60767 20.1463 0
      vertex 8.60767 20.1463 5
    endloop
  endfacet
  facet normal 0 0 -1
    outer loop
      vertex 11.3923 19.8537 0
      vertex 11.3923 20.1463 0
      vertex 11.4 20 0
    endloop
  endfacet
  facet normal 0 0 -1
    outer loop
      vertex 11.3694 19.7089 0
      vertex 11.3923 20.1463 0
      vertex 11.3923 19.8537 0
    endloop
  endfacet
  facet normal 0 0 -1
    outer loop
      vertex 11.3694 19.7089 0
      vertex 11.3694 20.2911 0
      vertex 11.3923 20.1463 0
    endloop
  endfacet
  facet normal 0 0 -1
    outer loop
      vertex 11.3315 19.5674 0
      vertex 11.3694 20.2911 0
      vertex 11.3694 19.7089 0
    endloop
  endfacet
  facet normal 0 0 -1
    outer loop
      vertex 11.3315 19.5674 0
      vertex 11.3315 20.4326 0
      vertex 11.3694 20.2911 0
    endloop
  endfacet
  facet normal 0 0 -1
    outer loop
      vertex 11.279 19.4306 0
      vertex 11.3315 20.4326 0
      vertex 11.3315 19.5674 0
    endloop
  endfacet
  facet normal 0 0 -1
    outer loop
      vertex 11.279 19.4306 0
      vertex 11.279 20.5694 0
      vertex 11.3315 20.4326 0
    endloop
  endfacet
  facet normal 0 0 -1
    outer loop
      vertex 11.2124 19.3 0
      vertex 11.279 20.5694 0
      vertex 11.279 19.4306 0
    endloop
  endfacet
  facet normal 0 0 -1
    outer loop
      vertex 11.2124 19.3 0
      vertex 11.2124 20.7 0
      vertex 11.279 20.5694 0
    endloop
  endfacet
  facet normal 0 0 -1
    outer loop
      vertex 11.1326 19.1771 0
      vertex 11.2124 20.7 0
      vertex 11.2124 19.3 0
    endloop
  endfacet
  facet normal 0 0 -1
    outer loop
      vertex 11.1326 19.1771 0
      vertex 11.1326 20.8229 0
      vertex 11.2124 20.7 0
    endloop
  endfacet
  facet normal 0 0 -1
    outer loop
      vertex 11.0404 19.0632 0
      vertex 11.1326 20.8229 0
      vertex 11.1326 19.1771 0
    endloop
  endfacet
  facet normal 0 0 -1
    outer loop
      vertex 11.0404 19.0632 0
      vertex 11.0404 20.9368 0
      vertex 11.1326 20.8229 0
    endloop
  endfacet
  facet normal 0 0 -1
    outer loop
      vertex 10.9368 18.9596 0
      vertex 11.0404 20.9368 0
      vertex 11.0404 19.0632 0
    endloop
  endfacet
  facet normal 0 0 -1
    outer loop
      vertex 10.9368 18.9596 0
      vertex 10.9368 21.0404 0
      vertex 11.0404 20.9368 0
    endloop
  endfacet
  facet normal 0 0 -1
    outer loop
      vertex 10.8229 18.8674 0
      vertex 10.9368 21.0404 0
      vertex 10.9368 18.9596 0
    endloop
  endfacet
  facet normal 0 0 -1
    outer loop
      vertex 10.8229 18.8674 0
      vertex 10.8229 21.1326 0
      vertex 10.9368 21.0404 0
    endloop
  endfacet
  facet normal 0 0 -1
    outer loop
      vertex 10.7 18.7876 0
      vertex 10.8229 21.1326 0
      vertex 10.8229 18.8674 0
    endloop
  endfacet
  facet normal 0 0 -1
    outer loop
      vertex 10.7 18.7876 0
      vertex 10.7 21.2124 0
      vertex 10.8229 21.1326 0
    endloop
  endfacet
  facet normal 0 0 -1
    outer loop
      vertex 10.5694 18.721 0
      vertex 10.7 21.2124 0
      vertex 10.7 18.7876 0
    endloop
  endfacet
  facet normal 0 0 -1
    outer loop
      vertex 10.5694 18.721 0
      vertex 10.5694 21.279 0
      vertex 10.7 21.2124 0
    endloop
  endfacet
  facet normal 0 0 -1
    outer loop
      vertex 10.4326 18.6685 0
      vertex 10.5694 21.279 0
      vertex 10.5694 18.721 0
    endloop
  endfacet
  facet normal 0 0 -1
    outer loop
      vertex 10.4326 18.6685 0
      vertex 10.4326 21.3315 0
      vertex 10.5694 21.279 0
    endloop
  endfacet
  facet normal 0 0 -1
    outer loop
      vertex 10.2911 18.6306 0
      vertex 10.4326 21.3315 0
      vertex 10.4326 18.6685 0
    endloop
  endfacet
  facet normal 0 0 -1
    outer loop
      vertex 10.2911 18.6306 0
      vertex 10.2911 21.3694 0
      vertex 10.4326 21.3315 0
    endloop
  endfacet
  facet normal 0 0 -1
    outer loop
      vertex 10.1463 18.6077 0
      vertex 10.2911 21.3694 0
      vertex 10.2911 18.6306 0
    endloop
  endfacet
  facet normal 0 0 -1
    outer loop
      vertex 10.1463 18.6077 0
      vertex 10.1463 21.3923 0
      vertex 10.2911 21.3694 0
    endloop
  endfacet
  facet normal 0 0 -1
    outer loop
      vertex 10 18.6 0
      vertex 10.1463 21.3923 0
      vertex 10.1463 18.6077 0
    endloop
  endfacet
  facet normal 0 0 -1
    outer loop
      vertex 10 18.6 0
      vertex 10 21.4 0
      vertex 10.1463 21.3923 0
    endloop
  endfacet
  facet normal 0 0 -1
    outer loop
      vertex 9.85366 18.6077 0
      vertex 10 21.4 0
      vertex 10 18.6 0
    endloop
  endfacet
  facet normal 0 0 -1
    outer loop
      vertex 9.85366 18.6077 0
      vertex 9.85366 21.3923 0
      vertex 10 21.4 0
    endloop
  endfacet
  facet normal 0 0 -1
    outer loop
      vertex 9.70892 18.6306 0
      vertex 9.85366 21.3923 0
      vertex 9.85366 18.6077 0
    endloop
  endfacet
  facet normal 0 0 -1
    outer loop
      vertex 9.70892 18.6306 0
      vertex 9.70892 21.3694 0
      vertex 9.85366 21.3923 0
    endloop
  endfacet
  facet normal 0 0 -1
    outer loop
      vertex 9.56738 18.6685 0
      vertex 9.70892 21.3694 0
      vertex 9.70892 18.6306 0
    endloop
  endfacet
  facet normal 0 0 -1
    outer loop
      vertex 9.56738 18.6685 0
      vertex 9.56738 21.3315 0
      vertex 9.70892 21.3694 0
    endloop
  endfacet
  facet normal 0 0 -1
    outer loop
      vertex 9.43057 18.721 0
      vertex 9.56738 21.3315 0
      vertex 9.56738 18.6685 0
    endloop
  endfacet
  facet normal 0 0 -1
    outer loop
      vertex 9.43057 18.721 0
      vertex 9.43057 21.279 0
      vertex 9.56738 21.3315 0
    endloop
  endfacet
  facet normal 0 0 -1
    outer loop
      vertex 9.3 18.7876 0
      vertex 9.43057 21.279 0
      vertex 9.43057 18.721 0
    endloop
  endfacet
  facet normal 0 0 -1
    outer loop
      vertex 9.3 18.7876 0
      vertex 9.3 21.2124 0
      vertex 9.43057 21.279 0
    endloop
  endfacet
  facet normal 0 0 -1
    outer loop
      vertex 9.1771 18.8674 0
      vertex 9.3 21.2124 0
      vertex 9.3 18.7876 0
    endloop
  endfacet
  facet normal 0 0 -1
    outer loop
      vertex 9.1771 18.8674 0
      vertex 9.1771 21.1326 0
      vertex 9.3 21.2124 0
    endloop
  endfacet
  facet normal 0 0 -1
    outer loop
      vertex 9.06322 18.9596 0
      vertex 9.1771 21.1326 0
      vertex 9.1771 18.8674 0
    endloop
  endfacet
  facet normal 0 0 -1
    outer loop
      vertex 9.06322 18.9596 0
      vertex 9.06322 21.0404 0
      vertex 9.1771 21.1326 0
    endloop
  endfacet
  facet normal 0 0 -1
    outer loop
      vertex 8.9596 19.0632 0
      vertex 9.06322 21.0404 0
      vertex 9.06322 18.9596 0
    endloop
  endfacet
  facet normal 0 0 -1
    outer loop
      vertex 8.9596 19.0632 0
      vertex 8.9596 20.9368 0
      vertex 9.06322 21.0404 0
    endloop
  endfacet
  facet normal 0 0 -1
    outer loop
      vertex 8.86738 19.1771 0
      vertex 8.9596 20.9368 0
      vertex 8.9596 19.0632 0
    endloop
  endfacet
  facet normal 0 0 -1
    outer loop
      vertex 8.86738 19.1771 0
      vertex 8.86738 20.8229 0
      vertex 8.9596 20.9368 0
    endloop
  endfacet
  facet normal 0 0 -1
    outer loop
      vertex 8.78756 19.3 0
      vertex 8.86738 20.8229 0
      vertex 8.86738 19.1771 0
    endloop
  endfacet
  facet normal 0 0 -1
    outer loop
      vertex 8.78756 19.3 0
      vertex 8.78756 20.7 0
      vertex 8.86738 20.8229 0
    endloop
  endfacet
  facet normal 0 0 -1
    outer loop
      vertex 8.72104 19.4306 0
      vertex 8.78756 20.7 0
      vertex 8.78756 19.3 0
    endloop
  endfacet
  facet normal 0 0 -1
    outer loop
      vertex 8.72104 19.4306 0
      vertex 8.72104 20.5694 0
      vertex 8.78756 20.7 0
    endloop
  endfacet
  facet normal 0 0 -1
    outer loop
      vertex 8.66852 19.5674 0
      vertex 8.72104 20.5694 0
      vertex 8.72104 19.4306 0
    endloop
  endfacet
  facet normal 0 0 -1
    outer loop
      vertex 8.66852 19.5674 0
      vertex 8.66852 20.4326 0
      vertex 8.72104 20.5694 0
    endloop
  endfacet
  facet normal 0 0 -1
    outer loop
      vertex 8.63059 19.7089 0
      vertex 8.66852 20.4326 0
      vertex 8.66852 19.5674 0
    endloop
  endfacet
  facet normal 0 0 -1
    outer loop
      vertex 8.63059 19.7089 0
      vertex 8.63059 20.2911 0
      vertex 8.66852 20.4326 0
    endloop
  endfacet
  facet normal 0 0 -1
    outer loop
      vertex 8.60767 19.8537 0
      vertex 8.63059 20.2911 0
      vertex 8.63059 19.7089 0
    endloop
  endfacet
  facet normal 0 0 -1
    outer loop
      vertex 8.60767 19.8537 0
      vertex 8.60767 20.1463 0
      vertex 8.63059 20.2911 0
    endloop
  endfacet
  facet normal 0 -0 -1
    outer loop
      vertex 8.60767 20.1463 0
      vertex 8.60767 19.8537 0
      vertex 8.6 20 0
    endloop
  endfacet
  facet normal -0.838646 0.544677 0
    outer loop
      vertex 8.78756 20.7 0
      vertex 8.86738 20.8229 5
      vertex 8.86738 20.8229 0
    endloop
  endfacet
  facet normal -0.838646 0.544677 0
    outer loop
      vertex 8.86738 20.8229 5
      vertex 8.78756 20.7 0
      vertex 8.78756 20.7 5
    endloop
  endfacet
  facet normal -0.777194 0.629261 0
    outer loop
      vertex 8.86738 20.8229 0
      vertex 8.9596 20.9368 5
      vertex 8.9596 20.9368 0
    endloop
  endfacet
  facet normal -0.777194 0.629261 0
    outer loop
      vertex 8.9596 20.9368 5
      vertex 8.86738 20.8229 0
      vertex 8.86738 20.8229 5
    endloop
  endfacet
  facet normal -0.891073 0.45386 0
    outer loop
      vertex 8.72104 20.5694 0
      vertex 8.78756 20.7 5
      vertex 8.78756 20.7 0
    endloop
  endfacet
  facet normal -0.891073 0.45386 0
    outer loop
      vertex 8.78756 20.7 5
      vertex 8.72104 20.5694 0
      vertex 8.72104 20.5694 5
    endloop
  endfacet
  facet normal -0.9659 0.258916 0
    outer loop
      vertex 8.63059 20.2911 0
      vertex 8.66852 20.4326 5
      vertex 8.66852 20.4326 0
    endloop
  endfacet
  facet normal -0.9659 0.258916 0
    outer loop
      vertex 8.66852 20.4326 5
      vertex 8.63059 20.2911 0
      vertex 8.63059 20.2911 5
    endloop
  endfacet
  facet normal -0.998629 0.0523546 0
    outer loop
      vertex 8.6 20 0
      vertex 8.60767 20.1463 5
      vertex 8.60767 20.1463 0
    endloop
  endfacet
  facet normal -0.998629 0.0523546 0
    outer loop
      vertex 8.60767 20.1463 5
      vertex 8.6 20 0
      vertex 8.6 20 5
    endloop
  endfacet
  facet normal 0 0 1
    outer loop
      vertex 11.3923 20.1463 5
      vertex 11.3923 19.8537 5
      vertex 11.4 20 5
    endloop
  endfacet
  facet normal 0 0 1
    outer loop
      vertex 11.3694 20.2911 5
      vertex 11.3923 19.8537 5
      vertex 11.3923 20.1463 5
    endloop
  endfacet
  facet normal 0 0 1
    outer loop
      vertex 11.3694 20.2911 5
      vertex 11.3694 19.7089 5
      vertex 11.3923 19.8537 5
    endloop
  endfacet
  facet normal 0 0 1
    outer loop
      vertex 11.3315 20.4326 5
      vertex 11.3694 19.7089 5
      vertex 11.3694 20.2911 5
    endloop
  endfacet
  facet normal 0 0 1
    outer loop
      vertex 11.3315 20.4326 5
      vertex 11.3315 19.5674 5
      vertex 11.3694 19.7089 5
    endloop
  endfacet
  facet normal 0 0 1
    outer loop
      vertex 11.279 20.5694 5
      vertex 11.3315 19.5674 5
      vertex 11.3315 20.4326 5
    endloop
  endfacet
  facet normal 0 0 1
    outer loop
      vertex 11.279 20.5694 5
      vertex 11.279 19.4306 5
      vertex 11.3315 19.5674 5
    endloop
  endfacet
  facet normal 0 0 1
    outer loop
      vertex 11.2124 20.7 5
      vertex 11.279 19.4306 5
      vertex 11.279 20.5694 5
    endloop
  endfacet
  facet normal 0 0 1
    outer loop
      vertex 11.2124 20.7 5
      vertex 11.2124 19.3 5
      vertex 11.279 19.4306 5
    endloop
  endfacet
  facet normal 0 0 1
    outer loop
      vertex 11.1326 20.8229 5
      vertex 11.2124 19.3 5
      vertex 11.2124 20.7 5
    endloop
  endfacet
  facet normal 0 0 1
    outer loop
      vertex 11.1326 20.8229 5
      vertex 11.1326 19.1771 5
      vertex 11.2124 19.3 5
    endloop
  endfacet
  facet normal 0 0 1
    outer loop
      vertex 11.0404 20.9368 5
      vertex 11.1326 19.1771 5
      vertex 11.1326 20.8229 5
    endloop
  endfacet
  facet normal 0 0 1
    outer loop
      vertex 11.0404 20.9368 5
      vertex 11.0404 19.0632 5
      vertex 11.1326 19.1771 5
    endloop
  endfacet
  facet normal 0 0 1
    outer loop
      vertex 10.9368 21.0404 5
      vertex 11.0404 19.0632 5
      vertex 11.0404 20.9368 5
    endloop
  endfacet
  facet normal 0 0 1
    outer loop
      vertex 10.9368 21.0404 5
      vertex 10.9368 18.9596 5
      vertex 11.0404 19.0632 5
    endloop
  endfacet
  facet normal 0 0 1
    outer loop
      vertex 10.8229 21.1326 5
      vertex 10.9368 18.9596 5
      vertex 10.9368 21.0404 5
    endloop
  endfacet
  facet normal 0 0 1
    outer loop
      vertex 10.8229 21.1326 5
      vertex 10.8229 18.8674 5
      vertex 10.9368 18.9596 5
    endloop
  endfacet
  facet normal 0 0 1
    outer loop
      vertex 10.7 21.2124 5
      vertex 10.8229 18.8674 5
      vertex 10.8229 21.1326 5
    endloop
  endfacet
  facet normal 0 0 1
    outer loop
      vertex 10.7 21.2124 5
      vertex 10.7 18.7876 5
      vertex 10.8229 18.8674 5
    endloop
  endfacet
  facet normal 0 0 1
    outer loop
      vertex 10.5694 21.279 5
      vertex 10.7 18.7876 5
      vertex 10.7 21.2124 5
    endloop
  endfacet
  facet normal 0 0 1
    outer loop
      vertex 10.5694 21.279 5
      vertex 10.5694 18.721 5
      vertex 10.7 18.7876 5
    endloop
  endfacet
  facet normal 0 0 1
    outer loop
      vertex 10.4326 21.3315 5
      vertex 10.5694 18.721 5
      vertex 10.5694 21.279 5
    endloop
  endfacet
  facet normal 0 0 1
    outer loop
      vertex 10.4326 21.3315 5
      vertex 10.4326 18.6685 5
      vertex 10.5694 18.721 5
    endloop
  endfacet
  facet normal 0 0 1
    outer loop
      vertex 10.2911 21.3694 5
      vertex 10.4326 18.6685 5
      vertex 10.4326 21.3315 5
    endloop
  endfacet
  facet normal 0 0 1
    outer loop
      vertex 10.2911 21.3694 5
      vertex 10.2911 18.6306 5
      vertex 10.4326 18.6685 5
    endloop
  endfacet
  facet normal 0 0 1
    outer loop
      vertex 10.1463 21.3923 5
      vertex 10.2911 18.6306 5
      vertex 10.2911 21.3694 5
    endloop
  endfacet
  facet normal 0 0 1
    outer loop
      vertex 10.1463 21.3923 5
      vertex 10.1463 18.6077 5
      vertex 10.2911 18.6306 5
    endloop
  endfacet
  facet normal 0 0 1
    outer loop
      vertex 10 21.4 5
      vertex 10.1463 18.6077 5
      vertex 10.1463 21.3923 5
    endloop
  endfacet
  facet normal 0 0 1
    outer loop
      vertex 10 21.4 5
      vertex 10 18.6 5
      vertex 10.1463 18.6077 5
    endloop
  endfacet
  facet normal -0 0 1
    outer loop
      vertex 9.85366 21.3923 5
      vertex 10 18.6 5
      vertex 10 21.4 5
    endloop
  endfacet
  facet normal 0 0 1
    outer loop
      vertex 9.85366 21.3923 5
      vertex 9.85366 18.6077 5
      vertex 10 18.6 5
    endloop
  endfacet
  facet normal -0 0 1
    outer loop
      vertex 9.70892 21.3694 5
      vertex 9.85366 18.6077 5
      vertex 9.85366 21.3923 5
    endloop
  endfacet
  facet normal 0 0 1
    outer loop
      vertex 9.70892 21.3694 5
      vertex 9.70892 18.6306 5
      vertex 9.85366 18.6077 5
    endloop
  endfacet
  facet normal -0 0 1
    outer loop
      vertex 9.56738 21.3315 5
      vertex 9.70892 18.6306 5
      vertex 9.70892 21.3694 5
    endloop
  endfacet
  facet normal 0 0 1
    outer loop
      vertex 9.56738 21.3315 5
      vertex 9.56738 18.6685 5
      vertex 9.70892 18.6306 5
    endloop
  endfacet
  facet normal -0 0 1
    outer loop
      vertex 9.43057 21.279 5
      vertex 9.56738 18.6685 5
      vertex 9.56738 21.3315 5
    endloop
  endfacet
  facet normal 0 0 1
    outer loop
      vertex 9.43057 21.279 5
      vertex 9.43057 18.721 5
      vertex 9.56738 18.6685 5
    endloop
  endfacet
  facet normal -0 0 1
    outer loop
      vertex 9.3 21.2124 5
      vertex 9.43057 18.721 5
      vertex 9.43057 21.279 5
    endloop
  endfacet
  facet normal 0 0 1
    outer loop
      vertex 9.3 21.2124 5
      vertex 9.3 18.7876 5
      vertex 9.43057 18.721 5
    endloop
  endfacet
  facet normal -0 0 1
    outer loop
      vertex 9.1771 21.1326 5
      vertex 9.3 18.7876 5
      vertex 9.3 21.2124 5
    endloop
  endfacet
  facet normal 0 0 1
    outer loop
      vertex 9.1771 21.1326 5
      vertex 9.1771 18.8674 5
      vertex 9.3 18.7876 5
    endloop
  endfacet
  facet normal -0 0 1
    outer loop
      vertex 9.06322 21.0404 5
      vertex 9.1771 18.8674 5
      vertex 9.1771 21.1326 5
    endloop
  endfacet
  facet normal 0 0 1
    outer loop
      vertex 9.06322 21.0404 5
      vertex 9.06322 18.9596 5
      vertex 9.1771 18.8674 5
    endloop
  endfacet
  facet normal -0 0 1
    outer loop
      vertex 8.9596 20.9368 5
      vertex 9.06322 18.9596 5
      vertex 9.06322 21.0404 5
    endloop
  endfacet
  facet normal 0 0 1
    outer loop
      vertex 8.9596 20.9368 5
      vertex 8.9596 19.0632 5
      vertex 9.06322 18.9596 5
    endloop
  endfacet
  facet normal -0 0 1
    outer loop
      vertex 8.86738 20.8229 5
      vertex 8.9596 19.0632 5
      vertex 8.9596 20.9368 5
    endloop
  endfacet
  facet normal 0 0 1
    outer loop
      vertex 8.86738 20.8229 5
      vertex 8.86738 19.1771 5
      vertex 8.9596 19.0632 5
    endloop
  endfacet
  facet normal -0 0 1
    outer loop
      vertex 8.78756 20.7 5
      vertex 8.86738 19.1771 5
      vertex 8.86738 20.8229 5
    endloop
  endfacet
  facet normal 0 0 1
    outer loop
      vertex 8.78756 20.7 5
      vertex 8.78756 19.3 5
      vertex 8.86738 19.1771 5
    endloop
  endfacet
  facet normal -0 0 1
    outer loop
      vertex 8.72104 20.5694 5
      vertex 8.78756 19.3 5
      vertex 8.78756 20.7 5
    endloop
  endfacet
  facet normal 0 0 1
    outer loop
      vertex 8.72104 20.5694 5
      vertex 8.72104 19.4306 5
      vertex 8.78756 19.3 5
    endloop
  endfacet
  facet normal -0 0 1
    outer loop
      vertex 8.66852 20.4326 5
      vertex 8.72104 19.4306 5
      vertex 8.72104 20.5694 5
    endloop
  endfacet
  facet normal 0 0 1
    outer loop
      vertex 8.66852 20.4326 5
      vertex 8.66852 19.5674 5
      vertex 8.72104 19.4306 5
    endloop
  endfacet
  facet normal -0 0 1
    outer loop
      vertex 8.63059 20.2911 5
      vertex 8.66852 19.5674 5
      vertex 8.66852 20.4326 5
    endloop
  endfacet
  facet normal 0 0 1
    outer loop
      vertex 8.63059 20.2911 5
      vertex 8.63059 19.7089 5
      vertex 8.66852 19.5674 5
    endloop
  endfacet
  facet normal -0 0 1
    outer loop
      vertex 8.60767 20.1463 5
      vertex 8.63059 19.7089 5
      vertex 8.63059 20.2911 5
    endloop
  endfacet
  facet normal 0 0 1
    outer loop
      vertex 8.60767 20.1463 5
      vertex 8.60767 19.8537 5
      vertex 8.63059 19.7089 5
    endloop
  endfacet
  facet normal 0 -0 1
    outer loop
      vertex 8.60767 19.8537 5
      vertex 8.60767 20.1463 5
      vertex 8.6 20 5
    endloop
  endfacet
  facet normal -0.629245 0.777207 0
    outer loop
      vertex 9.1771 21.1326 0
      vertex 9.06322 21.0404 5
      vertex 9.1771 21.1326 5
    endloop
  endfacet
  facet normal -0.629245 0.777207 0
    outer loop
      vertex 9.06322 21.0404 5
      vertex 9.1771 21.1326 0
      vertex 9.06322 21.0404 0
    endloop
  endfacet
  facet normal -0.35827 0.933618 0
    outer loop
      vertex 9.56738 21.3315 0
      vertex 9.43057 21.279 5
      vertex 9.56738 21.3315 5
    endloop
  endfacet
  facet normal -0.35827 0.933618 0
    outer loop
      vertex 9.43057 21.279 5
      vertex 9.56738 21.3315 0
      vertex 9.43057 21.279 0
    endloop
  endfacet
  facet normal -0.156271 0.987714 0
    outer loop
      vertex 9.85366 21.3923 0
      vertex 9.70892 21.3694 5
      vertex 9.85366 21.3923 5
    endloop
  endfacet
  facet normal -0.156271 0.987714 0
    outer loop
      vertex 9.70892 21.3694 5
      vertex 9.85366 21.3923 0
      vertex 9.70892 21.3694 0
    endloop
  endfacet
  facet normal 0.998618 -0.0525588 0
    outer loop
      vertex 11.3923 19.8537 5
      vertex 11.4 20 0
      vertex 11.4 20 5
    endloop
  endfacet
  facet normal 0.998618 -0.0525588 0
    outer loop
      vertex 11.4 20 0
      vertex 11.3923 19.8537 5
      vertex 11.3923 19.8537 0
    endloop
  endfacet
  facet normal 0.707107 -0.707107 0
    outer loop
      vertex 10.9368 18.9596 5
      vertex 11.0404 19.0632 0
      vertex 11.0404 19.0632 5
    endloop
  endfacet
  facet normal 0.707107 -0.707107 0
    outer loop
      vertex 11.0404 19.0632 0
      vertex 10.9368 18.9596 5
      vertex 10.9368 18.9596 0
    endloop
  endfacet
  facet normal -0.629245 -0.777207 0
    outer loop
      vertex 9.06322 18.9596 0
      vertex 9.1771 18.8674 5
      vertex 9.06322 18.9596 5
    endloop
  endfacet
  facet normal -0.629245 -0.777207 -0
    outer loop
      vertex 9.1771 18.8674 5
      vertex 9.06322 18.9596 0
      vertex 9.1771 18.8674 0
    endloop
  endfacet
  facet normal -0.838646 -0.544677 0
    outer loop
      vertex 8.86738 19.1771 0
      vertex 8.78756 19.3 5
      vertex 8.78756 19.3 0
    endloop
  endfacet
  facet normal -0.838646 -0.544677 0
    outer loop
      vertex 8.78756 19.3 5
      vertex 8.86738 19.1771 0
      vertex 8.86738 19.1771 5
    endloop
  endfacet
  facet normal -0.777194 -0.629261 0
    outer loop
      vertex 8.9596 19.0632 0
      vertex 8.86738 19.1771 5
      vertex 8.86738 19.1771 0
    endloop
  endfacet
  facet normal -0.777194 -0.629261 0
    outer loop
      vertex 8.86738 19.1771 5
      vertex 8.9596 19.0632 0
      vertex 8.9596 19.0632 5
    endloop
  endfacet
  facet normal -0.998629 -0.0523546 0
    outer loop
      vertex 8.60767 19.8537 0
      vertex 8.6 20 5
      vertex 8.6 20 0
    endloop
  endfacet
  facet normal -0.998629 -0.0523546 0
    outer loop
      vertex 8.6 20 5
      vertex 8.60767 19.8537 0
      vertex 8.60767 19.8537 5
    endloop
  endfacet
  facet normal 0.965951 -0.258725 0
    outer loop
      vertex 11.3315 19.5674 5
      vertex 11.3694 19.7089 0
      vertex 11.3694 19.7089 5
    endloop
  endfacet
  facet normal 0.965951 -0.258725 0
    outer loop
      vertex 11.3694 19.7089 0
      vertex 11.3315 19.5674 5
      vertex 11.3315 19.5674 0
    endloop
  endfacet
  facet normal 0.777261 -0.629179 0
    outer loop
      vertex 11.0404 19.0632 5
      vertex 11.1326 19.1771 0
      vertex 11.1326 19.1771 5
    endloop
  endfacet
  facet normal 0.777261 -0.629179 0
    outer loop
      vertex 11.1326 19.1771 0
      vertex 11.0404 19.0632 5
      vertex 11.0404 19.0632 0
    endloop
  endfacet
  facet normal 0.544581 -0.838709 0
    outer loop
      vertex 10.7 18.7876 0
      vertex 10.8229 18.8674 5
      vertex 10.7 18.7876 5
    endloop
  endfacet
  facet normal 0.544581 -0.838709 0
    outer loop
      vertex 10.8229 18.8674 5
      vertex 10.7 18.7876 0
      vertex 10.8229 18.8674 0
    endloop
  endfacet
  facet normal 0.629179 -0.777261 0
    outer loop
      vertex 10.8229 18.8674 0
      vertex 10.9368 18.9596 5
      vertex 10.8229 18.8674 5
    endloop
  endfacet
  facet normal 0.629179 -0.777261 0
    outer loop
      vertex 10.9368 18.9596 5
      vertex 10.8229 18.8674 0
      vertex 10.9368 18.9596 0
    endloop
  endfacet
  facet normal 0.890852 -0.454294 0
    outer loop
      vertex 11.2124 19.3 5
      vertex 11.279 19.4306 0
      vertex 11.279 19.4306 5
    endloop
  endfacet
  facet normal 0.890852 -0.454294 0
    outer loop
      vertex 11.279 19.4306 0
      vertex 11.2124 19.3 5
      vertex 11.2124 19.3 0
    endloop
  endfacet
  facet normal -0.258656 -0.965969 0
    outer loop
      vertex 9.56738 18.6685 0
      vertex 9.70892 18.6306 5
      vertex 9.56738 18.6685 5
    endloop
  endfacet
  facet normal -0.258656 -0.965969 -0
    outer loop
      vertex 9.70892 18.6306 5
      vertex 9.56738 18.6685 0
      vertex 9.70892 18.6306 0
    endloop
  endfacet
  facet normal -0.707039 -0.707175 0
    outer loop
      vertex 9.06322 18.9596 0
      vertex 8.9596 19.0632 5
      vertex 8.9596 19.0632 0
    endloop
  endfacet
  facet normal -0.707039 -0.707175 0
    outer loop
      vertex 8.9596 19.0632 5
      vertex 9.06322 18.9596 0
      vertex 9.06322 18.9596 5
    endloop
  endfacet
  facet normal -0.933564 -0.358412 0
    outer loop
      vertex 8.72104 19.4306 0
      vertex 8.66852 19.5674 5
      vertex 8.66852 19.5674 0
    endloop
  endfacet
  facet normal -0.933564 -0.358412 0
    outer loop
      vertex 8.66852 19.5674 5
      vertex 8.72104 19.4306 0
      vertex 8.72104 19.4306 5
    endloop
  endfacet
  facet normal -0.891073 -0.45386 0
    outer loop
      vertex 8.78756 19.3 0
      vertex 8.72104 19.4306 5
      vertex 8.72104 19.4306 0
    endloop
  endfacet
  facet normal -0.891073 -0.45386 0
    outer loop
      vertex 8.72104 19.4306 5
      vertex 8.78756 19.3 0
      vertex 8.78756 19.3 5
    endloop
  endfacet
  facet normal -0.987703 -0.156341 0
    outer loop
      vertex 8.63059 19.7089 0
      vertex 8.60767 19.8537 5
      vertex 8.60767 19.8537 0
    endloop
  endfacet
  facet normal -0.987703 -0.156341 0
    outer loop
      vertex 8.60767 19.8537 5
      vertex 8.63059 19.7089 0
      vertex 8.63059 19.7089 5
    endloop
  endfacet
  facet normal 0.156208 -0.987724 0
    outer loop
      vertex 10.1463 18.6077 0
      vertex 10.2911 18.6306 5
      vertex 10.1463 18.6077 5
    endloop
  endfacet
  facet normal 0.156208 -0.987724 0
    outer loop
      vertex 10.2911 18.6306 5
      vertex 10.1463 18.6077 0
      vertex 10.2911 18.6306 0
    endloop
  endfacet
  facet normal 0.987724 -0.156208 0
    outer loop
      vertex 11.3694 19.7089 5
      vertex 11.3923 19.8537 0
      vertex 11.3923 19.8537 5
    endloop
  endfacet
  facet normal 0.987724 -0.156208 0
    outer loop
      vertex 11.3923 19.8537 0
      vertex 11.3694 19.7089 5
      vertex 11.3694 19.7089 0
    endloop
  endfacet
  facet normal 0.838709 -0.544581 0
    outer loop
      vertex 11.1326 19.1771 5
      vertex 11.2124 19.3 0
      vertex 11.2124 19.3 5
    endloop
  endfacet
  facet normal 0.838709 -0.544581 0
    outer loop
      vertex 11.2124 19.3 0
      vertex 11.1326 19.1771 5
      vertex 11.1326 19.1771 0
    endloop
  endfacet
  facet normal 0.933609 -0.358293 0
    outer loop
      vertex 11.279 19.4306 5
      vertex 11.3315 19.5674 0
      vertex 11.3315 19.5674 5
    endloop
  endfacet
  facet normal 0.933609 -0.358293 0
    outer loop
      vertex 11.3315 19.5674 0
      vertex 11.279 19.4306 5
      vertex 11.279 19.4306 0
    endloop
  endfacet
  facet normal -0.454376 -0.89081 0
    outer loop
      vertex 9.3 18.7876 0
      vertex 9.43057 18.721 5
      vertex 9.3 18.7876 5
    endloop
  endfacet
  facet normal -0.454376 -0.89081 -0
    outer loop
      vertex 9.43057 18.721 5
      vertex 9.3 18.7876 0
      vertex 9.43057 18.721 0
    endloop
  endfacet
  facet normal -0.9659 -0.258916 0
    outer loop
      vertex 8.66852 19.5674 0
      vertex 8.63059 19.7089 5
      vertex 8.63059 19.7089 0
    endloop
  endfacet
  facet normal -0.9659 -0.258916 0
    outer loop
      vertex 8.63059 19.7089 5
      vertex 8.66852 19.5674 0
      vertex 8.66852 19.5674 5
    endloop
  endfacet
  facet normal 0.258725 -0.965951 0
    outer loop
      vertex 10.2911 18.6306 0
      vertex 10.4326 18.6685 5
      vertex 10.2911 18.6306 5
    endloop
  endfacet
  facet normal 0.258725 -0.965951 0
    outer loop
      vertex 10.4326 18.6685 5
      vertex 10.2911 18.6306 0
      vertex 10.4326 18.6685 0
    endloop
  endfacet
  facet normal -0.156271 -0.987714 0
    outer loop
      vertex 9.70892 18.6306 0
      vertex 9.85366 18.6077 5
      vertex 9.70892 18.6306 5
    endloop
  endfacet
  facet normal -0.156271 -0.987714 -0
    outer loop
      vertex 9.85366 18.6077 5
      vertex 9.70892 18.6306 0
      vertex 9.85366 18.6077 0
    endloop
  endfacet
  facet normal -0.0525445 -0.998619 0
    outer loop
      vertex 9.85366 18.6077 0
      vertex 10 18.6 5
      vertex 9.85366 18.6077 5
    endloop
  endfacet
  facet normal -0.0525445 -0.998619 -0
    outer loop
      vertex 10 18.6 5
      vertex 9.85366 18.6077 0
      vertex 10 18.6 0
    endloop
  endfacet
  facet normal -0.544581 -0.838709 0
    outer loop
      vertex 9.1771 18.8674 0
      vertex 9.3 18.7876 5
      vertex 9.1771 18.8674 5
    endloop
  endfacet
  facet normal -0.544581 -0.838709 -0
    outer loop
      vertex 9.3 18.7876 5
      vertex 9.1771 18.8674 0
      vertex 9.3 18.7876 0
    endloop
  endfacet
  facet normal -0.35827 -0.933618 0
    outer loop
      vertex 9.43057 18.721 0
      vertex 9.56738 18.6685 5
      vertex 9.43057 18.721 5
    endloop
  endfacet
  facet normal -0.35827 -0.933618 -0
    outer loop
      vertex 9.56738 18.6685 5
      vertex 9.43057 18.721 0
      vertex 9.56738 18.6685 0
    endloop
  endfacet
  facet normal 0.838709 0.544581 0
    outer loop
      vertex 11.2124 30.7 5
      vertex 11.1326 30.8229 0
      vertex 11.1326 30.8229 5
    endloop
  endfacet
  facet normal 0.838709 0.544581 0
    outer loop
      vertex 11.1326 30.8229 0
      vertex 11.2124 30.7 5
      vertex 11.2124 30.7 0
    endloop
  endfacet
  facet normal 0.358293 0.933609 -0
    outer loop
      vertex 10.5694 31.279 0
      vertex 10.4326 31.3315 5
      vertex 10.5694 31.279 5
    endloop
  endfacet
  facet normal 0.358293 0.933609 0
    outer loop
      vertex 10.4326 31.3315 5
      vertex 10.5694 31.279 0
      vertex 10.4326 31.3315 0
    endloop
  endfacet
  facet normal -0.454376 0.89081 0
    outer loop
      vertex 9.43057 31.279 0
      vertex 9.3 31.2124 5
      vertex 9.43057 31.279 5
    endloop
  endfacet
  facet normal -0.454376 0.89081 0
    outer loop
      vertex 9.3 31.2124 5
      vertex 9.43057 31.279 0
      vertex 9.3 31.2124 0
    endloop
  endfacet
  facet normal -0.933564 0.358412 0
    outer loop
      vertex 8.66852 30.4326 0
      vertex 8.72104 30.5694 5
      vertex 8.72104 30.5694 0
    endloop
  endfacet
  facet normal -0.933564 0.358412 0
    outer loop
      vertex 8.72104 30.5694 5
      vertex 8.66852 30.4326 0
      vertex 8.66852 30.4326 5
    endloop
  endfacet
  facet normal 0.998618 -0.0525588 0
    outer loop
      vertex 11.3923 29.8537 5
      vertex 11.4 30 0
      vertex 11.4 30 5
    endloop
  endfacet
  facet normal 0.998618 -0.0525588 0
    outer loop
      vertex 11.4 30 0
      vertex 11.3923 29.8537 5
      vertex 11.3923 29.8537 0
    endloop
  endfacet
  facet normal 0.544581 0.838709 -0
    outer loop
      vertex 10.8229 31.1326 0
      vertex 10.7 31.2124 5
      vertex 10.8229 31.1326 5
    endloop
  endfacet
  facet normal 0.544581 0.838709 0
    outer loop
      vertex 10.7 31.2124 5
      vertex 10.8229 31.1326 0
      vertex 10.7 31.2124 0
    endloop
  endfacet
  facet normal 0 0 -1
    outer loop
      vertex 11.3923 29.8537 0
      vertex 11.3923 30.1463 0
      vertex 11.4 30 0
    endloop
  endfacet
  facet normal 0 0 -1
    outer loop
      vertex 11.3694 29.7089 0
      vertex 11.3923 30.1463 0
      vertex 11.3923 29.8537 0
    endloop
  endfacet
  facet normal 0 0 -1
    outer loop
      vertex 11.3694 29.7089 0
      vertex 11.3694 30.2911 0
      vertex 11.3923 30.1463 0
    endloop
  endfacet
  facet normal 0 0 -1
    outer loop
      vertex 11.3315 29.5674 0
      vertex 11.3694 30.2911 0
      vertex 11.3694 29.7089 0
    endloop
  endfacet
  facet normal 0 0 -1
    outer loop
      vertex 11.3315 29.5674 0
      vertex 11.3315 30.4326 0
      vertex 11.3694 30.2911 0
    endloop
  endfacet
  facet normal 0 0 -1
    outer loop
      vertex 11.279 29.4306 0
      vertex 11.3315 30.4326 0
      vertex 11.3315 29.5674 0
    endloop
  endfacet
  facet normal 0 0 -1
    outer loop
      vertex 11.279 29.4306 0
      vertex 11.279 30.5694 0
      vertex 11.3315 30.4326 0
    endloop
  endfacet
  facet normal 0 0 -1
    outer loop
      vertex 11.2124 29.3 0
      vertex 11.279 30.5694 0
      vertex 11.279 29.4306 0
    endloop
  endfacet
  facet normal 0 0 -1
    outer loop
      vertex 11.2124 29.3 0
      vertex 11.2124 30.7 0
      vertex 11.279 30.5694 0
    endloop
  endfacet
  facet normal 0 0 -1
    outer loop
      vertex 11.1326 29.1771 0
      vertex 11.2124 30.7 0
      vertex 11.2124 29.3 0
    endloop
  endfacet
  facet normal 0 0 -1
    outer loop
      vertex 11.1326 29.1771 0
      vertex 11.1326 30.8229 0
      vertex 11.2124 30.7 0
    endloop
  endfacet
  facet normal 0 0 -1
    outer loop
      vertex 11.0404 29.0632 0
      vertex 11.1326 30.8229 0
      vertex 11.1326 29.1771 0
    endloop
  endfacet
  facet normal 0 0 -1
    outer loop
      vertex 11.0404 29.0632 0
      vertex 11.0404 30.9368 0
      vertex 11.1326 30.8229 0
    endloop
  endfacet
  facet normal 0 0 -1
    outer loop
      vertex 10.9368 28.9596 0
      vertex 11.0404 30.9368 0
      vertex 11.0404 29.0632 0
    endloop
  endfacet
  facet normal 0 0 -1
    outer loop
      vertex 10.9368 28.9596 0
      vertex 10.9368 31.0404 0
      vertex 11.0404 30.9368 0
    endloop
  endfacet
  facet normal 0 0 -1
    outer loop
      vertex 10.8229 28.8674 0
      vertex 10.9368 31.0404 0
      vertex 10.9368 28.9596 0
    endloop
  endfacet
  facet normal 0 0 -1
    outer loop
      vertex 10.8229 28.8674 0
      vertex 10.8229 31.1326 0
      vertex 10.9368 31.0404 0
    endloop
  endfacet
  facet normal 0 0 -1
    outer loop
      vertex 10.7 28.7876 0
      vertex 10.8229 31.1326 0
      vertex 10.8229 28.8674 0
    endloop
  endfacet
  facet normal 0 0 -1
    outer loop
      vertex 10.7 28.7876 0
      vertex 10.7 31.2124 0
      vertex 10.8229 31.1326 0
    endloop
  endfacet
  facet normal 0 0 -1
    outer loop
      vertex 10.5694 28.721 0
      vertex 10.7 31.2124 0
      vertex 10.7 28.7876 0
    endloop
  endfacet
  facet normal 0 0 -1
    outer loop
      vertex 10.5694 28.721 0
      vertex 10.5694 31.279 0
      vertex 10.7 31.2124 0
    endloop
  endfacet
  facet normal 0 0 -1
    outer loop
      vertex 10.4326 28.6685 0
      vertex 10.5694 31.279 0
      vertex 10.5694 28.721 0
    endloop
  endfacet
  facet normal 0 0 -1
    outer loop
      vertex 10.4326 28.6685 0
      vertex 10.4326 31.3315 0
      vertex 10.5694 31.279 0
    endloop
  endfacet
  facet normal 0 0 -1
    outer loop
      vertex 10.2911 28.6306 0
      vertex 10.4326 31.3315 0
      vertex 10.4326 28.6685 0
    endloop
  endfacet
  facet normal 0 0 -1
    outer loop
      vertex 10.2911 28.6306 0
      vertex 10.2911 31.3694 0
      vertex 10.4326 31.3315 0
    endloop
  endfacet
  facet normal 0 0 -1
    outer loop
      vertex 10.1463 28.6077 0
      vertex 10.2911 31.3694 0
      vertex 10.2911 28.6306 0
    endloop
  endfacet
  facet normal 0 0 -1
    outer loop
      vertex 10.1463 28.6077 0
      vertex 10.1463 31.3923 0
      vertex 10.2911 31.3694 0
    endloop
  endfacet
  facet normal 0 0 -1
    outer loop
      vertex 10 28.6 0
      vertex 10.1463 31.3923 0
      vertex 10.1463 28.6077 0
    endloop
  endfacet
  facet normal 0 0 -1
    outer loop
      vertex 10 28.6 0
      vertex 10 31.4 0
      vertex 10.1463 31.3923 0
    endloop
  endfacet
  facet normal 0 0 -1
    outer loop
      vertex 9.85366 28.6077 0
      vertex 10 31.4 0
      vertex 10 28.6 0
    endloop
  endfacet
  facet normal 0 0 -1
    outer loop
      vertex 9.85366 28.6077 0
      vertex 9.85366 31.3923 0
      vertex 10 31.4 0
    endloop
  endfacet
  facet normal 0 0 -1
    outer loop
      vertex 9.70892 28.6306 0
      vertex 9.85366 31.3923 0
      vertex 9.85366 28.6077 0
    endloop
  endfacet
  facet normal 0 0 -1
    outer loop
      vertex 9.70892 28.6306 0
      vertex 9.70892 31.3694 0
      vertex 9.85366 31.3923 0
    endloop
  endfacet
  facet normal 0 0 -1
    outer loop
      vertex 9.56738 28.6685 0
      vertex 9.70892 31.3694 0
      vertex 9.70892 28.6306 0
    endloop
  endfacet
  facet normal 0 0 -1
    outer loop
      vertex 9.56738 28.6685 0
      vertex 9.56738 31.3315 0
      vertex 9.70892 31.3694 0
    endloop
  endfacet
  facet normal 0 0 -1
    outer loop
      vertex 9.43057 28.721 0
      vertex 9.56738 31.3315 0
      vertex 9.56738 28.6685 0
    endloop
  endfacet
  facet normal 0 0 -1
    outer loop
      vertex 9.43057 28.721 0
      vertex 9.43057 31.279 0
      vertex 9.56738 31.3315 0
    endloop
  endfacet
  facet normal 0 0 -1
    outer loop
      vertex 9.3 28.7876 0
      vertex 9.43057 31.279 0
      vertex 9.43057 28.721 0
    endloop
  endfacet
  facet normal 0 0 -1
    outer loop
      vertex 9.3 28.7876 0
      vertex 9.3 31.2124 0
      vertex 9.43057 31.279 0
    endloop
  endfacet
  facet normal 0 0 -1
    outer loop
      vertex 9.1771 28.8674 0
      vertex 9.3 31.2124 0
      vertex 9.3 28.7876 0
    endloop
  endfacet
  facet normal 0 0 -1
    outer loop
      vertex 9.1771 28.8674 0
      vertex 9.1771 31.1326 0
      vertex 9.3 31.2124 0
    endloop
  endfacet
  facet normal 0 0 -1
    outer loop
      vertex 9.06322 28.9596 0
      vertex 9.1771 31.1326 0
      vertex 9.1771 28.8674 0
    endloop
  endfacet
  facet normal 0 0 -1
    outer loop
      vertex 9.06322 28.9596 0
      vertex 9.06322 31.0404 0
      vertex 9.1771 31.1326 0
    endloop
  endfacet
  facet normal 0 0 -1
    outer loop
      vertex 8.9596 29.0632 0
      vertex 9.06322 31.0404 0
      vertex 9.06322 28.9596 0
    endloop
  endfacet
  facet normal 0 0 -1
    outer loop
      vertex 8.9596 29.0632 0
      vertex 8.9596 30.9368 0
      vertex 9.06322 31.0404 0
    endloop
  endfacet
  facet normal 0 0 -1
    outer loop
      vertex 8.86738 29.1771 0
      vertex 8.9596 30.9368 0
      vertex 8.9596 29.0632 0
    endloop
  endfacet
  facet normal 0 0 -1
    outer loop
      vertex 8.86738 29.1771 0
      vertex 8.86738 30.8229 0
      vertex 8.9596 30.9368 0
    endloop
  endfacet
  facet normal 0 0 -1
    outer loop
      vertex 8.78756 29.3 0
      vertex 8.86738 30.8229 0
      vertex 8.86738 29.1771 0
    endloop
  endfacet
  facet normal 0 0 -1
    outer loop
      vertex 8.78756 29.3 0
      vertex 8.78756 30.7 0
      vertex 8.86738 30.8229 0
    endloop
  endfacet
  facet normal 0 0 -1
    outer loop
      vertex 8.72104 29.4306 0
      vertex 8.78756 30.7 0
      vertex 8.78756 29.3 0
    endloop
  endfacet
  facet normal 0 0 -1
    outer loop
      vertex 8.72104 29.4306 0
      vertex 8.72104 30.5694 0
      vertex 8.78756 30.7 0
    endloop
  endfacet
  facet normal 0 0 -1
    outer loop
      vertex 8.66852 29.5674 0
      vertex 8.72104 30.5694 0
      vertex 8.72104 29.4306 0
    endloop
  endfacet
  facet normal 0 0 -1
    outer loop
      vertex 8.66852 29.5674 0
      vertex 8.66852 30.4326 0
      vertex 8.72104 30.5694 0
    endloop
  endfacet
  facet normal 0 0 -1
    outer loop
      vertex 8.63059 29.7089 0
      vertex 8.66852 30.4326 0
      vertex 8.66852 29.5674 0
    endloop
  endfacet
  facet normal 0 0 -1
    outer loop
      vertex 8.63059 29.7089 0
      vertex 8.63059 30.2911 0
      vertex 8.66852 30.4326 0
    endloop
  endfacet
  facet normal 0 0 -1
    outer loop
      vertex 8.60767 29.8537 0
      vertex 8.63059 30.2911 0
      vertex 8.63059 29.7089 0
    endloop
  endfacet
  facet normal 0 0 -1
    outer loop
      vertex 8.60767 29.8537 0
      vertex 8.60767 30.1463 0
      vertex 8.63059 30.2911 0
    endloop
  endfacet
  facet normal 0 -0 -1
    outer loop
      vertex 8.60767 30.1463 0
      vertex 8.60767 29.8537 0
      vertex 8.6 30 0
    endloop
  endfacet
  facet normal -0.777194 0.629261 0
    outer loop
      vertex 8.86738 30.8229 0
      vertex 8.9596 30.9368 5
      vertex 8.9596 30.9368 0
    endloop
  endfacet
  facet normal -0.777194 0.629261 0
    outer loop
      vertex 8.9596 30.9368 5
      vertex 8.86738 30.8229 0
      vertex 8.86738 30.8229 5
    endloop
  endfacet
  facet normal -0.544581 0.838709 0
    outer loop
      vertex 9.3 31.2124 0
      vertex 9.1771 31.1326 5
      vertex 9.3 31.2124 5
    endloop
  endfacet
  facet normal -0.544581 0.838709 0
    outer loop
      vertex 9.1771 31.1326 5
      vertex 9.3 31.2124 0
      vertex 9.1771 31.1326 0
    endloop
  endfacet
  facet normal -0.258656 0.965969 0
    outer loop
      vertex 9.70892 31.3694 0
      vertex 9.56738 31.3315 5
      vertex 9.70892 31.3694 5
    endloop
  endfacet
  facet normal -0.258656 0.965969 0
    outer loop
      vertex 9.56738 31.3315 5
      vertex 9.70892 31.3694 0
      vertex 9.56738 31.3315 0
    endloop
  endfacet
  facet normal -0.629245 -0.777207 0
    outer loop
      vertex 9.06322 28.9596 0
      vertex 9.1771 28.8674 5
      vertex 9.06322 28.9596 5
    endloop
  endfacet
  facet normal -0.629245 -0.777207 -0
    outer loop
      vertex 9.1771 28.8674 5
      vertex 9.06322 28.9596 0
      vertex 9.1771 28.8674 0
    endloop
  endfacet
  facet normal -0.838646 -0.544677 0
    outer loop
      vertex 8.86738 29.1771 0
      vertex 8.78756 29.3 5
      vertex 8.78756 29.3 0
    endloop
  endfacet
  facet normal -0.838646 -0.544677 0
    outer loop
      vertex 8.78756 29.3 5
      vertex 8.86738 29.1771 0
      vertex 8.86738 29.1771 5
    endloop
  endfacet
  facet normal 0.987724 0.156208 0
    outer loop
      vertex 11.3923 30.1463 5
      vertex 11.3694 30.2911 0
      vertex 11.3694 30.2911 5
    endloop
  endfacet
  facet normal 0.987724 0.156208 0
    outer loop
      vertex 11.3694 30.2911 0
      vertex 11.3923 30.1463 5
      vertex 11.3923 30.1463 0
    endloop
  endfacet
  facet normal 0.707107 0.707107 -0
    outer loop
      vertex 11.0404 30.9368 0
      vertex 10.9368 31.0404 5
      vertex 11.0404 30.9368 5
    endloop
  endfacet
  facet normal 0.707107 0.707107 0
    outer loop
      vertex 10.9368 31.0404 5
      vertex 11.0404 30.9368 0
      vertex 10.9368 31.0404 0
    endloop
  endfacet
  facet normal -0.0525445 0.998619 0
    outer loop
      vertex 10 31.4 0
      vertex 9.85366 31.3923 5
      vertex 10 31.4 5
    endloop
  endfacet
  facet normal -0.0525445 0.998619 0
    outer loop
      vertex 9.85366 31.3923 5
      vertex 10 31.4 0
      vertex 9.85366 31.3923 0
    endloop
  endfacet
  facet normal 0.258725 0.965951 -0
    outer loop
      vertex 10.4326 31.3315 0
      vertex 10.2911 31.3694 5
      vertex 10.4326 31.3315 5
    endloop
  endfacet
  facet normal 0.258725 0.965951 0
    outer loop
      vertex 10.2911 31.3694 5
      vertex 10.4326 31.3315 0
      vertex 10.2911 31.3694 0
    endloop
  endfacet
  facet normal 0.156208 0.987724 -0
    outer loop
      vertex 10.2911 31.3694 0
      vertex 10.1463 31.3923 5
      vertex 10.2911 31.3694 5
    endloop
  endfacet
  facet normal 0.156208 0.987724 0
    outer loop
      vertex 10.1463 31.3923 5
      vertex 10.2911 31.3694 0
      vertex 10.1463 31.3923 0
    endloop
  endfacet
  facet normal 0.454294 0.890852 -0
    outer loop
      vertex 10.7 31.2124 0
      vertex 10.5694 31.279 5
      vertex 10.7 31.2124 5
    endloop
  endfacet
  facet normal 0.454294 0.890852 0
    outer loop
      vertex 10.5694 31.279 5
      vertex 10.7 31.2124 0
      vertex 10.5694 31.279 0
    endloop
  endfacet
  facet normal 0.629179 0.777261 -0
    outer loop
      vertex 10.9368 31.0404 0
      vertex 10.8229 31.1326 5
      vertex 10.9368 31.0404 5
    endloop
  endfacet
  facet normal 0.629179 0.777261 0
    outer loop
      vertex 10.8229 31.1326 5
      vertex 10.9368 31.0404 0
      vertex 10.8229 31.1326 0
    endloop
  endfacet
  facet normal -0.998629 -0.0523546 0
    outer loop
      vertex 8.60767 29.8537 0
      vertex 8.6 30 5
      vertex 8.6 30 0
    endloop
  endfacet
  facet normal -0.998629 -0.0523546 0
    outer loop
      vertex 8.6 30 5
      vertex 8.60767 29.8537 0
      vertex 8.60767 29.8537 5
    endloop
  endfacet
  facet normal -0.9659 0.258916 0
    outer loop
      vertex 8.63059 30.2911 0
      vertex 8.66852 30.4326 5
      vertex 8.66852 30.4326 0
    endloop
  endfacet
  facet normal -0.9659 0.258916 0
    outer loop
      vertex 8.66852 30.4326 5
      vertex 8.63059 30.2911 0
      vertex 8.63059 30.2911 5
    endloop
  endfacet
  facet normal -0.987703 0.156341 0
    outer loop
      vertex 8.60767 30.1463 0
      vertex 8.63059 30.2911 5
      vertex 8.63059 30.2911 0
    endloop
  endfacet
  facet normal -0.987703 0.156341 0
    outer loop
      vertex 8.63059 30.2911 5
      vertex 8.60767 30.1463 0
      vertex 8.60767 30.1463 5
    endloop
  endfacet
  facet normal -0.891073 0.45386 0
    outer loop
      vertex 8.72104 30.5694 0
      vertex 8.78756 30.7 5
      vertex 8.78756 30.7 0
    endloop
  endfacet
  facet normal -0.891073 0.45386 0
    outer loop
      vertex 8.78756 30.7 5
      vertex 8.72104 30.5694 0
      vertex 8.72104 30.5694 5
    endloop
  endfacet
  facet normal -0.838646 0.544677 0
    outer loop
      vertex 8.78756 30.7 0
      vertex 8.86738 30.8229 5
      vertex 8.86738 30.8229 0
    endloop
  endfacet
  facet normal -0.838646 0.544677 0
    outer loop
      vertex 8.86738 30.8229 5
      vertex 8.78756 30.7 0
      vertex 8.78756 30.7 5
    endloop
  endfacet
  facet normal -0.35827 0.933618 0
    outer loop
      vertex 9.56738 31.3315 0
      vertex 9.43057 31.279 5
      vertex 9.56738 31.3315 5
    endloop
  endfacet
  facet normal -0.35827 0.933618 0
    outer loop
      vertex 9.43057 31.279 5
      vertex 9.56738 31.3315 0
      vertex 9.43057 31.279 0
    endloop
  endfacet
  facet normal -0.156271 0.987714 0
    outer loop
      vertex 9.85366 31.3923 0
      vertex 9.70892 31.3694 5
      vertex 9.85366 31.3923 5
    endloop
  endfacet
  facet normal -0.156271 0.987714 0
    outer loop
      vertex 9.70892 31.3694 5
      vertex 9.85366 31.3923 0
      vertex 9.70892 31.3694 0
    endloop
  endfacet
  facet normal -0.629245 0.777207 0
    outer loop
      vertex 9.1771 31.1326 0
      vertex 9.06322 31.0404 5
      vertex 9.1771 31.1326 5
    endloop
  endfacet
  facet normal -0.629245 0.777207 0
    outer loop
      vertex 9.06322 31.0404 5
      vertex 9.1771 31.1326 0
      vertex 9.06322 31.0404 0
    endloop
  endfacet
  facet normal -0.707039 0.707175 0
    outer loop
      vertex 9.06322 31.0404 0
      vertex 8.9596 30.9368 5
      vertex 9.06322 31.0404 5
    endloop
  endfacet
  facet normal -0.707039 0.707175 0
    outer loop
      vertex 8.9596 30.9368 5
      vertex 9.06322 31.0404 0
      vertex 8.9596 30.9368 0
    endloop
  endfacet
  facet normal 0.998618 0.0525588 0
    outer loop
      vertex 11.4 30 5
      vertex 11.3923 30.1463 0
      vertex 11.3923 30.1463 5
    endloop
  endfacet
  facet normal 0.998618 0.0525588 0
    outer loop
      vertex 11.3923 30.1463 0
      vertex 11.4 30 5
      vertex 11.4 30 0
    endloop
  endfacet
  facet normal 0.965951 -0.258725 0
    outer loop
      vertex 11.3315 29.5674 5
      vertex 11.3694 29.7089 0
      vertex 11.3694 29.7089 5
    endloop
  endfacet
  facet normal 0.965951 -0.258725 0
    outer loop
      vertex 11.3694 29.7089 0
      vertex 11.3315 29.5674 5
      vertex 11.3315 29.5674 0
    endloop
  endfacet
  facet normal -0.0525445 -0.998619 0
    outer loop
      vertex 9.85366 28.6077 0
      vertex 10 28.6 5
      vertex 9.85366 28.6077 5
    endloop
  endfacet
  facet normal -0.0525445 -0.998619 -0
    outer loop
      vertex 10 28.6 5
      vertex 9.85366 28.6077 0
      vertex 10 28.6 0
    endloop
  endfacet
  facet normal 0.454294 -0.890852 0
    outer loop
      vertex 10.5694 28.721 0
      vertex 10.7 28.7876 5
      vertex 10.5694 28.721 5
    endloop
  endfacet
  facet normal 0.454294 -0.890852 0
    outer loop
      vertex 10.7 28.7876 5
      vertex 10.5694 28.721 0
      vertex 10.7 28.7876 0
    endloop
  endfacet
  facet normal 0.890852 0.454294 0
    outer loop
      vertex 11.279 30.5694 5
      vertex 11.2124 30.7 0
      vertex 11.2124 30.7 5
    endloop
  endfacet
  facet normal 0.890852 0.454294 0
    outer loop
      vertex 11.2124 30.7 0
      vertex 11.279 30.5694 5
      vertex 11.279 30.5694 0
    endloop
  endfacet
  facet normal 0.933609 0.358293 0
    outer loop
      vertex 11.3315 30.4326 5
      vertex 11.279 30.5694 0
      vertex 11.279 30.5694 5
    endloop
  endfacet
  facet normal 0.933609 0.358293 0
    outer loop
      vertex 11.279 30.5694 0
      vertex 11.3315 30.4326 5
      vertex 11.3315 30.4326 0
    endloop
  endfacet
  facet normal 0.965951 0.258725 0
    outer loop
      vertex 11.3694 30.2911 5
      vertex 11.3315 30.4326 0
      vertex 11.3315 30.4326 5
    endloop
  endfacet
  facet normal 0.965951 0.258725 0
    outer loop
      vertex 11.3315 30.4326 0
      vertex 11.3694 30.2911 5
      vertex 11.3694 30.2911 0
    endloop
  endfacet
  facet normal 0.777261 0.629179 0
    outer loop
      vertex 11.1326 30.8229 5
      vertex 11.0404 30.9368 0
      vertex 11.0404 30.9368 5
    endloop
  endfacet
  facet normal 0.777261 0.629179 0
    outer loop
      vertex 11.0404 30.9368 0
      vertex 11.1326 30.8229 5
      vertex 11.1326 30.8229 0
    endloop
  endfacet
  facet normal 0.0525588 0.998618 -0
    outer loop
      vertex 10.1463 31.3923 0
      vertex 10 31.4 5
      vertex 10.1463 31.3923 5
    endloop
  endfacet
  facet normal 0.0525588 0.998618 0
    outer loop
      vertex 10 31.4 5
      vertex 10.1463 31.3923 0
      vertex 10 31.4 0
    endloop
  endfacet
  facet normal 0 0 1
    outer loop
      vertex 11.3923 30.1463 5
      vertex 11.3923 29.8537 5
      vertex 11.4 30 5
    endloop
  endfacet
  facet normal 0 0 1
    outer loop
      vertex 11.3694 30.2911 5
      vertex 11.3923 29.8537 5
      vertex 11.3923 30.1463 5
    endloop
  endfacet
  facet normal 0 0 1
    outer loop
      vertex 11.3694 30.2911 5
      vertex 11.3694 29.7089 5
      vertex 11.3923 29.8537 5
    endloop
  endfacet
  facet normal 0 0 1
    outer loop
      vertex 11.3315 30.4326 5
      vertex 11.3694 29.7089 5
      vertex 11.3694 30.2911 5
    endloop
  endfacet
  facet normal 0 0 1
    outer loop
      vertex 11.3315 30.4326 5
      vertex 11.3315 29.5674 5
      vertex 11.3694 29.7089 5
    endloop
  endfacet
  facet normal 0 0 1
    outer loop
      vertex 11.279 30.5694 5
      vertex 11.3315 29.5674 5
      vertex 11.3315 30.4326 5
    endloop
  endfacet
  facet normal 0 0 1
    outer loop
      vertex 11.279 30.5694 5
      vertex 11.279 29.4306 5
      vertex 11.3315 29.5674 5
    endloop
  endfacet
  facet normal 0 0 1
    outer loop
      vertex 11.2124 30.7 5
      vertex 11.279 29.4306 5
      vertex 11.279 30.5694 5
    endloop
  endfacet
  facet normal 0 0 1
    outer loop
      vertex 11.2124 30.7 5
      vertex 11.2124 29.3 5
      vertex 11.279 29.4306 5
    endloop
  endfacet
  facet normal 0 0 1
    outer loop
      vertex 11.1326 30.8229 5
      vertex 11.2124 29.3 5
      vertex 11.2124 30.7 5
    endloop
  endfacet
  facet normal 0 0 1
    outer loop
      vertex 11.1326 30.8229 5
      vertex 11.1326 29.1771 5
      vertex 11.2124 29.3 5
    endloop
  endfacet
  facet normal 0 0 1
    outer loop
      vertex 11.0404 30.9368 5
      vertex 11.1326 29.1771 5
      vertex 11.1326 30.8229 5
    endloop
  endfacet
  facet normal 0 0 1
    outer loop
      vertex 11.0404 30.9368 5
      vertex 11.0404 29.0632 5
      vertex 11.1326 29.1771 5
    endloop
  endfacet
  facet normal 0 0 1
    outer loop
      vertex 10.9368 31.0404 5
      vertex 11.0404 29.0632 5
      vertex 11.0404 30.9368 5
    endloop
  endfacet
  facet normal 0 0 1
    outer loop
      vertex 10.9368 31.0404 5
      vertex 10.9368 28.9596 5
      vertex 11.0404 29.0632 5
    endloop
  endfacet
  facet normal 0 0 1
    outer loop
      vertex 10.8229 31.1326 5
      vertex 10.9368 28.9596 5
      vertex 10.9368 31.0404 5
    endloop
  endfacet
  facet normal 0 0 1
    outer loop
      vertex 10.8229 31.1326 5
      vertex 10.8229 28.8674 5
      vertex 10.9368 28.9596 5
    endloop
  endfacet
  facet normal 0 0 1
    outer loop
      vertex 10.7 31.2124 5
      vertex 10.8229 28.8674 5
      vertex 10.8229 31.1326 5
    endloop
  endfacet
  facet normal 0 0 1
    outer loop
      vertex 10.7 31.2124 5
      vertex 10.7 28.7876 5
      vertex 10.8229 28.8674 5
    endloop
  endfacet
  facet normal 0 0 1
    outer loop
      vertex 10.5694 31.279 5
      vertex 10.7 28.7876 5
      vertex 10.7 31.2124 5
    endloop
  endfacet
  facet normal 0 0 1
    outer loop
      vertex 10.5694 31.279 5
      vertex 10.5694 28.721 5
      vertex 10.7 28.7876 5
    endloop
  endfacet
  facet normal 0 0 1
    outer loop
      vertex 10.4326 31.3315 5
      vertex 10.5694 28.721 5
      vertex 10.5694 31.279 5
    endloop
  endfacet
  facet normal 0 0 1
    outer loop
      vertex 10.4326 31.3315 5
      vertex 10.4326 28.6685 5
      vertex 10.5694 28.721 5
    endloop
  endfacet
  facet normal 0 0 1
    outer loop
      vertex 10.2911 31.3694 5
      vertex 10.4326 28.6685 5
      vertex 10.4326 31.3315 5
    endloop
  endfacet
  facet normal 0 0 1
    outer loop
      vertex 10.2911 31.3694 5
      vertex 10.2911 28.6306 5
      vertex 10.4326 28.6685 5
    endloop
  endfacet
  facet normal 0 0 1
    outer loop
      vertex 10.1463 31.3923 5
      vertex 10.2911 28.6306 5
      vertex 10.2911 31.3694 5
    endloop
  endfacet
  facet normal 0 0 1
    outer loop
      vertex 10.1463 31.3923 5
      vertex 10.1463 28.6077 5
      vertex 10.2911 28.6306 5
    endloop
  endfacet
  facet normal 0 0 1
    outer loop
      vertex 10 31.4 5
      vertex 10.1463 28.6077 5
      vertex 10.1463 31.3923 5
    endloop
  endfacet
  facet normal 0 0 1
    outer loop
      vertex 10 31.4 5
      vertex 10 28.6 5
      vertex 10.1463 28.6077 5
    endloop
  endfacet
  facet normal -0 0 1
    outer loop
      vertex 9.85366 31.3923 5
      vertex 10 28.6 5
      vertex 10 31.4 5
    endloop
  endfacet
  facet normal 0 0 1
    outer loop
      vertex 9.85366 31.3923 5
      vertex 9.85366 28.6077 5
      vertex 10 28.6 5
    endloop
  endfacet
  facet normal -0 0 1
    outer loop
      vertex 9.70892 31.3694 5
      vertex 9.85366 28.6077 5
      vertex 9.85366 31.3923 5
    endloop
  endfacet
  facet normal 0 0 1
    outer loop
      vertex 9.70892 31.3694 5
      vertex 9.70892 28.6306 5
      vertex 9.85366 28.6077 5
    endloop
  endfacet
  facet normal -0 0 1
    outer loop
      vertex 9.56738 31.3315 5
      vertex 9.70892 28.6306 5
      vertex 9.70892 31.3694 5
    endloop
  endfacet
  facet normal 0 0 1
    outer loop
      vertex 9.56738 31.3315 5
      vertex 9.56738 28.6685 5
      vertex 9.70892 28.6306 5
    endloop
  endfacet
  facet normal -0 0 1
    outer loop
      vertex 9.43057 31.279 5
      vertex 9.56738 28.6685 5
      vertex 9.56738 31.3315 5
    endloop
  endfacet
  facet normal 0 0 1
    outer loop
      vertex 9.43057 31.279 5
      vertex 9.43057 28.721 5
      vertex 9.56738 28.6685 5
    endloop
  endfacet
  facet normal -0 0 1
    outer loop
      vertex 9.3 31.2124 5
      vertex 9.43057 28.721 5
      vertex 9.43057 31.279 5
    endloop
  endfacet
  facet normal 0 0 1
    outer loop
      vertex 9.3 31.2124 5
      vertex 9.3 28.7876 5
      vertex 9.43057 28.721 5
    endloop
  endfacet
  facet normal -0 0 1
    outer loop
      vertex 9.1771 31.1326 5
      vertex 9.3 28.7876 5
      vertex 9.3 31.2124 5
    endloop
  endfacet
  facet normal 0 0 1
    outer loop
      vertex 9.1771 31.1326 5
      vertex 9.1771 28.8674 5
      vertex 9.3 28.7876 5
    endloop
  endfacet
  facet normal -0 0 1
    outer loop
      vertex 9.06322 31.0404 5
      vertex 9.1771 28.8674 5
      vertex 9.1771 31.1326 5
    endloop
  endfacet
  facet normal 0 0 1
    outer loop
      vertex 9.06322 31.0404 5
      vertex 9.06322 28.9596 5
      vertex 9.1771 28.8674 5
    endloop
  endfacet
  facet normal -0 0 1
    outer loop
      vertex 8.9596 30.9368 5
      vertex 9.06322 28.9596 5
      vertex 9.06322 31.0404 5
    endloop
  endfacet
  facet normal 0 0 1
    outer loop
      vertex 8.9596 30.9368 5
      vertex 8.9596 29.0632 5
      vertex 9.06322 28.9596 5
    endloop
  endfacet
  facet normal -0 0 1
    outer loop
      vertex 8.86738 30.8229 5
      vertex 8.9596 29.0632 5
      vertex 8.9596 30.9368 5
    endloop
  endfacet
  facet normal 0 0 1
    outer loop
      vertex 8.86738 30.8229 5
      vertex 8.86738 29.1771 5
      vertex 8.9596 29.0632 5
    endloop
  endfacet
  facet normal -0 0 1
    outer loop
      vertex 8.78756 30.7 5
      vertex 8.86738 29.1771 5
      vertex 8.86738 30.8229 5
    endloop
  endfacet
  facet normal 0 0 1
    outer loop
      vertex 8.78756 30.7 5
      vertex 8.78756 29.3 5
      vertex 8.86738 29.1771 5
    endloop
  endfacet
  facet normal -0 0 1
    outer loop
      vertex 8.72104 30.5694 5
      vertex 8.78756 29.3 5
      vertex 8.78756 30.7 5
    endloop
  endfacet
  facet normal 0 0 1
    outer loop
      vertex 8.72104 30.5694 5
      vertex 8.72104 29.4306 5
      vertex 8.78756 29.3 5
    endloop
  endfacet
  facet normal -0 0 1
    outer loop
      vertex 8.66852 30.4326 5
      vertex 8.72104 29.4306 5
      vertex 8.72104 30.5694 5
    endloop
  endfacet
  facet normal 0 0 1
    outer loop
      vertex 8.66852 30.4326 5
      vertex 8.66852 29.5674 5
      vertex 8.72104 29.4306 5
    endloop
  endfacet
  facet normal -0 0 1
    outer loop
      vertex 8.63059 30.2911 5
      vertex 8.66852 29.5674 5
      vertex 8.66852 30.4326 5
    endloop
  endfacet
  facet normal 0 0 1
    outer loop
      vertex 8.63059 30.2911 5
      vertex 8.63059 29.7089 5
      vertex 8.66852 29.5674 5
    endloop
  endfacet
  facet normal -0 0 1
    outer loop
      vertex 8.60767 30.1463 5
      vertex 8.63059 29.7089 5
      vertex 8.63059 30.2911 5
    endloop
  endfacet
  facet normal 0 0 1
    outer loop
      vertex 8.60767 30.1463 5
      vertex 8.60767 29.8537 5
      vertex 8.63059 29.7089 5
    endloop
  endfacet
  facet normal 0 -0 1
    outer loop
      vertex 8.60767 29.8537 5
      vertex 8.60767 30.1463 5
      vertex 8.6 30 5
    endloop
  endfacet
  facet normal -0.998629 0.0523546 0
    outer loop
      vertex 8.6 30 0
      vertex 8.60767 30.1463 5
      vertex 8.60767 30.1463 0
    endloop
  endfacet
  facet normal -0.998629 0.0523546 0
    outer loop
      vertex 8.60767 30.1463 5
      vertex 8.6 30 0
      vertex 8.6 30 5
    endloop
  endfacet
  facet normal 0.838709 -0.544581 0
    outer loop
      vertex 11.1326 29.1771 5
      vertex 11.2124 29.3 0
      vertex 11.2124 29.3 5
    endloop
  endfacet
  facet normal 0.838709 -0.544581 0
    outer loop
      vertex 11.2124 29.3 0
      vertex 11.1326 29.1771 5
      vertex 11.1326 29.1771 0
    endloop
  endfacet
  facet normal 0.890852 -0.454294 0
    outer loop
      vertex 11.2124 29.3 5
      vertex 11.279 29.4306 0
      vertex 11.279 29.4306 5
    endloop
  endfacet
  facet normal 0.890852 -0.454294 0
    outer loop
      vertex 11.279 29.4306 0
      vertex 11.2124 29.3 5
      vertex 11.2124 29.3 0
    endloop
  endfacet
  facet normal -0.987703 -0.156341 0
    outer loop
      vertex 8.63059 29.7089 0
      vertex 8.60767 29.8537 5
      vertex 8.60767 29.8537 0
    endloop
  endfacet
  facet normal -0.987703 -0.156341 0
    outer loop
      vertex 8.60767 29.8537 5
      vertex 8.63059 29.7089 0
      vertex 8.63059 29.7089 5
    endloop
  endfacet
  facet normal -0.933564 -0.358412 0
    outer loop
      vertex 8.72104 29.4306 0
      vertex 8.66852 29.5674 5
      vertex 8.66852 29.5674 0
    endloop
  endfacet
  facet normal -0.933564 -0.358412 0
    outer loop
      vertex 8.66852 29.5674 5
      vertex 8.72104 29.4306 0
      vertex 8.72104 29.4306 5
    endloop
  endfacet
  facet normal 0.156208 -0.987724 0
    outer loop
      vertex 10.1463 28.6077 0
      vertex 10.2911 28.6306 5
      vertex 10.1463 28.6077 5
    endloop
  endfacet
  facet normal 0.156208 -0.987724 0
    outer loop
      vertex 10.2911 28.6306 5
      vertex 10.1463 28.6077 0
      vertex 10.2911 28.6306 0
    endloop
  endfacet
  facet normal 0.358293 -0.933609 0
    outer loop
      vertex 10.4326 28.6685 0
      vertex 10.5694 28.721 5
      vertex 10.4326 28.6685 5
    endloop
  endfacet
  facet normal 0.358293 -0.933609 0
    outer loop
      vertex 10.5694 28.721 5
      vertex 10.4326 28.6685 0
      vertex 10.5694 28.721 0
    endloop
  endfacet
  facet normal 0.987724 -0.156208 0
    outer loop
      vertex 11.3694 29.7089 5
      vertex 11.3923 29.8537 0
      vertex 11.3923 29.8537 5
    endloop
  endfacet
  facet normal 0.987724 -0.156208 0
    outer loop
      vertex 11.3923 29.8537 0
      vertex 11.3694 29.7089 5
      vertex 11.3694 29.7089 0
    endloop
  endfacet
  facet normal 0.544581 -0.838709 0
    outer loop
      vertex 10.7 28.7876 0
      vertex 10.8229 28.8674 5
      vertex 10.7 28.7876 5
    endloop
  endfacet
  facet normal 0.544581 -0.838709 0
    outer loop
      vertex 10.8229 28.8674 5
      vertex 10.7 28.7876 0
      vertex 10.8229 28.8674 0
    endloop
  endfacet
  facet normal 0.777261 -0.629179 0
    outer loop
      vertex 11.0404 29.0632 5
      vertex 11.1326 29.1771 0
      vertex 11.1326 29.1771 5
    endloop
  endfacet
  facet normal 0.777261 -0.629179 0
    outer loop
      vertex 11.1326 29.1771 0
      vertex 11.0404 29.0632 5
      vertex 11.0404 29.0632 0
    endloop
  endfacet
  facet normal 0.933609 -0.358293 0
    outer loop
      vertex 11.279 29.4306 5
      vertex 11.3315 29.5674 0
      vertex 11.3315 29.5674 5
    endloop
  endfacet
  facet normal 0.933609 -0.358293 0
    outer loop
      vertex 11.3315 29.5674 0
      vertex 11.279 29.4306 5
      vertex 11.279 29.4306 0
    endloop
  endfacet
  facet normal -0.544581 -0.838709 0
    outer loop
      vertex 9.1771 28.8674 0
      vertex 9.3 28.7876 5
      vertex 9.1771 28.8674 5
    endloop
  endfacet
  facet normal -0.544581 -0.838709 -0
    outer loop
      vertex 9.3 28.7876 5
      vertex 9.1771 28.8674 0
      vertex 9.3 28.7876 0
    endloop
  endfacet
  facet normal 0.0525588 -0.998618 0
    outer loop
      vertex 10 28.6 0
      vertex 10.1463 28.6077 5
      vertex 10 28.6 5
    endloop
  endfacet
  facet normal 0.0525588 -0.998618 0
    outer loop
      vertex 10.1463 28.6077 5
      vertex 10 28.6 0
      vertex 10.1463 28.6077 0
    endloop
  endfacet
  facet normal -0.454376 -0.89081 0
    outer loop
      vertex 9.3 28.7876 0
      vertex 9.43057 28.721 5
      vertex 9.3 28.7876 5
    endloop
  endfacet
  facet normal -0.454376 -0.89081 -0
    outer loop
      vertex 9.43057 28.721 5
      vertex 9.3 28.7876 0
      vertex 9.43057 28.721 0
    endloop
  endfacet
  facet normal -0.258656 -0.965969 0
    outer loop
      vertex 9.56738 28.6685 0
      vertex 9.70892 28.6306 5
      vertex 9.56738 28.6685 5
    endloop
  endfacet
  facet normal -0.258656 -0.965969 -0
    outer loop
      vertex 9.70892 28.6306 5
      vertex 9.56738 28.6685 0
      vertex 9.70892 28.6306 0
    endloop
  endfacet
  facet normal -0.9659 -0.258916 0
    outer loop
      vertex 8.66852 29.5674 0
      vertex 8.63059 29.7089 5
      vertex 8.63059 29.7089 0
    endloop
  endfacet
  facet normal -0.9659 -0.258916 0
    outer loop
      vertex 8.63059 29.7089 5
      vertex 8.66852 29.5674 0
      vertex 8.66852 29.5674 5
    endloop
  endfacet
  facet normal -0.891073 -0.45386 0
    outer loop
      vertex 8.78756 29.3 0
      vertex 8.72104 29.4306 5
      vertex 8.72104 29.4306 0
    endloop
  endfacet
  facet normal -0.891073 -0.45386 0
    outer loop
      vertex 8.72104 29.4306 5
      vertex 8.78756 29.3 0
      vertex 8.78756 29.3 5
    endloop
  endfacet
  facet normal -0.707039 -0.707175 0
    outer loop
      vertex 9.06322 28.9596 0
      vertex 8.9596 29.0632 5
      vertex 8.9596 29.0632 0
    endloop
  endfacet
  facet normal -0.707039 -0.707175 0
    outer loop
      vertex 8.9596 29.0632 5
      vertex 9.06322 28.9596 0
      vertex 9.06322 28.9596 5
    endloop
  endfacet
  facet normal -0.777194 -0.629261 0
    outer loop
      vertex 8.9596 29.0632 0
      vertex 8.86738 29.1771 5
      vertex 8.86738 29.1771 0
    endloop
  endfacet
  facet normal -0.777194 -0.629261 0
    outer loop
      vertex 8.86738 29.1771 5
      vertex 8.9596 29.0632 0
      vertex 8.9596 29.0632 5
    endloop
  endfacet
  facet normal 0.258725 -0.965951 0
    outer loop
      vertex 10.2911 28.6306 0
      vertex 10.4326 28.6685 5
      vertex 10.2911 28.6306 5
    endloop
  endfacet
  facet normal 0.258725 -0.965951 0
    outer loop
      vertex 10.4326 28.6685 5
      vertex 10.2911 28.6306 0
      vertex 10.4326 28.6685 0
    endloop
  endfacet
  facet normal 0.707107 -0.707107 0
    outer loop
      vertex 10.9368 28.9596 5
      vertex 11.0404 29.0632 0
      vertex 11.0404 29.0632 5
    endloop
  endfacet
  facet normal 0.707107 -0.707107 0
    outer loop
      vertex 11.0404 29.0632 0
      vertex 10.9368 28.9596 5
      vertex 10.9368 28.9596 0
    endloop
  endfacet
  facet normal 0.629179 -0.777261 0
    outer loop
      vertex 10.8229 28.8674 0
      vertex 10.9368 28.9596 5
      vertex 10.8229 28.8674 5
    endloop
  endfacet
  facet normal 0.629179 -0.777261 0
    outer loop
      vertex 10.9368 28.9596 5
      vertex 10.8229 28.8674 0
      vertex 10.9368 28.9596 0
    endloop
  endfacet
  facet normal -0.35827 -0.933618 0
    outer loop
      vertex 9.43057 28.721 0
      vertex 9.56738 28.6685 5
      vertex 9.43057 28.721 5
    endloop
  endfacet
  facet normal -0.35827 -0.933618 -0
    outer loop
      vertex 9.56738 28.6685 5
      vertex 9.43057 28.721 0
      vertex 9.56738 28.6685 0
    endloop
  endfacet
  facet normal -0.156271 -0.987714 0
    outer loop
      vertex 9.70892 28.6306 0
      vertex 9.85366 28.6077 5
      vertex 9.70892 28.6306 5
    endloop
  endfacet
  facet normal -0.156271 -0.987714 -0
    outer loop
      vertex 9.85366 28.6077 5
      vertex 9.70892 28.6306 0
      vertex 9.85366 28.6077 0
    endloop
  endfacet
endsolid OpenSCAD_Model
