solid OpenSCAD_Model
  facet normal 0.998625 -0.0524155 0
    outer loop
      vertex -22.5192 25.6342 11.5
      vertex -22.5 26 8.5
      vertex -22.5 26 11.5
    endloop
  endfacet
  facet normal 0.998625 -0.0524155 0
    outer loop
      vertex -22.5 26 8.5
      vertex -22.5192 25.6342 11.5
      vertex -22.5192 25.6342 8.5
    endloop
  endfacet
  facet normal -0.998625 -0.0524155 0
    outer loop
      vertex -29.4808 25.6342 8.5
      vertex -29.5 26 11.5
      vertex -29.5 26 8.5
    endloop
  endfacet
  facet normal -0.998625 -0.0524155 0
    outer loop
      vertex -29.5 26 11.5
      vertex -29.4808 25.6342 8.5
      vertex -29.4808 25.6342 11.5
    endloop
  endfacet
  facet normal 0.0524155 -0.998625 0
    outer loop
      vertex -26 22.5 8.5
      vertex -25.6342 22.5192 11.5
      vertex -26 22.5 11.5
    endloop
  endfacet
  facet normal 0.0524155 -0.998625 0
    outer loop
      vertex -25.6342 22.5192 11.5
      vertex -26 22.5 8.5
      vertex -25.6342 22.5192 8.5
    endloop
  endfacet
  facet normal 0.707107 -0.707107 0
    outer loop
      vertex -23.658 23.399 11.5
      vertex -23.399 23.658 8.5
      vertex -23.399 23.658 11.5
    endloop
  endfacet
  facet normal 0.707107 -0.707107 0
    outer loop
      vertex -23.399 23.658 8.5
      vertex -23.658 23.399 11.5
      vertex -23.658 23.399 8.5
    endloop
  endfacet
  facet normal -0.629277 -0.777181 0
    outer loop
      vertex -28.342 23.399 8.5
      vertex -28.0572 23.1684 11.5
      vertex -28.342 23.399 11.5
    endloop
  endfacet
  facet normal -0.629277 -0.777181 -0
    outer loop
      vertex -28.0572 23.1684 11.5
      vertex -28.342 23.399 8.5
      vertex -28.0572 23.1684 8.5
    endloop
  endfacet
  facet normal -0.25875 -0.965944 0
    outer loop
      vertex -27.0816 22.6713 8.5
      vertex -26.7277 22.5765 11.5
      vertex -27.0816 22.6713 11.5
    endloop
  endfacet
  facet normal -0.25875 -0.965944 -0
    outer loop
      vertex -26.7277 22.5765 11.5
      vertex -27.0816 22.6713 8.5
      vertex -26.7277 22.5765 8.5
    endloop
  endfacet
  facet normal 0.891017 -0.453971 0
    outer loop
      vertex -22.9689 24.25 11.5
      vertex -22.8026 24.5764 8.5
      vertex -22.8026 24.5764 11.5
    endloop
  endfacet
  facet normal 0.891017 -0.453971 0
    outer loop
      vertex -22.8026 24.5764 8.5
      vertex -22.9689 24.25 11.5
      vertex -22.9689 24.25 8.5
    endloop
  endfacet
  facet normal 0.358412 -0.933564 0
    outer loop
      vertex -24.9184 22.6713 8.5
      vertex -24.5764 22.8026 11.5
      vertex -24.9184 22.6713 11.5
    endloop
  endfacet
  facet normal 0.358412 -0.933564 0
    outer loop
      vertex -24.5764 22.8026 11.5
      vertex -24.9184 22.6713 8.5
      vertex -24.5764 22.8026 8.5
    endloop
  endfacet
  facet normal 0.25875 -0.965944 0
    outer loop
      vertex -25.2723 22.5765 8.5
      vertex -24.9184 22.6713 11.5
      vertex -25.2723 22.5765 11.5
    endloop
  endfacet
  facet normal 0.25875 -0.965944 0
    outer loop
      vertex -24.9184 22.6713 11.5
      vertex -25.2723 22.5765 8.5
      vertex -24.9184 22.6713 8.5
    endloop
  endfacet
  facet normal 0.544643 -0.838668 0
    outer loop
      vertex -24.25 22.9689 8.5
      vertex -23.9428 23.1684 11.5
      vertex -24.25 22.9689 11.5
    endloop
  endfacet
  facet normal 0.544643 -0.838668 0
    outer loop
      vertex -23.9428 23.1684 11.5
      vertex -24.25 22.9689 8.5
      vertex -23.9428 23.1684 8.5
    endloop
  endfacet
  facet normal -0.891017 -0.453971 0
    outer loop
      vertex -29.0311 24.25 8.5
      vertex -29.1974 24.5764 11.5
      vertex -29.1974 24.5764 8.5
    endloop
  endfacet
  facet normal -0.891017 -0.453971 0
    outer loop
      vertex -29.1974 24.5764 11.5
      vertex -29.0311 24.25 8.5
      vertex -29.0311 24.25 11.5
    endloop
  endfacet
  facet normal -0.156383 -0.987696 0
    outer loop
      vertex -26.7277 22.5765 8.5
      vertex -26.3658 22.5192 11.5
      vertex -26.7277 22.5765 11.5
    endloop
  endfacet
  facet normal -0.156383 -0.987696 -0
    outer loop
      vertex -26.3658 22.5192 11.5
      vertex -26.7277 22.5765 8.5
      vertex -26.3658 22.5192 8.5
    endloop
  endfacet
  facet normal 0.933564 0.358412 0
    outer loop
      vertex -22.6713 27.0816 11.5
      vertex -22.8026 27.4236 8.5
      vertex -22.8026 27.4236 11.5
    endloop
  endfacet
  facet normal 0.933564 0.358412 0
    outer loop
      vertex -22.8026 27.4236 8.5
      vertex -22.6713 27.0816 11.5
      vertex -22.6713 27.0816 8.5
    endloop
  endfacet
  facet normal 0 0 1
    outer loop
      vertex -22.5 35 11.5
      vertex -24.2021 29 11.5
      vertex -22.5 29 11.5
    endloop
  endfacet
  facet normal -0 0 1
    outer loop
      vertex -24.5278 25.15 11.5
      vertex -22.9689 24.25 11.5
      vertex -24.447 25.3085 11.5
    endloop
  endfacet
  facet normal 0 0 1
    outer loop
      vertex -23.9428 28.8316 11.5
      vertex -24.3093 26.1777 11.5
      vertex -24.3 26 11.5
    endloop
  endfacet
  facet normal 0 0 1
    outer loop
      vertex -23.9428 28.8316 11.5
      vertex -24.3372 26.3535 11.5
      vertex -24.3093 26.1777 11.5
    endloop
  endfacet
  facet normal 0 0 1
    outer loop
      vertex -23.9428 28.8316 11.5
      vertex -24.3832 26.5253 11.5
      vertex -24.3372 26.3535 11.5
    endloop
  endfacet
  facet normal 0 0 1
    outer loop
      vertex -23.9428 28.8316 11.5
      vertex -24.447 26.6915 11.5
      vertex -24.3832 26.5253 11.5
    endloop
  endfacet
  facet normal 0 0 1
    outer loop
      vertex -23.9428 28.8316 11.5
      vertex -24.5278 26.85 11.5
      vertex -24.447 26.6915 11.5
    endloop
  endfacet
  facet normal 0 0 1
    outer loop
      vertex -23.9428 28.8316 11.5
      vertex -24.6247 26.9992 11.5
      vertex -24.5278 26.85 11.5
    endloop
  endfacet
  facet normal 0 0 1
    outer loop
      vertex -23.9428 28.8316 11.5
      vertex -24.7367 27.1375 11.5
      vertex -24.6247 26.9992 11.5
    endloop
  endfacet
  facet normal 0 0 1
    outer loop
      vertex -27.7979 29 11.5
      vertex -24.2021 29 11.5
      vertex -22.5 35 11.5
    endloop
  endfacet
  facet normal 0 0 1
    outer loop
      vertex -23.9428 28.8316 11.5
      vertex -24.8625 27.2633 11.5
      vertex -24.7367 27.1375 11.5
    endloop
  endfacet
  facet normal 0 0 1
    outer loop
      vertex -23.9428 28.8316 11.5
      vertex -25.0008 27.3753 11.5
      vertex -24.8625 27.2633 11.5
    endloop
  endfacet
  facet normal 0 0 1
    outer loop
      vertex -24.2021 29 11.5
      vertex -25.15 27.4722 11.5
      vertex -25.0008 27.3753 11.5
    endloop
  endfacet
  facet normal 0 0 1
    outer loop
      vertex -24.2021 29 11.5
      vertex -25.3085 27.553 11.5
      vertex -25.15 27.4722 11.5
    endloop
  endfacet
  facet normal 0 0 1
    outer loop
      vertex -24.2021 29 11.5
      vertex -25.4747 27.6168 11.5
      vertex -25.3085 27.553 11.5
    endloop
  endfacet
  facet normal 0 0 1
    outer loop
      vertex -24.2021 29 11.5
      vertex -25.6465 27.6628 11.5
      vertex -25.4747 27.6168 11.5
    endloop
  endfacet
  facet normal 0 -0 1
    outer loop
      vertex -26 27.7 11.5
      vertex -24.2021 29 11.5
      vertex -27.7979 29 11.5
    endloop
  endfacet
  facet normal 0 0 1
    outer loop
      vertex -24.2021 29 11.5
      vertex -25.8223 27.6907 11.5
      vertex -25.6465 27.6628 11.5
    endloop
  endfacet
  facet normal 0 0 1
    outer loop
      vertex -24.2021 29 11.5
      vertex -26 27.7 11.5
      vertex -25.8223 27.6907 11.5
    endloop
  endfacet
  facet normal 0 0 1
    outer loop
      vertex -26 27.7 11.5
      vertex -27.7979 29 11.5
      vertex -26.1777 27.6907 11.5
    endloop
  endfacet
  facet normal 0 0 1
    outer loop
      vertex -26.1777 27.6907 11.5
      vertex -27.7979 29 11.5
      vertex -26.3535 27.6628 11.5
    endloop
  endfacet
  facet normal 0 0 1
    outer loop
      vertex -26.3535 27.6628 11.5
      vertex -27.7979 29 11.5
      vertex -26.5253 27.6168 11.5
    endloop
  endfacet
  facet normal 0 0 1
    outer loop
      vertex -26.5253 27.6168 11.5
      vertex -27.7979 29 11.5
      vertex -26.6915 27.553 11.5
    endloop
  endfacet
  facet normal 0 0 1
    outer loop
      vertex -26.6915 27.553 11.5
      vertex -27.7979 29 11.5
      vertex -26.85 27.4722 11.5
    endloop
  endfacet
  facet normal 0 0 1
    outer loop
      vertex -26.85 27.4722 11.5
      vertex -27.7979 29 11.5
      vertex -26.9992 27.3753 11.5
    endloop
  endfacet
  facet normal -0 0 1
    outer loop
      vertex -28.0572 28.8316 11.5
      vertex -26.9992 27.3753 11.5
      vertex -27.7979 29 11.5
    endloop
  endfacet
  facet normal 0 0 1
    outer loop
      vertex -26.9992 27.3753 11.5
      vertex -28.0572 28.8316 11.5
      vertex -27.1375 27.2633 11.5
    endloop
  endfacet
  facet normal -0 0 1
    outer loop
      vertex -28.342 28.601 11.5
      vertex -27.1375 27.2633 11.5
      vertex -28.0572 28.8316 11.5
    endloop
  endfacet
  facet normal 0 0 1
    outer loop
      vertex -27.4722 26.85 11.5
      vertex -29.0311 27.75 11.5
      vertex -27.553 26.6915 11.5
    endloop
  endfacet
  facet normal -0 0 1
    outer loop
      vertex -29.0311 27.75 11.5
      vertex -27.4722 26.85 11.5
      vertex -28.8316 28.0572 11.5
    endloop
  endfacet
  facet normal 0 0 1
    outer loop
      vertex -27.3753 26.9992 11.5
      vertex -28.8316 28.0572 11.5
      vertex -27.4722 26.85 11.5
    endloop
  endfacet
  facet normal -0 0 1
    outer loop
      vertex -28.8316 28.0572 11.5
      vertex -27.3753 26.9992 11.5
      vertex -28.601 28.342 11.5
    endloop
  endfacet
  facet normal 0 0 1
    outer loop
      vertex -27.2633 27.1375 11.5
      vertex -28.601 28.342 11.5
      vertex -27.3753 26.9992 11.5
    endloop
  endfacet
  facet normal -0 0 1
    outer loop
      vertex -28.601 28.342 11.5
      vertex -27.2633 27.1375 11.5
      vertex -28.342 28.601 11.5
    endloop
  endfacet
  facet normal 0 0 1
    outer loop
      vertex -27.1375 27.2633 11.5
      vertex -28.342 28.601 11.5
      vertex -27.2633 27.1375 11.5
    endloop
  endfacet
  facet normal -0 0 1
    outer loop
      vertex -29.5 35 11.5
      vertex -27.7979 29 11.5
      vertex -22.5 35 11.5
    endloop
  endfacet
  facet normal 0 0 1
    outer loop
      vertex -27.7979 29 11.5
      vertex -29.5 35 11.5
      vertex -29.5 29 11.5
    endloop
  endfacet
  facet normal 0 0 1
    outer loop
      vertex -24.3 26 11.5
      vertex -22.5 26 11.5
      vertex -22.5192 26.3658 11.5
    endloop
  endfacet
  facet normal 0 0 1
    outer loop
      vertex -24.3 26 11.5
      vertex -22.5192 26.3658 11.5
      vertex -22.5765 26.7277 11.5
    endloop
  endfacet
  facet normal 0 0 1
    outer loop
      vertex -22.5 26 11.5
      vertex -24.3 26 11.5
      vertex -22.5192 25.6342 11.5
    endloop
  endfacet
  facet normal 0 0 1
    outer loop
      vertex -24.3 26 11.5
      vertex -22.5765 26.7277 11.5
      vertex -22.6713 27.0816 11.5
    endloop
  endfacet
  facet normal -0 0 1
    outer loop
      vertex -24.3093 25.8223 11.5
      vertex -22.5192 25.6342 11.5
      vertex -24.3 26 11.5
    endloop
  endfacet
  facet normal 0 0 1
    outer loop
      vertex -24.3 26 11.5
      vertex -22.6713 27.0816 11.5
      vertex -22.8026 27.4236 11.5
    endloop
  endfacet
  facet normal 0 0 1
    outer loop
      vertex -22.5192 25.6342 11.5
      vertex -24.3093 25.8223 11.5
      vertex -22.5765 25.2723 11.5
    endloop
  endfacet
  facet normal 0 0 1
    outer loop
      vertex -24.3 26 11.5
      vertex -22.8026 27.4236 11.5
      vertex -22.9689 27.75 11.5
    endloop
  endfacet
  facet normal -0 0 1
    outer loop
      vertex -24.3372 25.6465 11.5
      vertex -22.5765 25.2723 11.5
      vertex -24.3093 25.8223 11.5
    endloop
  endfacet
  facet normal 0 0 1
    outer loop
      vertex -24.3 26 11.5
      vertex -22.9689 27.75 11.5
      vertex -23.1684 28.0572 11.5
    endloop
  endfacet
  facet normal 0 0 1
    outer loop
      vertex -22.5765 25.2723 11.5
      vertex -24.3372 25.6465 11.5
      vertex -22.6713 24.9184 11.5
    endloop
  endfacet
  facet normal 0 0 1
    outer loop
      vertex -24.3 26 11.5
      vertex -23.1684 28.0572 11.5
      vertex -23.399 28.342 11.5
    endloop
  endfacet
  facet normal -0 0 1
    outer loop
      vertex -24.3832 25.4747 11.5
      vertex -22.6713 24.9184 11.5
      vertex -24.3372 25.6465 11.5
    endloop
  endfacet
  facet normal 0 0 1
    outer loop
      vertex -24.3 26 11.5
      vertex -23.399 28.342 11.5
      vertex -23.658 28.601 11.5
    endloop
  endfacet
  facet normal 0 0 1
    outer loop
      vertex -22.6713 24.9184 11.5
      vertex -24.3832 25.4747 11.5
      vertex -22.8026 24.5764 11.5
    endloop
  endfacet
  facet normal 0 0 1
    outer loop
      vertex -24.3 26 11.5
      vertex -23.658 28.601 11.5
      vertex -23.9428 28.8316 11.5
    endloop
  endfacet
  facet normal -0 0 1
    outer loop
      vertex -24.447 25.3085 11.5
      vertex -22.8026 24.5764 11.5
      vertex -24.3832 25.4747 11.5
    endloop
  endfacet
  facet normal 0 0 1
    outer loop
      vertex -25.0008 27.3753 11.5
      vertex -23.9428 28.8316 11.5
      vertex -24.2021 29 11.5
    endloop
  endfacet
  facet normal 0 0 1
    outer loop
      vertex -22.8026 24.5764 11.5
      vertex -24.447 25.3085 11.5
      vertex -22.9689 24.25 11.5
    endloop
  endfacet
  facet normal 0 0 1
    outer loop
      vertex -22.9689 24.25 11.5
      vertex -24.5278 25.15 11.5
      vertex -23.1684 23.9428 11.5
    endloop
  endfacet
  facet normal -0 0 1
    outer loop
      vertex -24.6247 25.0008 11.5
      vertex -23.1684 23.9428 11.5
      vertex -24.5278 25.15 11.5
    endloop
  endfacet
  facet normal 0 0 1
    outer loop
      vertex -23.1684 23.9428 11.5
      vertex -24.6247 25.0008 11.5
      vertex -23.399 23.658 11.5
    endloop
  endfacet
  facet normal -0 0 1
    outer loop
      vertex -24.7367 24.8625 11.5
      vertex -23.399 23.658 11.5
      vertex -24.6247 25.0008 11.5
    endloop
  endfacet
  facet normal 0 0 1
    outer loop
      vertex -23.399 23.658 11.5
      vertex -24.7367 24.8625 11.5
      vertex -23.658 23.399 11.5
    endloop
  endfacet
  facet normal -0 0 1
    outer loop
      vertex -24.8625 24.7367 11.5
      vertex -23.658 23.399 11.5
      vertex -24.7367 24.8625 11.5
    endloop
  endfacet
  facet normal 0 0 1
    outer loop
      vertex -23.658 23.399 11.5
      vertex -24.8625 24.7367 11.5
      vertex -23.9428 23.1684 11.5
    endloop
  endfacet
  facet normal -0 0 1
    outer loop
      vertex -25.0008 24.6247 11.5
      vertex -23.9428 23.1684 11.5
      vertex -24.8625 24.7367 11.5
    endloop
  endfacet
  facet normal 0 0 1
    outer loop
      vertex -23.9428 23.1684 11.5
      vertex -25.0008 24.6247 11.5
      vertex -24.25 22.9689 11.5
    endloop
  endfacet
  facet normal -0 0 1
    outer loop
      vertex -25.15 24.5278 11.5
      vertex -24.25 22.9689 11.5
      vertex -25.0008 24.6247 11.5
    endloop
  endfacet
  facet normal 0 0 1
    outer loop
      vertex -24.25 22.9689 11.5
      vertex -25.15 24.5278 11.5
      vertex -24.5764 22.8026 11.5
    endloop
  endfacet
  facet normal -0 0 1
    outer loop
      vertex -25.3085 24.447 11.5
      vertex -24.5764 22.8026 11.5
      vertex -25.15 24.5278 11.5
    endloop
  endfacet
  facet normal 0 0 1
    outer loop
      vertex -24.5764 22.8026 11.5
      vertex -25.3085 24.447 11.5
      vertex -24.9184 22.6713 11.5
    endloop
  endfacet
  facet normal -0 0 1
    outer loop
      vertex -25.4747 24.3832 11.5
      vertex -24.9184 22.6713 11.5
      vertex -25.3085 24.447 11.5
    endloop
  endfacet
  facet normal 0 0 1
    outer loop
      vertex -24.9184 22.6713 11.5
      vertex -25.4747 24.3832 11.5
      vertex -25.2723 22.5765 11.5
    endloop
  endfacet
  facet normal -0 0 1
    outer loop
      vertex -25.6465 24.3372 11.5
      vertex -25.2723 22.5765 11.5
      vertex -25.4747 24.3832 11.5
    endloop
  endfacet
  facet normal 0 0 1
    outer loop
      vertex -25.2723 22.5765 11.5
      vertex -25.6465 24.3372 11.5
      vertex -25.6342 22.5192 11.5
    endloop
  endfacet
  facet normal -0 0 1
    outer loop
      vertex -25.8223 24.3093 11.5
      vertex -25.6342 22.5192 11.5
      vertex -25.6465 24.3372 11.5
    endloop
  endfacet
  facet normal -0 0 1
    outer loop
      vertex -26 24.3 11.5
      vertex -25.6342 22.5192 11.5
      vertex -25.8223 24.3093 11.5
    endloop
  endfacet
  facet normal 0 0 1
    outer loop
      vertex -26 24.3 11.5
      vertex -26 22.5 11.5
      vertex -25.6342 22.5192 11.5
    endloop
  endfacet
  facet normal 0 0 1
    outer loop
      vertex -26.1777 24.3093 11.5
      vertex -26 22.5 11.5
      vertex -26 24.3 11.5
    endloop
  endfacet
  facet normal 0 0 1
    outer loop
      vertex -26.3658 22.5192 11.5
      vertex -26.1777 24.3093 11.5
      vertex -26.3535 24.3372 11.5
    endloop
  endfacet
  facet normal 0 0 1
    outer loop
      vertex -26.1777 24.3093 11.5
      vertex -26.3658 22.5192 11.5
      vertex -26 22.5 11.5
    endloop
  endfacet
  facet normal 0 0 1
    outer loop
      vertex -26.7277 22.5765 11.5
      vertex -26.3535 24.3372 11.5
      vertex -26.5253 24.3832 11.5
    endloop
  endfacet
  facet normal 0 0 1
    outer loop
      vertex -27.0816 22.6713 11.5
      vertex -26.5253 24.3832 11.5
      vertex -26.6915 24.447 11.5
    endloop
  endfacet
  facet normal 0 0 1
    outer loop
      vertex -26.3535 24.3372 11.5
      vertex -26.7277 22.5765 11.5
      vertex -26.3658 22.5192 11.5
    endloop
  endfacet
  facet normal 0 0 1
    outer loop
      vertex -27.4236 22.8026 11.5
      vertex -26.6915 24.447 11.5
      vertex -26.85 24.5278 11.5
    endloop
  endfacet
  facet normal 0 0 1
    outer loop
      vertex -27.75 22.9689 11.5
      vertex -26.85 24.5278 11.5
      vertex -26.9992 24.6247 11.5
    endloop
  endfacet
  facet normal 0 0 1
    outer loop
      vertex -26.5253 24.3832 11.5
      vertex -27.0816 22.6713 11.5
      vertex -26.7277 22.5765 11.5
    endloop
  endfacet
  facet normal 0 0 1
    outer loop
      vertex -27.75 22.9689 11.5
      vertex -26.9992 24.6247 11.5
      vertex -27.1375 24.7367 11.5
    endloop
  endfacet
  facet normal 0 0 1
    outer loop
      vertex -27.75 22.9689 11.5
      vertex -27.1375 24.7367 11.5
      vertex -27.2633 24.8625 11.5
    endloop
  endfacet
  facet normal 0 0 1
    outer loop
      vertex -27.75 22.9689 11.5
      vertex -27.2633 24.8625 11.5
      vertex -27.3753 25.0008 11.5
    endloop
  endfacet
  facet normal 0 0 1
    outer loop
      vertex -26.6915 24.447 11.5
      vertex -27.4236 22.8026 11.5
      vertex -27.0816 22.6713 11.5
    endloop
  endfacet
  facet normal 0 0 1
    outer loop
      vertex -27.75 22.9689 11.5
      vertex -27.3753 25.0008 11.5
      vertex -27.4722 25.15 11.5
    endloop
  endfacet
  facet normal 0 0 1
    outer loop
      vertex -27.75 22.9689 11.5
      vertex -27.4722 25.15 11.5
      vertex -27.553 25.3085 11.5
    endloop
  endfacet
  facet normal 0 0 1
    outer loop
      vertex -27.75 22.9689 11.5
      vertex -27.553 25.3085 11.5
      vertex -27.6168 25.4747 11.5
    endloop
  endfacet
  facet normal 0 0 1
    outer loop
      vertex -27.75 22.9689 11.5
      vertex -27.6168 25.4747 11.5
      vertex -27.6628 25.6465 11.5
    endloop
  endfacet
  facet normal 0 0 1
    outer loop
      vertex -27.75 22.9689 11.5
      vertex -27.6628 25.6465 11.5
      vertex -27.6907 25.8223 11.5
    endloop
  endfacet
  facet normal 0 0 1
    outer loop
      vertex -26.85 24.5278 11.5
      vertex -27.75 22.9689 11.5
      vertex -27.4236 22.8026 11.5
    endloop
  endfacet
  facet normal 0 0 1
    outer loop
      vertex -27.75 22.9689 11.5
      vertex -27.6907 25.8223 11.5
      vertex -27.7 26 11.5
    endloop
  endfacet
  facet normal -0 0 1
    outer loop
      vertex -29.1974 27.4236 11.5
      vertex -27.553 26.6915 11.5
      vertex -29.0311 27.75 11.5
    endloop
  endfacet
  facet normal 0 0 1
    outer loop
      vertex -27.7 26 11.5
      vertex -28.0572 23.1684 11.5
      vertex -27.75 22.9689 11.5
    endloop
  endfacet
  facet normal 0 0 1
    outer loop
      vertex -27.553 26.6915 11.5
      vertex -29.1974 27.4236 11.5
      vertex -27.6168 26.5253 11.5
    endloop
  endfacet
  facet normal 0 0 1
    outer loop
      vertex -27.7 26 11.5
      vertex -28.342 23.399 11.5
      vertex -28.0572 23.1684 11.5
    endloop
  endfacet
  facet normal -0 0 1
    outer loop
      vertex -29.3287 27.0816 11.5
      vertex -27.6168 26.5253 11.5
      vertex -29.1974 27.4236 11.5
    endloop
  endfacet
  facet normal 0 0 1
    outer loop
      vertex -27.7 26 11.5
      vertex -28.601 23.658 11.5
      vertex -28.342 23.399 11.5
    endloop
  endfacet
  facet normal 0 0 1
    outer loop
      vertex -27.6168 26.5253 11.5
      vertex -29.3287 27.0816 11.5
      vertex -27.6628 26.3535 11.5
    endloop
  endfacet
  facet normal 0 0 1
    outer loop
      vertex -27.7 26 11.5
      vertex -28.8316 23.9428 11.5
      vertex -28.601 23.658 11.5
    endloop
  endfacet
  facet normal -0 0 1
    outer loop
      vertex -29.4235 26.7277 11.5
      vertex -27.6628 26.3535 11.5
      vertex -29.3287 27.0816 11.5
    endloop
  endfacet
  facet normal 0 0 1
    outer loop
      vertex -27.7 26 11.5
      vertex -29.0311 24.25 11.5
      vertex -28.8316 23.9428 11.5
    endloop
  endfacet
  facet normal 0 0 1
    outer loop
      vertex -27.6628 26.3535 11.5
      vertex -29.4235 26.7277 11.5
      vertex -27.6907 26.1777 11.5
    endloop
  endfacet
  facet normal 0 0 1
    outer loop
      vertex -27.7 26 11.5
      vertex -29.1974 24.5764 11.5
      vertex -29.0311 24.25 11.5
    endloop
  endfacet
  facet normal -0 0 1
    outer loop
      vertex -29.4808 26.3658 11.5
      vertex -27.6907 26.1777 11.5
      vertex -29.4235 26.7277 11.5
    endloop
  endfacet
  facet normal 0 0 1
    outer loop
      vertex -27.7 26 11.5
      vertex -29.3287 24.9184 11.5
      vertex -29.1974 24.5764 11.5
    endloop
  endfacet
  facet normal 0 0 1
    outer loop
      vertex -27.6907 26.1777 11.5
      vertex -29.4808 26.3658 11.5
      vertex -27.7 26 11.5
    endloop
  endfacet
  facet normal 0 0 1
    outer loop
      vertex -27.7 26 11.5
      vertex -29.4235 25.2723 11.5
      vertex -29.3287 24.9184 11.5
    endloop
  endfacet
  facet normal 0 0 1
    outer loop
      vertex -29.5 26 11.5
      vertex -27.7 26 11.5
      vertex -29.4808 26.3658 11.5
    endloop
  endfacet
  facet normal 0 0 1
    outer loop
      vertex -27.7 26 11.5
      vertex -29.4808 25.6342 11.5
      vertex -29.4235 25.2723 11.5
    endloop
  endfacet
  facet normal 0 0 1
    outer loop
      vertex -27.7 26 11.5
      vertex -29.5 26 11.5
      vertex -29.4808 25.6342 11.5
    endloop
  endfacet
  facet normal 0.965944 -0.25875 0
    outer loop
      vertex -22.6713 24.9184 11.5
      vertex -22.5765 25.2723 8.5
      vertex -22.5765 25.2723 11.5
    endloop
  endfacet
  facet normal 0.965944 -0.25875 0
    outer loop
      vertex -22.5765 25.2723 8.5
      vertex -22.6713 24.9184 11.5
      vertex -22.6713 24.9184 8.5
    endloop
  endfacet
  facet normal 0.987696 -0.156383 0
    outer loop
      vertex -22.5765 25.2723 11.5
      vertex -22.5192 25.6342 8.5
      vertex -22.5192 25.6342 11.5
    endloop
  endfacet
  facet normal 0.987696 -0.156383 0
    outer loop
      vertex -22.5192 25.6342 8.5
      vertex -22.5765 25.2723 11.5
      vertex -22.5765 25.2723 8.5
    endloop
  endfacet
  facet normal 0.933564 -0.358412 0
    outer loop
      vertex -22.8026 24.5764 11.5
      vertex -22.6713 24.9184 8.5
      vertex -22.6713 24.9184 11.5
    endloop
  endfacet
  facet normal 0.933564 -0.358412 0
    outer loop
      vertex -22.6713 24.9184 8.5
      vertex -22.8026 24.5764 11.5
      vertex -22.8026 24.5764 8.5
    endloop
  endfacet
  facet normal 0.777181 -0.629277 0
    outer loop
      vertex -23.399 23.658 11.5
      vertex -23.1684 23.9428 8.5
      vertex -23.1684 23.9428 11.5
    endloop
  endfacet
  facet normal 0.777181 -0.629277 0
    outer loop
      vertex -23.1684 23.9428 8.5
      vertex -23.399 23.658 11.5
      vertex -23.399 23.658 8.5
    endloop
  endfacet
  facet normal 0.838668 -0.544643 0
    outer loop
      vertex -23.1684 23.9428 11.5
      vertex -22.9689 24.25 8.5
      vertex -22.9689 24.25 11.5
    endloop
  endfacet
  facet normal 0.838668 -0.544643 0
    outer loop
      vertex -22.9689 24.25 8.5
      vertex -23.1684 23.9428 11.5
      vertex -23.1684 23.9428 8.5
    endloop
  endfacet
  facet normal 0.156383 -0.987696 0
    outer loop
      vertex -25.6342 22.5192 8.5
      vertex -25.2723 22.5765 11.5
      vertex -25.6342 22.5192 11.5
    endloop
  endfacet
  facet normal 0.156383 -0.987696 0
    outer loop
      vertex -25.2723 22.5765 11.5
      vertex -25.6342 22.5192 8.5
      vertex -25.2723 22.5765 8.5
    endloop
  endfacet
  facet normal 0.453971 -0.891017 0
    outer loop
      vertex -24.5764 22.8026 8.5
      vertex -24.25 22.9689 11.5
      vertex -24.5764 22.8026 11.5
    endloop
  endfacet
  facet normal 0.453971 -0.891017 0
    outer loop
      vertex -24.25 22.9689 11.5
      vertex -24.5764 22.8026 8.5
      vertex -24.25 22.9689 8.5
    endloop
  endfacet
  facet normal 0.629277 -0.777181 0
    outer loop
      vertex -23.9428 23.1684 8.5
      vertex -23.658 23.399 11.5
      vertex -23.9428 23.1684 11.5
    endloop
  endfacet
  facet normal 0.629277 -0.777181 0
    outer loop
      vertex -23.658 23.399 11.5
      vertex -23.9428 23.1684 8.5
      vertex -23.658 23.399 8.5
    endloop
  endfacet
  facet normal -0.965944 -0.25875 0
    outer loop
      vertex -29.3287 24.9184 8.5
      vertex -29.4235 25.2723 11.5
      vertex -29.4235 25.2723 8.5
    endloop
  endfacet
  facet normal -0.965944 -0.25875 0
    outer loop
      vertex -29.4235 25.2723 11.5
      vertex -29.3287 24.9184 8.5
      vertex -29.3287 24.9184 11.5
    endloop
  endfacet
  facet normal -0.777181 -0.629277 0
    outer loop
      vertex -28.601 23.658 8.5
      vertex -28.8316 23.9428 11.5
      vertex -28.8316 23.9428 8.5
    endloop
  endfacet
  facet normal -0.777181 -0.629277 0
    outer loop
      vertex -28.8316 23.9428 11.5
      vertex -28.601 23.658 8.5
      vertex -28.601 23.658 11.5
    endloop
  endfacet
  facet normal -0.707107 -0.707107 0
    outer loop
      vertex -28.342 23.399 8.5
      vertex -28.601 23.658 11.5
      vertex -28.601 23.658 8.5
    endloop
  endfacet
  facet normal -0.707107 -0.707107 0
    outer loop
      vertex -28.601 23.658 11.5
      vertex -28.342 23.399 8.5
      vertex -28.342 23.399 11.5
    endloop
  endfacet
  facet normal -0.838668 -0.544643 0
    outer loop
      vertex -28.8316 23.9428 8.5
      vertex -29.0311 24.25 11.5
      vertex -29.0311 24.25 8.5
    endloop
  endfacet
  facet normal -0.838668 -0.544643 0
    outer loop
      vertex -29.0311 24.25 11.5
      vertex -28.8316 23.9428 8.5
      vertex -28.8316 23.9428 11.5
    endloop
  endfacet
  facet normal -0.933564 -0.358412 0
    outer loop
      vertex -29.1974 24.5764 8.5
      vertex -29.3287 24.9184 11.5
      vertex -29.3287 24.9184 8.5
    endloop
  endfacet
  facet normal -0.933564 -0.358412 0
    outer loop
      vertex -29.3287 24.9184 11.5
      vertex -29.1974 24.5764 8.5
      vertex -29.1974 24.5764 11.5
    endloop
  endfacet
  facet normal -0.987696 -0.156383 0
    outer loop
      vertex -29.4235 25.2723 8.5
      vertex -29.4808 25.6342 11.5
      vertex -29.4808 25.6342 8.5
    endloop
  endfacet
  facet normal -0.987696 -0.156383 0
    outer loop
      vertex -29.4808 25.6342 11.5
      vertex -29.4235 25.2723 8.5
      vertex -29.4235 25.2723 11.5
    endloop
  endfacet
  facet normal 0 0 -1
    outer loop
      vertex -22.5192 25.6342 8.5
      vertex -24.3093 25.8223 8.5
      vertex -24.3 26 8.5
    endloop
  endfacet
  facet normal 0 0 -1
    outer loop
      vertex -23.9428 23.1684 8.5
      vertex -24.3372 25.6465 8.5
      vertex -24.3093 25.8223 8.5
    endloop
  endfacet
  facet normal 0 0 -1
    outer loop
      vertex -23.9428 23.1684 8.5
      vertex -24.3832 25.4747 8.5
      vertex -24.3372 25.6465 8.5
    endloop
  endfacet
  facet normal 0 0 -1
    outer loop
      vertex -23.9428 23.1684 8.5
      vertex -24.447 25.3085 8.5
      vertex -24.3832 25.4747 8.5
    endloop
  endfacet
  facet normal 0 0 -1
    outer loop
      vertex -23.9428 23.1684 8.5
      vertex -24.5278 25.15 8.5
      vertex -24.447 25.3085 8.5
    endloop
  endfacet
  facet normal 0 0 -1
    outer loop
      vertex -25.15 24.5278 8.5
      vertex -24.25 22.9689 8.5
      vertex -24.5764 22.8026 8.5
    endloop
  endfacet
  facet normal 0 0 -1
    outer loop
      vertex -23.9428 23.1684 8.5
      vertex -24.6247 25.0008 8.5
      vertex -24.5278 25.15 8.5
    endloop
  endfacet
  facet normal 0 0 -1
    outer loop
      vertex -23.9428 23.1684 8.5
      vertex -24.7367 24.8625 8.5
      vertex -24.6247 25.0008 8.5
    endloop
  endfacet
  facet normal 0 0 -1
    outer loop
      vertex -23.9428 23.1684 8.5
      vertex -24.8625 24.7367 8.5
      vertex -24.7367 24.8625 8.5
    endloop
  endfacet
  facet normal 0 0 -1
    outer loop
      vertex -25.3085 24.447 8.5
      vertex -24.5764 22.8026 8.5
      vertex -24.9184 22.6713 8.5
    endloop
  endfacet
  facet normal 0 0 -1
    outer loop
      vertex -23.9428 23.1684 8.5
      vertex -25.0008 24.6247 8.5
      vertex -24.8625 24.7367 8.5
    endloop
  endfacet
  facet normal 0 0 -1
    outer loop
      vertex -24.25 22.9689 8.5
      vertex -25.15 24.5278 8.5
      vertex -25.0008 24.6247 8.5
    endloop
  endfacet
  facet normal 0 0 -1
    outer loop
      vertex -25.4747 24.3832 8.5
      vertex -24.9184 22.6713 8.5
      vertex -25.2723 22.5765 8.5
    endloop
  endfacet
  facet normal 0 0 -1
    outer loop
      vertex -24.5764 22.8026 8.5
      vertex -25.3085 24.447 8.5
      vertex -25.15 24.5278 8.5
    endloop
  endfacet
  facet normal 0 0 -1
    outer loop
      vertex -24.9184 22.6713 8.5
      vertex -25.4747 24.3832 8.5
      vertex -25.3085 24.447 8.5
    endloop
  endfacet
  facet normal 0 0 -1
    outer loop
      vertex -25.6465 24.3372 8.5
      vertex -25.2723 22.5765 8.5
      vertex -25.6342 22.5192 8.5
    endloop
  endfacet
  facet normal 0 0 -1
    outer loop
      vertex -25.2723 22.5765 8.5
      vertex -25.6465 24.3372 8.5
      vertex -25.4747 24.3832 8.5
    endloop
  endfacet
  facet normal 0 0 -1
    outer loop
      vertex -25.6342 22.5192 8.5
      vertex -25.8223 24.3093 8.5
      vertex -25.6465 24.3372 8.5
    endloop
  endfacet
  facet normal 0 0 -1
    outer loop
      vertex -26 22.5 8.5
      vertex -25.8223 24.3093 8.5
      vertex -25.6342 22.5192 8.5
    endloop
  endfacet
  facet normal 0 0 -1
    outer loop
      vertex -26 22.5 8.5
      vertex -26 24.3 8.5
      vertex -25.8223 24.3093 8.5
    endloop
  endfacet
  facet normal 0 0 -1
    outer loop
      vertex -26 22.5 8.5
      vertex -26.1777 24.3093 8.5
      vertex -26 24.3 8.5
    endloop
  endfacet
  facet normal 0 0 -1
    outer loop
      vertex -26.3658 22.5192 8.5
      vertex -26.1777 24.3093 8.5
      vertex -26 22.5 8.5
    endloop
  endfacet
  facet normal -0 0 -1
    outer loop
      vertex -26.1777 24.3093 8.5
      vertex -26.3658 22.5192 8.5
      vertex -26.3535 24.3372 8.5
    endloop
  endfacet
  facet normal 0 0 -1
    outer loop
      vertex -26.7277 22.5765 8.5
      vertex -26.3535 24.3372 8.5
      vertex -26.3658 22.5192 8.5
    endloop
  endfacet
  facet normal -0 0 -1
    outer loop
      vertex -26.3535 24.3372 8.5
      vertex -26.7277 22.5765 8.5
      vertex -26.5253 24.3832 8.5
    endloop
  endfacet
  facet normal 0 0 -1
    outer loop
      vertex -27.0816 22.6713 8.5
      vertex -26.5253 24.3832 8.5
      vertex -26.7277 22.5765 8.5
    endloop
  endfacet
  facet normal -0 0 -1
    outer loop
      vertex -26.5253 24.3832 8.5
      vertex -27.0816 22.6713 8.5
      vertex -26.6915 24.447 8.5
    endloop
  endfacet
  facet normal 0 0 -1
    outer loop
      vertex -27.4236 22.8026 8.5
      vertex -26.6915 24.447 8.5
      vertex -27.0816 22.6713 8.5
    endloop
  endfacet
  facet normal -0 0 -1
    outer loop
      vertex -26.6915 24.447 8.5
      vertex -27.4236 22.8026 8.5
      vertex -26.85 24.5278 8.5
    endloop
  endfacet
  facet normal 0 0 -1
    outer loop
      vertex -27.75 22.9689 8.5
      vertex -26.85 24.5278 8.5
      vertex -27.4236 22.8026 8.5
    endloop
  endfacet
  facet normal -0 0 -1
    outer loop
      vertex -26.85 24.5278 8.5
      vertex -27.75 22.9689 8.5
      vertex -26.9992 24.6247 8.5
    endloop
  endfacet
  facet normal 0 0 -1
    outer loop
      vertex -28.0572 23.1684 8.5
      vertex -26.9992 24.6247 8.5
      vertex -27.75 22.9689 8.5
    endloop
  endfacet
  facet normal -0 0 -1
    outer loop
      vertex -26.9992 24.6247 8.5
      vertex -28.0572 23.1684 8.5
      vertex -27.1375 24.7367 8.5
    endloop
  endfacet
  facet normal 0 0 -1
    outer loop
      vertex -28.342 23.399 8.5
      vertex -27.1375 24.7367 8.5
      vertex -28.0572 23.1684 8.5
    endloop
  endfacet
  facet normal -0 0 -1
    outer loop
      vertex -27.1375 24.7367 8.5
      vertex -28.342 23.399 8.5
      vertex -27.2633 24.8625 8.5
    endloop
  endfacet
  facet normal 0 0 -1
    outer loop
      vertex -28.601 23.658 8.5
      vertex -27.2633 24.8625 8.5
      vertex -28.342 23.399 8.5
    endloop
  endfacet
  facet normal -0 0 -1
    outer loop
      vertex -27.2633 24.8625 8.5
      vertex -28.601 23.658 8.5
      vertex -27.3753 25.0008 8.5
    endloop
  endfacet
  facet normal 0 0 -1
    outer loop
      vertex -28.8316 23.9428 8.5
      vertex -27.3753 25.0008 8.5
      vertex -28.601 23.658 8.5
    endloop
  endfacet
  facet normal 0 0 -1
    outer loop
      vertex -29.0311 24.25 8.5
      vertex -27.4722 25.15 8.5
      vertex -28.8316 23.9428 8.5
    endloop
  endfacet
  facet normal -0 0 -1
    outer loop
      vertex -27.3753 25.0008 8.5
      vertex -28.8316 23.9428 8.5
      vertex -27.4722 25.15 8.5
    endloop
  endfacet
  facet normal 0 0 -1
    outer loop
      vertex -24.3 26 8.5
      vertex -22.5 26 8.5
      vertex -22.5192 25.6342 8.5
    endloop
  endfacet
  facet normal 0 0 -1
    outer loop
      vertex -24.3093 25.8223 8.5
      vertex -22.5192 25.6342 8.5
      vertex -22.5765 25.2723 8.5
    endloop
  endfacet
  facet normal 0 0 -1
    outer loop
      vertex -22.5 26 8.5
      vertex -24.3 26 8.5
      vertex -22.5192 26.3658 8.5
    endloop
  endfacet
  facet normal 0 0 -1
    outer loop
      vertex -24.3093 25.8223 8.5
      vertex -22.5765 25.2723 8.5
      vertex -22.6713 24.9184 8.5
    endloop
  endfacet
  facet normal 0 0 -1
    outer loop
      vertex -24.3093 26.1777 8.5
      vertex -22.5192 26.3658 8.5
      vertex -24.3 26 8.5
    endloop
  endfacet
  facet normal 0 0 -1
    outer loop
      vertex -24.3093 25.8223 8.5
      vertex -22.6713 24.9184 8.5
      vertex -22.8026 24.5764 8.5
    endloop
  endfacet
  facet normal -0 0 -1
    outer loop
      vertex -22.5192 26.3658 8.5
      vertex -24.3093 26.1777 8.5
      vertex -22.5765 26.7277 8.5
    endloop
  endfacet
  facet normal 0 0 -1
    outer loop
      vertex -24.3093 25.8223 8.5
      vertex -22.8026 24.5764 8.5
      vertex -22.9689 24.25 8.5
    endloop
  endfacet
  facet normal 0 0 -1
    outer loop
      vertex -24.3372 26.3535 8.5
      vertex -22.5765 26.7277 8.5
      vertex -24.3093 26.1777 8.5
    endloop
  endfacet
  facet normal 0 0 -1
    outer loop
      vertex -24.3093 25.8223 8.5
      vertex -22.9689 24.25 8.5
      vertex -23.1684 23.9428 8.5
    endloop
  endfacet
  facet normal -0 0 -1
    outer loop
      vertex -22.5765 26.7277 8.5
      vertex -24.3372 26.3535 8.5
      vertex -22.6713 27.0816 8.5
    endloop
  endfacet
  facet normal 0 0 -1
    outer loop
      vertex -24.3093 25.8223 8.5
      vertex -23.1684 23.9428 8.5
      vertex -23.399 23.658 8.5
    endloop
  endfacet
  facet normal 0 0 -1
    outer loop
      vertex -24.3832 26.5253 8.5
      vertex -22.6713 27.0816 8.5
      vertex -24.3372 26.3535 8.5
    endloop
  endfacet
  facet normal 0 0 -1
    outer loop
      vertex -24.3093 25.8223 8.5
      vertex -23.399 23.658 8.5
      vertex -23.658 23.399 8.5
    endloop
  endfacet
  facet normal -0 0 -1
    outer loop
      vertex -22.6713 27.0816 8.5
      vertex -24.3832 26.5253 8.5
      vertex -22.8026 27.4236 8.5
    endloop
  endfacet
  facet normal 0 0 -1
    outer loop
      vertex -24.3093 25.8223 8.5
      vertex -23.658 23.399 8.5
      vertex -23.9428 23.1684 8.5
    endloop
  endfacet
  facet normal 0 0 -1
    outer loop
      vertex -24.447 26.6915 8.5
      vertex -22.8026 27.4236 8.5
      vertex -24.3832 26.5253 8.5
    endloop
  endfacet
  facet normal -0 0 -1
    outer loop
      vertex -22.8026 27.4236 8.5
      vertex -24.447 26.6915 8.5
      vertex -22.9689 27.75 8.5
    endloop
  endfacet
  facet normal 0 0 -1
    outer loop
      vertex -25.0008 24.6247 8.5
      vertex -23.9428 23.1684 8.5
      vertex -24.25 22.9689 8.5
    endloop
  endfacet
  facet normal 0 0 -1
    outer loop
      vertex -24.5278 26.85 8.5
      vertex -22.9689 27.75 8.5
      vertex -24.447 26.6915 8.5
    endloop
  endfacet
  facet normal -0 0 -1
    outer loop
      vertex -22.9689 27.75 8.5
      vertex -24.5278 26.85 8.5
      vertex -23.1684 28.0572 8.5
    endloop
  endfacet
  facet normal 0 0 -1
    outer loop
      vertex -24.6247 26.9992 8.5
      vertex -23.1684 28.0572 8.5
      vertex -24.5278 26.85 8.5
    endloop
  endfacet
  facet normal -0 0 -1
    outer loop
      vertex -23.1684 28.0572 8.5
      vertex -24.6247 26.9992 8.5
      vertex -23.399 28.342 8.5
    endloop
  endfacet
  facet normal 0 0 -1
    outer loop
      vertex -24.7367 27.1375 8.5
      vertex -23.399 28.342 8.5
      vertex -24.6247 26.9992 8.5
    endloop
  endfacet
  facet normal -0 0 -1
    outer loop
      vertex -23.399 28.342 8.5
      vertex -24.7367 27.1375 8.5
      vertex -23.658 28.601 8.5
    endloop
  endfacet
  facet normal 0 0 -1
    outer loop
      vertex -24.8625 27.2633 8.5
      vertex -23.658 28.601 8.5
      vertex -24.7367 27.1375 8.5
    endloop
  endfacet
  facet normal -0 0 -1
    outer loop
      vertex -23.658 28.601 8.5
      vertex -24.8625 27.2633 8.5
      vertex -23.9428 28.8316 8.5
    endloop
  endfacet
  facet normal 0 0 -1
    outer loop
      vertex -25.0008 27.3753 8.5
      vertex -23.9428 28.8316 8.5
      vertex -24.8625 27.2633 8.5
    endloop
  endfacet
  facet normal -0 0 -1
    outer loop
      vertex -23.9428 28.8316 8.5
      vertex -25.0008 27.3753 8.5
      vertex -24.2021 29 8.5
    endloop
  endfacet
  facet normal 0 0 -1
    outer loop
      vertex -25.15 27.4722 8.5
      vertex -24.2021 29 8.5
      vertex -25.0008 27.3753 8.5
    endloop
  endfacet
  facet normal 0 0 -1
    outer loop
      vertex -25.3085 27.553 8.5
      vertex -24.2021 29 8.5
      vertex -25.15 27.4722 8.5
    endloop
  endfacet
  facet normal 0 0 -1
    outer loop
      vertex -25.4747 27.6168 8.5
      vertex -24.2021 29 8.5
      vertex -25.3085 27.553 8.5
    endloop
  endfacet
  facet normal 0 0 -1
    outer loop
      vertex -25.6465 27.6628 8.5
      vertex -24.2021 29 8.5
      vertex -25.4747 27.6168 8.5
    endloop
  endfacet
  facet normal 0 0 -1
    outer loop
      vertex -25.8223 27.6907 8.5
      vertex -24.2021 29 8.5
      vertex -25.6465 27.6628 8.5
    endloop
  endfacet
  facet normal 0 0 -1
    outer loop
      vertex -26 27.7 8.5
      vertex -24.2021 29 8.5
      vertex -25.8223 27.6907 8.5
    endloop
  endfacet
  facet normal 0 0 -1
    outer loop
      vertex -27.7979 29 8.5
      vertex -26 27.7 8.5
      vertex -26.1777 27.6907 8.5
    endloop
  endfacet
  facet normal 0 0 -1
    outer loop
      vertex -27.7979 29 8.5
      vertex -26.1777 27.6907 8.5
      vertex -26.3535 27.6628 8.5
    endloop
  endfacet
  facet normal 0 0 -1
    outer loop
      vertex -27.7979 29 8.5
      vertex -26.3535 27.6628 8.5
      vertex -26.5253 27.6168 8.5
    endloop
  endfacet
  facet normal 0 0 -1
    outer loop
      vertex -27.7979 29 8.5
      vertex -26.5253 27.6168 8.5
      vertex -26.6915 27.553 8.5
    endloop
  endfacet
  facet normal 0 0 -1
    outer loop
      vertex -27.7979 29 8.5
      vertex -26.6915 27.553 8.5
      vertex -26.85 27.4722 8.5
    endloop
  endfacet
  facet normal 0 0 -1
    outer loop
      vertex -26 27.7 8.5
      vertex -27.7979 29 8.5
      vertex -24.2021 29 8.5
    endloop
  endfacet
  facet normal 0 0 -1
    outer loop
      vertex -26.9992 27.3753 8.5
      vertex -27.7979 29 8.5
      vertex -26.85 27.4722 8.5
    endloop
  endfacet
  facet normal 0 0 -1
    outer loop
      vertex -28.0572 28.8316 8.5
      vertex -26.9992 27.3753 8.5
      vertex -27.1375 27.2633 8.5
    endloop
  endfacet
  facet normal 0 0 -1
    outer loop
      vertex -28.342 28.601 8.5
      vertex -27.1375 27.2633 8.5
      vertex -27.2633 27.1375 8.5
    endloop
  endfacet
  facet normal 0 0 -1
    outer loop
      vertex -28.601 28.342 8.5
      vertex -27.2633 27.1375 8.5
      vertex -27.3753 26.9992 8.5
    endloop
  endfacet
  facet normal 0 0 -1
    outer loop
      vertex -28.8316 28.0572 8.5
      vertex -27.3753 26.9992 8.5
      vertex -27.4722 26.85 8.5
    endloop
  endfacet
  facet normal 0 0 -1
    outer loop
      vertex -29.0311 27.75 8.5
      vertex -27.4722 26.85 8.5
      vertex -27.553 26.6915 8.5
    endloop
  endfacet
  facet normal 0 0 -1
    outer loop
      vertex -29.1974 27.4236 8.5
      vertex -27.553 26.6915 8.5
      vertex -27.6168 26.5253 8.5
    endloop
  endfacet
  facet normal 0 0 -1
    outer loop
      vertex -29.3287 27.0816 8.5
      vertex -27.6168 26.5253 8.5
      vertex -27.6628 26.3535 8.5
    endloop
  endfacet
  facet normal 0 0 -1
    outer loop
      vertex -29.4235 26.7277 8.5
      vertex -27.6628 26.3535 8.5
      vertex -27.6907 26.1777 8.5
    endloop
  endfacet
  facet normal 0 0 -1
    outer loop
      vertex -29.4808 26.3658 8.5
      vertex -27.6907 26.1777 8.5
      vertex -27.7 26 8.5
    endloop
  endfacet
  facet normal -0 0 -1
    outer loop
      vertex -27.4722 25.15 8.5
      vertex -29.0311 24.25 8.5
      vertex -27.553 25.3085 8.5
    endloop
  endfacet
  facet normal 0 0 -1
    outer loop
      vertex -29.1974 24.5764 8.5
      vertex -27.553 25.3085 8.5
      vertex -29.0311 24.25 8.5
    endloop
  endfacet
  facet normal 0 0 -1
    outer loop
      vertex -26.9992 27.3753 8.5
      vertex -28.0572 28.8316 8.5
      vertex -27.7979 29 8.5
    endloop
  endfacet
  facet normal -0 0 -1
    outer loop
      vertex -27.553 25.3085 8.5
      vertex -29.1974 24.5764 8.5
      vertex -27.6168 25.4747 8.5
    endloop
  endfacet
  facet normal 0 0 -1
    outer loop
      vertex -27.1375 27.2633 8.5
      vertex -28.342 28.601 8.5
      vertex -28.0572 28.8316 8.5
    endloop
  endfacet
  facet normal 0 0 -1
    outer loop
      vertex -29.3287 24.9184 8.5
      vertex -27.6168 25.4747 8.5
      vertex -29.1974 24.5764 8.5
    endloop
  endfacet
  facet normal 0 0 -1
    outer loop
      vertex -27.2633 27.1375 8.5
      vertex -28.601 28.342 8.5
      vertex -28.342 28.601 8.5
    endloop
  endfacet
  facet normal -0 0 -1
    outer loop
      vertex -27.6168 25.4747 8.5
      vertex -29.3287 24.9184 8.5
      vertex -27.6628 25.6465 8.5
    endloop
  endfacet
  facet normal 0 0 -1
    outer loop
      vertex -27.3753 26.9992 8.5
      vertex -28.8316 28.0572 8.5
      vertex -28.601 28.342 8.5
    endloop
  endfacet
  facet normal 0 0 -1
    outer loop
      vertex -29.4235 25.2723 8.5
      vertex -27.6628 25.6465 8.5
      vertex -29.3287 24.9184 8.5
    endloop
  endfacet
  facet normal 0 0 -1
    outer loop
      vertex -27.4722 26.85 8.5
      vertex -29.0311 27.75 8.5
      vertex -28.8316 28.0572 8.5
    endloop
  endfacet
  facet normal -0 0 -1
    outer loop
      vertex -27.6628 25.6465 8.5
      vertex -29.4235 25.2723 8.5
      vertex -27.6907 25.8223 8.5
    endloop
  endfacet
  facet normal 0 0 -1
    outer loop
      vertex -27.553 26.6915 8.5
      vertex -29.1974 27.4236 8.5
      vertex -29.0311 27.75 8.5
    endloop
  endfacet
  facet normal 0 0 -1
    outer loop
      vertex -29.4808 25.6342 8.5
      vertex -27.6907 25.8223 8.5
      vertex -29.4235 25.2723 8.5
    endloop
  endfacet
  facet normal 0 0 -1
    outer loop
      vertex -27.6168 26.5253 8.5
      vertex -29.3287 27.0816 8.5
      vertex -29.1974 27.4236 8.5
    endloop
  endfacet
  facet normal -0 0 -1
    outer loop
      vertex -27.6907 25.8223 8.5
      vertex -29.4808 25.6342 8.5
      vertex -27.7 26 8.5
    endloop
  endfacet
  facet normal 0 0 -1
    outer loop
      vertex -27.6628 26.3535 8.5
      vertex -29.4235 26.7277 8.5
      vertex -29.3287 27.0816 8.5
    endloop
  endfacet
  facet normal 0 0 -1
    outer loop
      vertex -29.5 26 8.5
      vertex -27.7 26 8.5
      vertex -29.4808 25.6342 8.5
    endloop
  endfacet
  facet normal 0 0 -1
    outer loop
      vertex -27.6907 26.1777 8.5
      vertex -29.4808 26.3658 8.5
      vertex -29.4235 26.7277 8.5
    endloop
  endfacet
  facet normal 0 0 -1
    outer loop
      vertex -27.7 26 8.5
      vertex -29.5 26 8.5
      vertex -29.4808 26.3658 8.5
    endloop
  endfacet
  facet normal -0.453971 -0.891017 0
    outer loop
      vertex -27.75 22.9689 8.5
      vertex -27.4236 22.8026 11.5
      vertex -27.75 22.9689 11.5
    endloop
  endfacet
  facet normal -0.453971 -0.891017 -0
    outer loop
      vertex -27.4236 22.8026 11.5
      vertex -27.75 22.9689 8.5
      vertex -27.4236 22.8026 8.5
    endloop
  endfacet
  facet normal -0.358412 -0.933564 0
    outer loop
      vertex -27.4236 22.8026 8.5
      vertex -27.0816 22.6713 11.5
      vertex -27.4236 22.8026 11.5
    endloop
  endfacet
  facet normal -0.358412 -0.933564 -0
    outer loop
      vertex -27.0816 22.6713 11.5
      vertex -27.4236 22.8026 8.5
      vertex -27.0816 22.6713 8.5
    endloop
  endfacet
  facet normal -0.544643 -0.838668 0
    outer loop
      vertex -28.0572 23.1684 8.5
      vertex -27.75 22.9689 11.5
      vertex -28.0572 23.1684 11.5
    endloop
  endfacet
  facet normal -0.544643 -0.838668 -0
    outer loop
      vertex -27.75 22.9689 11.5
      vertex -28.0572 23.1684 8.5
      vertex -27.75 22.9689 8.5
    endloop
  endfacet
  facet normal -0.0524155 -0.998625 0
    outer loop
      vertex -26.3658 22.5192 8.5
      vertex -26 22.5 11.5
      vertex -26.3658 22.5192 11.5
    endloop
  endfacet
  facet normal -0.0524155 -0.998625 -0
    outer loop
      vertex -26 22.5 11.5
      vertex -26.3658 22.5192 8.5
      vertex -26 22.5 8.5
    endloop
  endfacet
  facet normal 0.629277 0.777181 -0
    outer loop
      vertex -23.658 28.601 8.5
      vertex -23.9428 28.8316 11.5
      vertex -23.658 28.601 11.5
    endloop
  endfacet
  facet normal 0.629277 0.777181 0
    outer loop
      vertex -23.9428 28.8316 11.5
      vertex -23.658 28.601 8.5
      vertex -23.9428 28.8316 8.5
    endloop
  endfacet
  facet normal 0.777181 0.629277 0
    outer loop
      vertex -23.1684 28.0572 11.5
      vertex -23.399 28.342 8.5
      vertex -23.399 28.342 11.5
    endloop
  endfacet
  facet normal 0.777181 0.629277 0
    outer loop
      vertex -23.399 28.342 8.5
      vertex -23.1684 28.0572 11.5
      vertex -23.1684 28.0572 8.5
    endloop
  endfacet
  facet normal 0.891017 0.453971 0
    outer loop
      vertex -22.8026 27.4236 11.5
      vertex -22.9689 27.75 8.5
      vertex -22.9689 27.75 11.5
    endloop
  endfacet
  facet normal 0.891017 0.453971 0
    outer loop
      vertex -22.9689 27.75 8.5
      vertex -22.8026 27.4236 11.5
      vertex -22.8026 27.4236 8.5
    endloop
  endfacet
  facet normal -0.707107 0.707107 0
    outer loop
      vertex -28.601 28.342 8.5
      vertex -28.342 28.601 11.5
      vertex -28.342 28.601 8.5
    endloop
  endfacet
  facet normal -0.707107 0.707107 0
    outer loop
      vertex -28.342 28.601 11.5
      vertex -28.601 28.342 8.5
      vertex -28.601 28.342 11.5
    endloop
  endfacet
  facet normal -0.544659 0.838658 0
    outer loop
      vertex -27.7979 29 8.5
      vertex -28.0572 28.8316 11.5
      vertex -27.7979 29 11.5
    endloop
  endfacet
  facet normal -0.544659 0.838658 0
    outer loop
      vertex -28.0572 28.8316 11.5
      vertex -27.7979 29 8.5
      vertex -28.0572 28.8316 8.5
    endloop
  endfacet
  facet normal -0.933564 0.358412 0
    outer loop
      vertex -29.3287 27.0816 8.5
      vertex -29.1974 27.4236 11.5
      vertex -29.1974 27.4236 8.5
    endloop
  endfacet
  facet normal -0.933564 0.358412 0
    outer loop
      vertex -29.1974 27.4236 11.5
      vertex -29.3287 27.0816 8.5
      vertex -29.3287 27.0816 11.5
    endloop
  endfacet
  facet normal -0.838668 0.544643 0
    outer loop
      vertex -29.0311 27.75 8.5
      vertex -28.8316 28.0572 11.5
      vertex -28.8316 28.0572 8.5
    endloop
  endfacet
  facet normal -0.838668 0.544643 0
    outer loop
      vertex -28.8316 28.0572 11.5
      vertex -29.0311 27.75 8.5
      vertex -29.0311 27.75 11.5
    endloop
  endfacet
  facet normal -0.965944 0.25875 0
    outer loop
      vertex -29.4235 26.7277 8.5
      vertex -29.3287 27.0816 11.5
      vertex -29.3287 27.0816 8.5
    endloop
  endfacet
  facet normal -0.965944 0.25875 0
    outer loop
      vertex -29.3287 27.0816 11.5
      vertex -29.4235 26.7277 8.5
      vertex -29.4235 26.7277 11.5
    endloop
  endfacet
  facet normal -0.998625 0.0524155 0
    outer loop
      vertex -29.5 26 8.5
      vertex -29.4808 26.3658 11.5
      vertex -29.4808 26.3658 8.5
    endloop
  endfacet
  facet normal -0.998625 0.0524155 0
    outer loop
      vertex -29.4808 26.3658 11.5
      vertex -29.5 26 8.5
      vertex -29.5 26 11.5
    endloop
  endfacet
  facet normal 0.707107 0.707107 0
    outer loop
      vertex -23.399 28.342 11.5
      vertex -23.658 28.601 8.5
      vertex -23.658 28.601 11.5
    endloop
  endfacet
  facet normal 0.707107 0.707107 0
    outer loop
      vertex -23.658 28.601 8.5
      vertex -23.399 28.342 11.5
      vertex -23.399 28.342 8.5
    endloop
  endfacet
  facet normal 0.544659 0.838658 -0
    outer loop
      vertex -23.9428 28.8316 8.5
      vertex -24.2021 29 11.5
      vertex -23.9428 28.8316 11.5
    endloop
  endfacet
  facet normal 0.544659 0.838658 0
    outer loop
      vertex -24.2021 29 11.5
      vertex -23.9428 28.8316 8.5
      vertex -24.2021 29 8.5
    endloop
  endfacet
  facet normal 0.838668 0.544643 0
    outer loop
      vertex -22.9689 27.75 11.5
      vertex -23.1684 28.0572 8.5
      vertex -23.1684 28.0572 11.5
    endloop
  endfacet
  facet normal 0.838668 0.544643 0
    outer loop
      vertex -23.1684 28.0572 8.5
      vertex -22.9689 27.75 11.5
      vertex -22.9689 27.75 8.5
    endloop
  endfacet
  facet normal 0.987696 0.156383 0
    outer loop
      vertex -22.5192 26.3658 11.5
      vertex -22.5765 26.7277 8.5
      vertex -22.5765 26.7277 11.5
    endloop
  endfacet
  facet normal 0.987696 0.156383 0
    outer loop
      vertex -22.5765 26.7277 8.5
      vertex -22.5192 26.3658 11.5
      vertex -22.5192 26.3658 8.5
    endloop
  endfacet
  facet normal 0.965944 0.25875 0
    outer loop
      vertex -22.5765 26.7277 11.5
      vertex -22.6713 27.0816 8.5
      vertex -22.6713 27.0816 11.5
    endloop
  endfacet
  facet normal 0.965944 0.25875 0
    outer loop
      vertex -22.6713 27.0816 8.5
      vertex -22.5765 26.7277 11.5
      vertex -22.5765 26.7277 8.5
    endloop
  endfacet
  facet normal 0.998625 0.0524155 0
    outer loop
      vertex -22.5 26 11.5
      vertex -22.5192 26.3658 8.5
      vertex -22.5192 26.3658 11.5
    endloop
  endfacet
  facet normal 0.998625 0.0524155 0
    outer loop
      vertex -22.5192 26.3658 8.5
      vertex -22.5 26 11.5
      vertex -22.5 26 8.5
    endloop
  endfacet
  facet normal -0.629277 0.777181 0
    outer loop
      vertex -28.0572 28.8316 8.5
      vertex -28.342 28.601 11.5
      vertex -28.0572 28.8316 11.5
    endloop
  endfacet
  facet normal -0.629277 0.777181 0
    outer loop
      vertex -28.342 28.601 11.5
      vertex -28.0572 28.8316 8.5
      vertex -28.342 28.601 8.5
    endloop
  endfacet
  facet normal -0.891017 0.453971 0
    outer loop
      vertex -29.1974 27.4236 8.5
      vertex -29.0311 27.75 11.5
      vertex -29.0311 27.75 8.5
    endloop
  endfacet
  facet normal -0.891017 0.453971 0
    outer loop
      vertex -29.0311 27.75 11.5
      vertex -29.1974 27.4236 8.5
      vertex -29.1974 27.4236 11.5
    endloop
  endfacet
  facet normal -0.777181 0.629277 0
    outer loop
      vertex -28.8316 28.0572 8.5
      vertex -28.601 28.342 11.5
      vertex -28.601 28.342 8.5
    endloop
  endfacet
  facet normal -0.777181 0.629277 0
    outer loop
      vertex -28.601 28.342 11.5
      vertex -28.8316 28.0572 8.5
      vertex -28.8316 28.0572 11.5
    endloop
  endfacet
  facet normal -0.987696 0.156383 0
    outer loop
      vertex -29.4808 26.3658 8.5
      vertex -29.4235 26.7277 11.5
      vertex -29.4235 26.7277 8.5
    endloop
  endfacet
  facet normal -0.987696 0.156383 0
    outer loop
      vertex -29.4235 26.7277 11.5
      vertex -29.4808 26.3658 8.5
      vertex -29.4808 26.3658 11.5
    endloop
  endfacet
  facet normal -0.998633 0.0522639 0
    outer loop
      vertex -24.3093 25.8223 8.5
      vertex -24.3 26 11.5
      vertex -24.3 26 8.5
    endloop
  endfacet
  facet normal -0.998633 0.0522639 0
    outer loop
      vertex -24.3 26 11.5
      vertex -24.3093 25.8223 8.5
      vertex -24.3093 25.8223 11.5
    endloop
  endfacet
  facet normal 0.998633 0.0522639 0
    outer loop
      vertex -27.6907 25.8223 11.5
      vertex -27.7 26 8.5
      vertex -27.7 26 11.5
    endloop
  endfacet
  facet normal 0.998633 0.0522639 0
    outer loop
      vertex -27.7 26 8.5
      vertex -27.6907 25.8223 11.5
      vertex -27.6907 25.8223 8.5
    endloop
  endfacet
  facet normal 0.0522639 0.998633 -0
    outer loop
      vertex -26 24.3 8.5
      vertex -26.1777 24.3093 11.5
      vertex -26 24.3 11.5
    endloop
  endfacet
  facet normal 0.0522639 0.998633 0
    outer loop
      vertex -26.1777 24.3093 11.5
      vertex -26 24.3 8.5
      vertex -26.1777 24.3093 8.5
    endloop
  endfacet
  facet normal -0.0522639 -0.998633 0
    outer loop
      vertex -26 27.7 8.5
      vertex -25.8223 27.6907 11.5
      vertex -26 27.7 11.5
    endloop
  endfacet
  facet normal -0.0522639 -0.998633 -0
    outer loop
      vertex -25.8223 27.6907 11.5
      vertex -26 27.7 8.5
      vertex -25.8223 27.6907 8.5
    endloop
  endfacet
  facet normal -0.707107 0.707107 0
    outer loop
      vertex -24.8625 24.7367 8.5
      vertex -24.7367 24.8625 11.5
      vertex -24.7367 24.8625 8.5
    endloop
  endfacet
  facet normal -0.707107 0.707107 0
    outer loop
      vertex -24.7367 24.8625 11.5
      vertex -24.8625 24.7367 8.5
      vertex -24.8625 24.7367 11.5
    endloop
  endfacet
  facet normal 0.707107 0.707107 0
    outer loop
      vertex -27.1375 24.7367 11.5
      vertex -27.2633 24.8625 8.5
      vertex -27.2633 24.8625 11.5
    endloop
  endfacet
  facet normal 0.707107 0.707107 0
    outer loop
      vertex -27.2633 24.8625 8.5
      vertex -27.1375 24.7367 11.5
      vertex -27.1375 24.7367 8.5
    endloop
  endfacet
  facet normal 0.358377 0.933577 -0
    outer loop
      vertex -26.5253 24.3832 8.5
      vertex -26.6915 24.447 11.5
      vertex -26.5253 24.3832 11.5
    endloop
  endfacet
  facet normal 0.358377 0.933577 0
    outer loop
      vertex -26.6915 24.447 11.5
      vertex -26.5253 24.3832 8.5
      vertex -26.6915 24.447 8.5
    endloop
  endfacet
  facet normal -0.838649 -0.544672 0
    outer loop
      vertex -24.5278 26.85 8.5
      vertex -24.6247 26.9992 11.5
      vertex -24.6247 26.9992 8.5
    endloop
  endfacet
  facet normal -0.838649 -0.544672 0
    outer loop
      vertex -24.6247 26.9992 11.5
      vertex -24.5278 26.85 8.5
      vertex -24.5278 26.85 11.5
    endloop
  endfacet
  facet normal -0.933577 0.358377 0
    outer loop
      vertex -24.447 25.3085 8.5
      vertex -24.3832 25.4747 11.5
      vertex -24.3832 25.4747 8.5
    endloop
  endfacet
  facet normal -0.933577 0.358377 0
    outer loop
      vertex -24.3832 25.4747 11.5
      vertex -24.447 25.3085 8.5
      vertex -24.447 25.3085 11.5
    endloop
  endfacet
  facet normal -0.98764 0.156741 0
    outer loop
      vertex -24.3372 25.6465 8.5
      vertex -24.3093 25.8223 11.5
      vertex -24.3093 25.8223 8.5
    endloop
  endfacet
  facet normal -0.98764 0.156741 0
    outer loop
      vertex -24.3093 25.8223 11.5
      vertex -24.3372 25.6465 8.5
      vertex -24.3372 25.6465 11.5
    endloop
  endfacet
  facet normal -0.358377 0.933577 0
    outer loop
      vertex -25.3085 24.447 8.5
      vertex -25.4747 24.3832 11.5
      vertex -25.3085 24.447 11.5
    endloop
  endfacet
  facet normal -0.358377 0.933577 0
    outer loop
      vertex -25.4747 24.3832 11.5
      vertex -25.3085 24.447 8.5
      vertex -25.4747 24.3832 8.5
    endloop
  endfacet
  facet normal -0.544672 0.838649 0
    outer loop
      vertex -25.0008 24.6247 8.5
      vertex -25.15 24.5278 11.5
      vertex -25.0008 24.6247 11.5
    endloop
  endfacet
  facet normal -0.544672 0.838649 0
    outer loop
      vertex -25.15 24.5278 11.5
      vertex -25.0008 24.6247 8.5
      vertex -25.15 24.5278 8.5
    endloop
  endfacet
  facet normal 0.890915 0.45417 0
    outer loop
      vertex -27.4722 25.15 11.5
      vertex -27.553 25.3085 8.5
      vertex -27.553 25.3085 11.5
    endloop
  endfacet
  facet normal 0.890915 0.45417 0
    outer loop
      vertex -27.553 25.3085 8.5
      vertex -27.4722 25.15 11.5
      vertex -27.4722 25.15 8.5
    endloop
  endfacet
  facet normal 0.777127 0.629344 0
    outer loop
      vertex -27.2633 24.8625 11.5
      vertex -27.3753 25.0008 8.5
      vertex -27.3753 25.0008 11.5
    endloop
  endfacet
  facet normal 0.777127 0.629344 0
    outer loop
      vertex -27.3753 25.0008 8.5
      vertex -27.2633 24.8625 11.5
      vertex -27.2633 24.8625 8.5
    endloop
  endfacet
  facet normal 0.156741 0.98764 -0
    outer loop
      vertex -26.1777 24.3093 8.5
      vertex -26.3535 24.3372 11.5
      vertex -26.1777 24.3093 11.5
    endloop
  endfacet
  facet normal 0.156741 0.98764 0
    outer loop
      vertex -26.3535 24.3372 11.5
      vertex -26.1777 24.3093 8.5
      vertex -26.3535 24.3372 8.5
    endloop
  endfacet
  facet normal -0.98764 -0.156741 0
    outer loop
      vertex -24.3093 26.1777 8.5
      vertex -24.3372 26.3535 11.5
      vertex -24.3372 26.3535 8.5
    endloop
  endfacet
  facet normal -0.98764 -0.156741 0
    outer loop
      vertex -24.3372 26.3535 11.5
      vertex -24.3093 26.1777 8.5
      vertex -24.3093 26.1777 11.5
    endloop
  endfacet
  facet normal -0.156741 -0.98764 0
    outer loop
      vertex -25.8223 27.6907 8.5
      vertex -25.6465 27.6628 11.5
      vertex -25.8223 27.6907 11.5
    endloop
  endfacet
  facet normal -0.156741 -0.98764 -0
    outer loop
      vertex -25.6465 27.6628 11.5
      vertex -25.8223 27.6907 8.5
      vertex -25.6465 27.6628 8.5
    endloop
  endfacet
  facet normal -0.965973 0.258642 0
    outer loop
      vertex -24.3832 25.4747 8.5
      vertex -24.3372 25.6465 11.5
      vertex -24.3372 25.6465 8.5
    endloop
  endfacet
  facet normal -0.965973 0.258642 0
    outer loop
      vertex -24.3372 25.6465 11.5
      vertex -24.3832 25.4747 8.5
      vertex -24.3832 25.4747 11.5
    endloop
  endfacet
  facet normal -0.838649 0.544672 0
    outer loop
      vertex -24.6247 25.0008 8.5
      vertex -24.5278 25.15 11.5
      vertex -24.5278 25.15 8.5
    endloop
  endfacet
  facet normal -0.838649 0.544672 0
    outer loop
      vertex -24.5278 25.15 11.5
      vertex -24.6247 25.0008 8.5
      vertex -24.6247 25.0008 11.5
    endloop
  endfacet
  facet normal -0.777127 0.629344 0
    outer loop
      vertex -24.7367 24.8625 8.5
      vertex -24.6247 25.0008 11.5
      vertex -24.6247 25.0008 8.5
    endloop
  endfacet
  facet normal -0.777127 0.629344 0
    outer loop
      vertex -24.6247 25.0008 11.5
      vertex -24.7367 24.8625 8.5
      vertex -24.7367 24.8625 11.5
    endloop
  endfacet
  facet normal -0.890915 0.45417 0
    outer loop
      vertex -24.5278 25.15 8.5
      vertex -24.447 25.3085 11.5
      vertex -24.447 25.3085 8.5
    endloop
  endfacet
  facet normal -0.890915 0.45417 0
    outer loop
      vertex -24.447 25.3085 11.5
      vertex -24.5278 25.15 8.5
      vertex -24.5278 25.15 11.5
    endloop
  endfacet
  facet normal -0.156741 0.98764 0
    outer loop
      vertex -25.6465 24.3372 8.5
      vertex -25.8223 24.3093 11.5
      vertex -25.6465 24.3372 11.5
    endloop
  endfacet
  facet normal -0.156741 0.98764 0
    outer loop
      vertex -25.8223 24.3093 11.5
      vertex -25.6465 24.3372 8.5
      vertex -25.8223 24.3093 8.5
    endloop
  endfacet
  facet normal -0.258642 0.965973 0
    outer loop
      vertex -25.4747 24.3832 8.5
      vertex -25.6465 24.3372 11.5
      vertex -25.4747 24.3832 11.5
    endloop
  endfacet
  facet normal -0.258642 0.965973 0
    outer loop
      vertex -25.6465 24.3372 11.5
      vertex -25.4747 24.3832 8.5
      vertex -25.6465 24.3372 8.5
    endloop
  endfacet
  facet normal -0.0522639 0.998633 0
    outer loop
      vertex -25.8223 24.3093 8.5
      vertex -26 24.3 11.5
      vertex -25.8223 24.3093 11.5
    endloop
  endfacet
  facet normal -0.0522639 0.998633 0
    outer loop
      vertex -26 24.3 11.5
      vertex -25.8223 24.3093 8.5
      vertex -26 24.3 8.5
    endloop
  endfacet
  facet normal -0.45417 0.890915 0
    outer loop
      vertex -25.15 24.5278 8.5
      vertex -25.3085 24.447 11.5
      vertex -25.15 24.5278 11.5
    endloop
  endfacet
  facet normal -0.45417 0.890915 0
    outer loop
      vertex -25.3085 24.447 11.5
      vertex -25.15 24.5278 8.5
      vertex -25.3085 24.447 8.5
    endloop
  endfacet
  facet normal -0.629344 0.777127 0
    outer loop
      vertex -24.8625 24.7367 8.5
      vertex -25.0008 24.6247 11.5
      vertex -24.8625 24.7367 11.5
    endloop
  endfacet
  facet normal -0.629344 0.777127 0
    outer loop
      vertex -25.0008 24.6247 11.5
      vertex -24.8625 24.7367 8.5
      vertex -25.0008 24.6247 8.5
    endloop
  endfacet
  facet normal 0.965973 0.258642 0
    outer loop
      vertex -27.6168 25.4747 11.5
      vertex -27.6628 25.6465 8.5
      vertex -27.6628 25.6465 11.5
    endloop
  endfacet
  facet normal 0.965973 0.258642 0
    outer loop
      vertex -27.6628 25.6465 8.5
      vertex -27.6168 25.4747 11.5
      vertex -27.6168 25.4747 8.5
    endloop
  endfacet
  facet normal 0.838649 0.544672 0
    outer loop
      vertex -27.3753 25.0008 11.5
      vertex -27.4722 25.15 8.5
      vertex -27.4722 25.15 11.5
    endloop
  endfacet
  facet normal 0.838649 0.544672 0
    outer loop
      vertex -27.4722 25.15 8.5
      vertex -27.3753 25.0008 11.5
      vertex -27.3753 25.0008 8.5
    endloop
  endfacet
  facet normal 0.933577 0.358377 0
    outer loop
      vertex -27.553 25.3085 11.5
      vertex -27.6168 25.4747 8.5
      vertex -27.6168 25.4747 11.5
    endloop
  endfacet
  facet normal 0.933577 0.358377 0
    outer loop
      vertex -27.6168 25.4747 8.5
      vertex -27.553 25.3085 11.5
      vertex -27.553 25.3085 8.5
    endloop
  endfacet
  facet normal 0.98764 0.156741 0
    outer loop
      vertex -27.6628 25.6465 11.5
      vertex -27.6907 25.8223 8.5
      vertex -27.6907 25.8223 11.5
    endloop
  endfacet
  facet normal 0.98764 0.156741 0
    outer loop
      vertex -27.6907 25.8223 8.5
      vertex -27.6628 25.6465 11.5
      vertex -27.6628 25.6465 8.5
    endloop
  endfacet
  facet normal 0.544672 0.838649 -0
    outer loop
      vertex -26.85 24.5278 8.5
      vertex -26.9992 24.6247 11.5
      vertex -26.85 24.5278 11.5
    endloop
  endfacet
  facet normal 0.544672 0.838649 0
    outer loop
      vertex -26.9992 24.6247 11.5
      vertex -26.85 24.5278 8.5
      vertex -26.9992 24.6247 8.5
    endloop
  endfacet
  facet normal 0.45417 0.890915 -0
    outer loop
      vertex -26.6915 24.447 8.5
      vertex -26.85 24.5278 11.5
      vertex -26.6915 24.447 11.5
    endloop
  endfacet
  facet normal 0.45417 0.890915 0
    outer loop
      vertex -26.85 24.5278 11.5
      vertex -26.6915 24.447 8.5
      vertex -26.85 24.5278 8.5
    endloop
  endfacet
  facet normal 0.629344 0.777127 -0
    outer loop
      vertex -26.9992 24.6247 8.5
      vertex -27.1375 24.7367 11.5
      vertex -26.9992 24.6247 11.5
    endloop
  endfacet
  facet normal 0.629344 0.777127 0
    outer loop
      vertex -27.1375 24.7367 11.5
      vertex -26.9992 24.6247 8.5
      vertex -27.1375 24.7367 8.5
    endloop
  endfacet
  facet normal 0.258642 0.965973 -0
    outer loop
      vertex -26.3535 24.3372 8.5
      vertex -26.5253 24.3832 11.5
      vertex -26.3535 24.3372 11.5
    endloop
  endfacet
  facet normal 0.258642 0.965973 0
    outer loop
      vertex -26.5253 24.3832 11.5
      vertex -26.3535 24.3372 8.5
      vertex -26.5253 24.3832 8.5
    endloop
  endfacet
  facet normal -0.998633 -0.0522639 0
    outer loop
      vertex -24.3 26 8.5
      vertex -24.3093 26.1777 11.5
      vertex -24.3093 26.1777 8.5
    endloop
  endfacet
  facet normal -0.998633 -0.0522639 0
    outer loop
      vertex -24.3093 26.1777 11.5
      vertex -24.3 26 8.5
      vertex -24.3 26 11.5
    endloop
  endfacet
  facet normal -0.965973 -0.258642 0
    outer loop
      vertex -24.3372 26.3535 8.5
      vertex -24.3832 26.5253 11.5
      vertex -24.3832 26.5253 8.5
    endloop
  endfacet
  facet normal -0.965973 -0.258642 0
    outer loop
      vertex -24.3832 26.5253 11.5
      vertex -24.3372 26.3535 8.5
      vertex -24.3372 26.3535 11.5
    endloop
  endfacet
  facet normal -0.629344 -0.777127 0
    outer loop
      vertex -25.0008 27.3753 8.5
      vertex -24.8625 27.2633 11.5
      vertex -25.0008 27.3753 11.5
    endloop
  endfacet
  facet normal -0.629344 -0.777127 -0
    outer loop
      vertex -24.8625 27.2633 11.5
      vertex -25.0008 27.3753 8.5
      vertex -24.8625 27.2633 8.5
    endloop
  endfacet
  facet normal -0.890915 -0.45417 0
    outer loop
      vertex -24.447 26.6915 8.5
      vertex -24.5278 26.85 11.5
      vertex -24.5278 26.85 8.5
    endloop
  endfacet
  facet normal -0.890915 -0.45417 0
    outer loop
      vertex -24.5278 26.85 11.5
      vertex -24.447 26.6915 8.5
      vertex -24.447 26.6915 11.5
    endloop
  endfacet
  facet normal -0.777127 -0.629344 0
    outer loop
      vertex -24.6247 26.9992 8.5
      vertex -24.7367 27.1375 11.5
      vertex -24.7367 27.1375 8.5
    endloop
  endfacet
  facet normal -0.777127 -0.629344 0
    outer loop
      vertex -24.7367 27.1375 11.5
      vertex -24.6247 26.9992 8.5
      vertex -24.6247 26.9992 11.5
    endloop
  endfacet
  facet normal 0.965973 -0.258642 0
    outer loop
      vertex -27.6628 26.3535 11.5
      vertex -27.6168 26.5253 8.5
      vertex -27.6168 26.5253 11.5
    endloop
  endfacet
  facet normal 0.965973 -0.258642 0
    outer loop
      vertex -27.6168 26.5253 8.5
      vertex -27.6628 26.3535 11.5
      vertex -27.6628 26.3535 8.5
    endloop
  endfacet
  facet normal 0.998633 -0.0522639 0
    outer loop
      vertex -27.7 26 11.5
      vertex -27.6907 26.1777 8.5
      vertex -27.6907 26.1777 11.5
    endloop
  endfacet
  facet normal 0.998633 -0.0522639 0
    outer loop
      vertex -27.6907 26.1777 8.5
      vertex -27.7 26 11.5
      vertex -27.7 26 8.5
    endloop
  endfacet
  facet normal 0.98764 -0.156741 0
    outer loop
      vertex -27.6907 26.1777 11.5
      vertex -27.6628 26.3535 8.5
      vertex -27.6628 26.3535 11.5
    endloop
  endfacet
  facet normal 0.98764 -0.156741 0
    outer loop
      vertex -27.6628 26.3535 8.5
      vertex -27.6907 26.1777 11.5
      vertex -27.6907 26.1777 8.5
    endloop
  endfacet
  facet normal -0.358377 -0.933577 0
    outer loop
      vertex -25.4747 27.6168 8.5
      vertex -25.3085 27.553 11.5
      vertex -25.4747 27.6168 11.5
    endloop
  endfacet
  facet normal -0.358377 -0.933577 -0
    outer loop
      vertex -25.3085 27.553 11.5
      vertex -25.4747 27.6168 8.5
      vertex -25.3085 27.553 8.5
    endloop
  endfacet
  facet normal -0.258642 -0.965973 0
    outer loop
      vertex -25.6465 27.6628 8.5
      vertex -25.4747 27.6168 11.5
      vertex -25.6465 27.6628 11.5
    endloop
  endfacet
  facet normal -0.258642 -0.965973 -0
    outer loop
      vertex -25.4747 27.6168 11.5
      vertex -25.6465 27.6628 8.5
      vertex -25.4747 27.6168 8.5
    endloop
  endfacet
  facet normal -0.45417 -0.890915 0
    outer loop
      vertex -25.3085 27.553 8.5
      vertex -25.15 27.4722 11.5
      vertex -25.3085 27.553 11.5
    endloop
  endfacet
  facet normal -0.45417 -0.890915 -0
    outer loop
      vertex -25.15 27.4722 11.5
      vertex -25.3085 27.553 8.5
      vertex -25.15 27.4722 8.5
    endloop
  endfacet
  facet normal -0.544672 -0.838649 0
    outer loop
      vertex -25.15 27.4722 8.5
      vertex -25.0008 27.3753 11.5
      vertex -25.15 27.4722 11.5
    endloop
  endfacet
  facet normal -0.544672 -0.838649 -0
    outer loop
      vertex -25.0008 27.3753 11.5
      vertex -25.15 27.4722 8.5
      vertex -25.0008 27.3753 8.5
    endloop
  endfacet
  facet normal -0.933577 -0.358377 0
    outer loop
      vertex -24.3832 26.5253 8.5
      vertex -24.447 26.6915 11.5
      vertex -24.447 26.6915 8.5
    endloop
  endfacet
  facet normal -0.933577 -0.358377 0
    outer loop
      vertex -24.447 26.6915 11.5
      vertex -24.3832 26.5253 8.5
      vertex -24.3832 26.5253 11.5
    endloop
  endfacet
  facet normal 0.890915 -0.45417 0
    outer loop
      vertex -27.553 26.6915 11.5
      vertex -27.4722 26.85 8.5
      vertex -27.4722 26.85 11.5
    endloop
  endfacet
  facet normal 0.890915 -0.45417 0
    outer loop
      vertex -27.4722 26.85 8.5
      vertex -27.553 26.6915 11.5
      vertex -27.553 26.6915 8.5
    endloop
  endfacet
  facet normal 0.707107 -0.707107 0
    outer loop
      vertex -27.2633 27.1375 11.5
      vertex -27.1375 27.2633 8.5
      vertex -27.1375 27.2633 11.5
    endloop
  endfacet
  facet normal 0.707107 -0.707107 0
    outer loop
      vertex -27.1375 27.2633 8.5
      vertex -27.2633 27.1375 11.5
      vertex -27.2633 27.1375 8.5
    endloop
  endfacet
  facet normal 0.777127 -0.629344 0
    outer loop
      vertex -27.3753 26.9992 11.5
      vertex -27.2633 27.1375 8.5
      vertex -27.2633 27.1375 11.5
    endloop
  endfacet
  facet normal 0.777127 -0.629344 0
    outer loop
      vertex -27.2633 27.1375 8.5
      vertex -27.3753 26.9992 11.5
      vertex -27.3753 26.9992 8.5
    endloop
  endfacet
  facet normal 0.933577 -0.358377 0
    outer loop
      vertex -27.6168 26.5253 11.5
      vertex -27.553 26.6915 8.5
      vertex -27.553 26.6915 11.5
    endloop
  endfacet
  facet normal 0.933577 -0.358377 0
    outer loop
      vertex -27.553 26.6915 8.5
      vertex -27.6168 26.5253 11.5
      vertex -27.6168 26.5253 8.5
    endloop
  endfacet
  facet normal -0.707107 -0.707107 0
    outer loop
      vertex -24.7367 27.1375 8.5
      vertex -24.8625 27.2633 11.5
      vertex -24.8625 27.2633 8.5
    endloop
  endfacet
  facet normal -0.707107 -0.707107 0
    outer loop
      vertex -24.8625 27.2633 11.5
      vertex -24.7367 27.1375 8.5
      vertex -24.7367 27.1375 11.5
    endloop
  endfacet
  facet normal 0.629344 -0.777127 0
    outer loop
      vertex -27.1375 27.2633 8.5
      vertex -26.9992 27.3753 11.5
      vertex -27.1375 27.2633 11.5
    endloop
  endfacet
  facet normal 0.629344 -0.777127 0
    outer loop
      vertex -26.9992 27.3753 11.5
      vertex -27.1375 27.2633 8.5
      vertex -26.9992 27.3753 8.5
    endloop
  endfacet
  facet normal 0.544672 -0.838649 0
    outer loop
      vertex -26.9992 27.3753 8.5
      vertex -26.85 27.4722 11.5
      vertex -26.9992 27.3753 11.5
    endloop
  endfacet
  facet normal 0.544672 -0.838649 0
    outer loop
      vertex -26.85 27.4722 11.5
      vertex -26.9992 27.3753 8.5
      vertex -26.85 27.4722 8.5
    endloop
  endfacet
  facet normal 0.358377 -0.933577 0
    outer loop
      vertex -26.6915 27.553 8.5
      vertex -26.5253 27.6168 11.5
      vertex -26.6915 27.553 11.5
    endloop
  endfacet
  facet normal 0.358377 -0.933577 0
    outer loop
      vertex -26.5253 27.6168 11.5
      vertex -26.6915 27.553 8.5
      vertex -26.5253 27.6168 8.5
    endloop
  endfacet
  facet normal 0.45417 -0.890915 0
    outer loop
      vertex -26.85 27.4722 8.5
      vertex -26.6915 27.553 11.5
      vertex -26.85 27.4722 11.5
    endloop
  endfacet
  facet normal 0.45417 -0.890915 0
    outer loop
      vertex -26.6915 27.553 11.5
      vertex -26.85 27.4722 8.5
      vertex -26.6915 27.553 8.5
    endloop
  endfacet
  facet normal 0.258642 -0.965973 0
    outer loop
      vertex -26.5253 27.6168 8.5
      vertex -26.3535 27.6628 11.5
      vertex -26.5253 27.6168 11.5
    endloop
  endfacet
  facet normal 0.258642 -0.965973 0
    outer loop
      vertex -26.3535 27.6628 11.5
      vertex -26.5253 27.6168 8.5
      vertex -26.3535 27.6628 8.5
    endloop
  endfacet
  facet normal 0.156741 -0.98764 0
    outer loop
      vertex -26.3535 27.6628 8.5
      vertex -26.1777 27.6907 11.5
      vertex -26.3535 27.6628 11.5
    endloop
  endfacet
  facet normal 0.156741 -0.98764 0
    outer loop
      vertex -26.1777 27.6907 11.5
      vertex -26.3535 27.6628 8.5
      vertex -26.1777 27.6907 8.5
    endloop
  endfacet
  facet normal 0.0522639 -0.998633 0
    outer loop
      vertex -26.1777 27.6907 8.5
      vertex -26 27.7 11.5
      vertex -26.1777 27.6907 11.5
    endloop
  endfacet
  facet normal 0.0522639 -0.998633 0
    outer loop
      vertex -26 27.7 11.5
      vertex -26.1777 27.6907 8.5
      vertex -26 27.7 8.5
    endloop
  endfacet
  facet normal 0.838649 -0.544672 0
    outer loop
      vertex -27.4722 26.85 11.5
      vertex -27.3753 26.9992 8.5
      vertex -27.3753 26.9992 11.5
    endloop
  endfacet
  facet normal 0.838649 -0.544672 0
    outer loop
      vertex -27.3753 26.9992 8.5
      vertex -27.4722 26.85 11.5
      vertex -27.4722 26.85 8.5
    endloop
  endfacet
  facet normal 0.998625 -0.0524155 0
    outer loop
      vertex 20.4808 25.6342 11.5
      vertex 20.5 26 8.5
      vertex 20.5 26 11.5
    endloop
  endfacet
  facet normal 0.998625 -0.0524155 0
    outer loop
      vertex 20.5 26 8.5
      vertex 20.4808 25.6342 11.5
      vertex 20.4808 25.6342 8.5
    endloop
  endfacet
  facet normal -0.998625 -0.0524155 0
    outer loop
      vertex 13.5192 25.6342 8.5
      vertex 13.5 26 11.5
      vertex 13.5 26 8.5
    endloop
  endfacet
  facet normal -0.998625 -0.0524155 0
    outer loop
      vertex 13.5 26 11.5
      vertex 13.5192 25.6342 8.5
      vertex 13.5192 25.6342 11.5
    endloop
  endfacet
  facet normal 0.0524155 -0.998625 0
    outer loop
      vertex 17 22.5 8.5
      vertex 17.3658 22.5192 11.5
      vertex 17 22.5 11.5
    endloop
  endfacet
  facet normal 0.0524155 -0.998625 0
    outer loop
      vertex 17.3658 22.5192 11.5
      vertex 17 22.5 8.5
      vertex 17.3658 22.5192 8.5
    endloop
  endfacet
  facet normal 0.707107 -0.707107 0
    outer loop
      vertex 19.342 23.399 11.5
      vertex 19.601 23.658 8.5
      vertex 19.601 23.658 11.5
    endloop
  endfacet
  facet normal 0.707107 -0.707107 0
    outer loop
      vertex 19.601 23.658 8.5
      vertex 19.342 23.399 11.5
      vertex 19.342 23.399 8.5
    endloop
  endfacet
  facet normal -0.629277 -0.777181 0
    outer loop
      vertex 14.658 23.399 8.5
      vertex 14.9428 23.1684 11.5
      vertex 14.658 23.399 11.5
    endloop
  endfacet
  facet normal -0.629277 -0.777181 -0
    outer loop
      vertex 14.9428 23.1684 11.5
      vertex 14.658 23.399 8.5
      vertex 14.9428 23.1684 8.5
    endloop
  endfacet
  facet normal -0.25875 -0.965944 0
    outer loop
      vertex 15.9184 22.6713 8.5
      vertex 16.2723 22.5765 11.5
      vertex 15.9184 22.6713 11.5
    endloop
  endfacet
  facet normal -0.25875 -0.965944 -0
    outer loop
      vertex 16.2723 22.5765 11.5
      vertex 15.9184 22.6713 8.5
      vertex 16.2723 22.5765 8.5
    endloop
  endfacet
  facet normal 0.891017 -0.453971 0
    outer loop
      vertex 20.0311 24.25 11.5
      vertex 20.1974 24.5764 8.5
      vertex 20.1974 24.5764 11.5
    endloop
  endfacet
  facet normal 0.891017 -0.453971 0
    outer loop
      vertex 20.1974 24.5764 8.5
      vertex 20.0311 24.25 11.5
      vertex 20.0311 24.25 8.5
    endloop
  endfacet
  facet normal 0.358412 -0.933564 0
    outer loop
      vertex 18.0816 22.6713 8.5
      vertex 18.4236 22.8026 11.5
      vertex 18.0816 22.6713 11.5
    endloop
  endfacet
  facet normal 0.358412 -0.933564 0
    outer loop
      vertex 18.4236 22.8026 11.5
      vertex 18.0816 22.6713 8.5
      vertex 18.4236 22.8026 8.5
    endloop
  endfacet
  facet normal 0.25875 -0.965944 0
    outer loop
      vertex 17.7277 22.5765 8.5
      vertex 18.0816 22.6713 11.5
      vertex 17.7277 22.5765 11.5
    endloop
  endfacet
  facet normal 0.25875 -0.965944 0
    outer loop
      vertex 18.0816 22.6713 11.5
      vertex 17.7277 22.5765 8.5
      vertex 18.0816 22.6713 8.5
    endloop
  endfacet
  facet normal 0.544643 -0.838668 0
    outer loop
      vertex 18.75 22.9689 8.5
      vertex 19.0572 23.1684 11.5
      vertex 18.75 22.9689 11.5
    endloop
  endfacet
  facet normal 0.544643 -0.838668 0
    outer loop
      vertex 19.0572 23.1684 11.5
      vertex 18.75 22.9689 8.5
      vertex 19.0572 23.1684 8.5
    endloop
  endfacet
  facet normal -0.891017 -0.453971 0
    outer loop
      vertex 13.9689 24.25 8.5
      vertex 13.8026 24.5764 11.5
      vertex 13.8026 24.5764 8.5
    endloop
  endfacet
  facet normal -0.891017 -0.453971 0
    outer loop
      vertex 13.8026 24.5764 11.5
      vertex 13.9689 24.25 8.5
      vertex 13.9689 24.25 11.5
    endloop
  endfacet
  facet normal -0.156383 -0.987696 0
    outer loop
      vertex 16.2723 22.5765 8.5
      vertex 16.6342 22.5192 11.5
      vertex 16.2723 22.5765 11.5
    endloop
  endfacet
  facet normal -0.156383 -0.987696 -0
    outer loop
      vertex 16.6342 22.5192 11.5
      vertex 16.2723 22.5765 8.5
      vertex 16.6342 22.5192 8.5
    endloop
  endfacet
  facet normal 0.933564 0.358412 0
    outer loop
      vertex 20.3287 27.0816 11.5
      vertex 20.1974 27.4236 8.5
      vertex 20.1974 27.4236 11.5
    endloop
  endfacet
  facet normal 0.933564 0.358412 0
    outer loop
      vertex 20.1974 27.4236 8.5
      vertex 20.3287 27.0816 11.5
      vertex 20.3287 27.0816 8.5
    endloop
  endfacet
  facet normal 0 0 1
    outer loop
      vertex 20.5 35 11.5
      vertex 18.7979 29 11.5
      vertex 20.5 29 11.5
    endloop
  endfacet
  facet normal -0 0 1
    outer loop
      vertex 18.4722 25.15 11.5
      vertex 20.0311 24.25 11.5
      vertex 18.553 25.3085 11.5
    endloop
  endfacet
  facet normal 0 0 1
    outer loop
      vertex 19.0572 28.8316 11.5
      vertex 18.6907 26.1777 11.5
      vertex 18.7 26 11.5
    endloop
  endfacet
  facet normal 0 0 1
    outer loop
      vertex 19.0572 28.8316 11.5
      vertex 18.6628 26.3535 11.5
      vertex 18.6907 26.1777 11.5
    endloop
  endfacet
  facet normal 0 0 1
    outer loop
      vertex 19.0572 28.8316 11.5
      vertex 18.6168 26.5253 11.5
      vertex 18.6628 26.3535 11.5
    endloop
  endfacet
  facet normal 0 0 1
    outer loop
      vertex 19.0572 28.8316 11.5
      vertex 18.553 26.6915 11.5
      vertex 18.6168 26.5253 11.5
    endloop
  endfacet
  facet normal 0 0 1
    outer loop
      vertex 19.0572 28.8316 11.5
      vertex 18.4722 26.85 11.5
      vertex 18.553 26.6915 11.5
    endloop
  endfacet
  facet normal 0 0 1
    outer loop
      vertex 19.0572 28.8316 11.5
      vertex 18.3753 26.9992 11.5
      vertex 18.4722 26.85 11.5
    endloop
  endfacet
  facet normal 0 0 1
    outer loop
      vertex 19.0572 28.8316 11.5
      vertex 18.2633 27.1375 11.5
      vertex 18.3753 26.9992 11.5
    endloop
  endfacet
  facet normal 0 0 1
    outer loop
      vertex 15.2021 29 11.5
      vertex 18.7979 29 11.5
      vertex 20.5 35 11.5
    endloop
  endfacet
  facet normal 0 0 1
    outer loop
      vertex 19.0572 28.8316 11.5
      vertex 18.1375 27.2633 11.5
      vertex 18.2633 27.1375 11.5
    endloop
  endfacet
  facet normal 0 0 1
    outer loop
      vertex 19.0572 28.8316 11.5
      vertex 17.9992 27.3753 11.5
      vertex 18.1375 27.2633 11.5
    endloop
  endfacet
  facet normal 0 0 1
    outer loop
      vertex 18.7979 29 11.5
      vertex 17.85 27.4722 11.5
      vertex 17.9992 27.3753 11.5
    endloop
  endfacet
  facet normal 0 0 1
    outer loop
      vertex 18.7979 29 11.5
      vertex 17.6915 27.553 11.5
      vertex 17.85 27.4722 11.5
    endloop
  endfacet
  facet normal 0 0 1
    outer loop
      vertex 18.7979 29 11.5
      vertex 17.5253 27.6168 11.5
      vertex 17.6915 27.553 11.5
    endloop
  endfacet
  facet normal 0 0 1
    outer loop
      vertex 18.7979 29 11.5
      vertex 17.3535 27.6628 11.5
      vertex 17.5253 27.6168 11.5
    endloop
  endfacet
  facet normal 0 -0 1
    outer loop
      vertex 17 27.7 11.5
      vertex 18.7979 29 11.5
      vertex 15.2021 29 11.5
    endloop
  endfacet
  facet normal 0 0 1
    outer loop
      vertex 18.7979 29 11.5
      vertex 17.1777 27.6907 11.5
      vertex 17.3535 27.6628 11.5
    endloop
  endfacet
  facet normal 0 0 1
    outer loop
      vertex 18.7979 29 11.5
      vertex 17 27.7 11.5
      vertex 17.1777 27.6907 11.5
    endloop
  endfacet
  facet normal 0 0 1
    outer loop
      vertex 17 27.7 11.5
      vertex 15.2021 29 11.5
      vertex 16.8223 27.6907 11.5
    endloop
  endfacet
  facet normal 0 0 1
    outer loop
      vertex 16.8223 27.6907 11.5
      vertex 15.2021 29 11.5
      vertex 16.6465 27.6628 11.5
    endloop
  endfacet
  facet normal 0 0 1
    outer loop
      vertex 16.6465 27.6628 11.5
      vertex 15.2021 29 11.5
      vertex 16.4747 27.6168 11.5
    endloop
  endfacet
  facet normal 0 0 1
    outer loop
      vertex 16.4747 27.6168 11.5
      vertex 15.2021 29 11.5
      vertex 16.3085 27.553 11.5
    endloop
  endfacet
  facet normal 0 0 1
    outer loop
      vertex 16.3085 27.553 11.5
      vertex 15.2021 29 11.5
      vertex 16.15 27.4722 11.5
    endloop
  endfacet
  facet normal 0 0 1
    outer loop
      vertex 16.15 27.4722 11.5
      vertex 15.2021 29 11.5
      vertex 16.0008 27.3753 11.5
    endloop
  endfacet
  facet normal -0 0 1
    outer loop
      vertex 14.9428 28.8316 11.5
      vertex 16.0008 27.3753 11.5
      vertex 15.2021 29 11.5
    endloop
  endfacet
  facet normal 0 0 1
    outer loop
      vertex 16.0008 27.3753 11.5
      vertex 14.9428 28.8316 11.5
      vertex 15.8625 27.2633 11.5
    endloop
  endfacet
  facet normal -0 0 1
    outer loop
      vertex 14.658 28.601 11.5
      vertex 15.8625 27.2633 11.5
      vertex 14.9428 28.8316 11.5
    endloop
  endfacet
  facet normal 0 0 1
    outer loop
      vertex 15.5278 26.85 11.5
      vertex 13.9689 27.75 11.5
      vertex 15.447 26.6915 11.5
    endloop
  endfacet
  facet normal -0 0 1
    outer loop
      vertex 13.9689 27.75 11.5
      vertex 15.5278 26.85 11.5
      vertex 14.1684 28.0572 11.5
    endloop
  endfacet
  facet normal 0 0 1
    outer loop
      vertex 15.6247 26.9992 11.5
      vertex 14.1684 28.0572 11.5
      vertex 15.5278 26.85 11.5
    endloop
  endfacet
  facet normal -0 0 1
    outer loop
      vertex 14.1684 28.0572 11.5
      vertex 15.6247 26.9992 11.5
      vertex 14.399 28.342 11.5
    endloop
  endfacet
  facet normal 0 0 1
    outer loop
      vertex 15.7367 27.1375 11.5
      vertex 14.399 28.342 11.5
      vertex 15.6247 26.9992 11.5
    endloop
  endfacet
  facet normal -0 0 1
    outer loop
      vertex 14.399 28.342 11.5
      vertex 15.7367 27.1375 11.5
      vertex 14.658 28.601 11.5
    endloop
  endfacet
  facet normal 0 0 1
    outer loop
      vertex 15.8625 27.2633 11.5
      vertex 14.658 28.601 11.5
      vertex 15.7367 27.1375 11.5
    endloop
  endfacet
  facet normal -0 0 1
    outer loop
      vertex 13.5 35 11.5
      vertex 15.2021 29 11.5
      vertex 20.5 35 11.5
    endloop
  endfacet
  facet normal 0 0 1
    outer loop
      vertex 15.2021 29 11.5
      vertex 13.5 35 11.5
      vertex 13.5 29 11.5
    endloop
  endfacet
  facet normal 0 0 1
    outer loop
      vertex 18.7 26 11.5
      vertex 20.5 26 11.5
      vertex 20.4808 26.3658 11.5
    endloop
  endfacet
  facet normal 0 0 1
    outer loop
      vertex 18.7 26 11.5
      vertex 20.4808 26.3658 11.5
      vertex 20.4235 26.7277 11.5
    endloop
  endfacet
  facet normal 0 0 1
    outer loop
      vertex 20.5 26 11.5
      vertex 18.7 26 11.5
      vertex 20.4808 25.6342 11.5
    endloop
  endfacet
  facet normal 0 0 1
    outer loop
      vertex 18.7 26 11.5
      vertex 20.4235 26.7277 11.5
      vertex 20.3287 27.0816 11.5
    endloop
  endfacet
  facet normal -0 0 1
    outer loop
      vertex 18.6907 25.8223 11.5
      vertex 20.4808 25.6342 11.5
      vertex 18.7 26 11.5
    endloop
  endfacet
  facet normal 0 0 1
    outer loop
      vertex 18.7 26 11.5
      vertex 20.3287 27.0816 11.5
      vertex 20.1974 27.4236 11.5
    endloop
  endfacet
  facet normal 0 0 1
    outer loop
      vertex 20.4808 25.6342 11.5
      vertex 18.6907 25.8223 11.5
      vertex 20.4235 25.2723 11.5
    endloop
  endfacet
  facet normal 0 0 1
    outer loop
      vertex 18.7 26 11.5
      vertex 20.1974 27.4236 11.5
      vertex 20.0311 27.75 11.5
    endloop
  endfacet
  facet normal -0 0 1
    outer loop
      vertex 18.6628 25.6465 11.5
      vertex 20.4235 25.2723 11.5
      vertex 18.6907 25.8223 11.5
    endloop
  endfacet
  facet normal 0 0 1
    outer loop
      vertex 18.7 26 11.5
      vertex 20.0311 27.75 11.5
      vertex 19.8316 28.0572 11.5
    endloop
  endfacet
  facet normal 0 0 1
    outer loop
      vertex 20.4235 25.2723 11.5
      vertex 18.6628 25.6465 11.5
      vertex 20.3287 24.9184 11.5
    endloop
  endfacet
  facet normal 0 0 1
    outer loop
      vertex 18.7 26 11.5
      vertex 19.8316 28.0572 11.5
      vertex 19.601 28.342 11.5
    endloop
  endfacet
  facet normal -0 0 1
    outer loop
      vertex 18.6168 25.4747 11.5
      vertex 20.3287 24.9184 11.5
      vertex 18.6628 25.6465 11.5
    endloop
  endfacet
  facet normal 0 0 1
    outer loop
      vertex 18.7 26 11.5
      vertex 19.601 28.342 11.5
      vertex 19.342 28.601 11.5
    endloop
  endfacet
  facet normal 0 0 1
    outer loop
      vertex 20.3287 24.9184 11.5
      vertex 18.6168 25.4747 11.5
      vertex 20.1974 24.5764 11.5
    endloop
  endfacet
  facet normal 0 0 1
    outer loop
      vertex 18.7 26 11.5
      vertex 19.342 28.601 11.5
      vertex 19.0572 28.8316 11.5
    endloop
  endfacet
  facet normal -0 0 1
    outer loop
      vertex 18.553 25.3085 11.5
      vertex 20.1974 24.5764 11.5
      vertex 18.6168 25.4747 11.5
    endloop
  endfacet
  facet normal 0 0 1
    outer loop
      vertex 17.9992 27.3753 11.5
      vertex 19.0572 28.8316 11.5
      vertex 18.7979 29 11.5
    endloop
  endfacet
  facet normal 0 0 1
    outer loop
      vertex 20.1974 24.5764 11.5
      vertex 18.553 25.3085 11.5
      vertex 20.0311 24.25 11.5
    endloop
  endfacet
  facet normal 0 0 1
    outer loop
      vertex 20.0311 24.25 11.5
      vertex 18.4722 25.15 11.5
      vertex 19.8316 23.9428 11.5
    endloop
  endfacet
  facet normal -0 0 1
    outer loop
      vertex 18.3753 25.0008 11.5
      vertex 19.8316 23.9428 11.5
      vertex 18.4722 25.15 11.5
    endloop
  endfacet
  facet normal 0 0 1
    outer loop
      vertex 19.8316 23.9428 11.5
      vertex 18.3753 25.0008 11.5
      vertex 19.601 23.658 11.5
    endloop
  endfacet
  facet normal -0 0 1
    outer loop
      vertex 18.2633 24.8625 11.5
      vertex 19.601 23.658 11.5
      vertex 18.3753 25.0008 11.5
    endloop
  endfacet
  facet normal 0 0 1
    outer loop
      vertex 19.601 23.658 11.5
      vertex 18.2633 24.8625 11.5
      vertex 19.342 23.399 11.5
    endloop
  endfacet
  facet normal -0 0 1
    outer loop
      vertex 18.1375 24.7367 11.5
      vertex 19.342 23.399 11.5
      vertex 18.2633 24.8625 11.5
    endloop
  endfacet
  facet normal 0 0 1
    outer loop
      vertex 19.342 23.399 11.5
      vertex 18.1375 24.7367 11.5
      vertex 19.0572 23.1684 11.5
    endloop
  endfacet
  facet normal -0 0 1
    outer loop
      vertex 17.9992 24.6247 11.5
      vertex 19.0572 23.1684 11.5
      vertex 18.1375 24.7367 11.5
    endloop
  endfacet
  facet normal 0 0 1
    outer loop
      vertex 19.0572 23.1684 11.5
      vertex 17.9992 24.6247 11.5
      vertex 18.75 22.9689 11.5
    endloop
  endfacet
  facet normal -0 0 1
    outer loop
      vertex 17.85 24.5278 11.5
      vertex 18.75 22.9689 11.5
      vertex 17.9992 24.6247 11.5
    endloop
  endfacet
  facet normal 0 0 1
    outer loop
      vertex 18.75 22.9689 11.5
      vertex 17.85 24.5278 11.5
      vertex 18.4236 22.8026 11.5
    endloop
  endfacet
  facet normal -0 0 1
    outer loop
      vertex 17.6915 24.447 11.5
      vertex 18.4236 22.8026 11.5
      vertex 17.85 24.5278 11.5
    endloop
  endfacet
  facet normal 0 0 1
    outer loop
      vertex 18.4236 22.8026 11.5
      vertex 17.6915 24.447 11.5
      vertex 18.0816 22.6713 11.5
    endloop
  endfacet
  facet normal -0 0 1
    outer loop
      vertex 17.5253 24.3832 11.5
      vertex 18.0816 22.6713 11.5
      vertex 17.6915 24.447 11.5
    endloop
  endfacet
  facet normal 0 0 1
    outer loop
      vertex 18.0816 22.6713 11.5
      vertex 17.5253 24.3832 11.5
      vertex 17.7277 22.5765 11.5
    endloop
  endfacet
  facet normal -0 0 1
    outer loop
      vertex 17.3535 24.3372 11.5
      vertex 17.7277 22.5765 11.5
      vertex 17.5253 24.3832 11.5
    endloop
  endfacet
  facet normal 0 0 1
    outer loop
      vertex 17.7277 22.5765 11.5
      vertex 17.3535 24.3372 11.5
      vertex 17.3658 22.5192 11.5
    endloop
  endfacet
  facet normal -0 0 1
    outer loop
      vertex 17.1777 24.3093 11.5
      vertex 17.3658 22.5192 11.5
      vertex 17.3535 24.3372 11.5
    endloop
  endfacet
  facet normal -0 0 1
    outer loop
      vertex 17 24.3 11.5
      vertex 17.3658 22.5192 11.5
      vertex 17.1777 24.3093 11.5
    endloop
  endfacet
  facet normal 0 0 1
    outer loop
      vertex 17 24.3 11.5
      vertex 17 22.5 11.5
      vertex 17.3658 22.5192 11.5
    endloop
  endfacet
  facet normal 0 0 1
    outer loop
      vertex 16.8223 24.3093 11.5
      vertex 17 22.5 11.5
      vertex 17 24.3 11.5
    endloop
  endfacet
  facet normal 0 0 1
    outer loop
      vertex 16.6342 22.5192 11.5
      vertex 16.8223 24.3093 11.5
      vertex 16.6465 24.3372 11.5
    endloop
  endfacet
  facet normal 0 0 1
    outer loop
      vertex 16.8223 24.3093 11.5
      vertex 16.6342 22.5192 11.5
      vertex 17 22.5 11.5
    endloop
  endfacet
  facet normal 0 0 1
    outer loop
      vertex 16.2723 22.5765 11.5
      vertex 16.6465 24.3372 11.5
      vertex 16.4747 24.3832 11.5
    endloop
  endfacet
  facet normal 0 0 1
    outer loop
      vertex 15.9184 22.6713 11.5
      vertex 16.4747 24.3832 11.5
      vertex 16.3085 24.447 11.5
    endloop
  endfacet
  facet normal 0 0 1
    outer loop
      vertex 16.6465 24.3372 11.5
      vertex 16.2723 22.5765 11.5
      vertex 16.6342 22.5192 11.5
    endloop
  endfacet
  facet normal 0 0 1
    outer loop
      vertex 15.5764 22.8026 11.5
      vertex 16.3085 24.447 11.5
      vertex 16.15 24.5278 11.5
    endloop
  endfacet
  facet normal 0 0 1
    outer loop
      vertex 15.25 22.9689 11.5
      vertex 16.15 24.5278 11.5
      vertex 16.0008 24.6247 11.5
    endloop
  endfacet
  facet normal 0 0 1
    outer loop
      vertex 16.4747 24.3832 11.5
      vertex 15.9184 22.6713 11.5
      vertex 16.2723 22.5765 11.5
    endloop
  endfacet
  facet normal 0 0 1
    outer loop
      vertex 15.25 22.9689 11.5
      vertex 16.0008 24.6247 11.5
      vertex 15.8625 24.7367 11.5
    endloop
  endfacet
  facet normal 0 0 1
    outer loop
      vertex 15.25 22.9689 11.5
      vertex 15.8625 24.7367 11.5
      vertex 15.7367 24.8625 11.5
    endloop
  endfacet
  facet normal 0 0 1
    outer loop
      vertex 15.25 22.9689 11.5
      vertex 15.7367 24.8625 11.5
      vertex 15.6247 25.0008 11.5
    endloop
  endfacet
  facet normal 0 0 1
    outer loop
      vertex 16.3085 24.447 11.5
      vertex 15.5764 22.8026 11.5
      vertex 15.9184 22.6713 11.5
    endloop
  endfacet
  facet normal 0 0 1
    outer loop
      vertex 15.25 22.9689 11.5
      vertex 15.6247 25.0008 11.5
      vertex 15.5278 25.15 11.5
    endloop
  endfacet
  facet normal 0 0 1
    outer loop
      vertex 15.25 22.9689 11.5
      vertex 15.5278 25.15 11.5
      vertex 15.447 25.3085 11.5
    endloop
  endfacet
  facet normal 0 0 1
    outer loop
      vertex 15.25 22.9689 11.5
      vertex 15.447 25.3085 11.5
      vertex 15.3832 25.4747 11.5
    endloop
  endfacet
  facet normal 0 0 1
    outer loop
      vertex 15.25 22.9689 11.5
      vertex 15.3832 25.4747 11.5
      vertex 15.3371 25.6465 11.5
    endloop
  endfacet
  facet normal 0 0 1
    outer loop
      vertex 15.25 22.9689 11.5
      vertex 15.3371 25.6465 11.5
      vertex 15.3093 25.8223 11.5
    endloop
  endfacet
  facet normal 0 0 1
    outer loop
      vertex 16.15 24.5278 11.5
      vertex 15.25 22.9689 11.5
      vertex 15.5764 22.8026 11.5
    endloop
  endfacet
  facet normal 0 0 1
    outer loop
      vertex 15.25 22.9689 11.5
      vertex 15.3093 25.8223 11.5
      vertex 15.3 26 11.5
    endloop
  endfacet
  facet normal -0 0 1
    outer loop
      vertex 13.8026 27.4236 11.5
      vertex 15.447 26.6915 11.5
      vertex 13.9689 27.75 11.5
    endloop
  endfacet
  facet normal 0 0 1
    outer loop
      vertex 15.3 26 11.5
      vertex 14.9428 23.1684 11.5
      vertex 15.25 22.9689 11.5
    endloop
  endfacet
  facet normal 0 0 1
    outer loop
      vertex 15.447 26.6915 11.5
      vertex 13.8026 27.4236 11.5
      vertex 15.3832 26.5253 11.5
    endloop
  endfacet
  facet normal 0 0 1
    outer loop
      vertex 15.3 26 11.5
      vertex 14.658 23.399 11.5
      vertex 14.9428 23.1684 11.5
    endloop
  endfacet
  facet normal -0 0 1
    outer loop
      vertex 13.6713 27.0816 11.5
      vertex 15.3832 26.5253 11.5
      vertex 13.8026 27.4236 11.5
    endloop
  endfacet
  facet normal 0 0 1
    outer loop
      vertex 15.3 26 11.5
      vertex 14.399 23.658 11.5
      vertex 14.658 23.399 11.5
    endloop
  endfacet
  facet normal 0 0 1
    outer loop
      vertex 15.3832 26.5253 11.5
      vertex 13.6713 27.0816 11.5
      vertex 15.3371 26.3535 11.5
    endloop
  endfacet
  facet normal 0 0 1
    outer loop
      vertex 15.3 26 11.5
      vertex 14.1684 23.9428 11.5
      vertex 14.399 23.658 11.5
    endloop
  endfacet
  facet normal -0 0 1
    outer loop
      vertex 13.5765 26.7277 11.5
      vertex 15.3371 26.3535 11.5
      vertex 13.6713 27.0816 11.5
    endloop
  endfacet
  facet normal 0 0 1
    outer loop
      vertex 15.3 26 11.5
      vertex 13.9689 24.25 11.5
      vertex 14.1684 23.9428 11.5
    endloop
  endfacet
  facet normal 0 0 1
    outer loop
      vertex 15.3371 26.3535 11.5
      vertex 13.5765 26.7277 11.5
      vertex 15.3093 26.1777 11.5
    endloop
  endfacet
  facet normal 0 0 1
    outer loop
      vertex 15.3 26 11.5
      vertex 13.8026 24.5764 11.5
      vertex 13.9689 24.25 11.5
    endloop
  endfacet
  facet normal -0 0 1
    outer loop
      vertex 13.5192 26.3658 11.5
      vertex 15.3093 26.1777 11.5
      vertex 13.5765 26.7277 11.5
    endloop
  endfacet
  facet normal 0 0 1
    outer loop
      vertex 15.3 26 11.5
      vertex 13.6713 24.9184 11.5
      vertex 13.8026 24.5764 11.5
    endloop
  endfacet
  facet normal 0 0 1
    outer loop
      vertex 15.3093 26.1777 11.5
      vertex 13.5192 26.3658 11.5
      vertex 15.3 26 11.5
    endloop
  endfacet
  facet normal 0 0 1
    outer loop
      vertex 15.3 26 11.5
      vertex 13.5765 25.2723 11.5
      vertex 13.6713 24.9184 11.5
    endloop
  endfacet
  facet normal 0 0 1
    outer loop
      vertex 13.5 26 11.5
      vertex 15.3 26 11.5
      vertex 13.5192 26.3658 11.5
    endloop
  endfacet
  facet normal 0 0 1
    outer loop
      vertex 15.3 26 11.5
      vertex 13.5192 25.6342 11.5
      vertex 13.5765 25.2723 11.5
    endloop
  endfacet
  facet normal 0 0 1
    outer loop
      vertex 15.3 26 11.5
      vertex 13.5 26 11.5
      vertex 13.5192 25.6342 11.5
    endloop
  endfacet
  facet normal 0.965944 -0.25875 0
    outer loop
      vertex 20.3287 24.9184 11.5
      vertex 20.4235 25.2723 8.5
      vertex 20.4235 25.2723 11.5
    endloop
  endfacet
  facet normal 0.965944 -0.25875 0
    outer loop
      vertex 20.4235 25.2723 8.5
      vertex 20.3287 24.9184 11.5
      vertex 20.3287 24.9184 8.5
    endloop
  endfacet
  facet normal 0.987696 -0.156383 0
    outer loop
      vertex 20.4235 25.2723 11.5
      vertex 20.4808 25.6342 8.5
      vertex 20.4808 25.6342 11.5
    endloop
  endfacet
  facet normal 0.987696 -0.156383 0
    outer loop
      vertex 20.4808 25.6342 8.5
      vertex 20.4235 25.2723 11.5
      vertex 20.4235 25.2723 8.5
    endloop
  endfacet
  facet normal 0.933564 -0.358412 0
    outer loop
      vertex 20.1974 24.5764 11.5
      vertex 20.3287 24.9184 8.5
      vertex 20.3287 24.9184 11.5
    endloop
  endfacet
  facet normal 0.933564 -0.358412 0
    outer loop
      vertex 20.3287 24.9184 8.5
      vertex 20.1974 24.5764 11.5
      vertex 20.1974 24.5764 8.5
    endloop
  endfacet
  facet normal 0.777181 -0.629277 0
    outer loop
      vertex 19.601 23.658 11.5
      vertex 19.8316 23.9428 8.5
      vertex 19.8316 23.9428 11.5
    endloop
  endfacet
  facet normal 0.777181 -0.629277 0
    outer loop
      vertex 19.8316 23.9428 8.5
      vertex 19.601 23.658 11.5
      vertex 19.601 23.658 8.5
    endloop
  endfacet
  facet normal 0.838668 -0.544643 0
    outer loop
      vertex 19.8316 23.9428 11.5
      vertex 20.0311 24.25 8.5
      vertex 20.0311 24.25 11.5
    endloop
  endfacet
  facet normal 0.838668 -0.544643 0
    outer loop
      vertex 20.0311 24.25 8.5
      vertex 19.8316 23.9428 11.5
      vertex 19.8316 23.9428 8.5
    endloop
  endfacet
  facet normal 0.156383 -0.987696 0
    outer loop
      vertex 17.3658 22.5192 8.5
      vertex 17.7277 22.5765 11.5
      vertex 17.3658 22.5192 11.5
    endloop
  endfacet
  facet normal 0.156383 -0.987696 0
    outer loop
      vertex 17.7277 22.5765 11.5
      vertex 17.3658 22.5192 8.5
      vertex 17.7277 22.5765 8.5
    endloop
  endfacet
  facet normal 0.453971 -0.891017 0
    outer loop
      vertex 18.4236 22.8026 8.5
      vertex 18.75 22.9689 11.5
      vertex 18.4236 22.8026 11.5
    endloop
  endfacet
  facet normal 0.453971 -0.891017 0
    outer loop
      vertex 18.75 22.9689 11.5
      vertex 18.4236 22.8026 8.5
      vertex 18.75 22.9689 8.5
    endloop
  endfacet
  facet normal 0.629277 -0.777181 0
    outer loop
      vertex 19.0572 23.1684 8.5
      vertex 19.342 23.399 11.5
      vertex 19.0572 23.1684 11.5
    endloop
  endfacet
  facet normal 0.629277 -0.777181 0
    outer loop
      vertex 19.342 23.399 11.5
      vertex 19.0572 23.1684 8.5
      vertex 19.342 23.399 8.5
    endloop
  endfacet
  facet normal -0.965944 -0.25875 0
    outer loop
      vertex 13.6713 24.9184 8.5
      vertex 13.5765 25.2723 11.5
      vertex 13.5765 25.2723 8.5
    endloop
  endfacet
  facet normal -0.965944 -0.25875 0
    outer loop
      vertex 13.5765 25.2723 11.5
      vertex 13.6713 24.9184 8.5
      vertex 13.6713 24.9184 11.5
    endloop
  endfacet
  facet normal -0.777181 -0.629277 0
    outer loop
      vertex 14.399 23.658 8.5
      vertex 14.1684 23.9428 11.5
      vertex 14.1684 23.9428 8.5
    endloop
  endfacet
  facet normal -0.777181 -0.629277 0
    outer loop
      vertex 14.1684 23.9428 11.5
      vertex 14.399 23.658 8.5
      vertex 14.399 23.658 11.5
    endloop
  endfacet
  facet normal -0.707107 -0.707107 0
    outer loop
      vertex 14.399 23.658 8.5
      vertex 14.658 23.399 11.5
      vertex 14.399 23.658 11.5
    endloop
  endfacet
  facet normal -0.707107 -0.707107 -0
    outer loop
      vertex 14.658 23.399 11.5
      vertex 14.399 23.658 8.5
      vertex 14.658 23.399 8.5
    endloop
  endfacet
  facet normal -0.838668 -0.544643 0
    outer loop
      vertex 14.1684 23.9428 8.5
      vertex 13.9689 24.25 11.5
      vertex 13.9689 24.25 8.5
    endloop
  endfacet
  facet normal -0.838668 -0.544643 0
    outer loop
      vertex 13.9689 24.25 11.5
      vertex 14.1684 23.9428 8.5
      vertex 14.1684 23.9428 11.5
    endloop
  endfacet
  facet normal -0.933564 -0.358412 0
    outer loop
      vertex 13.8026 24.5764 8.5
      vertex 13.6713 24.9184 11.5
      vertex 13.6713 24.9184 8.5
    endloop
  endfacet
  facet normal -0.933564 -0.358412 0
    outer loop
      vertex 13.6713 24.9184 11.5
      vertex 13.8026 24.5764 8.5
      vertex 13.8026 24.5764 11.5
    endloop
  endfacet
  facet normal -0.987696 -0.156383 0
    outer loop
      vertex 13.5765 25.2723 8.5
      vertex 13.5192 25.6342 11.5
      vertex 13.5192 25.6342 8.5
    endloop
  endfacet
  facet normal -0.987696 -0.156383 0
    outer loop
      vertex 13.5192 25.6342 11.5
      vertex 13.5765 25.2723 8.5
      vertex 13.5765 25.2723 11.5
    endloop
  endfacet
  facet normal 0 0 -1
    outer loop
      vertex 20.4808 25.6342 8.5
      vertex 18.6907 25.8223 8.5
      vertex 18.7 26 8.5
    endloop
  endfacet
  facet normal 0 0 -1
    outer loop
      vertex 19.0572 23.1684 8.5
      vertex 18.6628 25.6465 8.5
      vertex 18.6907 25.8223 8.5
    endloop
  endfacet
  facet normal 0 0 -1
    outer loop
      vertex 19.0572 23.1684 8.5
      vertex 18.6168 25.4747 8.5
      vertex 18.6628 25.6465 8.5
    endloop
  endfacet
  facet normal 0 0 -1
    outer loop
      vertex 19.0572 23.1684 8.5
      vertex 18.553 25.3085 8.5
      vertex 18.6168 25.4747 8.5
    endloop
  endfacet
  facet normal 0 0 -1
    outer loop
      vertex 19.0572 23.1684 8.5
      vertex 18.4722 25.15 8.5
      vertex 18.553 25.3085 8.5
    endloop
  endfacet
  facet normal 0 0 -1
    outer loop
      vertex 17.85 24.5278 8.5
      vertex 18.75 22.9689 8.5
      vertex 18.4236 22.8026 8.5
    endloop
  endfacet
  facet normal 0 0 -1
    outer loop
      vertex 19.0572 23.1684 8.5
      vertex 18.3753 25.0008 8.5
      vertex 18.4722 25.15 8.5
    endloop
  endfacet
  facet normal 0 0 -1
    outer loop
      vertex 19.0572 23.1684 8.5
      vertex 18.2633 24.8625 8.5
      vertex 18.3753 25.0008 8.5
    endloop
  endfacet
  facet normal 0 0 -1
    outer loop
      vertex 19.0572 23.1684 8.5
      vertex 18.1375 24.7367 8.5
      vertex 18.2633 24.8625 8.5
    endloop
  endfacet
  facet normal 0 0 -1
    outer loop
      vertex 17.6915 24.447 8.5
      vertex 18.4236 22.8026 8.5
      vertex 18.0816 22.6713 8.5
    endloop
  endfacet
  facet normal 0 0 -1
    outer loop
      vertex 19.0572 23.1684 8.5
      vertex 17.9992 24.6247 8.5
      vertex 18.1375 24.7367 8.5
    endloop
  endfacet
  facet normal 0 0 -1
    outer loop
      vertex 18.75 22.9689 8.5
      vertex 17.85 24.5278 8.5
      vertex 17.9992 24.6247 8.5
    endloop
  endfacet
  facet normal 0 0 -1
    outer loop
      vertex 17.5253 24.3832 8.5
      vertex 18.0816 22.6713 8.5
      vertex 17.7277 22.5765 8.5
    endloop
  endfacet
  facet normal 0 0 -1
    outer loop
      vertex 18.4236 22.8026 8.5
      vertex 17.6915 24.447 8.5
      vertex 17.85 24.5278 8.5
    endloop
  endfacet
  facet normal 0 0 -1
    outer loop
      vertex 18.0816 22.6713 8.5
      vertex 17.5253 24.3832 8.5
      vertex 17.6915 24.447 8.5
    endloop
  endfacet
  facet normal 0 0 -1
    outer loop
      vertex 17.3535 24.3372 8.5
      vertex 17.7277 22.5765 8.5
      vertex 17.3658 22.5192 8.5
    endloop
  endfacet
  facet normal 0 0 -1
    outer loop
      vertex 17.7277 22.5765 8.5
      vertex 17.3535 24.3372 8.5
      vertex 17.5253 24.3832 8.5
    endloop
  endfacet
  facet normal 0 0 -1
    outer loop
      vertex 17.3658 22.5192 8.5
      vertex 17.1777 24.3093 8.5
      vertex 17.3535 24.3372 8.5
    endloop
  endfacet
  facet normal 0 0 -1
    outer loop
      vertex 17 22.5 8.5
      vertex 17.1777 24.3093 8.5
      vertex 17.3658 22.5192 8.5
    endloop
  endfacet
  facet normal 0 0 -1
    outer loop
      vertex 17 22.5 8.5
      vertex 17 24.3 8.5
      vertex 17.1777 24.3093 8.5
    endloop
  endfacet
  facet normal 0 0 -1
    outer loop
      vertex 17 22.5 8.5
      vertex 16.8223 24.3093 8.5
      vertex 17 24.3 8.5
    endloop
  endfacet
  facet normal 0 0 -1
    outer loop
      vertex 16.6342 22.5192 8.5
      vertex 16.8223 24.3093 8.5
      vertex 17 22.5 8.5
    endloop
  endfacet
  facet normal -0 0 -1
    outer loop
      vertex 16.8223 24.3093 8.5
      vertex 16.6342 22.5192 8.5
      vertex 16.6465 24.3372 8.5
    endloop
  endfacet
  facet normal 0 0 -1
    outer loop
      vertex 16.2723 22.5765 8.5
      vertex 16.6465 24.3372 8.5
      vertex 16.6342 22.5192 8.5
    endloop
  endfacet
  facet normal -0 0 -1
    outer loop
      vertex 16.6465 24.3372 8.5
      vertex 16.2723 22.5765 8.5
      vertex 16.4747 24.3832 8.5
    endloop
  endfacet
  facet normal 0 0 -1
    outer loop
      vertex 15.9184 22.6713 8.5
      vertex 16.4747 24.3832 8.5
      vertex 16.2723 22.5765 8.5
    endloop
  endfacet
  facet normal -0 0 -1
    outer loop
      vertex 16.4747 24.3832 8.5
      vertex 15.9184 22.6713 8.5
      vertex 16.3085 24.447 8.5
    endloop
  endfacet
  facet normal 0 0 -1
    outer loop
      vertex 15.5764 22.8026 8.5
      vertex 16.3085 24.447 8.5
      vertex 15.9184 22.6713 8.5
    endloop
  endfacet
  facet normal -0 0 -1
    outer loop
      vertex 16.3085 24.447 8.5
      vertex 15.5764 22.8026 8.5
      vertex 16.15 24.5278 8.5
    endloop
  endfacet
  facet normal 0 0 -1
    outer loop
      vertex 15.25 22.9689 8.5
      vertex 16.15 24.5278 8.5
      vertex 15.5764 22.8026 8.5
    endloop
  endfacet
  facet normal -0 0 -1
    outer loop
      vertex 16.15 24.5278 8.5
      vertex 15.25 22.9689 8.5
      vertex 16.0008 24.6247 8.5
    endloop
  endfacet
  facet normal 0 0 -1
    outer loop
      vertex 14.9428 23.1684 8.5
      vertex 16.0008 24.6247 8.5
      vertex 15.25 22.9689 8.5
    endloop
  endfacet
  facet normal -0 0 -1
    outer loop
      vertex 16.0008 24.6247 8.5
      vertex 14.9428 23.1684 8.5
      vertex 15.8625 24.7367 8.5
    endloop
  endfacet
  facet normal 0 0 -1
    outer loop
      vertex 14.658 23.399 8.5
      vertex 15.8625 24.7367 8.5
      vertex 14.9428 23.1684 8.5
    endloop
  endfacet
  facet normal -0 0 -1
    outer loop
      vertex 15.8625 24.7367 8.5
      vertex 14.658 23.399 8.5
      vertex 15.7367 24.8625 8.5
    endloop
  endfacet
  facet normal 0 0 -1
    outer loop
      vertex 14.399 23.658 8.5
      vertex 15.7367 24.8625 8.5
      vertex 14.658 23.399 8.5
    endloop
  endfacet
  facet normal -0 0 -1
    outer loop
      vertex 15.7367 24.8625 8.5
      vertex 14.399 23.658 8.5
      vertex 15.6247 25.0008 8.5
    endloop
  endfacet
  facet normal 0 0 -1
    outer loop
      vertex 14.1684 23.9428 8.5
      vertex 15.6247 25.0008 8.5
      vertex 14.399 23.658 8.5
    endloop
  endfacet
  facet normal 0 0 -1
    outer loop
      vertex 13.9689 24.25 8.5
      vertex 15.5278 25.15 8.5
      vertex 14.1684 23.9428 8.5
    endloop
  endfacet
  facet normal -0 0 -1
    outer loop
      vertex 15.6247 25.0008 8.5
      vertex 14.1684 23.9428 8.5
      vertex 15.5278 25.15 8.5
    endloop
  endfacet
  facet normal 0 0 -1
    outer loop
      vertex 18.7 26 8.5
      vertex 20.5 26 8.5
      vertex 20.4808 25.6342 8.5
    endloop
  endfacet
  facet normal 0 0 -1
    outer loop
      vertex 18.6907 25.8223 8.5
      vertex 20.4808 25.6342 8.5
      vertex 20.4235 25.2723 8.5
    endloop
  endfacet
  facet normal 0 0 -1
    outer loop
      vertex 20.5 26 8.5
      vertex 18.7 26 8.5
      vertex 20.4808 26.3658 8.5
    endloop
  endfacet
  facet normal 0 0 -1
    outer loop
      vertex 18.6907 25.8223 8.5
      vertex 20.4235 25.2723 8.5
      vertex 20.3287 24.9184 8.5
    endloop
  endfacet
  facet normal 0 0 -1
    outer loop
      vertex 18.6907 26.1777 8.5
      vertex 20.4808 26.3658 8.5
      vertex 18.7 26 8.5
    endloop
  endfacet
  facet normal 0 0 -1
    outer loop
      vertex 18.6907 25.8223 8.5
      vertex 20.3287 24.9184 8.5
      vertex 20.1974 24.5764 8.5
    endloop
  endfacet
  facet normal -0 0 -1
    outer loop
      vertex 20.4808 26.3658 8.5
      vertex 18.6907 26.1777 8.5
      vertex 20.4235 26.7277 8.5
    endloop
  endfacet
  facet normal 0 0 -1
    outer loop
      vertex 18.6907 25.8223 8.5
      vertex 20.1974 24.5764 8.5
      vertex 20.0311 24.25 8.5
    endloop
  endfacet
  facet normal 0 0 -1
    outer loop
      vertex 18.6628 26.3535 8.5
      vertex 20.4235 26.7277 8.5
      vertex 18.6907 26.1777 8.5
    endloop
  endfacet
  facet normal 0 0 -1
    outer loop
      vertex 18.6907 25.8223 8.5
      vertex 20.0311 24.25 8.5
      vertex 19.8316 23.9428 8.5
    endloop
  endfacet
  facet normal -0 0 -1
    outer loop
      vertex 20.4235 26.7277 8.5
      vertex 18.6628 26.3535 8.5
      vertex 20.3287 27.0816 8.5
    endloop
  endfacet
  facet normal 0 0 -1
    outer loop
      vertex 18.6907 25.8223 8.5
      vertex 19.8316 23.9428 8.5
      vertex 19.601 23.658 8.5
    endloop
  endfacet
  facet normal 0 0 -1
    outer loop
      vertex 18.6168 26.5253 8.5
      vertex 20.3287 27.0816 8.5
      vertex 18.6628 26.3535 8.5
    endloop
  endfacet
  facet normal 0 0 -1
    outer loop
      vertex 18.6907 25.8223 8.5
      vertex 19.601 23.658 8.5
      vertex 19.342 23.399 8.5
    endloop
  endfacet
  facet normal -0 0 -1
    outer loop
      vertex 20.3287 27.0816 8.5
      vertex 18.6168 26.5253 8.5
      vertex 20.1974 27.4236 8.5
    endloop
  endfacet
  facet normal 0 0 -1
    outer loop
      vertex 18.6907 25.8223 8.5
      vertex 19.342 23.399 8.5
      vertex 19.0572 23.1684 8.5
    endloop
  endfacet
  facet normal 0 0 -1
    outer loop
      vertex 18.553 26.6915 8.5
      vertex 20.1974 27.4236 8.5
      vertex 18.6168 26.5253 8.5
    endloop
  endfacet
  facet normal -0 0 -1
    outer loop
      vertex 20.1974 27.4236 8.5
      vertex 18.553 26.6915 8.5
      vertex 20.0311 27.75 8.5
    endloop
  endfacet
  facet normal 0 0 -1
    outer loop
      vertex 17.9992 24.6247 8.5
      vertex 19.0572 23.1684 8.5
      vertex 18.75 22.9689 8.5
    endloop
  endfacet
  facet normal 0 0 -1
    outer loop
      vertex 18.4722 26.85 8.5
      vertex 20.0311 27.75 8.5
      vertex 18.553 26.6915 8.5
    endloop
  endfacet
  facet normal -0 0 -1
    outer loop
      vertex 20.0311 27.75 8.5
      vertex 18.4722 26.85 8.5
      vertex 19.8316 28.0572 8.5
    endloop
  endfacet
  facet normal 0 0 -1
    outer loop
      vertex 18.3753 26.9992 8.5
      vertex 19.8316 28.0572 8.5
      vertex 18.4722 26.85 8.5
    endloop
  endfacet
  facet normal -0 0 -1
    outer loop
      vertex 19.8316 28.0572 8.5
      vertex 18.3753 26.9992 8.5
      vertex 19.601 28.342 8.5
    endloop
  endfacet
  facet normal 0 0 -1
    outer loop
      vertex 18.2633 27.1375 8.5
      vertex 19.601 28.342 8.5
      vertex 18.3753 26.9992 8.5
    endloop
  endfacet
  facet normal -0 0 -1
    outer loop
      vertex 19.601 28.342 8.5
      vertex 18.2633 27.1375 8.5
      vertex 19.342 28.601 8.5
    endloop
  endfacet
  facet normal 0 0 -1
    outer loop
      vertex 18.1375 27.2633 8.5
      vertex 19.342 28.601 8.5
      vertex 18.2633 27.1375 8.5
    endloop
  endfacet
  facet normal -0 0 -1
    outer loop
      vertex 19.342 28.601 8.5
      vertex 18.1375 27.2633 8.5
      vertex 19.0572 28.8316 8.5
    endloop
  endfacet
  facet normal 0 0 -1
    outer loop
      vertex 17.9992 27.3753 8.5
      vertex 19.0572 28.8316 8.5
      vertex 18.1375 27.2633 8.5
    endloop
  endfacet
  facet normal -0 0 -1
    outer loop
      vertex 19.0572 28.8316 8.5
      vertex 17.9992 27.3753 8.5
      vertex 18.7979 29 8.5
    endloop
  endfacet
  facet normal 0 0 -1
    outer loop
      vertex 17.85 27.4722 8.5
      vertex 18.7979 29 8.5
      vertex 17.9992 27.3753 8.5
    endloop
  endfacet
  facet normal 0 0 -1
    outer loop
      vertex 17.6915 27.553 8.5
      vertex 18.7979 29 8.5
      vertex 17.85 27.4722 8.5
    endloop
  endfacet
  facet normal 0 0 -1
    outer loop
      vertex 17.5253 27.6168 8.5
      vertex 18.7979 29 8.5
      vertex 17.6915 27.553 8.5
    endloop
  endfacet
  facet normal 0 0 -1
    outer loop
      vertex 17.3535 27.6628 8.5
      vertex 18.7979 29 8.5
      vertex 17.5253 27.6168 8.5
    endloop
  endfacet
  facet normal 0 0 -1
    outer loop
      vertex 17.1777 27.6907 8.5
      vertex 18.7979 29 8.5
      vertex 17.3535 27.6628 8.5
    endloop
  endfacet
  facet normal 0 0 -1
    outer loop
      vertex 17 27.7 8.5
      vertex 18.7979 29 8.5
      vertex 17.1777 27.6907 8.5
    endloop
  endfacet
  facet normal 0 0 -1
    outer loop
      vertex 15.2021 29 8.5
      vertex 17 27.7 8.5
      vertex 16.8223 27.6907 8.5
    endloop
  endfacet
  facet normal 0 0 -1
    outer loop
      vertex 15.2021 29 8.5
      vertex 16.8223 27.6907 8.5
      vertex 16.6465 27.6628 8.5
    endloop
  endfacet
  facet normal 0 0 -1
    outer loop
      vertex 15.2021 29 8.5
      vertex 16.6465 27.6628 8.5
      vertex 16.4747 27.6168 8.5
    endloop
  endfacet
  facet normal 0 0 -1
    outer loop
      vertex 15.2021 29 8.5
      vertex 16.4747 27.6168 8.5
      vertex 16.3085 27.553 8.5
    endloop
  endfacet
  facet normal 0 0 -1
    outer loop
      vertex 15.2021 29 8.5
      vertex 16.3085 27.553 8.5
      vertex 16.15 27.4722 8.5
    endloop
  endfacet
  facet normal 0 0 -1
    outer loop
      vertex 17 27.7 8.5
      vertex 15.2021 29 8.5
      vertex 18.7979 29 8.5
    endloop
  endfacet
  facet normal 0 0 -1
    outer loop
      vertex 16.0008 27.3753 8.5
      vertex 15.2021 29 8.5
      vertex 16.15 27.4722 8.5
    endloop
  endfacet
  facet normal 0 0 -1
    outer loop
      vertex 14.9428 28.8316 8.5
      vertex 16.0008 27.3753 8.5
      vertex 15.8625 27.2633 8.5
    endloop
  endfacet
  facet normal 0 0 -1
    outer loop
      vertex 14.658 28.601 8.5
      vertex 15.8625 27.2633 8.5
      vertex 15.7367 27.1375 8.5
    endloop
  endfacet
  facet normal 0 0 -1
    outer loop
      vertex 14.399 28.342 8.5
      vertex 15.7367 27.1375 8.5
      vertex 15.6247 26.9992 8.5
    endloop
  endfacet
  facet normal 0 0 -1
    outer loop
      vertex 14.1684 28.0572 8.5
      vertex 15.6247 26.9992 8.5
      vertex 15.5278 26.85 8.5
    endloop
  endfacet
  facet normal 0 0 -1
    outer loop
      vertex 13.9689 27.75 8.5
      vertex 15.5278 26.85 8.5
      vertex 15.447 26.6915 8.5
    endloop
  endfacet
  facet normal 0 0 -1
    outer loop
      vertex 13.8026 27.4236 8.5
      vertex 15.447 26.6915 8.5
      vertex 15.3832 26.5253 8.5
    endloop
  endfacet
  facet normal 0 0 -1
    outer loop
      vertex 13.6713 27.0816 8.5
      vertex 15.3832 26.5253 8.5
      vertex 15.3371 26.3535 8.5
    endloop
  endfacet
  facet normal 0 0 -1
    outer loop
      vertex 13.5765 26.7277 8.5
      vertex 15.3371 26.3535 8.5
      vertex 15.3093 26.1777 8.5
    endloop
  endfacet
  facet normal 0 0 -1
    outer loop
      vertex 13.5192 26.3658 8.5
      vertex 15.3093 26.1777 8.5
      vertex 15.3 26 8.5
    endloop
  endfacet
  facet normal -0 0 -1
    outer loop
      vertex 15.5278 25.15 8.5
      vertex 13.9689 24.25 8.5
      vertex 15.447 25.3085 8.5
    endloop
  endfacet
  facet normal 0 0 -1
    outer loop
      vertex 13.8026 24.5764 8.5
      vertex 15.447 25.3085 8.5
      vertex 13.9689 24.25 8.5
    endloop
  endfacet
  facet normal 0 0 -1
    outer loop
      vertex 16.0008 27.3753 8.5
      vertex 14.9428 28.8316 8.5
      vertex 15.2021 29 8.5
    endloop
  endfacet
  facet normal -0 0 -1
    outer loop
      vertex 15.447 25.3085 8.5
      vertex 13.8026 24.5764 8.5
      vertex 15.3832 25.4747 8.5
    endloop
  endfacet
  facet normal 0 0 -1
    outer loop
      vertex 15.8625 27.2633 8.5
      vertex 14.658 28.601 8.5
      vertex 14.9428 28.8316 8.5
    endloop
  endfacet
  facet normal 0 0 -1
    outer loop
      vertex 13.6713 24.9184 8.5
      vertex 15.3832 25.4747 8.5
      vertex 13.8026 24.5764 8.5
    endloop
  endfacet
  facet normal 0 0 -1
    outer loop
      vertex 15.7367 27.1375 8.5
      vertex 14.399 28.342 8.5
      vertex 14.658 28.601 8.5
    endloop
  endfacet
  facet normal -0 0 -1
    outer loop
      vertex 15.3832 25.4747 8.5
      vertex 13.6713 24.9184 8.5
      vertex 15.3371 25.6465 8.5
    endloop
  endfacet
  facet normal 0 0 -1
    outer loop
      vertex 15.6247 26.9992 8.5
      vertex 14.1684 28.0572 8.5
      vertex 14.399 28.342 8.5
    endloop
  endfacet
  facet normal 0 0 -1
    outer loop
      vertex 13.5765 25.2723 8.5
      vertex 15.3371 25.6465 8.5
      vertex 13.6713 24.9184 8.5
    endloop
  endfacet
  facet normal 0 0 -1
    outer loop
      vertex 15.5278 26.85 8.5
      vertex 13.9689 27.75 8.5
      vertex 14.1684 28.0572 8.5
    endloop
  endfacet
  facet normal -0 0 -1
    outer loop
      vertex 15.3371 25.6465 8.5
      vertex 13.5765 25.2723 8.5
      vertex 15.3093 25.8223 8.5
    endloop
  endfacet
  facet normal 0 0 -1
    outer loop
      vertex 15.447 26.6915 8.5
      vertex 13.8026 27.4236 8.5
      vertex 13.9689 27.75 8.5
    endloop
  endfacet
  facet normal 0 0 -1
    outer loop
      vertex 13.5192 25.6342 8.5
      vertex 15.3093 25.8223 8.5
      vertex 13.5765 25.2723 8.5
    endloop
  endfacet
  facet normal 0 0 -1
    outer loop
      vertex 15.3832 26.5253 8.5
      vertex 13.6713 27.0816 8.5
      vertex 13.8026 27.4236 8.5
    endloop
  endfacet
  facet normal -0 0 -1
    outer loop
      vertex 15.3093 25.8223 8.5
      vertex 13.5192 25.6342 8.5
      vertex 15.3 26 8.5
    endloop
  endfacet
  facet normal 0 0 -1
    outer loop
      vertex 15.3371 26.3535 8.5
      vertex 13.5765 26.7277 8.5
      vertex 13.6713 27.0816 8.5
    endloop
  endfacet
  facet normal 0 0 -1
    outer loop
      vertex 13.5 26 8.5
      vertex 15.3 26 8.5
      vertex 13.5192 25.6342 8.5
    endloop
  endfacet
  facet normal 0 0 -1
    outer loop
      vertex 15.3093 26.1777 8.5
      vertex 13.5192 26.3658 8.5
      vertex 13.5765 26.7277 8.5
    endloop
  endfacet
  facet normal 0 0 -1
    outer loop
      vertex 15.3 26 8.5
      vertex 13.5 26 8.5
      vertex 13.5192 26.3658 8.5
    endloop
  endfacet
  facet normal -0.453971 -0.891017 0
    outer loop
      vertex 15.25 22.9689 8.5
      vertex 15.5764 22.8026 11.5
      vertex 15.25 22.9689 11.5
    endloop
  endfacet
  facet normal -0.453971 -0.891017 -0
    outer loop
      vertex 15.5764 22.8026 11.5
      vertex 15.25 22.9689 8.5
      vertex 15.5764 22.8026 8.5
    endloop
  endfacet
  facet normal -0.358412 -0.933564 0
    outer loop
      vertex 15.5764 22.8026 8.5
      vertex 15.9184 22.6713 11.5
      vertex 15.5764 22.8026 11.5
    endloop
  endfacet
  facet normal -0.358412 -0.933564 -0
    outer loop
      vertex 15.9184 22.6713 11.5
      vertex 15.5764 22.8026 8.5
      vertex 15.9184 22.6713 8.5
    endloop
  endfacet
  facet normal -0.544643 -0.838668 0
    outer loop
      vertex 14.9428 23.1684 8.5
      vertex 15.25 22.9689 11.5
      vertex 14.9428 23.1684 11.5
    endloop
  endfacet
  facet normal -0.544643 -0.838668 -0
    outer loop
      vertex 15.25 22.9689 11.5
      vertex 14.9428 23.1684 8.5
      vertex 15.25 22.9689 8.5
    endloop
  endfacet
  facet normal -0.0524155 -0.998625 0
    outer loop
      vertex 16.6342 22.5192 8.5
      vertex 17 22.5 11.5
      vertex 16.6342 22.5192 11.5
    endloop
  endfacet
  facet normal -0.0524155 -0.998625 -0
    outer loop
      vertex 17 22.5 11.5
      vertex 16.6342 22.5192 8.5
      vertex 17 22.5 8.5
    endloop
  endfacet
  facet normal 0.629277 0.777181 -0
    outer loop
      vertex 19.342 28.601 8.5
      vertex 19.0572 28.8316 11.5
      vertex 19.342 28.601 11.5
    endloop
  endfacet
  facet normal 0.629277 0.777181 0
    outer loop
      vertex 19.0572 28.8316 11.5
      vertex 19.342 28.601 8.5
      vertex 19.0572 28.8316 8.5
    endloop
  endfacet
  facet normal 0.777181 0.629277 0
    outer loop
      vertex 19.8316 28.0572 11.5
      vertex 19.601 28.342 8.5
      vertex 19.601 28.342 11.5
    endloop
  endfacet
  facet normal 0.777181 0.629277 0
    outer loop
      vertex 19.601 28.342 8.5
      vertex 19.8316 28.0572 11.5
      vertex 19.8316 28.0572 8.5
    endloop
  endfacet
  facet normal 0.891017 0.453971 0
    outer loop
      vertex 20.1974 27.4236 11.5
      vertex 20.0311 27.75 8.5
      vertex 20.0311 27.75 11.5
    endloop
  endfacet
  facet normal 0.891017 0.453971 0
    outer loop
      vertex 20.0311 27.75 8.5
      vertex 20.1974 27.4236 11.5
      vertex 20.1974 27.4236 8.5
    endloop
  endfacet
  facet normal -0.707107 0.707107 0
    outer loop
      vertex 14.658 28.601 8.5
      vertex 14.399 28.342 11.5
      vertex 14.658 28.601 11.5
    endloop
  endfacet
  facet normal -0.707107 0.707107 0
    outer loop
      vertex 14.399 28.342 11.5
      vertex 14.658 28.601 8.5
      vertex 14.399 28.342 8.5
    endloop
  endfacet
  facet normal -0.544659 0.838658 0
    outer loop
      vertex 15.2021 29 8.5
      vertex 14.9428 28.8316 11.5
      vertex 15.2021 29 11.5
    endloop
  endfacet
  facet normal -0.544659 0.838658 0
    outer loop
      vertex 14.9428 28.8316 11.5
      vertex 15.2021 29 8.5
      vertex 14.9428 28.8316 8.5
    endloop
  endfacet
  facet normal -0.933564 0.358412 0
    outer loop
      vertex 13.6713 27.0816 8.5
      vertex 13.8026 27.4236 11.5
      vertex 13.8026 27.4236 8.5
    endloop
  endfacet
  facet normal -0.933564 0.358412 0
    outer loop
      vertex 13.8026 27.4236 11.5
      vertex 13.6713 27.0816 8.5
      vertex 13.6713 27.0816 11.5
    endloop
  endfacet
  facet normal -0.838668 0.544643 0
    outer loop
      vertex 13.9689 27.75 8.5
      vertex 14.1684 28.0572 11.5
      vertex 14.1684 28.0572 8.5
    endloop
  endfacet
  facet normal -0.838668 0.544643 0
    outer loop
      vertex 14.1684 28.0572 11.5
      vertex 13.9689 27.75 8.5
      vertex 13.9689 27.75 11.5
    endloop
  endfacet
  facet normal -0.965944 0.25875 0
    outer loop
      vertex 13.5765 26.7277 8.5
      vertex 13.6713 27.0816 11.5
      vertex 13.6713 27.0816 8.5
    endloop
  endfacet
  facet normal -0.965944 0.25875 0
    outer loop
      vertex 13.6713 27.0816 11.5
      vertex 13.5765 26.7277 8.5
      vertex 13.5765 26.7277 11.5
    endloop
  endfacet
  facet normal -0.998625 0.0524155 0
    outer loop
      vertex 13.5 26 8.5
      vertex 13.5192 26.3658 11.5
      vertex 13.5192 26.3658 8.5
    endloop
  endfacet
  facet normal -0.998625 0.0524155 0
    outer loop
      vertex 13.5192 26.3658 11.5
      vertex 13.5 26 8.5
      vertex 13.5 26 11.5
    endloop
  endfacet
  facet normal 0.707107 0.707107 0
    outer loop
      vertex 19.601 28.342 11.5
      vertex 19.342 28.601 8.5
      vertex 19.342 28.601 11.5
    endloop
  endfacet
  facet normal 0.707107 0.707107 0
    outer loop
      vertex 19.342 28.601 8.5
      vertex 19.601 28.342 11.5
      vertex 19.601 28.342 8.5
    endloop
  endfacet
  facet normal 0.544659 0.838658 -0
    outer loop
      vertex 19.0572 28.8316 8.5
      vertex 18.7979 29 11.5
      vertex 19.0572 28.8316 11.5
    endloop
  endfacet
  facet normal 0.544659 0.838658 0
    outer loop
      vertex 18.7979 29 11.5
      vertex 19.0572 28.8316 8.5
      vertex 18.7979 29 8.5
    endloop
  endfacet
  facet normal 0.838668 0.544643 0
    outer loop
      vertex 20.0311 27.75 11.5
      vertex 19.8316 28.0572 8.5
      vertex 19.8316 28.0572 11.5
    endloop
  endfacet
  facet normal 0.838668 0.544643 0
    outer loop
      vertex 19.8316 28.0572 8.5
      vertex 20.0311 27.75 11.5
      vertex 20.0311 27.75 8.5
    endloop
  endfacet
  facet normal 0.987696 0.156383 0
    outer loop
      vertex 20.4808 26.3658 11.5
      vertex 20.4235 26.7277 8.5
      vertex 20.4235 26.7277 11.5
    endloop
  endfacet
  facet normal 0.987696 0.156383 0
    outer loop
      vertex 20.4235 26.7277 8.5
      vertex 20.4808 26.3658 11.5
      vertex 20.4808 26.3658 8.5
    endloop
  endfacet
  facet normal 0.965944 0.25875 0
    outer loop
      vertex 20.4235 26.7277 11.5
      vertex 20.3287 27.0816 8.5
      vertex 20.3287 27.0816 11.5
    endloop
  endfacet
  facet normal 0.965944 0.25875 0
    outer loop
      vertex 20.3287 27.0816 8.5
      vertex 20.4235 26.7277 11.5
      vertex 20.4235 26.7277 8.5
    endloop
  endfacet
  facet normal 0.998625 0.0524155 0
    outer loop
      vertex 20.5 26 11.5
      vertex 20.4808 26.3658 8.5
      vertex 20.4808 26.3658 11.5
    endloop
  endfacet
  facet normal 0.998625 0.0524155 0
    outer loop
      vertex 20.4808 26.3658 8.5
      vertex 20.5 26 11.5
      vertex 20.5 26 8.5
    endloop
  endfacet
  facet normal -0.629277 0.777181 0
    outer loop
      vertex 14.9428 28.8316 8.5
      vertex 14.658 28.601 11.5
      vertex 14.9428 28.8316 11.5
    endloop
  endfacet
  facet normal -0.629277 0.777181 0
    outer loop
      vertex 14.658 28.601 11.5
      vertex 14.9428 28.8316 8.5
      vertex 14.658 28.601 8.5
    endloop
  endfacet
  facet normal -0.891017 0.453971 0
    outer loop
      vertex 13.8026 27.4236 8.5
      vertex 13.9689 27.75 11.5
      vertex 13.9689 27.75 8.5
    endloop
  endfacet
  facet normal -0.891017 0.453971 0
    outer loop
      vertex 13.9689 27.75 11.5
      vertex 13.8026 27.4236 8.5
      vertex 13.8026 27.4236 11.5
    endloop
  endfacet
  facet normal -0.777181 0.629277 0
    outer loop
      vertex 14.1684 28.0572 8.5
      vertex 14.399 28.342 11.5
      vertex 14.399 28.342 8.5
    endloop
  endfacet
  facet normal -0.777181 0.629277 0
    outer loop
      vertex 14.399 28.342 11.5
      vertex 14.1684 28.0572 8.5
      vertex 14.1684 28.0572 11.5
    endloop
  endfacet
  facet normal -0.987696 0.156383 0
    outer loop
      vertex 13.5192 26.3658 8.5
      vertex 13.5765 26.7277 11.5
      vertex 13.5765 26.7277 8.5
    endloop
  endfacet
  facet normal -0.987696 0.156383 0
    outer loop
      vertex 13.5765 26.7277 11.5
      vertex 13.5192 26.3658 8.5
      vertex 13.5192 26.3658 11.5
    endloop
  endfacet
  facet normal -0.998633 0.0522639 0
    outer loop
      vertex 18.6907 25.8223 8.5
      vertex 18.7 26 11.5
      vertex 18.7 26 8.5
    endloop
  endfacet
  facet normal -0.998633 0.0522639 0
    outer loop
      vertex 18.7 26 11.5
      vertex 18.6907 25.8223 8.5
      vertex 18.6907 25.8223 11.5
    endloop
  endfacet
  facet normal 0.998633 0.0522639 0
    outer loop
      vertex 15.3093 25.8223 11.5
      vertex 15.3 26 8.5
      vertex 15.3 26 11.5
    endloop
  endfacet
  facet normal 0.998633 0.0522639 0
    outer loop
      vertex 15.3 26 8.5
      vertex 15.3093 25.8223 11.5
      vertex 15.3093 25.8223 8.5
    endloop
  endfacet
  facet normal 0.0522639 0.998633 -0
    outer loop
      vertex 17 24.3 8.5
      vertex 16.8223 24.3093 11.5
      vertex 17 24.3 11.5
    endloop
  endfacet
  facet normal 0.0522639 0.998633 0
    outer loop
      vertex 16.8223 24.3093 11.5
      vertex 17 24.3 8.5
      vertex 16.8223 24.3093 8.5
    endloop
  endfacet
  facet normal -0.0522639 -0.998633 0
    outer loop
      vertex 17 27.7 8.5
      vertex 17.1777 27.6907 11.5
      vertex 17 27.7 11.5
    endloop
  endfacet
  facet normal -0.0522639 -0.998633 -0
    outer loop
      vertex 17.1777 27.6907 11.5
      vertex 17 27.7 8.5
      vertex 17.1777 27.6907 8.5
    endloop
  endfacet
  facet normal -0.707107 0.707107 0
    outer loop
      vertex 18.1375 24.7367 8.5
      vertex 18.2633 24.8625 11.5
      vertex 18.2633 24.8625 8.5
    endloop
  endfacet
  facet normal -0.707107 0.707107 0
    outer loop
      vertex 18.2633 24.8625 11.5
      vertex 18.1375 24.7367 8.5
      vertex 18.1375 24.7367 11.5
    endloop
  endfacet
  facet normal 0.707107 0.707107 0
    outer loop
      vertex 15.8625 24.7367 11.5
      vertex 15.7367 24.8625 8.5
      vertex 15.7367 24.8625 11.5
    endloop
  endfacet
  facet normal 0.707107 0.707107 0
    outer loop
      vertex 15.7367 24.8625 8.5
      vertex 15.8625 24.7367 11.5
      vertex 15.8625 24.7367 8.5
    endloop
  endfacet
  facet normal 0.358377 0.933577 -0
    outer loop
      vertex 16.4747 24.3832 8.5
      vertex 16.3085 24.447 11.5
      vertex 16.4747 24.3832 11.5
    endloop
  endfacet
  facet normal 0.358377 0.933577 0
    outer loop
      vertex 16.3085 24.447 11.5
      vertex 16.4747 24.3832 8.5
      vertex 16.3085 24.447 8.5
    endloop
  endfacet
  facet normal -0.838649 -0.544672 0
    outer loop
      vertex 18.4722 26.85 8.5
      vertex 18.3753 26.9992 11.5
      vertex 18.3753 26.9992 8.5
    endloop
  endfacet
  facet normal -0.838649 -0.544672 0
    outer loop
      vertex 18.3753 26.9992 11.5
      vertex 18.4722 26.85 8.5
      vertex 18.4722 26.85 11.5
    endloop
  endfacet
  facet normal -0.933577 0.358377 0
    outer loop
      vertex 18.553 25.3085 8.5
      vertex 18.6168 25.4747 11.5
      vertex 18.6168 25.4747 8.5
    endloop
  endfacet
  facet normal -0.933577 0.358377 0
    outer loop
      vertex 18.6168 25.4747 11.5
      vertex 18.553 25.3085 8.5
      vertex 18.553 25.3085 11.5
    endloop
  endfacet
  facet normal -0.98764 0.156741 0
    outer loop
      vertex 18.6628 25.6465 8.5
      vertex 18.6907 25.8223 11.5
      vertex 18.6907 25.8223 8.5
    endloop
  endfacet
  facet normal -0.98764 0.156741 0
    outer loop
      vertex 18.6907 25.8223 11.5
      vertex 18.6628 25.6465 8.5
      vertex 18.6628 25.6465 11.5
    endloop
  endfacet
  facet normal -0.358377 0.933577 0
    outer loop
      vertex 17.6915 24.447 8.5
      vertex 17.5253 24.3832 11.5
      vertex 17.6915 24.447 11.5
    endloop
  endfacet
  facet normal -0.358377 0.933577 0
    outer loop
      vertex 17.5253 24.3832 11.5
      vertex 17.6915 24.447 8.5
      vertex 17.5253 24.3832 8.5
    endloop
  endfacet
  facet normal -0.544672 0.838649 0
    outer loop
      vertex 17.9992 24.6247 8.5
      vertex 17.85 24.5278 11.5
      vertex 17.9992 24.6247 11.5
    endloop
  endfacet
  facet normal -0.544672 0.838649 0
    outer loop
      vertex 17.85 24.5278 11.5
      vertex 17.9992 24.6247 8.5
      vertex 17.85 24.5278 8.5
    endloop
  endfacet
  facet normal 0.890915 0.45417 0
    outer loop
      vertex 15.5278 25.15 11.5
      vertex 15.447 25.3085 8.5
      vertex 15.447 25.3085 11.5
    endloop
  endfacet
  facet normal 0.890915 0.45417 0
    outer loop
      vertex 15.447 25.3085 8.5
      vertex 15.5278 25.15 11.5
      vertex 15.5278 25.15 8.5
    endloop
  endfacet
  facet normal 0.777127 0.629344 0
    outer loop
      vertex 15.7367 24.8625 11.5
      vertex 15.6247 25.0008 8.5
      vertex 15.6247 25.0008 11.5
    endloop
  endfacet
  facet normal 0.777127 0.629344 0
    outer loop
      vertex 15.6247 25.0008 8.5
      vertex 15.7367 24.8625 11.5
      vertex 15.7367 24.8625 8.5
    endloop
  endfacet
  facet normal 0.156741 0.98764 -0
    outer loop
      vertex 16.8223 24.3093 8.5
      vertex 16.6465 24.3372 11.5
      vertex 16.8223 24.3093 11.5
    endloop
  endfacet
  facet normal 0.156741 0.98764 0
    outer loop
      vertex 16.6465 24.3372 11.5
      vertex 16.8223 24.3093 8.5
      vertex 16.6465 24.3372 8.5
    endloop
  endfacet
  facet normal -0.98764 -0.156741 0
    outer loop
      vertex 18.6907 26.1777 8.5
      vertex 18.6628 26.3535 11.5
      vertex 18.6628 26.3535 8.5
    endloop
  endfacet
  facet normal -0.98764 -0.156741 0
    outer loop
      vertex 18.6628 26.3535 11.5
      vertex 18.6907 26.1777 8.5
      vertex 18.6907 26.1777 11.5
    endloop
  endfacet
  facet normal -0.156741 -0.98764 0
    outer loop
      vertex 17.1777 27.6907 8.5
      vertex 17.3535 27.6628 11.5
      vertex 17.1777 27.6907 11.5
    endloop
  endfacet
  facet normal -0.156741 -0.98764 -0
    outer loop
      vertex 17.3535 27.6628 11.5
      vertex 17.1777 27.6907 8.5
      vertex 17.3535 27.6628 8.5
    endloop
  endfacet
  facet normal -0.965973 0.258642 0
    outer loop
      vertex 18.6168 25.4747 8.5
      vertex 18.6628 25.6465 11.5
      vertex 18.6628 25.6465 8.5
    endloop
  endfacet
  facet normal -0.965973 0.258642 0
    outer loop
      vertex 18.6628 25.6465 11.5
      vertex 18.6168 25.4747 8.5
      vertex 18.6168 25.4747 11.5
    endloop
  endfacet
  facet normal -0.838649 0.544672 0
    outer loop
      vertex 18.3753 25.0008 8.5
      vertex 18.4722 25.15 11.5
      vertex 18.4722 25.15 8.5
    endloop
  endfacet
  facet normal -0.838649 0.544672 0
    outer loop
      vertex 18.4722 25.15 11.5
      vertex 18.3753 25.0008 8.5
      vertex 18.3753 25.0008 11.5
    endloop
  endfacet
  facet normal -0.777127 0.629344 0
    outer loop
      vertex 18.2633 24.8625 8.5
      vertex 18.3753 25.0008 11.5
      vertex 18.3753 25.0008 8.5
    endloop
  endfacet
  facet normal -0.777127 0.629344 0
    outer loop
      vertex 18.3753 25.0008 11.5
      vertex 18.2633 24.8625 8.5
      vertex 18.2633 24.8625 11.5
    endloop
  endfacet
  facet normal -0.890915 0.45417 0
    outer loop
      vertex 18.4722 25.15 8.5
      vertex 18.553 25.3085 11.5
      vertex 18.553 25.3085 8.5
    endloop
  endfacet
  facet normal -0.890915 0.45417 0
    outer loop
      vertex 18.553 25.3085 11.5
      vertex 18.4722 25.15 8.5
      vertex 18.4722 25.15 11.5
    endloop
  endfacet
  facet normal -0.156741 0.98764 0
    outer loop
      vertex 17.3535 24.3372 8.5
      vertex 17.1777 24.3093 11.5
      vertex 17.3535 24.3372 11.5
    endloop
  endfacet
  facet normal -0.156741 0.98764 0
    outer loop
      vertex 17.1777 24.3093 11.5
      vertex 17.3535 24.3372 8.5
      vertex 17.1777 24.3093 8.5
    endloop
  endfacet
  facet normal -0.258642 0.965973 0
    outer loop
      vertex 17.5253 24.3832 8.5
      vertex 17.3535 24.3372 11.5
      vertex 17.5253 24.3832 11.5
    endloop
  endfacet
  facet normal -0.258642 0.965973 0
    outer loop
      vertex 17.3535 24.3372 11.5
      vertex 17.5253 24.3832 8.5
      vertex 17.3535 24.3372 8.5
    endloop
  endfacet
  facet normal -0.0522639 0.998633 0
    outer loop
      vertex 17.1777 24.3093 8.5
      vertex 17 24.3 11.5
      vertex 17.1777 24.3093 11.5
    endloop
  endfacet
  facet normal -0.0522639 0.998633 0
    outer loop
      vertex 17 24.3 11.5
      vertex 17.1777 24.3093 8.5
      vertex 17 24.3 8.5
    endloop
  endfacet
  facet normal -0.45417 0.890915 0
    outer loop
      vertex 17.85 24.5278 8.5
      vertex 17.6915 24.447 11.5
      vertex 17.85 24.5278 11.5
    endloop
  endfacet
  facet normal -0.45417 0.890915 0
    outer loop
      vertex 17.6915 24.447 11.5
      vertex 17.85 24.5278 8.5
      vertex 17.6915 24.447 8.5
    endloop
  endfacet
  facet normal -0.629344 0.777127 0
    outer loop
      vertex 18.1375 24.7367 8.5
      vertex 17.9992 24.6247 11.5
      vertex 18.1375 24.7367 11.5
    endloop
  endfacet
  facet normal -0.629344 0.777127 0
    outer loop
      vertex 17.9992 24.6247 11.5
      vertex 18.1375 24.7367 8.5
      vertex 17.9992 24.6247 8.5
    endloop
  endfacet
  facet normal 0.965833 0.259167 0
    outer loop
      vertex 15.3832 25.4747 11.5
      vertex 15.3371 25.6465 8.5
      vertex 15.3371 25.6465 11.5
    endloop
  endfacet
  facet normal 0.965833 0.259167 0
    outer loop
      vertex 15.3371 25.6465 8.5
      vertex 15.3832 25.4747 11.5
      vertex 15.3832 25.4747 8.5
    endloop
  endfacet
  facet normal 0.838649 0.544672 0
    outer loop
      vertex 15.6247 25.0008 11.5
      vertex 15.5278 25.15 8.5
      vertex 15.5278 25.15 11.5
    endloop
  endfacet
  facet normal 0.838649 0.544672 0
    outer loop
      vertex 15.5278 25.15 8.5
      vertex 15.6247 25.0008 11.5
      vertex 15.6247 25.0008 8.5
    endloop
  endfacet
  facet normal 0.933577 0.358377 0
    outer loop
      vertex 15.447 25.3085 11.5
      vertex 15.3832 25.4747 8.5
      vertex 15.3832 25.4747 11.5
    endloop
  endfacet
  facet normal 0.933577 0.358377 0
    outer loop
      vertex 15.3832 25.4747 8.5
      vertex 15.447 25.3085 11.5
      vertex 15.447 25.3085 8.5
    endloop
  endfacet
  facet normal 0.987726 0.156193 0
    outer loop
      vertex 15.3371 25.6465 11.5
      vertex 15.3093 25.8223 8.5
      vertex 15.3093 25.8223 11.5
    endloop
  endfacet
  facet normal 0.987726 0.156193 0
    outer loop
      vertex 15.3093 25.8223 8.5
      vertex 15.3371 25.6465 11.5
      vertex 15.3371 25.6465 8.5
    endloop
  endfacet
  facet normal 0.544672 0.838649 -0
    outer loop
      vertex 16.15 24.5278 8.5
      vertex 16.0008 24.6247 11.5
      vertex 16.15 24.5278 11.5
    endloop
  endfacet
  facet normal 0.544672 0.838649 0
    outer loop
      vertex 16.0008 24.6247 11.5
      vertex 16.15 24.5278 8.5
      vertex 16.0008 24.6247 8.5
    endloop
  endfacet
  facet normal 0.45417 0.890915 -0
    outer loop
      vertex 16.3085 24.447 8.5
      vertex 16.15 24.5278 11.5
      vertex 16.3085 24.447 11.5
    endloop
  endfacet
  facet normal 0.45417 0.890915 0
    outer loop
      vertex 16.15 24.5278 11.5
      vertex 16.3085 24.447 8.5
      vertex 16.15 24.5278 8.5
    endloop
  endfacet
  facet normal 0.629344 0.777127 -0
    outer loop
      vertex 16.0008 24.6247 8.5
      vertex 15.8625 24.7367 11.5
      vertex 16.0008 24.6247 11.5
    endloop
  endfacet
  facet normal 0.629344 0.777127 0
    outer loop
      vertex 15.8625 24.7367 11.5
      vertex 16.0008 24.6247 8.5
      vertex 15.8625 24.7367 8.5
    endloop
  endfacet
  facet normal 0.258642 0.965973 -0
    outer loop
      vertex 16.6465 24.3372 8.5
      vertex 16.4747 24.3832 11.5
      vertex 16.6465 24.3372 11.5
    endloop
  endfacet
  facet normal 0.258642 0.965973 0
    outer loop
      vertex 16.4747 24.3832 11.5
      vertex 16.6465 24.3372 8.5
      vertex 16.4747 24.3832 8.5
    endloop
  endfacet
  facet normal -0.998633 -0.0522639 0
    outer loop
      vertex 18.7 26 8.5
      vertex 18.6907 26.1777 11.5
      vertex 18.6907 26.1777 8.5
    endloop
  endfacet
  facet normal -0.998633 -0.0522639 0
    outer loop
      vertex 18.6907 26.1777 11.5
      vertex 18.7 26 8.5
      vertex 18.7 26 11.5
    endloop
  endfacet
  facet normal -0.965973 -0.258642 0
    outer loop
      vertex 18.6628 26.3535 8.5
      vertex 18.6168 26.5253 11.5
      vertex 18.6168 26.5253 8.5
    endloop
  endfacet
  facet normal -0.965973 -0.258642 0
    outer loop
      vertex 18.6168 26.5253 11.5
      vertex 18.6628 26.3535 8.5
      vertex 18.6628 26.3535 11.5
    endloop
  endfacet
  facet normal -0.629344 -0.777127 0
    outer loop
      vertex 17.9992 27.3753 8.5
      vertex 18.1375 27.2633 11.5
      vertex 17.9992 27.3753 11.5
    endloop
  endfacet
  facet normal -0.629344 -0.777127 -0
    outer loop
      vertex 18.1375 27.2633 11.5
      vertex 17.9992 27.3753 8.5
      vertex 18.1375 27.2633 8.5
    endloop
  endfacet
  facet normal -0.890915 -0.45417 0
    outer loop
      vertex 18.553 26.6915 8.5
      vertex 18.4722 26.85 11.5
      vertex 18.4722 26.85 8.5
    endloop
  endfacet
  facet normal -0.890915 -0.45417 0
    outer loop
      vertex 18.4722 26.85 11.5
      vertex 18.553 26.6915 8.5
      vertex 18.553 26.6915 11.5
    endloop
  endfacet
  facet normal -0.777127 -0.629344 0
    outer loop
      vertex 18.3753 26.9992 8.5
      vertex 18.2633 27.1375 11.5
      vertex 18.2633 27.1375 8.5
    endloop
  endfacet
  facet normal -0.777127 -0.629344 0
    outer loop
      vertex 18.2633 27.1375 11.5
      vertex 18.3753 26.9992 8.5
      vertex 18.3753 26.9992 11.5
    endloop
  endfacet
  facet normal 0.965833 -0.259167 0
    outer loop
      vertex 15.3371 26.3535 11.5
      vertex 15.3832 26.5253 8.5
      vertex 15.3832 26.5253 11.5
    endloop
  endfacet
  facet normal 0.965833 -0.259167 0
    outer loop
      vertex 15.3832 26.5253 8.5
      vertex 15.3371 26.3535 11.5
      vertex 15.3371 26.3535 8.5
    endloop
  endfacet
  facet normal 0.998633 -0.0522639 0
    outer loop
      vertex 15.3 26 11.5
      vertex 15.3093 26.1777 8.5
      vertex 15.3093 26.1777 11.5
    endloop
  endfacet
  facet normal 0.998633 -0.0522639 0
    outer loop
      vertex 15.3093 26.1777 8.5
      vertex 15.3 26 11.5
      vertex 15.3 26 8.5
    endloop
  endfacet
  facet normal 0.987726 -0.156193 0
    outer loop
      vertex 15.3093 26.1777 11.5
      vertex 15.3371 26.3535 8.5
      vertex 15.3371 26.3535 11.5
    endloop
  endfacet
  facet normal 0.987726 -0.156193 0
    outer loop
      vertex 15.3371 26.3535 8.5
      vertex 15.3093 26.1777 11.5
      vertex 15.3093 26.1777 8.5
    endloop
  endfacet
  facet normal -0.358377 -0.933577 0
    outer loop
      vertex 17.5253 27.6168 8.5
      vertex 17.6915 27.553 11.5
      vertex 17.5253 27.6168 11.5
    endloop
  endfacet
  facet normal -0.358377 -0.933577 -0
    outer loop
      vertex 17.6915 27.553 11.5
      vertex 17.5253 27.6168 8.5
      vertex 17.6915 27.553 8.5
    endloop
  endfacet
  facet normal -0.258642 -0.965973 0
    outer loop
      vertex 17.3535 27.6628 8.5
      vertex 17.5253 27.6168 11.5
      vertex 17.3535 27.6628 11.5
    endloop
  endfacet
  facet normal -0.258642 -0.965973 -0
    outer loop
      vertex 17.5253 27.6168 11.5
      vertex 17.3535 27.6628 8.5
      vertex 17.5253 27.6168 8.5
    endloop
  endfacet
  facet normal -0.45417 -0.890915 0
    outer loop
      vertex 17.6915 27.553 8.5
      vertex 17.85 27.4722 11.5
      vertex 17.6915 27.553 11.5
    endloop
  endfacet
  facet normal -0.45417 -0.890915 -0
    outer loop
      vertex 17.85 27.4722 11.5
      vertex 17.6915 27.553 8.5
      vertex 17.85 27.4722 8.5
    endloop
  endfacet
  facet normal -0.544672 -0.838649 0
    outer loop
      vertex 17.85 27.4722 8.5
      vertex 17.9992 27.3753 11.5
      vertex 17.85 27.4722 11.5
    endloop
  endfacet
  facet normal -0.544672 -0.838649 -0
    outer loop
      vertex 17.9992 27.3753 11.5
      vertex 17.85 27.4722 8.5
      vertex 17.9992 27.3753 8.5
    endloop
  endfacet
  facet normal -0.933577 -0.358377 0
    outer loop
      vertex 18.6168 26.5253 8.5
      vertex 18.553 26.6915 11.5
      vertex 18.553 26.6915 8.5
    endloop
  endfacet
  facet normal -0.933577 -0.358377 0
    outer loop
      vertex 18.553 26.6915 11.5
      vertex 18.6168 26.5253 8.5
      vertex 18.6168 26.5253 11.5
    endloop
  endfacet
  facet normal 0.890915 -0.45417 0
    outer loop
      vertex 15.447 26.6915 11.5
      vertex 15.5278 26.85 8.5
      vertex 15.5278 26.85 11.5
    endloop
  endfacet
  facet normal 0.890915 -0.45417 0
    outer loop
      vertex 15.5278 26.85 8.5
      vertex 15.447 26.6915 11.5
      vertex 15.447 26.6915 8.5
    endloop
  endfacet
  facet normal 0.707107 -0.707107 0
    outer loop
      vertex 15.7367 27.1375 11.5
      vertex 15.8625 27.2633 8.5
      vertex 15.8625 27.2633 11.5
    endloop
  endfacet
  facet normal 0.707107 -0.707107 0
    outer loop
      vertex 15.8625 27.2633 8.5
      vertex 15.7367 27.1375 11.5
      vertex 15.7367 27.1375 8.5
    endloop
  endfacet
  facet normal 0.777127 -0.629344 0
    outer loop
      vertex 15.6247 26.9992 11.5
      vertex 15.7367 27.1375 8.5
      vertex 15.7367 27.1375 11.5
    endloop
  endfacet
  facet normal 0.777127 -0.629344 0
    outer loop
      vertex 15.7367 27.1375 8.5
      vertex 15.6247 26.9992 11.5
      vertex 15.6247 26.9992 8.5
    endloop
  endfacet
  facet normal 0.933577 -0.358377 0
    outer loop
      vertex 15.3832 26.5253 11.5
      vertex 15.447 26.6915 8.5
      vertex 15.447 26.6915 11.5
    endloop
  endfacet
  facet normal 0.933577 -0.358377 0
    outer loop
      vertex 15.447 26.6915 8.5
      vertex 15.3832 26.5253 11.5
      vertex 15.3832 26.5253 8.5
    endloop
  endfacet
  facet normal -0.707107 -0.707107 0
    outer loop
      vertex 18.2633 27.1375 8.5
      vertex 18.1375 27.2633 11.5
      vertex 18.1375 27.2633 8.5
    endloop
  endfacet
  facet normal -0.707107 -0.707107 0
    outer loop
      vertex 18.1375 27.2633 11.5
      vertex 18.2633 27.1375 8.5
      vertex 18.2633 27.1375 11.5
    endloop
  endfacet
  facet normal 0.629344 -0.777127 0
    outer loop
      vertex 15.8625 27.2633 8.5
      vertex 16.0008 27.3753 11.5
      vertex 15.8625 27.2633 11.5
    endloop
  endfacet
  facet normal 0.629344 -0.777127 0
    outer loop
      vertex 16.0008 27.3753 11.5
      vertex 15.8625 27.2633 8.5
      vertex 16.0008 27.3753 8.5
    endloop
  endfacet
  facet normal 0.544672 -0.838649 0
    outer loop
      vertex 16.0008 27.3753 8.5
      vertex 16.15 27.4722 11.5
      vertex 16.0008 27.3753 11.5
    endloop
  endfacet
  facet normal 0.544672 -0.838649 0
    outer loop
      vertex 16.15 27.4722 11.5
      vertex 16.0008 27.3753 8.5
      vertex 16.15 27.4722 8.5
    endloop
  endfacet
  facet normal 0.358377 -0.933577 0
    outer loop
      vertex 16.3085 27.553 8.5
      vertex 16.4747 27.6168 11.5
      vertex 16.3085 27.553 11.5
    endloop
  endfacet
  facet normal 0.358377 -0.933577 0
    outer loop
      vertex 16.4747 27.6168 11.5
      vertex 16.3085 27.553 8.5
      vertex 16.4747 27.6168 8.5
    endloop
  endfacet
  facet normal 0.45417 -0.890915 0
    outer loop
      vertex 16.15 27.4722 8.5
      vertex 16.3085 27.553 11.5
      vertex 16.15 27.4722 11.5
    endloop
  endfacet
  facet normal 0.45417 -0.890915 0
    outer loop
      vertex 16.3085 27.553 11.5
      vertex 16.15 27.4722 8.5
      vertex 16.3085 27.553 8.5
    endloop
  endfacet
  facet normal 0.258642 -0.965973 0
    outer loop
      vertex 16.4747 27.6168 8.5
      vertex 16.6465 27.6628 11.5
      vertex 16.4747 27.6168 11.5
    endloop
  endfacet
  facet normal 0.258642 -0.965973 0
    outer loop
      vertex 16.6465 27.6628 11.5
      vertex 16.4747 27.6168 8.5
      vertex 16.6465 27.6628 8.5
    endloop
  endfacet
  facet normal 0.156741 -0.98764 0
    outer loop
      vertex 16.6465 27.6628 8.5
      vertex 16.8223 27.6907 11.5
      vertex 16.6465 27.6628 11.5
    endloop
  endfacet
  facet normal 0.156741 -0.98764 0
    outer loop
      vertex 16.8223 27.6907 11.5
      vertex 16.6465 27.6628 8.5
      vertex 16.8223 27.6907 8.5
    endloop
  endfacet
  facet normal 0.0522639 -0.998633 0
    outer loop
      vertex 16.8223 27.6907 8.5
      vertex 17 27.7 11.5
      vertex 16.8223 27.6907 11.5
    endloop
  endfacet
  facet normal 0.0522639 -0.998633 0
    outer loop
      vertex 17 27.7 11.5
      vertex 16.8223 27.6907 8.5
      vertex 17 27.7 8.5
    endloop
  endfacet
  facet normal 0.838649 -0.544672 0
    outer loop
      vertex 15.5278 26.85 11.5
      vertex 15.6247 26.9992 8.5
      vertex 15.6247 26.9992 11.5
    endloop
  endfacet
  facet normal 0.838649 -0.544672 0
    outer loop
      vertex 15.6247 26.9992 8.5
      vertex 15.5278 26.85 11.5
      vertex 15.5278 26.85 8.5
    endloop
  endfacet
  facet normal -1 0 0
    outer loop
      vertex -70.5 30 -0.549999
      vertex -70.5 40 4.45
      vertex -70.5 40 -0.549999
    endloop
  endfacet
  facet normal -1 -0 0
    outer loop
      vertex -70.5 40 4.45
      vertex -70.5 30 -0.549999
      vertex -70.5 30 4.45
    endloop
  endfacet
  facet normal 0 0 -1
    outer loop
      vertex 70.5 30 -0.549999
      vertex 67.1 40 -0.549999
      vertex 70.5 40 -0.549999
    endloop
  endfacet
  facet normal 0 0 -1
    outer loop
      vertex 67.1 40 -0.549999
      vertex 65.9 40 -0.549999
      vertex 67.1 41 -0.549999
    endloop
  endfacet
  facet normal 0 0 -1
    outer loop
      vertex 70.5 30 -0.549999
      vertex 65.9 40 -0.549999
      vertex 67.1 40 -0.549999
    endloop
  endfacet
  facet normal 0 0 -1
    outer loop
      vertex 70.5 30 -0.549999
      vertex 65.1 40 -0.549999
      vertex 65.9 40 -0.549999
    endloop
  endfacet
  facet normal 0 0 -1
    outer loop
      vertex 65.1 40 -0.549999
      vertex 63.9 40 -0.549999
      vertex 65.1 41 -0.549999
    endloop
  endfacet
  facet normal 0 0 -1
    outer loop
      vertex 70.5 30 -0.549999
      vertex 63.9 40 -0.549999
      vertex 65.1 40 -0.549999
    endloop
  endfacet
  facet normal 0 0 -1
    outer loop
      vertex 70.5 30 -0.549999
      vertex 63.1 40 -0.549999
      vertex 63.9 40 -0.549999
    endloop
  endfacet
  facet normal 0 0 -1
    outer loop
      vertex 63.1 40 -0.549999
      vertex 61.9 40 -0.549999
      vertex 63.1 41 -0.549999
    endloop
  endfacet
  facet normal 0 0 -1
    outer loop
      vertex 70.5 30 -0.549999
      vertex 61.9 40 -0.549999
      vertex 63.1 40 -0.549999
    endloop
  endfacet
  facet normal 0 0 -1
    outer loop
      vertex 70.5 30 -0.549999
      vertex 61.1 40 -0.549999
      vertex 61.9 40 -0.549999
    endloop
  endfacet
  facet normal 0 0 -1
    outer loop
      vertex 61.1 40 -0.549999
      vertex 59.9 40 -0.549999
      vertex 61.1 41 -0.549999
    endloop
  endfacet
  facet normal 0 0 -1
    outer loop
      vertex 70.5 30 -0.549999
      vertex 59.9 40 -0.549999
      vertex 61.1 40 -0.549999
    endloop
  endfacet
  facet normal 0 0 -1
    outer loop
      vertex 70.5 30 -0.549999
      vertex 59.1 40 -0.549999
      vertex 59.9 40 -0.549999
    endloop
  endfacet
  facet normal 0 0 -1
    outer loop
      vertex 59.1 40 -0.549999
      vertex 57.9 40 -0.549999
      vertex 59.1 41 -0.549999
    endloop
  endfacet
  facet normal 0 0 -1
    outer loop
      vertex 70.5 30 -0.549999
      vertex 57.9 40 -0.549999
      vertex 59.1 40 -0.549999
    endloop
  endfacet
  facet normal 0 0 -1
    outer loop
      vertex 70.5 30 -0.549999
      vertex 57.1 40 -0.549999
      vertex 57.9 40 -0.549999
    endloop
  endfacet
  facet normal 0 0 -1
    outer loop
      vertex 57.1 40 -0.549999
      vertex 55.9 40 -0.549999
      vertex 57.1 41 -0.549999
    endloop
  endfacet
  facet normal 0 0 -1
    outer loop
      vertex 70.5 30 -0.549999
      vertex 55.9 40 -0.549999
      vertex 57.1 40 -0.549999
    endloop
  endfacet
  facet normal 0 0 -1
    outer loop
      vertex 70.5 30 -0.549999
      vertex 55.1 40 -0.549999
      vertex 55.9 40 -0.549999
    endloop
  endfacet
  facet normal 0 0 -1
    outer loop
      vertex 55.1 40 -0.549999
      vertex 53.9 40 -0.549999
      vertex 55.1 41 -0.549999
    endloop
  endfacet
  facet normal 0 0 -1
    outer loop
      vertex 70.5 30 -0.549999
      vertex 53.9 40 -0.549999
      vertex 55.1 40 -0.549999
    endloop
  endfacet
  facet normal 0 0 -1
    outer loop
      vertex 70.5 30 -0.549999
      vertex 53.1 40 -0.549999
      vertex 53.9 40 -0.549999
    endloop
  endfacet
  facet normal 0 0 -1
    outer loop
      vertex 53.1 40 -0.549999
      vertex 51.9 40 -0.549999
      vertex 53.1 41 -0.549999
    endloop
  endfacet
  facet normal 0 0 -1
    outer loop
      vertex 70.5 30 -0.549999
      vertex 51.9 40 -0.549999
      vertex 53.1 40 -0.549999
    endloop
  endfacet
  facet normal 0 0 -1
    outer loop
      vertex 70.5 30 -0.549999
      vertex 51.1 40 -0.549999
      vertex 51.9 40 -0.549999
    endloop
  endfacet
  facet normal 0 0 -1
    outer loop
      vertex 51.1 40 -0.549999
      vertex 49.9 40 -0.549999
      vertex 51.1 41 -0.549999
    endloop
  endfacet
  facet normal 0 0 -1
    outer loop
      vertex 70.5 30 -0.549999
      vertex 49.9 40 -0.549999
      vertex 51.1 40 -0.549999
    endloop
  endfacet
  facet normal 0 0 -1
    outer loop
      vertex 70.5 30 -0.549999
      vertex 49.1 40 -0.549999
      vertex 49.9 40 -0.549999
    endloop
  endfacet
  facet normal 0 0 -1
    outer loop
      vertex 49.1 40 -0.549999
      vertex 47.9 40 -0.549999
      vertex 49.1 41 -0.549999
    endloop
  endfacet
  facet normal 0 0 -1
    outer loop
      vertex 70.5 30 -0.549999
      vertex 47.9 40 -0.549999
      vertex 49.1 40 -0.549999
    endloop
  endfacet
  facet normal 0 0 -1
    outer loop
      vertex 70.5 30 -0.549999
      vertex 47.1 40 -0.549999
      vertex 47.9 40 -0.549999
    endloop
  endfacet
  facet normal 0 0 -1
    outer loop
      vertex 47.1 40 -0.549999
      vertex 45.9 40 -0.549999
      vertex 47.1 41 -0.549999
    endloop
  endfacet
  facet normal 0 0 -1
    outer loop
      vertex 70.5 30 -0.549999
      vertex 45.9 40 -0.549999
      vertex 47.1 40 -0.549999
    endloop
  endfacet
  facet normal 0 0 -1
    outer loop
      vertex 70.5 30 -0.549999
      vertex 45.1 40 -0.549999
      vertex 45.9 40 -0.549999
    endloop
  endfacet
  facet normal 0 0 -1
    outer loop
      vertex 45.1 40 -0.549999
      vertex 43.9 40 -0.549999
      vertex 45.1 41 -0.549999
    endloop
  endfacet
  facet normal 0 0 -1
    outer loop
      vertex 70.5 30 -0.549999
      vertex 43.9 40 -0.549999
      vertex 45.1 40 -0.549999
    endloop
  endfacet
  facet normal 0 0 -1
    outer loop
      vertex 70.5 30 -0.549999
      vertex 43.1 40 -0.549999
      vertex 43.9 40 -0.549999
    endloop
  endfacet
  facet normal 0 0 -1
    outer loop
      vertex 43.1 40 -0.549999
      vertex 41.9 40 -0.549999
      vertex 43.1 41 -0.549999
    endloop
  endfacet
  facet normal 0 0 -1
    outer loop
      vertex 70.5 30 -0.549999
      vertex 41.9 40 -0.549999
      vertex 43.1 40 -0.549999
    endloop
  endfacet
  facet normal 0 0 -1
    outer loop
      vertex 70.5 30 -0.549999
      vertex 41.1 40 -0.549999
      vertex 41.9 40 -0.549999
    endloop
  endfacet
  facet normal 0 0 -1
    outer loop
      vertex 41.1 40 -0.549999
      vertex 39.9 40 -0.549999
      vertex 41.1 41 -0.549999
    endloop
  endfacet
  facet normal 0 0 -1
    outer loop
      vertex 70.5 30 -0.549999
      vertex 39.9 40 -0.549999
      vertex 41.1 40 -0.549999
    endloop
  endfacet
  facet normal 0 0 -1
    outer loop
      vertex 70.5 30 -0.549999
      vertex 39.1 40 -0.549999
      vertex 39.9 40 -0.549999
    endloop
  endfacet
  facet normal 0 0 -1
    outer loop
      vertex 39.1 40 -0.549999
      vertex 37.9 40 -0.549999
      vertex 39.1 41 -0.549999
    endloop
  endfacet
  facet normal 0 0 -1
    outer loop
      vertex 70.5 30 -0.549999
      vertex 37.9 40 -0.549999
      vertex 39.1 40 -0.549999
    endloop
  endfacet
  facet normal 0 0 -1
    outer loop
      vertex 70.5 30 -0.549999
      vertex 37.1 40 -0.549999
      vertex 37.9 40 -0.549999
    endloop
  endfacet
  facet normal 0 0 -1
    outer loop
      vertex 37.1 40 -0.549999
      vertex 35.9 40 -0.549999
      vertex 37.1 41 -0.549999
    endloop
  endfacet
  facet normal 0 0 -1
    outer loop
      vertex 70.5 30 -0.549999
      vertex 35.9 40 -0.549999
      vertex 37.1 40 -0.549999
    endloop
  endfacet
  facet normal 0 0 -1
    outer loop
      vertex 70.5 30 -0.549999
      vertex 35.1 40 -0.549999
      vertex 35.9 40 -0.549999
    endloop
  endfacet
  facet normal 0 0 -1
    outer loop
      vertex 35.1 40 -0.549999
      vertex 33.9 40 -0.549999
      vertex 35.1 41 -0.549999
    endloop
  endfacet
  facet normal 0 0 -1
    outer loop
      vertex 70.5 30 -0.549999
      vertex 33.9 40 -0.549999
      vertex 35.1 40 -0.549999
    endloop
  endfacet
  facet normal 0 0 -1
    outer loop
      vertex 70.5 30 -0.549999
      vertex 33.1 40 -0.549999
      vertex 33.9 40 -0.549999
    endloop
  endfacet
  facet normal 0 0 -1
    outer loop
      vertex 33.1 40 -0.549999
      vertex 31.9 40 -0.549999
      vertex 33.1 41 -0.549999
    endloop
  endfacet
  facet normal 0 0 -1
    outer loop
      vertex 70.5 30 -0.549999
      vertex 31.9 40 -0.549999
      vertex 33.1 40 -0.549999
    endloop
  endfacet
  facet normal 0 0 -1
    outer loop
      vertex 70.5 30 -0.549999
      vertex 31.1 40 -0.549999
      vertex 31.9 40 -0.549999
    endloop
  endfacet
  facet normal 0 0 -1
    outer loop
      vertex 31.1 40 -0.549999
      vertex 29.9 40 -0.549999
      vertex 31.1 41 -0.549999
    endloop
  endfacet
  facet normal 0 0 -1
    outer loop
      vertex 70.5 30 -0.549999
      vertex 29.9 40 -0.549999
      vertex 31.1 40 -0.549999
    endloop
  endfacet
  facet normal 0 0 -1
    outer loop
      vertex 70.5 30 -0.549999
      vertex 29.1 40 -0.549999
      vertex 29.9 40 -0.549999
    endloop
  endfacet
  facet normal 0 0 -1
    outer loop
      vertex 29.1 40 -0.549999
      vertex 27.9 40 -0.549999
      vertex 29.1 41 -0.549999
    endloop
  endfacet
  facet normal 0 0 -1
    outer loop
      vertex 70.5 30 -0.549999
      vertex 27.9 40 -0.549999
      vertex 29.1 40 -0.549999
    endloop
  endfacet
  facet normal 0 0 -1
    outer loop
      vertex 70.5 30 -0.549999
      vertex 27.1 40 -0.549999
      vertex 27.9 40 -0.549999
    endloop
  endfacet
  facet normal 0 0 -1
    outer loop
      vertex 27.1 40 -0.549999
      vertex 25.9 40 -0.549999
      vertex 27.1 41 -0.549999
    endloop
  endfacet
  facet normal 0 0 -1
    outer loop
      vertex 70.5 30 -0.549999
      vertex 25.9 40 -0.549999
      vertex 27.1 40 -0.549999
    endloop
  endfacet
  facet normal 0 0 -1
    outer loop
      vertex 70.5 30 -0.549999
      vertex 25.1 40 -0.549999
      vertex 25.9 40 -0.549999
    endloop
  endfacet
  facet normal 0 0 -1
    outer loop
      vertex 25.1 40 -0.549999
      vertex 23.9 40 -0.549999
      vertex 25.1 41 -0.549999
    endloop
  endfacet
  facet normal 0 0 -1
    outer loop
      vertex 70.5 30 -0.549999
      vertex 23.9 40 -0.549999
      vertex 25.1 40 -0.549999
    endloop
  endfacet
  facet normal 0 0 -1
    outer loop
      vertex 70.5 30 -0.549999
      vertex 23.1 40 -0.549999
      vertex 23.9 40 -0.549999
    endloop
  endfacet
  facet normal 0 0 -1
    outer loop
      vertex 23.1 40 -0.549999
      vertex 21.9 40 -0.549999
      vertex 23.1 41 -0.549999
    endloop
  endfacet
  facet normal 0 0 -1
    outer loop
      vertex 70.5 30 -0.549999
      vertex 21.9 40 -0.549999
      vertex 23.1 40 -0.549999
    endloop
  endfacet
  facet normal 0 0 -1
    outer loop
      vertex 70.5 30 -0.549999
      vertex 21.1 40 -0.549999
      vertex 21.9 40 -0.549999
    endloop
  endfacet
  facet normal 0 0 -1
    outer loop
      vertex 21.1 40 -0.549999
      vertex 19.9 40 -0.549999
      vertex 21.1 41 -0.549999
    endloop
  endfacet
  facet normal 0 0 -1
    outer loop
      vertex 70.5 30 -0.549999
      vertex 19.9 40 -0.549999
      vertex 21.1 40 -0.549999
    endloop
  endfacet
  facet normal 0 0 -1
    outer loop
      vertex 70.5 30 -0.549999
      vertex 19.1 40 -0.549999
      vertex 19.9 40 -0.549999
    endloop
  endfacet
  facet normal 0 0 -1
    outer loop
      vertex 19.1 40 -0.549999
      vertex 17.9 40 -0.549999
      vertex 19.1 41 -0.549999
    endloop
  endfacet
  facet normal 0 0 -1
    outer loop
      vertex 70.5 30 -0.549999
      vertex 17.9 40 -0.549999
      vertex 19.1 40 -0.549999
    endloop
  endfacet
  facet normal 0 0 -1
    outer loop
      vertex 70.5 30 -0.549999
      vertex 17.1 40 -0.549999
      vertex 17.9 40 -0.549999
    endloop
  endfacet
  facet normal 0 0 -1
    outer loop
      vertex 17.1 40 -0.549999
      vertex 15.9 40 -0.549999
      vertex 17.1 41 -0.549999
    endloop
  endfacet
  facet normal 0 0 -1
    outer loop
      vertex 70.5 30 -0.549999
      vertex 15.9 40 -0.549999
      vertex 17.1 40 -0.549999
    endloop
  endfacet
  facet normal 0 0 -1
    outer loop
      vertex 70.5 30 -0.549999
      vertex 15.1 40 -0.549999
      vertex 15.9 40 -0.549999
    endloop
  endfacet
  facet normal 0 0 -1
    outer loop
      vertex 15.1 40 -0.549999
      vertex 13.9 40 -0.549999
      vertex 15.1 41 -0.549999
    endloop
  endfacet
  facet normal 0 0 -1
    outer loop
      vertex 70.5 30 -0.549999
      vertex 13.9 40 -0.549999
      vertex 15.1 40 -0.549999
    endloop
  endfacet
  facet normal 0 0 -1
    outer loop
      vertex 70.5 30 -0.549999
      vertex 13.1 40 -0.549999
      vertex 13.9 40 -0.549999
    endloop
  endfacet
  facet normal 0 0 -1
    outer loop
      vertex 13.1 40 -0.549999
      vertex 11.9 40 -0.549999
      vertex 13.1 41 -0.549999
    endloop
  endfacet
  facet normal 0 0 -1
    outer loop
      vertex 70.5 30 -0.549999
      vertex 11.9 40 -0.549999
      vertex 13.1 40 -0.549999
    endloop
  endfacet
  facet normal 0 0 -1
    outer loop
      vertex 70.5 30 -0.549999
      vertex 11.1 40 -0.549999
      vertex 11.9 40 -0.549999
    endloop
  endfacet
  facet normal 0 0 -1
    outer loop
      vertex 11.1 40 -0.549999
      vertex 9.9 40 -0.549999
      vertex 11.1 41 -0.549999
    endloop
  endfacet
  facet normal 0 0 -1
    outer loop
      vertex 70.5 30 -0.549999
      vertex 9.9 40 -0.549999
      vertex 11.1 40 -0.549999
    endloop
  endfacet
  facet normal 0 0 -1
    outer loop
      vertex 70.5 30 -0.549999
      vertex 9.1 40 -0.549999
      vertex 9.9 40 -0.549999
    endloop
  endfacet
  facet normal 0 0 -1
    outer loop
      vertex 9.1 40 -0.549999
      vertex 7.9 40 -0.549999
      vertex 9.1 41 -0.549999
    endloop
  endfacet
  facet normal 0 0 -1
    outer loop
      vertex 70.5 30 -0.549999
      vertex 7.9 40 -0.549999
      vertex 9.1 40 -0.549999
    endloop
  endfacet
  facet normal 0 0 -1
    outer loop
      vertex 70.5 30 -0.549999
      vertex 7.1 40 -0.549999
      vertex 7.9 40 -0.549999
    endloop
  endfacet
  facet normal 0 0 -1
    outer loop
      vertex 7.1 40 -0.549999
      vertex 5.9 40 -0.549999
      vertex 7.1 41 -0.549999
    endloop
  endfacet
  facet normal 0 0 -1
    outer loop
      vertex 70.5 30 -0.549999
      vertex 5.9 40 -0.549999
      vertex 7.1 40 -0.549999
    endloop
  endfacet
  facet normal 0 0 -1
    outer loop
      vertex 70.5 30 -0.549999
      vertex 5.1 40 -0.549999
      vertex 5.9 40 -0.549999
    endloop
  endfacet
  facet normal 0 0 -1
    outer loop
      vertex 5.1 40 -0.549999
      vertex 3.9 40 -0.549999
      vertex 5.1 41 -0.549999
    endloop
  endfacet
  facet normal 0 0 -1
    outer loop
      vertex 70.5 30 -0.549999
      vertex 3.9 40 -0.549999
      vertex 5.1 40 -0.549999
    endloop
  endfacet
  facet normal 0 0 -1
    outer loop
      vertex 70.5 30 -0.549999
      vertex 3.1 40 -0.549999
      vertex 3.9 40 -0.549999
    endloop
  endfacet
  facet normal 0 0 -1
    outer loop
      vertex 3.1 40 -0.549999
      vertex 1.9 40 -0.549999
      vertex 3.1 41 -0.549999
    endloop
  endfacet
  facet normal 0 0 -1
    outer loop
      vertex 70.5 30 -0.549999
      vertex 1.9 40 -0.549999
      vertex 3.1 40 -0.549999
    endloop
  endfacet
  facet normal 0 0 -1
    outer loop
      vertex 70.5 30 -0.549999
      vertex 1.1 40 -0.549999
      vertex 1.9 40 -0.549999
    endloop
  endfacet
  facet normal 0 0 -1
    outer loop
      vertex 1.1 40 -0.549999
      vertex -0.0999994 40 -0.549999
      vertex 1.1 41 -0.549999
    endloop
  endfacet
  facet normal 0 0 -1
    outer loop
      vertex 70.5 30 -0.549999
      vertex -0.0999994 40 -0.549999
      vertex 1.1 40 -0.549999
    endloop
  endfacet
  facet normal 0 0 -1
    outer loop
      vertex 70.5 30 -0.549999
      vertex -0.9 40 -0.549999
      vertex -0.0999994 40 -0.549999
    endloop
  endfacet
  facet normal 0 0 -1
    outer loop
      vertex -0.9 40 -0.549999
      vertex -2.1 40 -0.549999
      vertex -0.9 41 -0.549999
    endloop
  endfacet
  facet normal 0 0 -1
    outer loop
      vertex 70.5 30 -0.549999
      vertex -2.1 40 -0.549999
      vertex -0.9 40 -0.549999
    endloop
  endfacet
  facet normal 0 0 -1
    outer loop
      vertex 70.5 30 -0.549999
      vertex -2.9 40 -0.549999
      vertex -2.1 40 -0.549999
    endloop
  endfacet
  facet normal 0 0 -1
    outer loop
      vertex -2.9 40 -0.549999
      vertex -4.1 40 -0.549999
      vertex -2.9 41 -0.549999
    endloop
  endfacet
  facet normal 0 0 -1
    outer loop
      vertex -70.5 30 -0.549999
      vertex -2.9 40 -0.549999
      vertex 70.5 30 -0.549999
    endloop
  endfacet
  facet normal -0 0 -1
    outer loop
      vertex -2.9 40 -0.549999
      vertex -70.5 30 -0.549999
      vertex -4.1 40 -0.549999
    endloop
  endfacet
  facet normal 0 0 -1
    outer loop
      vertex -4.9 40 -0.549999
      vertex -6.1 40 -0.549999
      vertex -4.9 41 -0.549999
    endloop
  endfacet
  facet normal -0 0 -1
    outer loop
      vertex -4.1 40 -0.549999
      vertex -70.5 30 -0.549999
      vertex -4.9 40 -0.549999
    endloop
  endfacet
  facet normal -0 0 -1
    outer loop
      vertex -4.9 40 -0.549999
      vertex -70.5 30 -0.549999
      vertex -6.1 40 -0.549999
    endloop
  endfacet
  facet normal 0 0 -1
    outer loop
      vertex -6.9 40 -0.549999
      vertex -8.1 40 -0.549999
      vertex -6.9 41 -0.549999
    endloop
  endfacet
  facet normal -0 0 -1
    outer loop
      vertex -6.1 40 -0.549999
      vertex -70.5 30 -0.549999
      vertex -6.9 40 -0.549999
    endloop
  endfacet
  facet normal -0 0 -1
    outer loop
      vertex -6.9 40 -0.549999
      vertex -70.5 30 -0.549999
      vertex -8.1 40 -0.549999
    endloop
  endfacet
  facet normal 0 0 -1
    outer loop
      vertex -8.9 40 -0.549999
      vertex -10.1 40 -0.549999
      vertex -8.9 41 -0.549999
    endloop
  endfacet
  facet normal -0 0 -1
    outer loop
      vertex -8.1 40 -0.549999
      vertex -70.5 30 -0.549999
      vertex -8.9 40 -0.549999
    endloop
  endfacet
  facet normal -0 0 -1
    outer loop
      vertex -8.9 40 -0.549999
      vertex -70.5 30 -0.549999
      vertex -10.1 40 -0.549999
    endloop
  endfacet
  facet normal 0 0 -1
    outer loop
      vertex -10.9 40 -0.549999
      vertex -12.1 40 -0.549999
      vertex -10.9 41 -0.549999
    endloop
  endfacet
  facet normal -0 0 -1
    outer loop
      vertex -10.1 40 -0.549999
      vertex -70.5 30 -0.549999
      vertex -10.9 40 -0.549999
    endloop
  endfacet
  facet normal -0 0 -1
    outer loop
      vertex -10.9 40 -0.549999
      vertex -70.5 30 -0.549999
      vertex -12.1 40 -0.549999
    endloop
  endfacet
  facet normal 0 0 -1
    outer loop
      vertex -12.9 40 -0.549999
      vertex -14.1 40 -0.549999
      vertex -12.9 41 -0.549999
    endloop
  endfacet
  facet normal -0 0 -1
    outer loop
      vertex -12.1 40 -0.549999
      vertex -70.5 30 -0.549999
      vertex -12.9 40 -0.549999
    endloop
  endfacet
  facet normal -0 0 -1
    outer loop
      vertex -12.9 40 -0.549999
      vertex -70.5 30 -0.549999
      vertex -14.1 40 -0.549999
    endloop
  endfacet
  facet normal 0 0 -1
    outer loop
      vertex -14.9 40 -0.549999
      vertex -16.1 40 -0.549999
      vertex -14.9 41 -0.549999
    endloop
  endfacet
  facet normal -0 0 -1
    outer loop
      vertex -14.1 40 -0.549999
      vertex -70.5 30 -0.549999
      vertex -14.9 40 -0.549999
    endloop
  endfacet
  facet normal -0 0 -1
    outer loop
      vertex -14.9 40 -0.549999
      vertex -70.5 30 -0.549999
      vertex -16.1 40 -0.549999
    endloop
  endfacet
  facet normal 0 0 -1
    outer loop
      vertex -16.9 40 -0.549999
      vertex -18.1 40 -0.549999
      vertex -16.9 41 -0.549999
    endloop
  endfacet
  facet normal -0 0 -1
    outer loop
      vertex -16.1 40 -0.549999
      vertex -70.5 30 -0.549999
      vertex -16.9 40 -0.549999
    endloop
  endfacet
  facet normal -0 0 -1
    outer loop
      vertex -16.9 40 -0.549999
      vertex -70.5 30 -0.549999
      vertex -18.1 40 -0.549999
    endloop
  endfacet
  facet normal 0 0 -1
    outer loop
      vertex -18.9 40 -0.549999
      vertex -20.1 40 -0.549999
      vertex -18.9 41 -0.549999
    endloop
  endfacet
  facet normal -0 0 -1
    outer loop
      vertex -18.1 40 -0.549999
      vertex -70.5 30 -0.549999
      vertex -18.9 40 -0.549999
    endloop
  endfacet
  facet normal -0 0 -1
    outer loop
      vertex -18.9 40 -0.549999
      vertex -70.5 30 -0.549999
      vertex -20.1 40 -0.549999
    endloop
  endfacet
  facet normal 0 0 -1
    outer loop
      vertex -20.9 40 -0.549999
      vertex -22.1 40 -0.549999
      vertex -20.9 41 -0.549999
    endloop
  endfacet
  facet normal -0 0 -1
    outer loop
      vertex -20.1 40 -0.549999
      vertex -70.5 30 -0.549999
      vertex -20.9 40 -0.549999
    endloop
  endfacet
  facet normal -0 0 -1
    outer loop
      vertex -20.9 40 -0.549999
      vertex -70.5 30 -0.549999
      vertex -22.1 40 -0.549999
    endloop
  endfacet
  facet normal 0 0 -1
    outer loop
      vertex -22.9 40 -0.549999
      vertex -24.1 40 -0.549999
      vertex -22.9 41 -0.549999
    endloop
  endfacet
  facet normal -0 0 -1
    outer loop
      vertex -22.1 40 -0.549999
      vertex -70.5 30 -0.549999
      vertex -22.9 40 -0.549999
    endloop
  endfacet
  facet normal -0 0 -1
    outer loop
      vertex -22.9 40 -0.549999
      vertex -70.5 30 -0.549999
      vertex -24.1 40 -0.549999
    endloop
  endfacet
  facet normal 0 0 -1
    outer loop
      vertex -24.9 40 -0.549999
      vertex -26.1 40 -0.549999
      vertex -24.9 41 -0.549999
    endloop
  endfacet
  facet normal -0 0 -1
    outer loop
      vertex -24.1 40 -0.549999
      vertex -70.5 30 -0.549999
      vertex -24.9 40 -0.549999
    endloop
  endfacet
  facet normal -0 0 -1
    outer loop
      vertex -24.9 40 -0.549999
      vertex -70.5 30 -0.549999
      vertex -26.1 40 -0.549999
    endloop
  endfacet
  facet normal 0 0 -1
    outer loop
      vertex -26.9 40 -0.549999
      vertex -28.1 40 -0.549999
      vertex -26.9 41 -0.549999
    endloop
  endfacet
  facet normal -0 0 -1
    outer loop
      vertex -26.1 40 -0.549999
      vertex -70.5 30 -0.549999
      vertex -26.9 40 -0.549999
    endloop
  endfacet
  facet normal -0 0 -1
    outer loop
      vertex -26.9 40 -0.549999
      vertex -70.5 30 -0.549999
      vertex -28.1 40 -0.549999
    endloop
  endfacet
  facet normal 0 0 -1
    outer loop
      vertex -28.9 40 -0.549999
      vertex -30.1 40 -0.549999
      vertex -28.9 41 -0.549999
    endloop
  endfacet
  facet normal -0 0 -1
    outer loop
      vertex -28.1 40 -0.549999
      vertex -70.5 30 -0.549999
      vertex -28.9 40 -0.549999
    endloop
  endfacet
  facet normal -0 0 -1
    outer loop
      vertex -28.9 40 -0.549999
      vertex -70.5 30 -0.549999
      vertex -30.1 40 -0.549999
    endloop
  endfacet
  facet normal 0 0 -1
    outer loop
      vertex -30.9 40 -0.549999
      vertex -32.1 40 -0.549999
      vertex -30.9 41 -0.549999
    endloop
  endfacet
  facet normal -0 0 -1
    outer loop
      vertex -30.1 40 -0.549999
      vertex -70.5 30 -0.549999
      vertex -30.9 40 -0.549999
    endloop
  endfacet
  facet normal -0 0 -1
    outer loop
      vertex -30.9 40 -0.549999
      vertex -70.5 30 -0.549999
      vertex -32.1 40 -0.549999
    endloop
  endfacet
  facet normal 0 0 -1
    outer loop
      vertex -32.9 40 -0.549999
      vertex -34.1 40 -0.549999
      vertex -32.9 41 -0.549999
    endloop
  endfacet
  facet normal -0 0 -1
    outer loop
      vertex -32.1 40 -0.549999
      vertex -70.5 30 -0.549999
      vertex -32.9 40 -0.549999
    endloop
  endfacet
  facet normal -0 0 -1
    outer loop
      vertex -32.9 40 -0.549999
      vertex -70.5 30 -0.549999
      vertex -34.1 40 -0.549999
    endloop
  endfacet
  facet normal 0 0 -1
    outer loop
      vertex -34.9 40 -0.549999
      vertex -36.1 40 -0.549999
      vertex -34.9 41 -0.549999
    endloop
  endfacet
  facet normal -0 0 -1
    outer loop
      vertex -34.1 40 -0.549999
      vertex -70.5 30 -0.549999
      vertex -34.9 40 -0.549999
    endloop
  endfacet
  facet normal -0 0 -1
    outer loop
      vertex -34.9 40 -0.549999
      vertex -70.5 30 -0.549999
      vertex -36.1 40 -0.549999
    endloop
  endfacet
  facet normal 0 0 -1
    outer loop
      vertex -36.9 40 -0.549999
      vertex -38.1 40 -0.549999
      vertex -36.9 41 -0.549999
    endloop
  endfacet
  facet normal -0 0 -1
    outer loop
      vertex -36.1 40 -0.549999
      vertex -70.5 30 -0.549999
      vertex -36.9 40 -0.549999
    endloop
  endfacet
  facet normal -0 0 -1
    outer loop
      vertex -36.9 40 -0.549999
      vertex -70.5 30 -0.549999
      vertex -38.1 40 -0.549999
    endloop
  endfacet
  facet normal 0 0 -1
    outer loop
      vertex -38.9 40 -0.549999
      vertex -40.1 40 -0.549999
      vertex -38.9 41 -0.549999
    endloop
  endfacet
  facet normal -0 0 -1
    outer loop
      vertex -38.1 40 -0.549999
      vertex -70.5 30 -0.549999
      vertex -38.9 40 -0.549999
    endloop
  endfacet
  facet normal -0 0 -1
    outer loop
      vertex -38.9 40 -0.549999
      vertex -70.5 30 -0.549999
      vertex -40.1 40 -0.549999
    endloop
  endfacet
  facet normal 0 0 -1
    outer loop
      vertex -40.9 40 -0.549999
      vertex -42.1 40 -0.549999
      vertex -40.9 41 -0.549999
    endloop
  endfacet
  facet normal -0 0 -1
    outer loop
      vertex -40.1 40 -0.549999
      vertex -70.5 30 -0.549999
      vertex -40.9 40 -0.549999
    endloop
  endfacet
  facet normal -0 0 -1
    outer loop
      vertex -40.9 40 -0.549999
      vertex -70.5 30 -0.549999
      vertex -42.1 40 -0.549999
    endloop
  endfacet
  facet normal 0 0 -1
    outer loop
      vertex -42.9 40 -0.549999
      vertex -44.1 40 -0.549999
      vertex -42.9 41 -0.549999
    endloop
  endfacet
  facet normal -0 0 -1
    outer loop
      vertex -42.1 40 -0.549999
      vertex -70.5 30 -0.549999
      vertex -42.9 40 -0.549999
    endloop
  endfacet
  facet normal -0 0 -1
    outer loop
      vertex -42.9 40 -0.549999
      vertex -70.5 30 -0.549999
      vertex -44.1 40 -0.549999
    endloop
  endfacet
  facet normal 0 0 -1
    outer loop
      vertex -44.9 40 -0.549999
      vertex -46.1 40 -0.549999
      vertex -44.9 41 -0.549999
    endloop
  endfacet
  facet normal -0 0 -1
    outer loop
      vertex -44.1 40 -0.549999
      vertex -70.5 30 -0.549999
      vertex -44.9 40 -0.549999
    endloop
  endfacet
  facet normal -0 0 -1
    outer loop
      vertex -44.9 40 -0.549999
      vertex -70.5 30 -0.549999
      vertex -46.1 40 -0.549999
    endloop
  endfacet
  facet normal 0 0 -1
    outer loop
      vertex -46.9 40 -0.549999
      vertex -48.1 40 -0.549999
      vertex -46.9 41 -0.549999
    endloop
  endfacet
  facet normal -0 0 -1
    outer loop
      vertex -46.1 40 -0.549999
      vertex -70.5 30 -0.549999
      vertex -46.9 40 -0.549999
    endloop
  endfacet
  facet normal -0 0 -1
    outer loop
      vertex -46.9 40 -0.549999
      vertex -70.5 30 -0.549999
      vertex -48.1 40 -0.549999
    endloop
  endfacet
  facet normal 0 0 -1
    outer loop
      vertex -48.9 40 -0.549999
      vertex -50.1 40 -0.549999
      vertex -48.9 41 -0.549999
    endloop
  endfacet
  facet normal -0 0 -1
    outer loop
      vertex -48.1 40 -0.549999
      vertex -70.5 30 -0.549999
      vertex -48.9 40 -0.549999
    endloop
  endfacet
  facet normal -0 0 -1
    outer loop
      vertex -48.9 40 -0.549999
      vertex -70.5 30 -0.549999
      vertex -50.1 40 -0.549999
    endloop
  endfacet
  facet normal 0 0 -1
    outer loop
      vertex -50.9 40 -0.549999
      vertex -52.1 40 -0.549999
      vertex -50.9 41 -0.549999
    endloop
  endfacet
  facet normal -0 0 -1
    outer loop
      vertex -50.1 40 -0.549999
      vertex -70.5 30 -0.549999
      vertex -50.9 40 -0.549999
    endloop
  endfacet
  facet normal -0 0 -1
    outer loop
      vertex -50.9 40 -0.549999
      vertex -70.5 30 -0.549999
      vertex -52.1 40 -0.549999
    endloop
  endfacet
  facet normal 0 0 -1
    outer loop
      vertex -52.9 40 -0.549999
      vertex -54.1 40 -0.549999
      vertex -52.9 41 -0.549999
    endloop
  endfacet
  facet normal -0 0 -1
    outer loop
      vertex -52.1 40 -0.549999
      vertex -70.5 30 -0.549999
      vertex -52.9 40 -0.549999
    endloop
  endfacet
  facet normal -0 0 -1
    outer loop
      vertex -52.9 40 -0.549999
      vertex -70.5 30 -0.549999
      vertex -54.1 40 -0.549999
    endloop
  endfacet
  facet normal 0 0 -1
    outer loop
      vertex -54.9 40 -0.549999
      vertex -56.1 40 -0.549999
      vertex -54.9 41 -0.549999
    endloop
  endfacet
  facet normal -0 0 -1
    outer loop
      vertex -54.1 40 -0.549999
      vertex -70.5 30 -0.549999
      vertex -54.9 40 -0.549999
    endloop
  endfacet
  facet normal -0 0 -1
    outer loop
      vertex -54.9 40 -0.549999
      vertex -70.5 30 -0.549999
      vertex -56.1 40 -0.549999
    endloop
  endfacet
  facet normal 0 0 -1
    outer loop
      vertex -56.9 40 -0.549999
      vertex -58.1 40 -0.549999
      vertex -56.9 41 -0.549999
    endloop
  endfacet
  facet normal -0 0 -1
    outer loop
      vertex -56.1 40 -0.549999
      vertex -70.5 30 -0.549999
      vertex -56.9 40 -0.549999
    endloop
  endfacet
  facet normal -0 0 -1
    outer loop
      vertex -56.9 40 -0.549999
      vertex -70.5 30 -0.549999
      vertex -58.1 40 -0.549999
    endloop
  endfacet
  facet normal 0 0 -1
    outer loop
      vertex -58.9 40 -0.549999
      vertex -60.1 40 -0.549999
      vertex -58.9 41 -0.549999
    endloop
  endfacet
  facet normal -0 0 -1
    outer loop
      vertex -58.1 40 -0.549999
      vertex -70.5 30 -0.549999
      vertex -58.9 40 -0.549999
    endloop
  endfacet
  facet normal -0 0 -1
    outer loop
      vertex -58.9 40 -0.549999
      vertex -70.5 30 -0.549999
      vertex -60.1 40 -0.549999
    endloop
  endfacet
  facet normal 0 0 -1
    outer loop
      vertex -60.9 40 -0.549999
      vertex -62.1 40 -0.549999
      vertex -60.9 41 -0.549999
    endloop
  endfacet
  facet normal -0 0 -1
    outer loop
      vertex -60.1 40 -0.549999
      vertex -70.5 30 -0.549999
      vertex -60.9 40 -0.549999
    endloop
  endfacet
  facet normal -0 0 -1
    outer loop
      vertex -60.9 40 -0.549999
      vertex -70.5 30 -0.549999
      vertex -62.1 40 -0.549999
    endloop
  endfacet
  facet normal 0 0 -1
    outer loop
      vertex -62.9 40 -0.549999
      vertex -64.1 40 -0.549999
      vertex -62.9 41 -0.549999
    endloop
  endfacet
  facet normal -0 0 -1
    outer loop
      vertex -62.1 40 -0.549999
      vertex -70.5 30 -0.549999
      vertex -62.9 40 -0.549999
    endloop
  endfacet
  facet normal -0 0 -1
    outer loop
      vertex -62.9 40 -0.549999
      vertex -70.5 30 -0.549999
      vertex -64.1 40 -0.549999
    endloop
  endfacet
  facet normal 0 0 -1
    outer loop
      vertex -64.9 40 -0.549999
      vertex -66.1 40 -0.549999
      vertex -64.9 41 -0.549999
    endloop
  endfacet
  facet normal -0 0 -1
    outer loop
      vertex -64.1 40 -0.549999
      vertex -70.5 30 -0.549999
      vertex -64.9 40 -0.549999
    endloop
  endfacet
  facet normal -0 0 -1
    outer loop
      vertex -64.9 40 -0.549999
      vertex -70.5 30 -0.549999
      vertex -66.1 40 -0.549999
    endloop
  endfacet
  facet normal 0 0 -1
    outer loop
      vertex -66.9 40 -0.549999
      vertex -68.1 40 -0.549999
      vertex -66.9 41 -0.549999
    endloop
  endfacet
  facet normal -0 0 -1
    outer loop
      vertex -66.1 40 -0.549999
      vertex -70.5 30 -0.549999
      vertex -66.9 40 -0.549999
    endloop
  endfacet
  facet normal -0 0 -1
    outer loop
      vertex -66.9 40 -0.549999
      vertex -70.5 30 -0.549999
      vertex -68.1 40 -0.549999
    endloop
  endfacet
  facet normal -0 0 -1
    outer loop
      vertex -68.1 40 -0.549999
      vertex -70.5 30 -0.549999
      vertex -70.5 40 -0.549999
    endloop
  endfacet
  facet normal -0 0 -1
    outer loop
      vertex 67.1 41 -0.549999
      vertex 65.9 40 -0.549999
      vertex 65.9 41 -0.549999
    endloop
  endfacet
  facet normal -0 0 -1
    outer loop
      vertex 65.1 41 -0.549999
      vertex 63.9 40 -0.549999
      vertex 63.9 41 -0.549999
    endloop
  endfacet
  facet normal -0 0 -1
    outer loop
      vertex 63.1 41 -0.549999
      vertex 61.9 40 -0.549999
      vertex 61.9 41 -0.549999
    endloop
  endfacet
  facet normal -0 0 -1
    outer loop
      vertex 61.1 41 -0.549999
      vertex 59.9 40 -0.549999
      vertex 59.9 41 -0.549999
    endloop
  endfacet
  facet normal -0 0 -1
    outer loop
      vertex 59.1 41 -0.549999
      vertex 57.9 40 -0.549999
      vertex 57.9 41 -0.549999
    endloop
  endfacet
  facet normal -0 0 -1
    outer loop
      vertex 57.1 41 -0.549999
      vertex 55.9 40 -0.549999
      vertex 55.9 41 -0.549999
    endloop
  endfacet
  facet normal -0 0 -1
    outer loop
      vertex 55.1 41 -0.549999
      vertex 53.9 40 -0.549999
      vertex 53.9 41 -0.549999
    endloop
  endfacet
  facet normal -0 0 -1
    outer loop
      vertex 53.1 41 -0.549999
      vertex 51.9 40 -0.549999
      vertex 51.9 41 -0.549999
    endloop
  endfacet
  facet normal -0 0 -1
    outer loop
      vertex 51.1 41 -0.549999
      vertex 49.9 40 -0.549999
      vertex 49.9 41 -0.549999
    endloop
  endfacet
  facet normal -0 0 -1
    outer loop
      vertex 49.1 41 -0.549999
      vertex 47.9 40 -0.549999
      vertex 47.9 41 -0.549999
    endloop
  endfacet
  facet normal -0 0 -1
    outer loop
      vertex 47.1 41 -0.549999
      vertex 45.9 40 -0.549999
      vertex 45.9 41 -0.549999
    endloop
  endfacet
  facet normal -0 0 -1
    outer loop
      vertex 45.1 41 -0.549999
      vertex 43.9 40 -0.549999
      vertex 43.9 41 -0.549999
    endloop
  endfacet
  facet normal -0 0 -1
    outer loop
      vertex 43.1 41 -0.549999
      vertex 41.9 40 -0.549999
      vertex 41.9 41 -0.549999
    endloop
  endfacet
  facet normal -0 0 -1
    outer loop
      vertex 41.1 41 -0.549999
      vertex 39.9 40 -0.549999
      vertex 39.9 41 -0.549999
    endloop
  endfacet
  facet normal -0 0 -1
    outer loop
      vertex 39.1 41 -0.549999
      vertex 37.9 40 -0.549999
      vertex 37.9 41 -0.549999
    endloop
  endfacet
  facet normal -0 0 -1
    outer loop
      vertex 37.1 41 -0.549999
      vertex 35.9 40 -0.549999
      vertex 35.9 41 -0.549999
    endloop
  endfacet
  facet normal -0 0 -1
    outer loop
      vertex 35.1 41 -0.549999
      vertex 33.9 40 -0.549999
      vertex 33.9 41 -0.549999
    endloop
  endfacet
  facet normal -0 0 -1
    outer loop
      vertex 33.1 41 -0.549999
      vertex 31.9 40 -0.549999
      vertex 31.9 41 -0.549999
    endloop
  endfacet
  facet normal -0 0 -1
    outer loop
      vertex 31.1 41 -0.549999
      vertex 29.9 40 -0.549999
      vertex 29.9 41 -0.549999
    endloop
  endfacet
  facet normal -0 0 -1
    outer loop
      vertex 29.1 41 -0.549999
      vertex 27.9 40 -0.549999
      vertex 27.9 41 -0.549999
    endloop
  endfacet
  facet normal -0 0 -1
    outer loop
      vertex 27.1 41 -0.549999
      vertex 25.9 40 -0.549999
      vertex 25.9 41 -0.549999
    endloop
  endfacet
  facet normal -0 0 -1
    outer loop
      vertex 25.1 41 -0.549999
      vertex 23.9 40 -0.549999
      vertex 23.9 41 -0.549999
    endloop
  endfacet
  facet normal -0 0 -1
    outer loop
      vertex 23.1 41 -0.549999
      vertex 21.9 40 -0.549999
      vertex 21.9 41 -0.549999
    endloop
  endfacet
  facet normal -0 0 -1
    outer loop
      vertex 21.1 41 -0.549999
      vertex 19.9 40 -0.549999
      vertex 19.9 41 -0.549999
    endloop
  endfacet
  facet normal -0 0 -1
    outer loop
      vertex 19.1 41 -0.549999
      vertex 17.9 40 -0.549999
      vertex 17.9 41 -0.549999
    endloop
  endfacet
  facet normal -0 0 -1
    outer loop
      vertex 17.1 41 -0.549999
      vertex 15.9 40 -0.549999
      vertex 15.9 41 -0.549999
    endloop
  endfacet
  facet normal -0 0 -1
    outer loop
      vertex 15.1 41 -0.549999
      vertex 13.9 40 -0.549999
      vertex 13.9 41 -0.549999
    endloop
  endfacet
  facet normal -0 0 -1
    outer loop
      vertex 13.1 41 -0.549999
      vertex 11.9 40 -0.549999
      vertex 11.9 41 -0.549999
    endloop
  endfacet
  facet normal -0 0 -1
    outer loop
      vertex 11.1 41 -0.549999
      vertex 9.9 40 -0.549999
      vertex 9.9 41 -0.549999
    endloop
  endfacet
  facet normal -0 0 -1
    outer loop
      vertex 9.1 41 -0.549999
      vertex 7.9 40 -0.549999
      vertex 7.9 41 -0.549999
    endloop
  endfacet
  facet normal -0 0 -1
    outer loop
      vertex 7.1 41 -0.549999
      vertex 5.9 40 -0.549999
      vertex 5.9 41 -0.549999
    endloop
  endfacet
  facet normal -0 0 -1
    outer loop
      vertex 5.1 41 -0.549999
      vertex 3.9 40 -0.549999
      vertex 3.9 41 -0.549999
    endloop
  endfacet
  facet normal -0 0 -1
    outer loop
      vertex 3.1 41 -0.549999
      vertex 1.9 40 -0.549999
      vertex 1.9 41 -0.549999
    endloop
  endfacet
  facet normal -0 0 -1
    outer loop
      vertex 1.1 41 -0.549999
      vertex -0.0999994 40 -0.549999
      vertex -0.0999994 41 -0.549999
    endloop
  endfacet
  facet normal -0 0 -1
    outer loop
      vertex -0.9 41 -0.549999
      vertex -2.1 40 -0.549999
      vertex -2.1 41 -0.549999
    endloop
  endfacet
  facet normal -0 0 -1
    outer loop
      vertex -2.9 41 -0.549999
      vertex -4.1 40 -0.549999
      vertex -4.1 41 -0.549999
    endloop
  endfacet
  facet normal -0 0 -1
    outer loop
      vertex -4.9 41 -0.549999
      vertex -6.1 40 -0.549999
      vertex -6.1 41 -0.549999
    endloop
  endfacet
  facet normal -0 0 -1
    outer loop
      vertex -6.9 41 -0.549999
      vertex -8.1 40 -0.549999
      vertex -8.1 41 -0.549999
    endloop
  endfacet
  facet normal -0 0 -1
    outer loop
      vertex -8.9 41 -0.549999
      vertex -10.1 40 -0.549999
      vertex -10.1 41 -0.549999
    endloop
  endfacet
  facet normal -0 0 -1
    outer loop
      vertex -10.9 41 -0.549999
      vertex -12.1 40 -0.549999
      vertex -12.1 41 -0.549999
    endloop
  endfacet
  facet normal -0 0 -1
    outer loop
      vertex -12.9 41 -0.549999
      vertex -14.1 40 -0.549999
      vertex -14.1 41 -0.549999
    endloop
  endfacet
  facet normal -0 0 -1
    outer loop
      vertex -14.9 41 -0.549999
      vertex -16.1 40 -0.549999
      vertex -16.1 41 -0.549999
    endloop
  endfacet
  facet normal -0 0 -1
    outer loop
      vertex -16.9 41 -0.549999
      vertex -18.1 40 -0.549999
      vertex -18.1 41 -0.549999
    endloop
  endfacet
  facet normal -0 0 -1
    outer loop
      vertex -18.9 41 -0.549999
      vertex -20.1 40 -0.549999
      vertex -20.1 41 -0.549999
    endloop
  endfacet
  facet normal -0 0 -1
    outer loop
      vertex -20.9 41 -0.549999
      vertex -22.1 40 -0.549999
      vertex -22.1 41 -0.549999
    endloop
  endfacet
  facet normal -0 0 -1
    outer loop
      vertex -22.9 41 -0.549999
      vertex -24.1 40 -0.549999
      vertex -24.1 41 -0.549999
    endloop
  endfacet
  facet normal -0 0 -1
    outer loop
      vertex -24.9 41 -0.549999
      vertex -26.1 40 -0.549999
      vertex -26.1 41 -0.549999
    endloop
  endfacet
  facet normal -0 0 -1
    outer loop
      vertex -26.9 41 -0.549999
      vertex -28.1 40 -0.549999
      vertex -28.1 41 -0.549999
    endloop
  endfacet
  facet normal -0 0 -1
    outer loop
      vertex -28.9 41 -0.549999
      vertex -30.1 40 -0.549999
      vertex -30.1 41 -0.549999
    endloop
  endfacet
  facet normal -0 0 -1
    outer loop
      vertex -30.9 41 -0.549999
      vertex -32.1 40 -0.549999
      vertex -32.1 41 -0.549999
    endloop
  endfacet
  facet normal -0 0 -1
    outer loop
      vertex -32.9 41 -0.549999
      vertex -34.1 40 -0.549999
      vertex -34.1 41 -0.549999
    endloop
  endfacet
  facet normal -0 0 -1
    outer loop
      vertex -34.9 41 -0.549999
      vertex -36.1 40 -0.549999
      vertex -36.1 41 -0.549999
    endloop
  endfacet
  facet normal -0 0 -1
    outer loop
      vertex -36.9 41 -0.549999
      vertex -38.1 40 -0.549999
      vertex -38.1 41 -0.549999
    endloop
  endfacet
  facet normal -0 0 -1
    outer loop
      vertex -38.9 41 -0.549999
      vertex -40.1 40 -0.549999
      vertex -40.1 41 -0.549999
    endloop
  endfacet
  facet normal -0 0 -1
    outer loop
      vertex -40.9 41 -0.549999
      vertex -42.1 40 -0.549999
      vertex -42.1 41 -0.549999
    endloop
  endfacet
  facet normal -0 0 -1
    outer loop
      vertex -42.9 41 -0.549999
      vertex -44.1 40 -0.549999
      vertex -44.1 41 -0.549999
    endloop
  endfacet
  facet normal -0 0 -1
    outer loop
      vertex -44.9 41 -0.549999
      vertex -46.1 40 -0.549999
      vertex -46.1 41 -0.549999
    endloop
  endfacet
  facet normal -0 0 -1
    outer loop
      vertex -46.9 41 -0.549999
      vertex -48.1 40 -0.549999
      vertex -48.1 41 -0.549999
    endloop
  endfacet
  facet normal -0 0 -1
    outer loop
      vertex -48.9 41 -0.549999
      vertex -50.1 40 -0.549999
      vertex -50.1 41 -0.549999
    endloop
  endfacet
  facet normal -0 0 -1
    outer loop
      vertex -50.9 41 -0.549999
      vertex -52.1 40 -0.549999
      vertex -52.1 41 -0.549999
    endloop
  endfacet
  facet normal -0 0 -1
    outer loop
      vertex -52.9 41 -0.549999
      vertex -54.1 40 -0.549999
      vertex -54.1 41 -0.549999
    endloop
  endfacet
  facet normal -0 0 -1
    outer loop
      vertex -54.9 41 -0.549999
      vertex -56.1 40 -0.549999
      vertex -56.1 41 -0.549999
    endloop
  endfacet
  facet normal -0 0 -1
    outer loop
      vertex -56.9 41 -0.549999
      vertex -58.1 40 -0.549999
      vertex -58.1 41 -0.549999
    endloop
  endfacet
  facet normal -0 0 -1
    outer loop
      vertex -58.9 41 -0.549999
      vertex -60.1 40 -0.549999
      vertex -60.1 41 -0.549999
    endloop
  endfacet
  facet normal -0 0 -1
    outer loop
      vertex -60.9 41 -0.549999
      vertex -62.1 40 -0.549999
      vertex -62.1 41 -0.549999
    endloop
  endfacet
  facet normal -0 0 -1
    outer loop
      vertex -62.9 41 -0.549999
      vertex -64.1 40 -0.549999
      vertex -64.1 41 -0.549999
    endloop
  endfacet
  facet normal -0 0 -1
    outer loop
      vertex -64.9 41 -0.549999
      vertex -66.1 40 -0.549999
      vertex -66.1 41 -0.549999
    endloop
  endfacet
  facet normal -0 0 -1
    outer loop
      vertex -66.9 41 -0.549999
      vertex -68.1 40 -0.549999
      vertex -68.1 41 -0.549999
    endloop
  endfacet
  facet normal 1 -0 0
    outer loop
      vertex 70.5 30 4.45
      vertex 70.5 40 -0.549999
      vertex 70.5 40 4.45
    endloop
  endfacet
  facet normal 1 0 0
    outer loop
      vertex 70.5 40 -0.549999
      vertex 70.5 30 4.45
      vertex 70.5 30 -0.549999
    endloop
  endfacet
  facet normal 0 -1 0
    outer loop
      vertex -70.5 30 4.45
      vertex -29.5 30 1.95
      vertex -29.5 30 4.45
    endloop
  endfacet
  facet normal 0 -1 0
    outer loop
      vertex -70.5 30 -0.549999
      vertex -22.5 30 1.95
      vertex -29.5 30 1.95
    endloop
  endfacet
  facet normal 0 -1 -0
    outer loop
      vertex -22.5 30 1.95
      vertex -70.5 30 -0.549999
      vertex 13.5 30 1.95
    endloop
  endfacet
  facet normal 0 -1 0
    outer loop
      vertex 70.5 30 -0.549999
      vertex 13.5 30 1.95
      vertex -70.5 30 -0.549999
    endloop
  endfacet
  facet normal 0 -1 0
    outer loop
      vertex -70.5 30 -0.549999
      vertex -29.5 30 1.95
      vertex -70.5 30 4.45
    endloop
  endfacet
  facet normal 0 -1 0
    outer loop
      vertex -22.5 30 1.95
      vertex 13.5 30 4.45
      vertex -22.5 30 4.45
    endloop
  endfacet
  facet normal 0 -1 -0
    outer loop
      vertex 13.5 30 4.45
      vertex -22.5 30 1.95
      vertex 13.5 30 1.95
    endloop
  endfacet
  facet normal 0 -1 0
    outer loop
      vertex 20.5 30 1.95
      vertex 70.5 30 4.45
      vertex 20.5 30 4.45
    endloop
  endfacet
  facet normal 0 -1 0
    outer loop
      vertex 20.5 30 1.95
      vertex 70.5 30 -0.549999
      vertex 70.5 30 4.45
    endloop
  endfacet
  facet normal 0 -1 0
    outer loop
      vertex 13.5 30 1.95
      vertex 70.5 30 -0.549999
      vertex 20.5 30 1.95
    endloop
  endfacet
  facet normal 0 0 1
    outer loop
      vertex -66.9 41 4.45
      vertex -68.1 41 4.45
      vertex -66.9 40 4.45
    endloop
  endfacet
  facet normal 0 0 1
    outer loop
      vertex -64.9 41 4.45
      vertex -66.1 41 4.45
      vertex -64.9 40 4.45
    endloop
  endfacet
  facet normal 0 0 1
    outer loop
      vertex -62.9 41 4.45
      vertex -64.1 41 4.45
      vertex -62.9 40 4.45
    endloop
  endfacet
  facet normal 0 0 1
    outer loop
      vertex -60.9 41 4.45
      vertex -62.1 41 4.45
      vertex -60.9 40 4.45
    endloop
  endfacet
  facet normal 0 0 1
    outer loop
      vertex -58.9 41 4.45
      vertex -60.1 41 4.45
      vertex -58.9 40 4.45
    endloop
  endfacet
  facet normal 0 0 1
    outer loop
      vertex -56.9 41 4.45
      vertex -58.1 41 4.45
      vertex -56.9 40 4.45
    endloop
  endfacet
  facet normal 0 0 1
    outer loop
      vertex -54.9 41 4.45
      vertex -56.1 41 4.45
      vertex -54.9 40 4.45
    endloop
  endfacet
  facet normal 0 0 1
    outer loop
      vertex -52.9 41 4.45
      vertex -54.1 41 4.45
      vertex -52.9 40 4.45
    endloop
  endfacet
  facet normal 0 0 1
    outer loop
      vertex -50.9 41 4.45
      vertex -52.1 41 4.45
      vertex -50.9 40 4.45
    endloop
  endfacet
  facet normal 0 0 1
    outer loop
      vertex -48.9 41 4.45
      vertex -50.1 41 4.45
      vertex -48.9 40 4.45
    endloop
  endfacet
  facet normal 0 0 1
    outer loop
      vertex -46.9 41 4.45
      vertex -48.1 41 4.45
      vertex -46.9 40 4.45
    endloop
  endfacet
  facet normal 0 0 1
    outer loop
      vertex -44.9 41 4.45
      vertex -46.1 41 4.45
      vertex -44.9 40 4.45
    endloop
  endfacet
  facet normal 0 0 1
    outer loop
      vertex -42.9 41 4.45
      vertex -44.1 41 4.45
      vertex -42.9 40 4.45
    endloop
  endfacet
  facet normal 0 0 1
    outer loop
      vertex -40.9 41 4.45
      vertex -42.1 41 4.45
      vertex -40.9 40 4.45
    endloop
  endfacet
  facet normal 0 0 1
    outer loop
      vertex -38.9 41 4.45
      vertex -40.1 41 4.45
      vertex -38.9 40 4.45
    endloop
  endfacet
  facet normal 0 0 1
    outer loop
      vertex -36.9 41 4.45
      vertex -38.1 41 4.45
      vertex -36.9 40 4.45
    endloop
  endfacet
  facet normal 0 0 1
    outer loop
      vertex -34.9 41 4.45
      vertex -36.1 41 4.45
      vertex -34.9 40 4.45
    endloop
  endfacet
  facet normal 0 0 1
    outer loop
      vertex -32.9 41 4.45
      vertex -34.1 41 4.45
      vertex -32.9 40 4.45
    endloop
  endfacet
  facet normal 0 0 1
    outer loop
      vertex -30.9 41 4.45
      vertex -32.1 41 4.45
      vertex -30.9 40 4.45
    endloop
  endfacet
  facet normal 0 0 1
    outer loop
      vertex -26.9 41 4.45
      vertex -28.1 41 4.45
      vertex -26.9 40 4.45
    endloop
  endfacet
  facet normal 0 0 1
    outer loop
      vertex -24.9 41 4.45
      vertex -26.1 41 4.45
      vertex -24.9 40 4.45
    endloop
  endfacet
  facet normal 0 0 1
    outer loop
      vertex -22.9 41 4.45
      vertex -24.1 41 4.45
      vertex -22.9 40 4.45
    endloop
  endfacet
  facet normal 0 0 1
    outer loop
      vertex -20.9 41 4.45
      vertex -22.1 41 4.45
      vertex -20.9 40 4.45
    endloop
  endfacet
  facet normal 0 0 1
    outer loop
      vertex -18.9 41 4.45
      vertex -20.1 41 4.45
      vertex -18.9 40 4.45
    endloop
  endfacet
  facet normal 0 0 1
    outer loop
      vertex -16.9 41 4.45
      vertex -18.1 41 4.45
      vertex -16.9 40 4.45
    endloop
  endfacet
  facet normal 0 0 1
    outer loop
      vertex -14.9 41 4.45
      vertex -16.1 41 4.45
      vertex -14.9 40 4.45
    endloop
  endfacet
  facet normal 0 0 1
    outer loop
      vertex -12.9 41 4.45
      vertex -14.1 41 4.45
      vertex -12.9 40 4.45
    endloop
  endfacet
  facet normal 0 0 1
    outer loop
      vertex -10.9 41 4.45
      vertex -12.1 41 4.45
      vertex -10.9 40 4.45
    endloop
  endfacet
  facet normal 0 0 1
    outer loop
      vertex -8.9 41 4.45
      vertex -10.1 41 4.45
      vertex -8.9 40 4.45
    endloop
  endfacet
  facet normal 0 0 1
    outer loop
      vertex -6.9 41 4.45
      vertex -8.1 41 4.45
      vertex -6.9 40 4.45
    endloop
  endfacet
  facet normal 0 0 1
    outer loop
      vertex -4.9 41 4.45
      vertex -6.1 41 4.45
      vertex -4.9 40 4.45
    endloop
  endfacet
  facet normal 0 0 1
    outer loop
      vertex -2.9 41 4.45
      vertex -4.1 41 4.45
      vertex -2.9 40 4.45
    endloop
  endfacet
  facet normal 0 0 1
    outer loop
      vertex -0.9 41 4.45
      vertex -2.1 41 4.45
      vertex -0.9 40 4.45
    endloop
  endfacet
  facet normal 0 0 1
    outer loop
      vertex 1.1 41 4.45
      vertex -0.0999994 41 4.45
      vertex 1.1 40 4.45
    endloop
  endfacet
  facet normal 0 0 1
    outer loop
      vertex 3.1 41 4.45
      vertex 1.9 41 4.45
      vertex 3.1 40 4.45
    endloop
  endfacet
  facet normal 0 0 1
    outer loop
      vertex 5.1 41 4.45
      vertex 3.9 41 4.45
      vertex 5.1 40 4.45
    endloop
  endfacet
  facet normal 0 0 1
    outer loop
      vertex 7.1 41 4.45
      vertex 5.9 41 4.45
      vertex 7.1 40 4.45
    endloop
  endfacet
  facet normal 0 0 1
    outer loop
      vertex 9.1 41 4.45
      vertex 7.9 41 4.45
      vertex 9.1 40 4.45
    endloop
  endfacet
  facet normal 0 0 1
    outer loop
      vertex 11.1 41 4.45
      vertex 9.9 41 4.45
      vertex 11.1 40 4.45
    endloop
  endfacet
  facet normal 0 0 1
    outer loop
      vertex 13.1 41 4.45
      vertex 11.9 41 4.45
      vertex 13.1 40 4.45
    endloop
  endfacet
  facet normal 0 0 1
    outer loop
      vertex 15.1 41 4.45
      vertex 13.9 41 4.45
      vertex 15.1 40 4.45
    endloop
  endfacet
  facet normal 0 0 1
    outer loop
      vertex 17.1 41 4.45
      vertex 15.9 41 4.45
      vertex 17.1 40 4.45
    endloop
  endfacet
  facet normal 0 0 1
    outer loop
      vertex 19.1 41 4.45
      vertex 17.9 41 4.45
      vertex 19.1 40 4.45
    endloop
  endfacet
  facet normal 0 0 1
    outer loop
      vertex 19.9 40 4.45
      vertex 21.1 40 4.45
      vertex 21.1 41 4.45
    endloop
  endfacet
  facet normal 0 0 1
    outer loop
      vertex 19.9 40 4.45
      vertex 21.1 41 4.45
      vertex 19.9 41 4.45
    endloop
  endfacet
  facet normal 0 0 1
    outer loop
      vertex 21.1 40 4.45
      vertex 19.9 40 4.45
      vertex 20.5 35 4.45
    endloop
  endfacet
  facet normal -0 0 1
    outer loop
      vertex 19.1 40 4.45
      vertex 20.5 35 4.45
      vertex 19.9 40 4.45
    endloop
  endfacet
  facet normal 0 0 1
    outer loop
      vertex 17.9 40 4.45
      vertex 19.1 40 4.45
      vertex 17.9 41 4.45
    endloop
  endfacet
  facet normal 0 0 1
    outer loop
      vertex 19.1 40 4.45
      vertex 17.9 40 4.45
      vertex 20.5 35 4.45
    endloop
  endfacet
  facet normal -0 0 1
    outer loop
      vertex 17.1 40 4.45
      vertex 20.5 35 4.45
      vertex 17.9 40 4.45
    endloop
  endfacet
  facet normal 0 0 1
    outer loop
      vertex 15.9 40 4.45
      vertex 17.1 40 4.45
      vertex 15.9 41 4.45
    endloop
  endfacet
  facet normal 0 0 1
    outer loop
      vertex 13.5 35 4.45
      vertex 17.1 40 4.45
      vertex 15.9 40 4.45
    endloop
  endfacet
  facet normal 0 0 1
    outer loop
      vertex 13.5 35 4.45
      vertex 15.9 40 4.45
      vertex 15.1 40 4.45
    endloop
  endfacet
  facet normal 0 0 1
    outer loop
      vertex 13.9 40 4.45
      vertex 15.1 40 4.45
      vertex 13.9 41 4.45
    endloop
  endfacet
  facet normal 0 0 1
    outer loop
      vertex 13.5 35 4.45
      vertex 15.1 40 4.45
      vertex 13.9 40 4.45
    endloop
  endfacet
  facet normal 0 0 1
    outer loop
      vertex 17.1 40 4.45
      vertex 13.5 35 4.45
      vertex 20.5 35 4.45
    endloop
  endfacet
  facet normal -0 0 1
    outer loop
      vertex 13.1 40 4.45
      vertex 13.5 35 4.45
      vertex 13.9 40 4.45
    endloop
  endfacet
  facet normal -0 0 1
    outer loop
      vertex 11.9 40 4.45
      vertex 13.5 35 4.45
      vertex 13.1 40 4.45
    endloop
  endfacet
  facet normal 0 0 1
    outer loop
      vertex 11.9 40 4.45
      vertex 13.1 40 4.45
      vertex 11.9 41 4.45
    endloop
  endfacet
  facet normal -0 0 1
    outer loop
      vertex 11.1 40 4.45
      vertex 13.5 35 4.45
      vertex 11.9 40 4.45
    endloop
  endfacet
  facet normal -0 0 1
    outer loop
      vertex 9.9 40 4.45
      vertex 13.5 35 4.45
      vertex 11.1 40 4.45
    endloop
  endfacet
  facet normal 0 0 1
    outer loop
      vertex 9.9 40 4.45
      vertex 11.1 40 4.45
      vertex 9.9 41 4.45
    endloop
  endfacet
  facet normal -0 0 1
    outer loop
      vertex 9.1 40 4.45
      vertex 13.5 35 4.45
      vertex 9.9 40 4.45
    endloop
  endfacet
  facet normal -0 0 1
    outer loop
      vertex 7.9 40 4.45
      vertex 13.5 35 4.45
      vertex 9.1 40 4.45
    endloop
  endfacet
  facet normal 0 0 1
    outer loop
      vertex 7.9 40 4.45
      vertex 9.1 40 4.45
      vertex 7.9 41 4.45
    endloop
  endfacet
  facet normal -0 0 1
    outer loop
      vertex 7.1 40 4.45
      vertex 13.5 35 4.45
      vertex 7.9 40 4.45
    endloop
  endfacet
  facet normal -0 0 1
    outer loop
      vertex 5.9 40 4.45
      vertex 13.5 35 4.45
      vertex 7.1 40 4.45
    endloop
  endfacet
  facet normal 0 0 1
    outer loop
      vertex 5.9 40 4.45
      vertex 7.1 40 4.45
      vertex 5.9 41 4.45
    endloop
  endfacet
  facet normal 0 0 1
    outer loop
      vertex 13.5 35 4.45
      vertex 5.9 40 4.45
      vertex 13.5 30 4.45
    endloop
  endfacet
  facet normal -0 0 1
    outer loop
      vertex 5.1 40 4.45
      vertex 13.5 30 4.45
      vertex 5.9 40 4.45
    endloop
  endfacet
  facet normal 0 0 1
    outer loop
      vertex 3.9 40 4.45
      vertex 5.1 40 4.45
      vertex 3.9 41 4.45
    endloop
  endfacet
  facet normal 0 0 1
    outer loop
      vertex 5.1 40 4.45
      vertex 3.9 40 4.45
      vertex 13.5 30 4.45
    endloop
  endfacet
  facet normal -0 0 1
    outer loop
      vertex 3.1 40 4.45
      vertex 13.5 30 4.45
      vertex 3.9 40 4.45
    endloop
  endfacet
  facet normal 0 0 1
    outer loop
      vertex 1.9 40 4.45
      vertex 3.1 40 4.45
      vertex 1.9 41 4.45
    endloop
  endfacet
  facet normal 0 0 1
    outer loop
      vertex 3.1 40 4.45
      vertex 1.9 40 4.45
      vertex 13.5 30 4.45
    endloop
  endfacet
  facet normal -0 0 1
    outer loop
      vertex 1.1 40 4.45
      vertex 13.5 30 4.45
      vertex 1.9 40 4.45
    endloop
  endfacet
  facet normal 0 0 1
    outer loop
      vertex -0.0999994 40 4.45
      vertex 1.1 40 4.45
      vertex -0.0999994 41 4.45
    endloop
  endfacet
  facet normal -0 0 1
    outer loop
      vertex -0.0999994 40 4.45
      vertex 13.5 30 4.45
      vertex 1.1 40 4.45
    endloop
  endfacet
  facet normal -0 0 1
    outer loop
      vertex -0.9 40 4.45
      vertex 13.5 30 4.45
      vertex -0.0999994 40 4.45
    endloop
  endfacet
  facet normal 0 0 1
    outer loop
      vertex -2.1 40 4.45
      vertex -0.9 40 4.45
      vertex -2.1 41 4.45
    endloop
  endfacet
  facet normal -0 0 1
    outer loop
      vertex -2.1 40 4.45
      vertex 13.5 30 4.45
      vertex -0.9 40 4.45
    endloop
  endfacet
  facet normal -0 0 1
    outer loop
      vertex -2.9 40 4.45
      vertex 13.5 30 4.45
      vertex -2.1 40 4.45
    endloop
  endfacet
  facet normal 0 0 1
    outer loop
      vertex -4.1 40 4.45
      vertex -2.9 40 4.45
      vertex -4.1 41 4.45
    endloop
  endfacet
  facet normal -0 0 1
    outer loop
      vertex -4.1 40 4.45
      vertex 13.5 30 4.45
      vertex -2.9 40 4.45
    endloop
  endfacet
  facet normal -0 0 1
    outer loop
      vertex -4.9 40 4.45
      vertex 13.5 30 4.45
      vertex -4.1 40 4.45
    endloop
  endfacet
  facet normal 0 0 1
    outer loop
      vertex -6.1 40 4.45
      vertex -4.9 40 4.45
      vertex -6.1 41 4.45
    endloop
  endfacet
  facet normal 0 0 1
    outer loop
      vertex -22.5 30 4.45
      vertex -4.9 40 4.45
      vertex -6.1 40 4.45
    endloop
  endfacet
  facet normal 0 0 1
    outer loop
      vertex -22.5 30 4.45
      vertex -6.1 40 4.45
      vertex -6.9 40 4.45
    endloop
  endfacet
  facet normal 0 0 1
    outer loop
      vertex -8.1 40 4.45
      vertex -6.9 40 4.45
      vertex -8.1 41 4.45
    endloop
  endfacet
  facet normal 0 0 1
    outer loop
      vertex -22.5 30 4.45
      vertex -6.9 40 4.45
      vertex -8.1 40 4.45
    endloop
  endfacet
  facet normal 0 0 1
    outer loop
      vertex -22.5 30 4.45
      vertex -8.1 40 4.45
      vertex -8.9 40 4.45
    endloop
  endfacet
  facet normal 0 0 1
    outer loop
      vertex -10.1 40 4.45
      vertex -8.9 40 4.45
      vertex -10.1 41 4.45
    endloop
  endfacet
  facet normal 0 0 1
    outer loop
      vertex -22.5 30 4.45
      vertex -8.9 40 4.45
      vertex -10.1 40 4.45
    endloop
  endfacet
  facet normal 0 0 1
    outer loop
      vertex -22.5 30 4.45
      vertex -10.1 40 4.45
      vertex -10.9 40 4.45
    endloop
  endfacet
  facet normal 0 0 1
    outer loop
      vertex -12.1 40 4.45
      vertex -10.9 40 4.45
      vertex -12.1 41 4.45
    endloop
  endfacet
  facet normal 0 0 1
    outer loop
      vertex -22.5 30 4.45
      vertex -10.9 40 4.45
      vertex -12.1 40 4.45
    endloop
  endfacet
  facet normal 0 0 1
    outer loop
      vertex -22.5 30 4.45
      vertex -12.1 40 4.45
      vertex -12.9 40 4.45
    endloop
  endfacet
  facet normal 0 0 1
    outer loop
      vertex -14.1 40 4.45
      vertex -12.9 40 4.45
      vertex -14.1 41 4.45
    endloop
  endfacet
  facet normal 0 0 1
    outer loop
      vertex -22.5 30 4.45
      vertex -12.9 40 4.45
      vertex -14.1 40 4.45
    endloop
  endfacet
  facet normal 0 0 1
    outer loop
      vertex -22.5 30 4.45
      vertex -14.1 40 4.45
      vertex -14.9 40 4.45
    endloop
  endfacet
  facet normal 0 0 1
    outer loop
      vertex -16.1 40 4.45
      vertex -14.9 40 4.45
      vertex -16.1 41 4.45
    endloop
  endfacet
  facet normal 0 0 1
    outer loop
      vertex -22.5 35 4.45
      vertex -14.9 40 4.45
      vertex -16.1 40 4.45
    endloop
  endfacet
  facet normal 0 0 1
    outer loop
      vertex -22.5 35 4.45
      vertex -16.1 40 4.45
      vertex -16.9 40 4.45
    endloop
  endfacet
  facet normal 0 0 1
    outer loop
      vertex -18.1 40 4.45
      vertex -16.9 40 4.45
      vertex -18.1 41 4.45
    endloop
  endfacet
  facet normal 0 0 1
    outer loop
      vertex -22.5 35 4.45
      vertex -16.9 40 4.45
      vertex -18.1 40 4.45
    endloop
  endfacet
  facet normal 0 0 1
    outer loop
      vertex -22.5 35 4.45
      vertex -18.1 40 4.45
      vertex -18.9 40 4.45
    endloop
  endfacet
  facet normal 0 0 1
    outer loop
      vertex -20.1 40 4.45
      vertex -18.9 40 4.45
      vertex -20.1 41 4.45
    endloop
  endfacet
  facet normal 0 0 1
    outer loop
      vertex -22.5 35 4.45
      vertex -18.9 40 4.45
      vertex -20.1 40 4.45
    endloop
  endfacet
  facet normal 0 0 1
    outer loop
      vertex -22.5 35 4.45
      vertex -20.1 40 4.45
      vertex -20.9 40 4.45
    endloop
  endfacet
  facet normal 0 0 1
    outer loop
      vertex -22.1 40 4.45
      vertex -20.9 40 4.45
      vertex -22.1 41 4.45
    endloop
  endfacet
  facet normal 0 0 1
    outer loop
      vertex -22.5 35 4.45
      vertex -20.9 40 4.45
      vertex -22.1 40 4.45
    endloop
  endfacet
  facet normal 0 0 1
    outer loop
      vertex -14.9 40 4.45
      vertex -22.5 35 4.45
      vertex -22.5 30 4.45
    endloop
  endfacet
  facet normal 0 0 1
    outer loop
      vertex -4.9 40 4.45
      vertex -22.5 30 4.45
      vertex 13.5 30 4.45
    endloop
  endfacet
  facet normal 0 0 1
    outer loop
      vertex 23.1 41 4.45
      vertex 21.9 41 4.45
      vertex 23.1 40 4.45
    endloop
  endfacet
  facet normal 0 0 1
    outer loop
      vertex 25.1 41 4.45
      vertex 23.9 41 4.45
      vertex 25.1 40 4.45
    endloop
  endfacet
  facet normal 0 0 1
    outer loop
      vertex 27.1 41 4.45
      vertex 25.9 41 4.45
      vertex 27.1 40 4.45
    endloop
  endfacet
  facet normal 0 0 1
    outer loop
      vertex 29.1 41 4.45
      vertex 27.9 41 4.45
      vertex 29.1 40 4.45
    endloop
  endfacet
  facet normal 0 0 1
    outer loop
      vertex 31.1 41 4.45
      vertex 29.9 41 4.45
      vertex 31.1 40 4.45
    endloop
  endfacet
  facet normal 0 0 1
    outer loop
      vertex 33.1 41 4.45
      vertex 31.9 41 4.45
      vertex 33.1 40 4.45
    endloop
  endfacet
  facet normal 0 0 1
    outer loop
      vertex 35.1 41 4.45
      vertex 33.9 41 4.45
      vertex 35.1 40 4.45
    endloop
  endfacet
  facet normal 0 0 1
    outer loop
      vertex 37.1 41 4.45
      vertex 35.9 41 4.45
      vertex 37.1 40 4.45
    endloop
  endfacet
  facet normal 0 0 1
    outer loop
      vertex 39.1 41 4.45
      vertex 37.9 41 4.45
      vertex 39.1 40 4.45
    endloop
  endfacet
  facet normal 0 0 1
    outer loop
      vertex 41.1 41 4.45
      vertex 39.9 41 4.45
      vertex 41.1 40 4.45
    endloop
  endfacet
  facet normal 0 0 1
    outer loop
      vertex 43.1 41 4.45
      vertex 41.9 41 4.45
      vertex 43.1 40 4.45
    endloop
  endfacet
  facet normal 0 0 1
    outer loop
      vertex 45.1 41 4.45
      vertex 43.9 41 4.45
      vertex 45.1 40 4.45
    endloop
  endfacet
  facet normal 0 0 1
    outer loop
      vertex 47.1 41 4.45
      vertex 45.9 41 4.45
      vertex 47.1 40 4.45
    endloop
  endfacet
  facet normal 0 0 1
    outer loop
      vertex 49.1 41 4.45
      vertex 47.9 41 4.45
      vertex 49.1 40 4.45
    endloop
  endfacet
  facet normal 0 0 1
    outer loop
      vertex 51.1 41 4.45
      vertex 49.9 41 4.45
      vertex 51.1 40 4.45
    endloop
  endfacet
  facet normal 0 0 1
    outer loop
      vertex 53.1 41 4.45
      vertex 51.9 41 4.45
      vertex 53.1 40 4.45
    endloop
  endfacet
  facet normal 0 0 1
    outer loop
      vertex 55.1 41 4.45
      vertex 53.9 41 4.45
      vertex 55.1 40 4.45
    endloop
  endfacet
  facet normal 0 0 1
    outer loop
      vertex 57.1 41 4.45
      vertex 55.9 41 4.45
      vertex 57.1 40 4.45
    endloop
  endfacet
  facet normal 0 0 1
    outer loop
      vertex 59.1 41 4.45
      vertex 57.9 41 4.45
      vertex 59.1 40 4.45
    endloop
  endfacet
  facet normal 0 0 1
    outer loop
      vertex 61.1 41 4.45
      vertex 59.9 41 4.45
      vertex 61.1 40 4.45
    endloop
  endfacet
  facet normal 0 0 1
    outer loop
      vertex 63.1 41 4.45
      vertex 61.9 41 4.45
      vertex 63.1 40 4.45
    endloop
  endfacet
  facet normal 0 0 1
    outer loop
      vertex 65.1 41 4.45
      vertex 63.9 41 4.45
      vertex 65.1 40 4.45
    endloop
  endfacet
  facet normal 0 0 1
    outer loop
      vertex 67.1 41 4.45
      vertex 65.9 41 4.45
      vertex 67.1 40 4.45
    endloop
  endfacet
  facet normal -0 0 1
    outer loop
      vertex 67.1 40 4.45
      vertex 70.5 30 4.45
      vertex 70.5 40 4.45
    endloop
  endfacet
  facet normal 0 0 1
    outer loop
      vertex 65.9 40 4.45
      vertex 67.1 40 4.45
      vertex 65.9 41 4.45
    endloop
  endfacet
  facet normal 0 0 1
    outer loop
      vertex 67.1 40 4.45
      vertex 65.9 40 4.45
      vertex 70.5 30 4.45
    endloop
  endfacet
  facet normal -0 0 1
    outer loop
      vertex 65.1 40 4.45
      vertex 70.5 30 4.45
      vertex 65.9 40 4.45
    endloop
  endfacet
  facet normal 0 0 1
    outer loop
      vertex 63.9 40 4.45
      vertex 65.1 40 4.45
      vertex 63.9 41 4.45
    endloop
  endfacet
  facet normal 0 0 1
    outer loop
      vertex 65.1 40 4.45
      vertex 63.9 40 4.45
      vertex 70.5 30 4.45
    endloop
  endfacet
  facet normal -0 0 1
    outer loop
      vertex 63.1 40 4.45
      vertex 70.5 30 4.45
      vertex 63.9 40 4.45
    endloop
  endfacet
  facet normal 0 0 1
    outer loop
      vertex 61.9 40 4.45
      vertex 63.1 40 4.45
      vertex 61.9 41 4.45
    endloop
  endfacet
  facet normal 0 0 1
    outer loop
      vertex 63.1 40 4.45
      vertex 61.9 40 4.45
      vertex 70.5 30 4.45
    endloop
  endfacet
  facet normal -0 0 1
    outer loop
      vertex 61.1 40 4.45
      vertex 70.5 30 4.45
      vertex 61.9 40 4.45
    endloop
  endfacet
  facet normal 0 0 1
    outer loop
      vertex 59.9 40 4.45
      vertex 61.1 40 4.45
      vertex 59.9 41 4.45
    endloop
  endfacet
  facet normal 0 0 1
    outer loop
      vertex 61.1 40 4.45
      vertex 59.9 40 4.45
      vertex 70.5 30 4.45
    endloop
  endfacet
  facet normal -0 0 1
    outer loop
      vertex 59.1 40 4.45
      vertex 70.5 30 4.45
      vertex 59.9 40 4.45
    endloop
  endfacet
  facet normal 0 0 1
    outer loop
      vertex 57.9 40 4.45
      vertex 59.1 40 4.45
      vertex 57.9 41 4.45
    endloop
  endfacet
  facet normal 0 0 1
    outer loop
      vertex 59.1 40 4.45
      vertex 57.9 40 4.45
      vertex 70.5 30 4.45
    endloop
  endfacet
  facet normal -0 0 1
    outer loop
      vertex 57.1 40 4.45
      vertex 70.5 30 4.45
      vertex 57.9 40 4.45
    endloop
  endfacet
  facet normal 0 0 1
    outer loop
      vertex 55.9 40 4.45
      vertex 57.1 40 4.45
      vertex 55.9 41 4.45
    endloop
  endfacet
  facet normal -0 0 1
    outer loop
      vertex 55.9 40 4.45
      vertex 70.5 30 4.45
      vertex 57.1 40 4.45
    endloop
  endfacet
  facet normal -0 0 1
    outer loop
      vertex 55.1 40 4.45
      vertex 70.5 30 4.45
      vertex 55.9 40 4.45
    endloop
  endfacet
  facet normal 0 0 1
    outer loop
      vertex 53.9 40 4.45
      vertex 55.1 40 4.45
      vertex 53.9 41 4.45
    endloop
  endfacet
  facet normal -0 0 1
    outer loop
      vertex 53.9 40 4.45
      vertex 70.5 30 4.45
      vertex 55.1 40 4.45
    endloop
  endfacet
  facet normal -0 0 1
    outer loop
      vertex 53.1 40 4.45
      vertex 70.5 30 4.45
      vertex 53.9 40 4.45
    endloop
  endfacet
  facet normal 0 0 1
    outer loop
      vertex 51.9 40 4.45
      vertex 53.1 40 4.45
      vertex 51.9 41 4.45
    endloop
  endfacet
  facet normal -0 0 1
    outer loop
      vertex 51.9 40 4.45
      vertex 70.5 30 4.45
      vertex 53.1 40 4.45
    endloop
  endfacet
  facet normal -0 0 1
    outer loop
      vertex 51.1 40 4.45
      vertex 70.5 30 4.45
      vertex 51.9 40 4.45
    endloop
  endfacet
  facet normal 0 0 1
    outer loop
      vertex 49.9 40 4.45
      vertex 51.1 40 4.45
      vertex 49.9 41 4.45
    endloop
  endfacet
  facet normal -0 0 1
    outer loop
      vertex 49.9 40 4.45
      vertex 70.5 30 4.45
      vertex 51.1 40 4.45
    endloop
  endfacet
  facet normal -0 0 1
    outer loop
      vertex 49.1 40 4.45
      vertex 70.5 30 4.45
      vertex 49.9 40 4.45
    endloop
  endfacet
  facet normal 0 0 1
    outer loop
      vertex 47.9 40 4.45
      vertex 49.1 40 4.45
      vertex 47.9 41 4.45
    endloop
  endfacet
  facet normal -0 0 1
    outer loop
      vertex 47.9 40 4.45
      vertex 70.5 30 4.45
      vertex 49.1 40 4.45
    endloop
  endfacet
  facet normal -0 0 1
    outer loop
      vertex 47.1 40 4.45
      vertex 70.5 30 4.45
      vertex 47.9 40 4.45
    endloop
  endfacet
  facet normal 0 0 1
    outer loop
      vertex 45.9 40 4.45
      vertex 47.1 40 4.45
      vertex 45.9 41 4.45
    endloop
  endfacet
  facet normal -0 0 1
    outer loop
      vertex 45.9 40 4.45
      vertex 70.5 30 4.45
      vertex 47.1 40 4.45
    endloop
  endfacet
  facet normal -0 0 1
    outer loop
      vertex 45.1 40 4.45
      vertex 70.5 30 4.45
      vertex 45.9 40 4.45
    endloop
  endfacet
  facet normal 0 0 1
    outer loop
      vertex 43.9 40 4.45
      vertex 45.1 40 4.45
      vertex 43.9 41 4.45
    endloop
  endfacet
  facet normal 0 0 1
    outer loop
      vertex 20.5 30 4.45
      vertex 45.1 40 4.45
      vertex 43.9 40 4.45
    endloop
  endfacet
  facet normal 0 0 1
    outer loop
      vertex 20.5 30 4.45
      vertex 43.9 40 4.45
      vertex 43.1 40 4.45
    endloop
  endfacet
  facet normal 0 0 1
    outer loop
      vertex 41.9 40 4.45
      vertex 43.1 40 4.45
      vertex 41.9 41 4.45
    endloop
  endfacet
  facet normal 0 0 1
    outer loop
      vertex 20.5 30 4.45
      vertex 43.1 40 4.45
      vertex 41.9 40 4.45
    endloop
  endfacet
  facet normal 0 0 1
    outer loop
      vertex 20.5 30 4.45
      vertex 41.9 40 4.45
      vertex 41.1 40 4.45
    endloop
  endfacet
  facet normal 0 0 1
    outer loop
      vertex 39.9 40 4.45
      vertex 41.1 40 4.45
      vertex 39.9 41 4.45
    endloop
  endfacet
  facet normal 0 0 1
    outer loop
      vertex 20.5 30 4.45
      vertex 41.1 40 4.45
      vertex 39.9 40 4.45
    endloop
  endfacet
  facet normal 0 0 1
    outer loop
      vertex 20.5 30 4.45
      vertex 39.9 40 4.45
      vertex 39.1 40 4.45
    endloop
  endfacet
  facet normal 0 0 1
    outer loop
      vertex 37.9 40 4.45
      vertex 39.1 40 4.45
      vertex 37.9 41 4.45
    endloop
  endfacet
  facet normal 0 0 1
    outer loop
      vertex 20.5 30 4.45
      vertex 39.1 40 4.45
      vertex 37.9 40 4.45
    endloop
  endfacet
  facet normal 0 0 1
    outer loop
      vertex 20.5 30 4.45
      vertex 37.9 40 4.45
      vertex 37.1 40 4.45
    endloop
  endfacet
  facet normal 0 0 1
    outer loop
      vertex 35.9 40 4.45
      vertex 37.1 40 4.45
      vertex 35.9 41 4.45
    endloop
  endfacet
  facet normal 0 0 1
    outer loop
      vertex 20.5 30 4.45
      vertex 37.1 40 4.45
      vertex 35.9 40 4.45
    endloop
  endfacet
  facet normal 0 0 1
    outer loop
      vertex 20.5 30 4.45
      vertex 35.9 40 4.45
      vertex 35.1 40 4.45
    endloop
  endfacet
  facet normal 0 0 1
    outer loop
      vertex 33.9 40 4.45
      vertex 35.1 40 4.45
      vertex 33.9 41 4.45
    endloop
  endfacet
  facet normal 0 0 1
    outer loop
      vertex 20.5 30 4.45
      vertex 35.1 40 4.45
      vertex 33.9 40 4.45
    endloop
  endfacet
  facet normal 0 0 1
    outer loop
      vertex 20.5 30 4.45
      vertex 33.9 40 4.45
      vertex 33.1 40 4.45
    endloop
  endfacet
  facet normal 0 0 1
    outer loop
      vertex 31.9 40 4.45
      vertex 33.1 40 4.45
      vertex 31.9 41 4.45
    endloop
  endfacet
  facet normal 0 0 1
    outer loop
      vertex 20.5 30 4.45
      vertex 33.1 40 4.45
      vertex 31.9 40 4.45
    endloop
  endfacet
  facet normal 0 0 1
    outer loop
      vertex 20.5 30 4.45
      vertex 31.9 40 4.45
      vertex 31.1 40 4.45
    endloop
  endfacet
  facet normal 0 0 1
    outer loop
      vertex 29.9 40 4.45
      vertex 31.1 40 4.45
      vertex 29.9 41 4.45
    endloop
  endfacet
  facet normal 0 0 1
    outer loop
      vertex 20.5 30 4.45
      vertex 31.1 40 4.45
      vertex 29.9 40 4.45
    endloop
  endfacet
  facet normal 0 0 1
    outer loop
      vertex 20.5 30 4.45
      vertex 29.9 40 4.45
      vertex 29.1 40 4.45
    endloop
  endfacet
  facet normal 0 0 1
    outer loop
      vertex 27.9 40 4.45
      vertex 29.1 40 4.45
      vertex 27.9 41 4.45
    endloop
  endfacet
  facet normal 0 0 1
    outer loop
      vertex 20.5 30 4.45
      vertex 29.1 40 4.45
      vertex 27.9 40 4.45
    endloop
  endfacet
  facet normal 0 0 1
    outer loop
      vertex 20.5 35 4.45
      vertex 27.9 40 4.45
      vertex 27.1 40 4.45
    endloop
  endfacet
  facet normal 0 0 1
    outer loop
      vertex 25.9 40 4.45
      vertex 27.1 40 4.45
      vertex 25.9 41 4.45
    endloop
  endfacet
  facet normal 0 0 1
    outer loop
      vertex 20.5 35 4.45
      vertex 27.1 40 4.45
      vertex 25.9 40 4.45
    endloop
  endfacet
  facet normal 0 0 1
    outer loop
      vertex 20.5 35 4.45
      vertex 25.9 40 4.45
      vertex 25.1 40 4.45
    endloop
  endfacet
  facet normal 0 0 1
    outer loop
      vertex 23.9 40 4.45
      vertex 25.1 40 4.45
      vertex 23.9 41 4.45
    endloop
  endfacet
  facet normal 0 0 1
    outer loop
      vertex 20.5 35 4.45
      vertex 25.1 40 4.45
      vertex 23.9 40 4.45
    endloop
  endfacet
  facet normal 0 0 1
    outer loop
      vertex 20.5 35 4.45
      vertex 23.9 40 4.45
      vertex 23.1 40 4.45
    endloop
  endfacet
  facet normal 0 0 1
    outer loop
      vertex 21.9 40 4.45
      vertex 23.1 40 4.45
      vertex 21.9 41 4.45
    endloop
  endfacet
  facet normal 0 0 1
    outer loop
      vertex 20.5 35 4.45
      vertex 23.1 40 4.45
      vertex 21.9 40 4.45
    endloop
  endfacet
  facet normal 0 0 1
    outer loop
      vertex 20.5 35 4.45
      vertex 21.9 40 4.45
      vertex 21.1 40 4.45
    endloop
  endfacet
  facet normal 0 0 1
    outer loop
      vertex 27.9 40 4.45
      vertex 20.5 35 4.45
      vertex 20.5 30 4.45
    endloop
  endfacet
  facet normal 0 0 1
    outer loop
      vertex 45.1 40 4.45
      vertex 20.5 30 4.45
      vertex 70.5 30 4.45
    endloop
  endfacet
  facet normal -0 0 1
    outer loop
      vertex -22.9 40 4.45
      vertex -22.5 35 4.45
      vertex -22.1 40 4.45
    endloop
  endfacet
  facet normal 0 0 1
    outer loop
      vertex -24.1 40 4.45
      vertex -22.9 40 4.45
      vertex -24.1 41 4.45
    endloop
  endfacet
  facet normal 0 0 1
    outer loop
      vertex -22.9 40 4.45
      vertex -24.1 40 4.45
      vertex -22.5 35 4.45
    endloop
  endfacet
  facet normal -0 0 1
    outer loop
      vertex -24.9 40 4.45
      vertex -22.5 35 4.45
      vertex -24.1 40 4.45
    endloop
  endfacet
  facet normal 0 0 1
    outer loop
      vertex -26.1 40 4.45
      vertex -24.9 40 4.45
      vertex -26.1 41 4.45
    endloop
  endfacet
  facet normal 0 0 1
    outer loop
      vertex -24.9 40 4.45
      vertex -26.1 40 4.45
      vertex -22.5 35 4.45
    endloop
  endfacet
  facet normal 0 0 1
    outer loop
      vertex -29.5 35 4.45
      vertex -26.1 40 4.45
      vertex -26.9 40 4.45
    endloop
  endfacet
  facet normal 0 0 1
    outer loop
      vertex -28.1 40 4.45
      vertex -26.9 40 4.45
      vertex -28.1 41 4.45
    endloop
  endfacet
  facet normal 0 0 1
    outer loop
      vertex -29.5 35 4.45
      vertex -26.9 40 4.45
      vertex -28.1 40 4.45
    endloop
  endfacet
  facet normal 0 0 1
    outer loop
      vertex -29.5 35 4.45
      vertex -28.1 40 4.45
      vertex -28.9 40 4.45
    endloop
  endfacet
  facet normal 0 0 1
    outer loop
      vertex -26.1 40 4.45
      vertex -29.5 35 4.45
      vertex -22.5 35 4.45
    endloop
  endfacet
  facet normal 0 0 1
    outer loop
      vertex -30.1 40 4.45
      vertex -28.9 40 4.45
      vertex -28.9 41 4.45
    endloop
  endfacet
  facet normal 0 0 1
    outer loop
      vertex -30.1 40 4.45
      vertex -28.9 41 4.45
      vertex -30.1 41 4.45
    endloop
  endfacet
  facet normal 0 0 1
    outer loop
      vertex -28.9 40 4.45
      vertex -30.1 40 4.45
      vertex -29.5 35 4.45
    endloop
  endfacet
  facet normal -0 0 1
    outer loop
      vertex -30.9 40 4.45
      vertex -29.5 35 4.45
      vertex -30.1 40 4.45
    endloop
  endfacet
  facet normal -0 0 1
    outer loop
      vertex -32.1 40 4.45
      vertex -29.5 35 4.45
      vertex -30.9 40 4.45
    endloop
  endfacet
  facet normal 0 0 1
    outer loop
      vertex -32.1 40 4.45
      vertex -30.9 40 4.45
      vertex -32.1 41 4.45
    endloop
  endfacet
  facet normal -0 0 1
    outer loop
      vertex -32.9 40 4.45
      vertex -29.5 35 4.45
      vertex -32.1 40 4.45
    endloop
  endfacet
  facet normal -0 0 1
    outer loop
      vertex -34.1 40 4.45
      vertex -29.5 35 4.45
      vertex -32.9 40 4.45
    endloop
  endfacet
  facet normal 0 0 1
    outer loop
      vertex -34.1 40 4.45
      vertex -32.9 40 4.45
      vertex -34.1 41 4.45
    endloop
  endfacet
  facet normal -0 0 1
    outer loop
      vertex -34.9 40 4.45
      vertex -29.5 35 4.45
      vertex -34.1 40 4.45
    endloop
  endfacet
  facet normal -0 0 1
    outer loop
      vertex -36.1 40 4.45
      vertex -29.5 35 4.45
      vertex -34.9 40 4.45
    endloop
  endfacet
  facet normal 0 0 1
    outer loop
      vertex -36.1 40 4.45
      vertex -34.9 40 4.45
      vertex -36.1 41 4.45
    endloop
  endfacet
  facet normal -0 0 1
    outer loop
      vertex -36.9 40 4.45
      vertex -29.5 35 4.45
      vertex -36.1 40 4.45
    endloop
  endfacet
  facet normal 0 0 1
    outer loop
      vertex -29.5 35 4.45
      vertex -36.9 40 4.45
      vertex -29.5 30 4.45
    endloop
  endfacet
  facet normal 0 0 1
    outer loop
      vertex -38.1 40 4.45
      vertex -36.9 40 4.45
      vertex -38.1 41 4.45
    endloop
  endfacet
  facet normal 0 0 1
    outer loop
      vertex -36.9 40 4.45
      vertex -38.1 40 4.45
      vertex -29.5 30 4.45
    endloop
  endfacet
  facet normal -0 0 1
    outer loop
      vertex -38.9 40 4.45
      vertex -29.5 30 4.45
      vertex -38.1 40 4.45
    endloop
  endfacet
  facet normal 0 0 1
    outer loop
      vertex -40.1 40 4.45
      vertex -38.9 40 4.45
      vertex -40.1 41 4.45
    endloop
  endfacet
  facet normal 0 0 1
    outer loop
      vertex -38.9 40 4.45
      vertex -40.1 40 4.45
      vertex -29.5 30 4.45
    endloop
  endfacet
  facet normal -0 0 1
    outer loop
      vertex -40.9 40 4.45
      vertex -29.5 30 4.45
      vertex -40.1 40 4.45
    endloop
  endfacet
  facet normal 0 0 1
    outer loop
      vertex -42.1 40 4.45
      vertex -40.9 40 4.45
      vertex -42.1 41 4.45
    endloop
  endfacet
  facet normal 0 0 1
    outer loop
      vertex -40.9 40 4.45
      vertex -42.1 40 4.45
      vertex -29.5 30 4.45
    endloop
  endfacet
  facet normal -0 0 1
    outer loop
      vertex -42.9 40 4.45
      vertex -29.5 30 4.45
      vertex -42.1 40 4.45
    endloop
  endfacet
  facet normal 0 0 1
    outer loop
      vertex -44.1 40 4.45
      vertex -42.9 40 4.45
      vertex -44.1 41 4.45
    endloop
  endfacet
  facet normal -0 0 1
    outer loop
      vertex -44.1 40 4.45
      vertex -29.5 30 4.45
      vertex -42.9 40 4.45
    endloop
  endfacet
  facet normal -0 0 1
    outer loop
      vertex -44.9 40 4.45
      vertex -29.5 30 4.45
      vertex -44.1 40 4.45
    endloop
  endfacet
  facet normal 0 0 1
    outer loop
      vertex -46.1 40 4.45
      vertex -44.9 40 4.45
      vertex -46.1 41 4.45
    endloop
  endfacet
  facet normal -0 0 1
    outer loop
      vertex -46.1 40 4.45
      vertex -29.5 30 4.45
      vertex -44.9 40 4.45
    endloop
  endfacet
  facet normal -0 0 1
    outer loop
      vertex -46.9 40 4.45
      vertex -29.5 30 4.45
      vertex -46.1 40 4.45
    endloop
  endfacet
  facet normal 0 0 1
    outer loop
      vertex -48.1 40 4.45
      vertex -46.9 40 4.45
      vertex -48.1 41 4.45
    endloop
  endfacet
  facet normal -0 0 1
    outer loop
      vertex -48.1 40 4.45
      vertex -29.5 30 4.45
      vertex -46.9 40 4.45
    endloop
  endfacet
  facet normal -0 0 1
    outer loop
      vertex -48.9 40 4.45
      vertex -29.5 30 4.45
      vertex -48.1 40 4.45
    endloop
  endfacet
  facet normal 0 0 1
    outer loop
      vertex -50.1 40 4.45
      vertex -48.9 40 4.45
      vertex -50.1 41 4.45
    endloop
  endfacet
  facet normal -0 0 1
    outer loop
      vertex -50.1 40 4.45
      vertex -29.5 30 4.45
      vertex -48.9 40 4.45
    endloop
  endfacet
  facet normal 0 0 1
    outer loop
      vertex -70.5 30 4.45
      vertex -50.1 40 4.45
      vertex -50.9 40 4.45
    endloop
  endfacet
  facet normal 0 0 1
    outer loop
      vertex -52.1 40 4.45
      vertex -50.9 40 4.45
      vertex -52.1 41 4.45
    endloop
  endfacet
  facet normal 0 0 1
    outer loop
      vertex -70.5 30 4.45
      vertex -50.9 40 4.45
      vertex -52.1 40 4.45
    endloop
  endfacet
  facet normal 0 0 1
    outer loop
      vertex -70.5 30 4.45
      vertex -52.1 40 4.45
      vertex -52.9 40 4.45
    endloop
  endfacet
  facet normal 0 0 1
    outer loop
      vertex -54.1 40 4.45
      vertex -52.9 40 4.45
      vertex -54.1 41 4.45
    endloop
  endfacet
  facet normal 0 0 1
    outer loop
      vertex -70.5 30 4.45
      vertex -52.9 40 4.45
      vertex -54.1 40 4.45
    endloop
  endfacet
  facet normal 0 0 1
    outer loop
      vertex -70.5 30 4.45
      vertex -54.1 40 4.45
      vertex -54.9 40 4.45
    endloop
  endfacet
  facet normal 0 0 1
    outer loop
      vertex -56.1 40 4.45
      vertex -54.9 40 4.45
      vertex -56.1 41 4.45
    endloop
  endfacet
  facet normal 0 0 1
    outer loop
      vertex -70.5 30 4.45
      vertex -54.9 40 4.45
      vertex -56.1 40 4.45
    endloop
  endfacet
  facet normal 0 0 1
    outer loop
      vertex -70.5 30 4.45
      vertex -56.1 40 4.45
      vertex -56.9 40 4.45
    endloop
  endfacet
  facet normal 0 0 1
    outer loop
      vertex -58.1 40 4.45
      vertex -56.9 40 4.45
      vertex -58.1 41 4.45
    endloop
  endfacet
  facet normal 0 0 1
    outer loop
      vertex -70.5 30 4.45
      vertex -56.9 40 4.45
      vertex -58.1 40 4.45
    endloop
  endfacet
  facet normal 0 0 1
    outer loop
      vertex -70.5 30 4.45
      vertex -58.1 40 4.45
      vertex -58.9 40 4.45
    endloop
  endfacet
  facet normal 0 0 1
    outer loop
      vertex -60.1 40 4.45
      vertex -58.9 40 4.45
      vertex -60.1 41 4.45
    endloop
  endfacet
  facet normal 0 0 1
    outer loop
      vertex -70.5 30 4.45
      vertex -58.9 40 4.45
      vertex -60.1 40 4.45
    endloop
  endfacet
  facet normal 0 0 1
    outer loop
      vertex -70.5 30 4.45
      vertex -60.1 40 4.45
      vertex -60.9 40 4.45
    endloop
  endfacet
  facet normal 0 0 1
    outer loop
      vertex -62.1 40 4.45
      vertex -60.9 40 4.45
      vertex -62.1 41 4.45
    endloop
  endfacet
  facet normal 0 0 1
    outer loop
      vertex -70.5 30 4.45
      vertex -60.9 40 4.45
      vertex -62.1 40 4.45
    endloop
  endfacet
  facet normal 0 0 1
    outer loop
      vertex -70.5 30 4.45
      vertex -62.1 40 4.45
      vertex -62.9 40 4.45
    endloop
  endfacet
  facet normal 0 0 1
    outer loop
      vertex -64.1 40 4.45
      vertex -62.9 40 4.45
      vertex -64.1 41 4.45
    endloop
  endfacet
  facet normal 0 0 1
    outer loop
      vertex -70.5 30 4.45
      vertex -62.9 40 4.45
      vertex -64.1 40 4.45
    endloop
  endfacet
  facet normal 0 0 1
    outer loop
      vertex -70.5 30 4.45
      vertex -64.1 40 4.45
      vertex -64.9 40 4.45
    endloop
  endfacet
  facet normal 0 0 1
    outer loop
      vertex -66.1 40 4.45
      vertex -64.9 40 4.45
      vertex -66.1 41 4.45
    endloop
  endfacet
  facet normal 0 0 1
    outer loop
      vertex -70.5 30 4.45
      vertex -64.9 40 4.45
      vertex -66.1 40 4.45
    endloop
  endfacet
  facet normal 0 0 1
    outer loop
      vertex -70.5 30 4.45
      vertex -66.1 40 4.45
      vertex -66.9 40 4.45
    endloop
  endfacet
  facet normal 0 0 1
    outer loop
      vertex -68.1 40 4.45
      vertex -66.9 40 4.45
      vertex -68.1 41 4.45
    endloop
  endfacet
  facet normal 0 0 1
    outer loop
      vertex -70.5 30 4.45
      vertex -66.9 40 4.45
      vertex -68.1 40 4.45
    endloop
  endfacet
  facet normal 0 0 1
    outer loop
      vertex -70.5 30 4.45
      vertex -68.1 40 4.45
      vertex -70.5 40 4.45
    endloop
  endfacet
  facet normal 0 0 1
    outer loop
      vertex -50.1 40 4.45
      vertex -70.5 30 4.45
      vertex -29.5 30 4.45
    endloop
  endfacet
  facet normal 0 1 -0
    outer loop
      vertex 70.5 40 -0.549999
      vertex 67.1 40 4.45
      vertex 70.5 40 4.45
    endloop
  endfacet
  facet normal 0 1 0
    outer loop
      vertex 67.1 40 4.45
      vertex 70.5 40 -0.549999
      vertex 67.1 40 -0.549999
    endloop
  endfacet
  facet normal 0 1 -0
    outer loop
      vertex -68.1 40 -0.549999
      vertex -70.5 40 4.45
      vertex -68.1 40 4.45
    endloop
  endfacet
  facet normal 0 1 0
    outer loop
      vertex -70.5 40 4.45
      vertex -68.1 40 -0.549999
      vertex -70.5 40 -0.549999
    endloop
  endfacet
  facet normal 0 1 -0
    outer loop
      vertex 33.9 40 -0.549999
      vertex 33.1 40 4.45
      vertex 33.9 40 4.45
    endloop
  endfacet
  facet normal 0 1 0
    outer loop
      vertex 33.1 40 4.45
      vertex 33.9 40 -0.549999
      vertex 33.1 40 -0.549999
    endloop
  endfacet
  facet normal 0 1 -0
    outer loop
      vertex 31.9 40 -0.549999
      vertex 31.1 40 4.45
      vertex 31.9 40 4.45
    endloop
  endfacet
  facet normal 0 1 0
    outer loop
      vertex 31.1 40 4.45
      vertex 31.9 40 -0.549999
      vertex 31.1 40 -0.549999
    endloop
  endfacet
  facet normal 0 1 -0
    outer loop
      vertex 29.9 40 -0.549999
      vertex 29.1 40 4.45
      vertex 29.9 40 4.45
    endloop
  endfacet
  facet normal 0 1 0
    outer loop
      vertex 29.1 40 4.45
      vertex 29.9 40 -0.549999
      vertex 29.1 40 -0.549999
    endloop
  endfacet
  facet normal 0 1 -0
    outer loop
      vertex 51.9 40 -0.549999
      vertex 51.1 40 4.45
      vertex 51.9 40 4.45
    endloop
  endfacet
  facet normal 0 1 0
    outer loop
      vertex 51.1 40 4.45
      vertex 51.9 40 -0.549999
      vertex 51.1 40 -0.549999
    endloop
  endfacet
  facet normal 0 1 -0
    outer loop
      vertex 49.9 40 -0.549999
      vertex 49.1 40 4.45
      vertex 49.9 40 4.45
    endloop
  endfacet
  facet normal 0 1 0
    outer loop
      vertex 49.1 40 4.45
      vertex 49.9 40 -0.549999
      vertex 49.1 40 -0.549999
    endloop
  endfacet
  facet normal 0 1 -0
    outer loop
      vertex -40.1 40 -0.549999
      vertex -40.9 40 4.45
      vertex -40.1 40 4.45
    endloop
  endfacet
  facet normal 0 1 0
    outer loop
      vertex -40.9 40 4.45
      vertex -40.1 40 -0.549999
      vertex -40.9 40 -0.549999
    endloop
  endfacet
  facet normal 0 1 -0
    outer loop
      vertex -42.1 40 -0.549999
      vertex -42.9 40 4.45
      vertex -42.1 40 4.45
    endloop
  endfacet
  facet normal 0 1 0
    outer loop
      vertex -42.9 40 4.45
      vertex -42.1 40 -0.549999
      vertex -42.9 40 -0.549999
    endloop
  endfacet
  facet normal 0 1 -0
    outer loop
      vertex 55.9 40 -0.549999
      vertex 55.1 40 4.45
      vertex 55.9 40 4.45
    endloop
  endfacet
  facet normal 0 1 0
    outer loop
      vertex 55.1 40 4.45
      vertex 55.9 40 -0.549999
      vertex 55.1 40 -0.549999
    endloop
  endfacet
  facet normal 0 1 -0
    outer loop
      vertex 53.9 40 -0.549999
      vertex 53.1 40 4.45
      vertex 53.9 40 4.45
    endloop
  endfacet
  facet normal 0 1 0
    outer loop
      vertex 53.1 40 4.45
      vertex 53.9 40 -0.549999
      vertex 53.1 40 -0.549999
    endloop
  endfacet
  facet normal 0 1 -0
    outer loop
      vertex 63.9 40 -0.549999
      vertex 63.1 40 4.45
      vertex 63.9 40 4.45
    endloop
  endfacet
  facet normal 0 1 0
    outer loop
      vertex 63.1 40 4.45
      vertex 63.9 40 -0.549999
      vertex 63.1 40 -0.549999
    endloop
  endfacet
  facet normal 0 1 -0
    outer loop
      vertex 61.9 40 -0.549999
      vertex 61.1 40 4.45
      vertex 61.9 40 4.45
    endloop
  endfacet
  facet normal 0 1 0
    outer loop
      vertex 61.1 40 4.45
      vertex 61.9 40 -0.549999
      vertex 61.1 40 -0.549999
    endloop
  endfacet
  facet normal 0 1 -0
    outer loop
      vertex -6.1 40 -0.549999
      vertex -6.9 40 4.45
      vertex -6.1 40 4.45
    endloop
  endfacet
  facet normal 0 1 0
    outer loop
      vertex -6.9 40 4.45
      vertex -6.1 40 -0.549999
      vertex -6.9 40 -0.549999
    endloop
  endfacet
  facet normal 0 1 -0
    outer loop
      vertex -8.1 40 -0.549999
      vertex -8.9 40 4.45
      vertex -8.1 40 4.45
    endloop
  endfacet
  facet normal 0 1 0
    outer loop
      vertex -8.9 40 4.45
      vertex -8.1 40 -0.549999
      vertex -8.9 40 -0.549999
    endloop
  endfacet
  facet normal 0 1 -0
    outer loop
      vertex 57.9 40 -0.549999
      vertex 57.1 40 4.45
      vertex 57.9 40 4.45
    endloop
  endfacet
  facet normal 0 1 0
    outer loop
      vertex 57.1 40 4.45
      vertex 57.9 40 -0.549999
      vertex 57.1 40 -0.549999
    endloop
  endfacet
  facet normal 0 1 -0
    outer loop
      vertex 11.9 40 -0.549999
      vertex 11.1 40 4.45
      vertex 11.9 40 4.45
    endloop
  endfacet
  facet normal 0 1 0
    outer loop
      vertex 11.1 40 4.45
      vertex 11.9 40 -0.549999
      vertex 11.1 40 -0.549999
    endloop
  endfacet
  facet normal 0 1 -0
    outer loop
      vertex 9.9 40 -0.549999
      vertex 9.1 40 4.45
      vertex 9.9 40 4.45
    endloop
  endfacet
  facet normal 0 1 0
    outer loop
      vertex 9.1 40 4.45
      vertex 9.9 40 -0.549999
      vertex 9.1 40 -0.549999
    endloop
  endfacet
  facet normal 0 1 -0
    outer loop
      vertex -60.1 40 -0.549999
      vertex -60.9 40 4.45
      vertex -60.1 40 4.45
    endloop
  endfacet
  facet normal 0 1 0
    outer loop
      vertex -60.9 40 4.45
      vertex -60.1 40 -0.549999
      vertex -60.9 40 -0.549999
    endloop
  endfacet
  facet normal 0 1 -0
    outer loop
      vertex -62.1 40 -0.549999
      vertex -62.9 40 4.45
      vertex -62.1 40 4.45
    endloop
  endfacet
  facet normal 0 1 0
    outer loop
      vertex -62.9 40 4.45
      vertex -62.1 40 -0.549999
      vertex -62.9 40 -0.549999
    endloop
  endfacet
  facet normal 0 1 -0
    outer loop
      vertex 7.9 40 -0.549999
      vertex 7.1 40 4.45
      vertex 7.9 40 4.45
    endloop
  endfacet
  facet normal 0 1 0
    outer loop
      vertex 7.1 40 4.45
      vertex 7.9 40 -0.549999
      vertex 7.1 40 -0.549999
    endloop
  endfacet
  facet normal 0 1 -0
    outer loop
      vertex 5.9 40 -0.549999
      vertex 5.1 40 4.45
      vertex 5.9 40 4.45
    endloop
  endfacet
  facet normal 0 1 0
    outer loop
      vertex 5.1 40 4.45
      vertex 5.9 40 -0.549999
      vertex 5.1 40 -0.549999
    endloop
  endfacet
  facet normal 0 1 -0
    outer loop
      vertex 37.9 40 -0.549999
      vertex 37.1 40 4.45
      vertex 37.9 40 4.45
    endloop
  endfacet
  facet normal 0 1 0
    outer loop
      vertex 37.1 40 4.45
      vertex 37.9 40 -0.549999
      vertex 37.1 40 -0.549999
    endloop
  endfacet
  facet normal 0 1 -0
    outer loop
      vertex 35.9 40 -0.549999
      vertex 35.1 40 4.45
      vertex 35.9 40 4.45
    endloop
  endfacet
  facet normal 0 1 0
    outer loop
      vertex 35.1 40 4.45
      vertex 35.9 40 -0.549999
      vertex 35.1 40 -0.549999
    endloop
  endfacet
  facet normal 0 1 -0
    outer loop
      vertex -20.1 40 -0.549999
      vertex -20.9 40 4.45
      vertex -20.1 40 4.45
    endloop
  endfacet
  facet normal 0 1 0
    outer loop
      vertex -20.9 40 4.45
      vertex -20.1 40 -0.549999
      vertex -20.9 40 -0.549999
    endloop
  endfacet
  facet normal 0 1 -0
    outer loop
      vertex -22.1 40 -0.549999
      vertex -22.9 40 4.45
      vertex -22.1 40 4.45
    endloop
  endfacet
  facet normal 0 1 0
    outer loop
      vertex -22.9 40 4.45
      vertex -22.1 40 -0.549999
      vertex -22.9 40 -0.549999
    endloop
  endfacet
  facet normal 0 1 -0
    outer loop
      vertex 27.9 40 -0.549999
      vertex 27.1 40 4.45
      vertex 27.9 40 4.45
    endloop
  endfacet
  facet normal 0 1 0
    outer loop
      vertex 27.1 40 4.45
      vertex 27.9 40 -0.549999
      vertex 27.1 40 -0.549999
    endloop
  endfacet
  facet normal 0 1 -0
    outer loop
      vertex -48.1 40 -0.549999
      vertex -48.9 40 4.45
      vertex -48.1 40 4.45
    endloop
  endfacet
  facet normal 0 1 0
    outer loop
      vertex -48.9 40 4.45
      vertex -48.1 40 -0.549999
      vertex -48.9 40 -0.549999
    endloop
  endfacet
  facet normal 0 1 -0
    outer loop
      vertex -50.1 40 -0.549999
      vertex -50.9 40 4.45
      vertex -50.1 40 4.45
    endloop
  endfacet
  facet normal 0 1 0
    outer loop
      vertex -50.9 40 4.45
      vertex -50.1 40 -0.549999
      vertex -50.9 40 -0.549999
    endloop
  endfacet
  facet normal 0 1 -0
    outer loop
      vertex -26.1 40 -0.549999
      vertex -26.9 40 4.45
      vertex -26.1 40 4.45
    endloop
  endfacet
  facet normal 0 1 0
    outer loop
      vertex -26.9 40 4.45
      vertex -26.1 40 -0.549999
      vertex -26.9 40 -0.549999
    endloop
  endfacet
  facet normal 0 1 -0
    outer loop
      vertex -28.1 40 -0.549999
      vertex -28.9 40 4.45
      vertex -28.1 40 4.45
    endloop
  endfacet
  facet normal 0 1 0
    outer loop
      vertex -28.9 40 4.45
      vertex -28.1 40 -0.549999
      vertex -28.9 40 -0.549999
    endloop
  endfacet
  facet normal 0 1 -0
    outer loop
      vertex -2.1 40 -0.549999
      vertex -2.9 40 4.45
      vertex -2.1 40 4.45
    endloop
  endfacet
  facet normal 0 1 0
    outer loop
      vertex -2.9 40 4.45
      vertex -2.1 40 -0.549999
      vertex -2.9 40 -0.549999
    endloop
  endfacet
  facet normal 0 1 -0
    outer loop
      vertex -4.1 40 -0.549999
      vertex -4.9 40 4.45
      vertex -4.1 40 4.45
    endloop
  endfacet
  facet normal 0 1 0
    outer loop
      vertex -4.9 40 4.45
      vertex -4.1 40 -0.549999
      vertex -4.9 40 -0.549999
    endloop
  endfacet
  facet normal 0 1 -0
    outer loop
      vertex 3.9 40 -0.549999
      vertex 3.1 40 4.45
      vertex 3.9 40 4.45
    endloop
  endfacet
  facet normal 0 1 0
    outer loop
      vertex 3.1 40 4.45
      vertex 3.9 40 -0.549999
      vertex 3.1 40 -0.549999
    endloop
  endfacet
  facet normal 0 1 -0
    outer loop
      vertex 1.9 40 -0.549999
      vertex 1.1 40 4.45
      vertex 1.9 40 4.45
    endloop
  endfacet
  facet normal 0 1 0
    outer loop
      vertex 1.1 40 4.45
      vertex 1.9 40 -0.549999
      vertex 1.1 40 -0.549999
    endloop
  endfacet
  facet normal 0 1 -0
    outer loop
      vertex -52.1 40 -0.549999
      vertex -52.9 40 4.45
      vertex -52.1 40 4.45
    endloop
  endfacet
  facet normal 0 1 0
    outer loop
      vertex -52.9 40 4.45
      vertex -52.1 40 -0.549999
      vertex -52.9 40 -0.549999
    endloop
  endfacet
  facet normal 0 1 -0
    outer loop
      vertex -54.1 40 -0.549999
      vertex -54.9 40 4.45
      vertex -54.1 40 4.45
    endloop
  endfacet
  facet normal 0 1 0
    outer loop
      vertex -54.9 40 4.45
      vertex -54.1 40 -0.549999
      vertex -54.9 40 -0.549999
    endloop
  endfacet
  facet normal 0 1 -0
    outer loop
      vertex 59.9 40 -0.549999
      vertex 59.1 40 4.45
      vertex 59.9 40 4.45
    endloop
  endfacet
  facet normal 0 1 0
    outer loop
      vertex 59.1 40 4.45
      vertex 59.9 40 -0.549999
      vertex 59.1 40 -0.549999
    endloop
  endfacet
  facet normal 0 1 -0
    outer loop
      vertex -10.1 40 -0.549999
      vertex -10.9 40 4.45
      vertex -10.1 40 4.45
    endloop
  endfacet
  facet normal 0 1 0
    outer loop
      vertex -10.9 40 4.45
      vertex -10.1 40 -0.549999
      vertex -10.9 40 -0.549999
    endloop
  endfacet
  facet normal 0 1 -0
    outer loop
      vertex 47.9 40 -0.549999
      vertex 47.1 40 4.45
      vertex 47.9 40 4.45
    endloop
  endfacet
  facet normal 0 1 0
    outer loop
      vertex 47.1 40 4.45
      vertex 47.9 40 -0.549999
      vertex 47.1 40 -0.549999
    endloop
  endfacet
  facet normal 0 1 -0
    outer loop
      vertex 45.9 40 -0.549999
      vertex 45.1 40 4.45
      vertex 45.9 40 4.45
    endloop
  endfacet
  facet normal 0 1 0
    outer loop
      vertex 45.1 40 4.45
      vertex 45.9 40 -0.549999
      vertex 45.1 40 -0.549999
    endloop
  endfacet
  facet normal 0 1 -0
    outer loop
      vertex -12.1 40 -0.549999
      vertex -12.9 40 4.45
      vertex -12.1 40 4.45
    endloop
  endfacet
  facet normal 0 1 0
    outer loop
      vertex -12.9 40 4.45
      vertex -12.1 40 -0.549999
      vertex -12.9 40 -0.549999
    endloop
  endfacet
  facet normal 0 1 -0
    outer loop
      vertex -14.1 40 -0.549999
      vertex -14.9 40 4.45
      vertex -14.1 40 4.45
    endloop
  endfacet
  facet normal 0 1 0
    outer loop
      vertex -14.9 40 4.45
      vertex -14.1 40 -0.549999
      vertex -14.9 40 -0.549999
    endloop
  endfacet
  facet normal 0 1 -0
    outer loop
      vertex -24.1 40 -0.549999
      vertex -24.9 40 4.45
      vertex -24.1 40 4.45
    endloop
  endfacet
  facet normal 0 1 0
    outer loop
      vertex -24.9 40 4.45
      vertex -24.1 40 -0.549999
      vertex -24.9 40 -0.549999
    endloop
  endfacet
  facet normal 0 1 -0
    outer loop
      vertex 25.9 40 -0.549999
      vertex 25.1 40 4.45
      vertex 25.9 40 4.45
    endloop
  endfacet
  facet normal 0 1 0
    outer loop
      vertex 25.1 40 4.45
      vertex 25.9 40 -0.549999
      vertex 25.1 40 -0.549999
    endloop
  endfacet
  facet normal 0 1 -0
    outer loop
      vertex 23.9 40 -0.549999
      vertex 23.1 40 4.45
      vertex 23.9 40 4.45
    endloop
  endfacet
  facet normal 0 1 0
    outer loop
      vertex 23.1 40 4.45
      vertex 23.9 40 -0.549999
      vertex 23.1 40 -0.549999
    endloop
  endfacet
  facet normal 0 1 -0
    outer loop
      vertex 21.9 40 -0.549999
      vertex 21.1 40 4.45
      vertex 21.9 40 4.45
    endloop
  endfacet
  facet normal 0 1 0
    outer loop
      vertex 21.1 40 4.45
      vertex 21.9 40 -0.549999
      vertex 21.1 40 -0.549999
    endloop
  endfacet
  facet normal 0 1 -0
    outer loop
      vertex -66.1 40 -0.549999
      vertex -66.9 40 4.45
      vertex -66.1 40 4.45
    endloop
  endfacet
  facet normal 0 1 0
    outer loop
      vertex -66.9 40 4.45
      vertex -66.1 40 -0.549999
      vertex -66.9 40 -0.549999
    endloop
  endfacet
  facet normal 0 1 -0
    outer loop
      vertex -64.1 40 -0.549999
      vertex -64.9 40 4.45
      vertex -64.1 40 4.45
    endloop
  endfacet
  facet normal 0 1 0
    outer loop
      vertex -64.9 40 4.45
      vertex -64.1 40 -0.549999
      vertex -64.9 40 -0.549999
    endloop
  endfacet
  facet normal 0 1 -0
    outer loop
      vertex -56.1 40 -0.549999
      vertex -56.9 40 4.45
      vertex -56.1 40 4.45
    endloop
  endfacet
  facet normal 0 1 0
    outer loop
      vertex -56.9 40 4.45
      vertex -56.1 40 -0.549999
      vertex -56.9 40 -0.549999
    endloop
  endfacet
  facet normal 0 1 -0
    outer loop
      vertex -38.1 40 -0.549999
      vertex -38.9 40 4.45
      vertex -38.1 40 4.45
    endloop
  endfacet
  facet normal 0 1 0
    outer loop
      vertex -38.9 40 4.45
      vertex -38.1 40 -0.549999
      vertex -38.9 40 -0.549999
    endloop
  endfacet
  facet normal 0 1 -0
    outer loop
      vertex -30.1 40 -0.549999
      vertex -30.9 40 4.45
      vertex -30.1 40 4.45
    endloop
  endfacet
  facet normal 0 1 0
    outer loop
      vertex -30.9 40 4.45
      vertex -30.1 40 -0.549999
      vertex -30.9 40 -0.549999
    endloop
  endfacet
  facet normal 0 1 -0
    outer loop
      vertex 13.9 40 -0.549999
      vertex 13.1 40 4.45
      vertex 13.9 40 4.45
    endloop
  endfacet
  facet normal 0 1 0
    outer loop
      vertex 13.1 40 4.45
      vertex 13.9 40 -0.549999
      vertex 13.1 40 -0.549999
    endloop
  endfacet
  facet normal 0 1 -0
    outer loop
      vertex -34.1 40 -0.549999
      vertex -34.9 40 4.45
      vertex -34.1 40 4.45
    endloop
  endfacet
  facet normal 0 1 0
    outer loop
      vertex -34.9 40 4.45
      vertex -34.1 40 -0.549999
      vertex -34.9 40 -0.549999
    endloop
  endfacet
  facet normal 0 1 -0
    outer loop
      vertex -36.1 40 -0.549999
      vertex -36.9 40 4.45
      vertex -36.1 40 4.45
    endloop
  endfacet
  facet normal 0 1 0
    outer loop
      vertex -36.9 40 4.45
      vertex -36.1 40 -0.549999
      vertex -36.9 40 -0.549999
    endloop
  endfacet
  facet normal 0 1 -0
    outer loop
      vertex -0.0999994 40 -0.549999
      vertex -0.9 40 4.45
      vertex -0.0999994 40 4.45
    endloop
  endfacet
  facet normal 0 1 0
    outer loop
      vertex -0.9 40 4.45
      vertex -0.0999994 40 -0.549999
      vertex -0.9 40 -0.549999
    endloop
  endfacet
  facet normal 0 1 -0
    outer loop
      vertex -32.1 40 -0.549999
      vertex -32.9 40 4.45
      vertex -32.1 40 4.45
    endloop
  endfacet
  facet normal 0 1 0
    outer loop
      vertex -32.9 40 4.45
      vertex -32.1 40 -0.549999
      vertex -32.9 40 -0.549999
    endloop
  endfacet
  facet normal 0 1 -0
    outer loop
      vertex -44.1 40 -0.549999
      vertex -44.9 40 4.45
      vertex -44.1 40 4.45
    endloop
  endfacet
  facet normal 0 1 0
    outer loop
      vertex -44.9 40 4.45
      vertex -44.1 40 -0.549999
      vertex -44.9 40 -0.549999
    endloop
  endfacet
  facet normal 0 1 -0
    outer loop
      vertex -46.1 40 -0.549999
      vertex -46.9 40 4.45
      vertex -46.1 40 4.45
    endloop
  endfacet
  facet normal 0 1 0
    outer loop
      vertex -46.9 40 4.45
      vertex -46.1 40 -0.549999
      vertex -46.9 40 -0.549999
    endloop
  endfacet
  facet normal 0 1 -0
    outer loop
      vertex -18.1 40 -0.549999
      vertex -18.9 40 4.45
      vertex -18.1 40 4.45
    endloop
  endfacet
  facet normal 0 1 0
    outer loop
      vertex -18.9 40 4.45
      vertex -18.1 40 -0.549999
      vertex -18.9 40 -0.549999
    endloop
  endfacet
  facet normal 0 1 -0
    outer loop
      vertex 17.9 40 -0.549999
      vertex 17.1 40 4.45
      vertex 17.9 40 4.45
    endloop
  endfacet
  facet normal 0 1 0
    outer loop
      vertex 17.1 40 4.45
      vertex 17.9 40 -0.549999
      vertex 17.1 40 -0.549999
    endloop
  endfacet
  facet normal 0 1 -0
    outer loop
      vertex 15.9 40 -0.549999
      vertex 15.1 40 4.45
      vertex 15.9 40 4.45
    endloop
  endfacet
  facet normal 0 1 0
    outer loop
      vertex 15.1 40 4.45
      vertex 15.9 40 -0.549999
      vertex 15.1 40 -0.549999
    endloop
  endfacet
  facet normal 0 1 -0
    outer loop
      vertex -16.1 40 -0.549999
      vertex -16.9 40 4.45
      vertex -16.1 40 4.45
    endloop
  endfacet
  facet normal 0 1 0
    outer loop
      vertex -16.9 40 4.45
      vertex -16.1 40 -0.549999
      vertex -16.9 40 -0.549999
    endloop
  endfacet
  facet normal 0 1 -0
    outer loop
      vertex 41.9 40 -0.549999
      vertex 41.1 40 4.45
      vertex 41.9 40 4.45
    endloop
  endfacet
  facet normal 0 1 0
    outer loop
      vertex 41.1 40 4.45
      vertex 41.9 40 -0.549999
      vertex 41.1 40 -0.549999
    endloop
  endfacet
  facet normal 0 1 -0
    outer loop
      vertex 39.9 40 -0.549999
      vertex 39.1 40 4.45
      vertex 39.9 40 4.45
    endloop
  endfacet
  facet normal 0 1 0
    outer loop
      vertex 39.1 40 4.45
      vertex 39.9 40 -0.549999
      vertex 39.1 40 -0.549999
    endloop
  endfacet
  facet normal 0 1 -0
    outer loop
      vertex -58.1 40 -0.549999
      vertex -58.9 40 4.45
      vertex -58.1 40 4.45
    endloop
  endfacet
  facet normal 0 1 0
    outer loop
      vertex -58.9 40 4.45
      vertex -58.1 40 -0.549999
      vertex -58.9 40 -0.549999
    endloop
  endfacet
  facet normal 0 1 -0
    outer loop
      vertex 19.9 40 -0.549999
      vertex 19.1 40 4.45
      vertex 19.9 40 4.45
    endloop
  endfacet
  facet normal 0 1 0
    outer loop
      vertex 19.1 40 4.45
      vertex 19.9 40 -0.549999
      vertex 19.1 40 -0.549999
    endloop
  endfacet
  facet normal 0 1 -0
    outer loop
      vertex 43.9 40 -0.549999
      vertex 43.1 40 4.45
      vertex 43.9 40 4.45
    endloop
  endfacet
  facet normal 0 1 0
    outer loop
      vertex 43.1 40 4.45
      vertex 43.9 40 -0.549999
      vertex 43.1 40 -0.549999
    endloop
  endfacet
  facet normal 0 1 -0
    outer loop
      vertex 65.9 40 -0.549999
      vertex 65.1 40 4.45
      vertex 65.9 40 4.45
    endloop
  endfacet
  facet normal 0 1 0
    outer loop
      vertex 65.1 40 4.45
      vertex 65.9 40 -0.549999
      vertex 65.1 40 -0.549999
    endloop
  endfacet
  facet normal -1 0 0
    outer loop
      vertex -29.5 30 1.95
      vertex -29.5 29 1.95
      vertex -29.5 30 4.45
    endloop
  endfacet
  facet normal -1 0 0
    outer loop
      vertex -29.5 30 4.45
      vertex -29.5 35 11.5
      vertex -29.5 35 4.45
    endloop
  endfacet
  facet normal -1 0 0
    outer loop
      vertex -29.5 30 4.45
      vertex -29.5 29 11.5
      vertex -29.5 35 11.5
    endloop
  endfacet
  facet normal -1 0 0
    outer loop
      vertex -29.5 29 11.5
      vertex -29.5 30 4.45
      vertex -29.5 29 1.95
    endloop
  endfacet
  facet normal 0 0 -1
    outer loop
      vertex -29.5 29 1.95
      vertex -22.5 30 1.95
      vertex -22.5 29 1.95
    endloop
  endfacet
  facet normal -0 0 -1
    outer loop
      vertex -22.5 30 1.95
      vertex -29.5 29 1.95
      vertex -29.5 30 1.95
    endloop
  endfacet
  facet normal 1 0 0
    outer loop
      vertex -22.5 35 11.5
      vertex -22.5 30 4.45
      vertex -22.5 35 4.45
    endloop
  endfacet
  facet normal 1 -0 0
    outer loop
      vertex -22.5 29 11.5
      vertex -22.5 30 4.45
      vertex -22.5 35 11.5
    endloop
  endfacet
  facet normal 1 0 0
    outer loop
      vertex -22.5 29 1.95
      vertex -22.5 30 4.45
      vertex -22.5 29 11.5
    endloop
  endfacet
  facet normal 1 0 0
    outer loop
      vertex -22.5 30 4.45
      vertex -22.5 29 1.95
      vertex -22.5 30 1.95
    endloop
  endfacet
  facet normal 0 -1 0
    outer loop
      vertex -29.5 29 11.5
      vertex -27.7979 29 8.5
      vertex -27.7979 29 11.5
    endloop
  endfacet
  facet normal 0 -1 -0
    outer loop
      vertex -27.7979 29 8.5
      vertex -29.5 29 1.95
      vertex -24.2021 29 8.5
    endloop
  endfacet
  facet normal 0 -1 0
    outer loop
      vertex -29.5 29 1.95
      vertex -27.7979 29 8.5
      vertex -29.5 29 11.5
    endloop
  endfacet
  facet normal 0 -1 0
    outer loop
      vertex -24.2021 29 8.5
      vertex -22.5 29 11.5
      vertex -24.2021 29 11.5
    endloop
  endfacet
  facet normal 0 -1 0
    outer loop
      vertex -24.2021 29 8.5
      vertex -22.5 29 1.95
      vertex -22.5 29 11.5
    endloop
  endfacet
  facet normal 0 -1 0
    outer loop
      vertex -22.5 29 1.95
      vertex -24.2021 29 8.5
      vertex -29.5 29 1.95
    endloop
  endfacet
  facet normal 0 1 -0
    outer loop
      vertex -22.5 35 4.45
      vertex -29.5 35 11.5
      vertex -22.5 35 11.5
    endloop
  endfacet
  facet normal 0 1 0
    outer loop
      vertex -29.5 35 11.5
      vertex -22.5 35 4.45
      vertex -29.5 35 4.45
    endloop
  endfacet
  facet normal -1 0 0
    outer loop
      vertex 13.5 30 1.95
      vertex 13.5 29 1.95
      vertex 13.5 30 4.45
    endloop
  endfacet
  facet normal -1 0 0
    outer loop
      vertex 13.5 30 4.45
      vertex 13.5 35 11.5
      vertex 13.5 35 4.45
    endloop
  endfacet
  facet normal -1 0 0
    outer loop
      vertex 13.5 30 4.45
      vertex 13.5 29 11.5
      vertex 13.5 35 11.5
    endloop
  endfacet
  facet normal -1 0 0
    outer loop
      vertex 13.5 29 11.5
      vertex 13.5 30 4.45
      vertex 13.5 29 1.95
    endloop
  endfacet
  facet normal 0 0 -1
    outer loop
      vertex 13.5 29 1.95
      vertex 20.5 30 1.95
      vertex 20.5 29 1.95
    endloop
  endfacet
  facet normal -0 0 -1
    outer loop
      vertex 20.5 30 1.95
      vertex 13.5 29 1.95
      vertex 13.5 30 1.95
    endloop
  endfacet
  facet normal 1 0 0
    outer loop
      vertex 20.5 35 11.5
      vertex 20.5 30 4.45
      vertex 20.5 35 4.45
    endloop
  endfacet
  facet normal 1 -0 0
    outer loop
      vertex 20.5 29 11.5
      vertex 20.5 30 4.45
      vertex 20.5 35 11.5
    endloop
  endfacet
  facet normal 1 0 0
    outer loop
      vertex 20.5 29 1.95
      vertex 20.5 30 4.45
      vertex 20.5 29 11.5
    endloop
  endfacet
  facet normal 1 0 0
    outer loop
      vertex 20.5 30 4.45
      vertex 20.5 29 1.95
      vertex 20.5 30 1.95
    endloop
  endfacet
  facet normal 0 -1 0
    outer loop
      vertex 13.5 29 11.5
      vertex 15.2021 29 8.5
      vertex 15.2021 29 11.5
    endloop
  endfacet
  facet normal 0 -1 -0
    outer loop
      vertex 15.2021 29 8.5
      vertex 13.5 29 1.95
      vertex 18.7979 29 8.5
    endloop
  endfacet
  facet normal 0 -1 0
    outer loop
      vertex 13.5 29 1.95
      vertex 15.2021 29 8.5
      vertex 13.5 29 11.5
    endloop
  endfacet
  facet normal 0 -1 0
    outer loop
      vertex 18.7979 29 8.5
      vertex 20.5 29 11.5
      vertex 18.7979 29 11.5
    endloop
  endfacet
  facet normal 0 -1 0
    outer loop
      vertex 18.7979 29 8.5
      vertex 20.5 29 1.95
      vertex 20.5 29 11.5
    endloop
  endfacet
  facet normal 0 -1 0
    outer loop
      vertex 20.5 29 1.95
      vertex 18.7979 29 8.5
      vertex 13.5 29 1.95
    endloop
  endfacet
  facet normal 0 1 -0
    outer loop
      vertex 20.5 35 4.45
      vertex 13.5 35 11.5
      vertex 20.5 35 11.5
    endloop
  endfacet
  facet normal 0 1 0
    outer loop
      vertex 13.5 35 11.5
      vertex 20.5 35 4.45
      vertex 13.5 35 4.45
    endloop
  endfacet
  facet normal -1 0 0
    outer loop
      vertex -68.1 40 -0.549999
      vertex -68.1 41 4.45
      vertex -68.1 41 -0.549999
    endloop
  endfacet
  facet normal -1 -0 0
    outer loop
      vertex -68.1 41 4.45
      vertex -68.1 40 -0.549999
      vertex -68.1 40 4.45
    endloop
  endfacet
  facet normal 1 -0 0
    outer loop
      vertex -66.9 40 4.45
      vertex -66.9 41 -0.549999
      vertex -66.9 41 4.45
    endloop
  endfacet
  facet normal 1 0 0
    outer loop
      vertex -66.9 41 -0.549999
      vertex -66.9 40 4.45
      vertex -66.9 40 -0.549999
    endloop
  endfacet
  facet normal 0 1 -0
    outer loop
      vertex -66.9 41 -0.549999
      vertex -68.1 41 4.45
      vertex -66.9 41 4.45
    endloop
  endfacet
  facet normal 0 1 0
    outer loop
      vertex -68.1 41 4.45
      vertex -66.9 41 -0.549999
      vertex -68.1 41 -0.549999
    endloop
  endfacet
  facet normal -1 0 0
    outer loop
      vertex -66.1 40 -0.549999
      vertex -66.1 41 4.45
      vertex -66.1 41 -0.549999
    endloop
  endfacet
  facet normal -1 -0 0
    outer loop
      vertex -66.1 41 4.45
      vertex -66.1 40 -0.549999
      vertex -66.1 40 4.45
    endloop
  endfacet
  facet normal 1 -0 0
    outer loop
      vertex -64.9 40 4.45
      vertex -64.9 41 -0.549999
      vertex -64.9 41 4.45
    endloop
  endfacet
  facet normal 1 0 0
    outer loop
      vertex -64.9 41 -0.549999
      vertex -64.9 40 4.45
      vertex -64.9 40 -0.549999
    endloop
  endfacet
  facet normal 0 1 -0
    outer loop
      vertex -64.9 41 -0.549999
      vertex -66.1 41 4.45
      vertex -64.9 41 4.45
    endloop
  endfacet
  facet normal 0 1 0
    outer loop
      vertex -66.1 41 4.45
      vertex -64.9 41 -0.549999
      vertex -66.1 41 -0.549999
    endloop
  endfacet
  facet normal -1 0 0
    outer loop
      vertex -64.1 40 -0.549999
      vertex -64.1 41 4.45
      vertex -64.1 41 -0.549999
    endloop
  endfacet
  facet normal -1 -0 0
    outer loop
      vertex -64.1 41 4.45
      vertex -64.1 40 -0.549999
      vertex -64.1 40 4.45
    endloop
  endfacet
  facet normal 1 -0 0
    outer loop
      vertex -62.9 40 4.45
      vertex -62.9 41 -0.549999
      vertex -62.9 41 4.45
    endloop
  endfacet
  facet normal 1 0 0
    outer loop
      vertex -62.9 41 -0.549999
      vertex -62.9 40 4.45
      vertex -62.9 40 -0.549999
    endloop
  endfacet
  facet normal 0 1 -0
    outer loop
      vertex -62.9 41 -0.549999
      vertex -64.1 41 4.45
      vertex -62.9 41 4.45
    endloop
  endfacet
  facet normal 0 1 0
    outer loop
      vertex -64.1 41 4.45
      vertex -62.9 41 -0.549999
      vertex -64.1 41 -0.549999
    endloop
  endfacet
  facet normal -1 0 0
    outer loop
      vertex -62.1 40 -0.549999
      vertex -62.1 41 4.45
      vertex -62.1 41 -0.549999
    endloop
  endfacet
  facet normal -1 -0 0
    outer loop
      vertex -62.1 41 4.45
      vertex -62.1 40 -0.549999
      vertex -62.1 40 4.45
    endloop
  endfacet
  facet normal 1 -0 0
    outer loop
      vertex -60.9 40 4.45
      vertex -60.9 41 -0.549999
      vertex -60.9 41 4.45
    endloop
  endfacet
  facet normal 1 0 0
    outer loop
      vertex -60.9 41 -0.549999
      vertex -60.9 40 4.45
      vertex -60.9 40 -0.549999
    endloop
  endfacet
  facet normal 0 1 -0
    outer loop
      vertex -60.9 41 -0.549999
      vertex -62.1 41 4.45
      vertex -60.9 41 4.45
    endloop
  endfacet
  facet normal 0 1 0
    outer loop
      vertex -62.1 41 4.45
      vertex -60.9 41 -0.549999
      vertex -62.1 41 -0.549999
    endloop
  endfacet
  facet normal -1 0 0
    outer loop
      vertex -60.1 40 -0.549999
      vertex -60.1 41 4.45
      vertex -60.1 41 -0.549999
    endloop
  endfacet
  facet normal -1 -0 0
    outer loop
      vertex -60.1 41 4.45
      vertex -60.1 40 -0.549999
      vertex -60.1 40 4.45
    endloop
  endfacet
  facet normal 1 -0 0
    outer loop
      vertex -58.9 40 4.45
      vertex -58.9 41 -0.549999
      vertex -58.9 41 4.45
    endloop
  endfacet
  facet normal 1 0 0
    outer loop
      vertex -58.9 41 -0.549999
      vertex -58.9 40 4.45
      vertex -58.9 40 -0.549999
    endloop
  endfacet
  facet normal 0 1 -0
    outer loop
      vertex -58.9 41 -0.549999
      vertex -60.1 41 4.45
      vertex -58.9 41 4.45
    endloop
  endfacet
  facet normal 0 1 0
    outer loop
      vertex -60.1 41 4.45
      vertex -58.9 41 -0.549999
      vertex -60.1 41 -0.549999
    endloop
  endfacet
  facet normal -1 0 0
    outer loop
      vertex -58.1 40 -0.549999
      vertex -58.1 41 4.45
      vertex -58.1 41 -0.549999
    endloop
  endfacet
  facet normal -1 -0 0
    outer loop
      vertex -58.1 41 4.45
      vertex -58.1 40 -0.549999
      vertex -58.1 40 4.45
    endloop
  endfacet
  facet normal 1 -0 0
    outer loop
      vertex -56.9 40 4.45
      vertex -56.9 41 -0.549999
      vertex -56.9 41 4.45
    endloop
  endfacet
  facet normal 1 0 0
    outer loop
      vertex -56.9 41 -0.549999
      vertex -56.9 40 4.45
      vertex -56.9 40 -0.549999
    endloop
  endfacet
  facet normal 0 1 -0
    outer loop
      vertex -56.9 41 -0.549999
      vertex -58.1 41 4.45
      vertex -56.9 41 4.45
    endloop
  endfacet
  facet normal 0 1 0
    outer loop
      vertex -58.1 41 4.45
      vertex -56.9 41 -0.549999
      vertex -58.1 41 -0.549999
    endloop
  endfacet
  facet normal -1 0 0
    outer loop
      vertex -56.1 40 -0.549999
      vertex -56.1 41 4.45
      vertex -56.1 41 -0.549999
    endloop
  endfacet
  facet normal -1 -0 0
    outer loop
      vertex -56.1 41 4.45
      vertex -56.1 40 -0.549999
      vertex -56.1 40 4.45
    endloop
  endfacet
  facet normal 1 -0 0
    outer loop
      vertex -54.9 40 4.45
      vertex -54.9 41 -0.549999
      vertex -54.9 41 4.45
    endloop
  endfacet
  facet normal 1 0 0
    outer loop
      vertex -54.9 41 -0.549999
      vertex -54.9 40 4.45
      vertex -54.9 40 -0.549999
    endloop
  endfacet
  facet normal 0 1 -0
    outer loop
      vertex -54.9 41 -0.549999
      vertex -56.1 41 4.45
      vertex -54.9 41 4.45
    endloop
  endfacet
  facet normal 0 1 0
    outer loop
      vertex -56.1 41 4.45
      vertex -54.9 41 -0.549999
      vertex -56.1 41 -0.549999
    endloop
  endfacet
  facet normal -1 0 0
    outer loop
      vertex -54.1 40 -0.549999
      vertex -54.1 41 4.45
      vertex -54.1 41 -0.549999
    endloop
  endfacet
  facet normal -1 -0 0
    outer loop
      vertex -54.1 41 4.45
      vertex -54.1 40 -0.549999
      vertex -54.1 40 4.45
    endloop
  endfacet
  facet normal 1 -0 0
    outer loop
      vertex -52.9 40 4.45
      vertex -52.9 41 -0.549999
      vertex -52.9 41 4.45
    endloop
  endfacet
  facet normal 1 0 0
    outer loop
      vertex -52.9 41 -0.549999
      vertex -52.9 40 4.45
      vertex -52.9 40 -0.549999
    endloop
  endfacet
  facet normal 0 1 -0
    outer loop
      vertex -52.9 41 -0.549999
      vertex -54.1 41 4.45
      vertex -52.9 41 4.45
    endloop
  endfacet
  facet normal 0 1 0
    outer loop
      vertex -54.1 41 4.45
      vertex -52.9 41 -0.549999
      vertex -54.1 41 -0.549999
    endloop
  endfacet
  facet normal -1 0 0
    outer loop
      vertex -52.1 40 -0.549999
      vertex -52.1 41 4.45
      vertex -52.1 41 -0.549999
    endloop
  endfacet
  facet normal -1 -0 0
    outer loop
      vertex -52.1 41 4.45
      vertex -52.1 40 -0.549999
      vertex -52.1 40 4.45
    endloop
  endfacet
  facet normal 1 -0 0
    outer loop
      vertex -50.9 40 4.45
      vertex -50.9 41 -0.549999
      vertex -50.9 41 4.45
    endloop
  endfacet
  facet normal 1 0 0
    outer loop
      vertex -50.9 41 -0.549999
      vertex -50.9 40 4.45
      vertex -50.9 40 -0.549999
    endloop
  endfacet
  facet normal 0 1 -0
    outer loop
      vertex -50.9 41 -0.549999
      vertex -52.1 41 4.45
      vertex -50.9 41 4.45
    endloop
  endfacet
  facet normal 0 1 0
    outer loop
      vertex -52.1 41 4.45
      vertex -50.9 41 -0.549999
      vertex -52.1 41 -0.549999
    endloop
  endfacet
  facet normal -1 0 0
    outer loop
      vertex -50.1 40 -0.549999
      vertex -50.1 41 4.45
      vertex -50.1 41 -0.549999
    endloop
  endfacet
  facet normal -1 -0 0
    outer loop
      vertex -50.1 41 4.45
      vertex -50.1 40 -0.549999
      vertex -50.1 40 4.45
    endloop
  endfacet
  facet normal 1 -0 0
    outer loop
      vertex -48.9 40 4.45
      vertex -48.9 41 -0.549999
      vertex -48.9 41 4.45
    endloop
  endfacet
  facet normal 1 0 0
    outer loop
      vertex -48.9 41 -0.549999
      vertex -48.9 40 4.45
      vertex -48.9 40 -0.549999
    endloop
  endfacet
  facet normal 0 1 -0
    outer loop
      vertex -48.9 41 -0.549999
      vertex -50.1 41 4.45
      vertex -48.9 41 4.45
    endloop
  endfacet
  facet normal 0 1 0
    outer loop
      vertex -50.1 41 4.45
      vertex -48.9 41 -0.549999
      vertex -50.1 41 -0.549999
    endloop
  endfacet
  facet normal -1 0 0
    outer loop
      vertex -48.1 40 -0.549999
      vertex -48.1 41 4.45
      vertex -48.1 41 -0.549999
    endloop
  endfacet
  facet normal -1 -0 0
    outer loop
      vertex -48.1 41 4.45
      vertex -48.1 40 -0.549999
      vertex -48.1 40 4.45
    endloop
  endfacet
  facet normal 1 -0 0
    outer loop
      vertex -46.9 40 4.45
      vertex -46.9 41 -0.549999
      vertex -46.9 41 4.45
    endloop
  endfacet
  facet normal 1 0 0
    outer loop
      vertex -46.9 41 -0.549999
      vertex -46.9 40 4.45
      vertex -46.9 40 -0.549999
    endloop
  endfacet
  facet normal 0 1 -0
    outer loop
      vertex -46.9 41 -0.549999
      vertex -48.1 41 4.45
      vertex -46.9 41 4.45
    endloop
  endfacet
  facet normal 0 1 0
    outer loop
      vertex -48.1 41 4.45
      vertex -46.9 41 -0.549999
      vertex -48.1 41 -0.549999
    endloop
  endfacet
  facet normal -1 0 0
    outer loop
      vertex -46.1 40 -0.549999
      vertex -46.1 41 4.45
      vertex -46.1 41 -0.549999
    endloop
  endfacet
  facet normal -1 -0 0
    outer loop
      vertex -46.1 41 4.45
      vertex -46.1 40 -0.549999
      vertex -46.1 40 4.45
    endloop
  endfacet
  facet normal 1 -0 0
    outer loop
      vertex -44.9 40 4.45
      vertex -44.9 41 -0.549999
      vertex -44.9 41 4.45
    endloop
  endfacet
  facet normal 1 0 0
    outer loop
      vertex -44.9 41 -0.549999
      vertex -44.9 40 4.45
      vertex -44.9 40 -0.549999
    endloop
  endfacet
  facet normal 0 1 -0
    outer loop
      vertex -44.9 41 -0.549999
      vertex -46.1 41 4.45
      vertex -44.9 41 4.45
    endloop
  endfacet
  facet normal 0 1 0
    outer loop
      vertex -46.1 41 4.45
      vertex -44.9 41 -0.549999
      vertex -46.1 41 -0.549999
    endloop
  endfacet
  facet normal -1 0 0
    outer loop
      vertex -44.1 40 -0.549999
      vertex -44.1 41 4.45
      vertex -44.1 41 -0.549999
    endloop
  endfacet
  facet normal -1 -0 0
    outer loop
      vertex -44.1 41 4.45
      vertex -44.1 40 -0.549999
      vertex -44.1 40 4.45
    endloop
  endfacet
  facet normal 1 -0 0
    outer loop
      vertex -42.9 40 4.45
      vertex -42.9 41 -0.549999
      vertex -42.9 41 4.45
    endloop
  endfacet
  facet normal 1 0 0
    outer loop
      vertex -42.9 41 -0.549999
      vertex -42.9 40 4.45
      vertex -42.9 40 -0.549999
    endloop
  endfacet
  facet normal 0 1 -0
    outer loop
      vertex -42.9 41 -0.549999
      vertex -44.1 41 4.45
      vertex -42.9 41 4.45
    endloop
  endfacet
  facet normal 0 1 0
    outer loop
      vertex -44.1 41 4.45
      vertex -42.9 41 -0.549999
      vertex -44.1 41 -0.549999
    endloop
  endfacet
  facet normal -1 0 0
    outer loop
      vertex -42.1 40 -0.549999
      vertex -42.1 41 4.45
      vertex -42.1 41 -0.549999
    endloop
  endfacet
  facet normal -1 -0 0
    outer loop
      vertex -42.1 41 4.45
      vertex -42.1 40 -0.549999
      vertex -42.1 40 4.45
    endloop
  endfacet
  facet normal 1 -0 0
    outer loop
      vertex -40.9 40 4.45
      vertex -40.9 41 -0.549999
      vertex -40.9 41 4.45
    endloop
  endfacet
  facet normal 1 0 0
    outer loop
      vertex -40.9 41 -0.549999
      vertex -40.9 40 4.45
      vertex -40.9 40 -0.549999
    endloop
  endfacet
  facet normal 0 1 -0
    outer loop
      vertex -40.9 41 -0.549999
      vertex -42.1 41 4.45
      vertex -40.9 41 4.45
    endloop
  endfacet
  facet normal 0 1 0
    outer loop
      vertex -42.1 41 4.45
      vertex -40.9 41 -0.549999
      vertex -42.1 41 -0.549999
    endloop
  endfacet
  facet normal -1 0 0
    outer loop
      vertex -40.1 40 -0.549999
      vertex -40.1 41 4.45
      vertex -40.1 41 -0.549999
    endloop
  endfacet
  facet normal -1 -0 0
    outer loop
      vertex -40.1 41 4.45
      vertex -40.1 40 -0.549999
      vertex -40.1 40 4.45
    endloop
  endfacet
  facet normal 1 -0 0
    outer loop
      vertex -38.9 40 4.45
      vertex -38.9 41 -0.549999
      vertex -38.9 41 4.45
    endloop
  endfacet
  facet normal 1 0 0
    outer loop
      vertex -38.9 41 -0.549999
      vertex -38.9 40 4.45
      vertex -38.9 40 -0.549999
    endloop
  endfacet
  facet normal 0 1 -0
    outer loop
      vertex -38.9 41 -0.549999
      vertex -40.1 41 4.45
      vertex -38.9 41 4.45
    endloop
  endfacet
  facet normal 0 1 0
    outer loop
      vertex -40.1 41 4.45
      vertex -38.9 41 -0.549999
      vertex -40.1 41 -0.549999
    endloop
  endfacet
  facet normal -1 0 0
    outer loop
      vertex -38.1 40 -0.549999
      vertex -38.1 41 4.45
      vertex -38.1 41 -0.549999
    endloop
  endfacet
  facet normal -1 -0 0
    outer loop
      vertex -38.1 41 4.45
      vertex -38.1 40 -0.549999
      vertex -38.1 40 4.45
    endloop
  endfacet
  facet normal 1 -0 0
    outer loop
      vertex -36.9 40 4.45
      vertex -36.9 41 -0.549999
      vertex -36.9 41 4.45
    endloop
  endfacet
  facet normal 1 0 0
    outer loop
      vertex -36.9 41 -0.549999
      vertex -36.9 40 4.45
      vertex -36.9 40 -0.549999
    endloop
  endfacet
  facet normal 0 1 -0
    outer loop
      vertex -36.9 41 -0.549999
      vertex -38.1 41 4.45
      vertex -36.9 41 4.45
    endloop
  endfacet
  facet normal 0 1 0
    outer loop
      vertex -38.1 41 4.45
      vertex -36.9 41 -0.549999
      vertex -38.1 41 -0.549999
    endloop
  endfacet
  facet normal -1 0 0
    outer loop
      vertex -36.1 40 -0.549999
      vertex -36.1 41 4.45
      vertex -36.1 41 -0.549999
    endloop
  endfacet
  facet normal -1 -0 0
    outer loop
      vertex -36.1 41 4.45
      vertex -36.1 40 -0.549999
      vertex -36.1 40 4.45
    endloop
  endfacet
  facet normal 1 -0 0
    outer loop
      vertex -34.9 40 4.45
      vertex -34.9 41 -0.549999
      vertex -34.9 41 4.45
    endloop
  endfacet
  facet normal 1 0 0
    outer loop
      vertex -34.9 41 -0.549999
      vertex -34.9 40 4.45
      vertex -34.9 40 -0.549999
    endloop
  endfacet
  facet normal 0 1 -0
    outer loop
      vertex -34.9 41 -0.549999
      vertex -36.1 41 4.45
      vertex -34.9 41 4.45
    endloop
  endfacet
  facet normal 0 1 0
    outer loop
      vertex -36.1 41 4.45
      vertex -34.9 41 -0.549999
      vertex -36.1 41 -0.549999
    endloop
  endfacet
  facet normal -1 0 0
    outer loop
      vertex -34.1 40 -0.549999
      vertex -34.1 41 4.45
      vertex -34.1 41 -0.549999
    endloop
  endfacet
  facet normal -1 -0 0
    outer loop
      vertex -34.1 41 4.45
      vertex -34.1 40 -0.549999
      vertex -34.1 40 4.45
    endloop
  endfacet
  facet normal 1 -0 0
    outer loop
      vertex -32.9 40 4.45
      vertex -32.9 41 -0.549999
      vertex -32.9 41 4.45
    endloop
  endfacet
  facet normal 1 0 0
    outer loop
      vertex -32.9 41 -0.549999
      vertex -32.9 40 4.45
      vertex -32.9 40 -0.549999
    endloop
  endfacet
  facet normal 0 1 -0
    outer loop
      vertex -32.9 41 -0.549999
      vertex -34.1 41 4.45
      vertex -32.9 41 4.45
    endloop
  endfacet
  facet normal 0 1 0
    outer loop
      vertex -34.1 41 4.45
      vertex -32.9 41 -0.549999
      vertex -34.1 41 -0.549999
    endloop
  endfacet
  facet normal -1 0 0
    outer loop
      vertex -32.1 40 -0.549999
      vertex -32.1 41 4.45
      vertex -32.1 41 -0.549999
    endloop
  endfacet
  facet normal -1 -0 0
    outer loop
      vertex -32.1 41 4.45
      vertex -32.1 40 -0.549999
      vertex -32.1 40 4.45
    endloop
  endfacet
  facet normal 1 -0 0
    outer loop
      vertex -30.9 40 4.45
      vertex -30.9 41 -0.549999
      vertex -30.9 41 4.45
    endloop
  endfacet
  facet normal 1 0 0
    outer loop
      vertex -30.9 41 -0.549999
      vertex -30.9 40 4.45
      vertex -30.9 40 -0.549999
    endloop
  endfacet
  facet normal 0 1 -0
    outer loop
      vertex -30.9 41 -0.549999
      vertex -32.1 41 4.45
      vertex -30.9 41 4.45
    endloop
  endfacet
  facet normal 0 1 0
    outer loop
      vertex -32.1 41 4.45
      vertex -30.9 41 -0.549999
      vertex -32.1 41 -0.549999
    endloop
  endfacet
  facet normal -1 0 0
    outer loop
      vertex -30.1 40 -0.549999
      vertex -30.1 41 4.45
      vertex -30.1 41 -0.549999
    endloop
  endfacet
  facet normal -1 -0 0
    outer loop
      vertex -30.1 41 4.45
      vertex -30.1 40 -0.549999
      vertex -30.1 40 4.45
    endloop
  endfacet
  facet normal 1 -0 0
    outer loop
      vertex -28.9 40 4.45
      vertex -28.9 41 -0.549999
      vertex -28.9 41 4.45
    endloop
  endfacet
  facet normal 1 0 0
    outer loop
      vertex -28.9 41 -0.549999
      vertex -28.9 40 4.45
      vertex -28.9 40 -0.549999
    endloop
  endfacet
  facet normal 0 1 -0
    outer loop
      vertex -28.9 41 -0.549999
      vertex -30.1 41 4.45
      vertex -28.9 41 4.45
    endloop
  endfacet
  facet normal 0 1 0
    outer loop
      vertex -30.1 41 4.45
      vertex -28.9 41 -0.549999
      vertex -30.1 41 -0.549999
    endloop
  endfacet
  facet normal -1 0 0
    outer loop
      vertex -28.1 40 -0.549999
      vertex -28.1 41 4.45
      vertex -28.1 41 -0.549999
    endloop
  endfacet
  facet normal -1 -0 0
    outer loop
      vertex -28.1 41 4.45
      vertex -28.1 40 -0.549999
      vertex -28.1 40 4.45
    endloop
  endfacet
  facet normal 1 -0 0
    outer loop
      vertex -26.9 40 4.45
      vertex -26.9 41 -0.549999
      vertex -26.9 41 4.45
    endloop
  endfacet
  facet normal 1 0 0
    outer loop
      vertex -26.9 41 -0.549999
      vertex -26.9 40 4.45
      vertex -26.9 40 -0.549999
    endloop
  endfacet
  facet normal 0 1 -0
    outer loop
      vertex -26.9 41 -0.549999
      vertex -28.1 41 4.45
      vertex -26.9 41 4.45
    endloop
  endfacet
  facet normal 0 1 0
    outer loop
      vertex -28.1 41 4.45
      vertex -26.9 41 -0.549999
      vertex -28.1 41 -0.549999
    endloop
  endfacet
  facet normal -1 0 0
    outer loop
      vertex -26.1 40 -0.549999
      vertex -26.1 41 4.45
      vertex -26.1 41 -0.549999
    endloop
  endfacet
  facet normal -1 -0 0
    outer loop
      vertex -26.1 41 4.45
      vertex -26.1 40 -0.549999
      vertex -26.1 40 4.45
    endloop
  endfacet
  facet normal 1 -0 0
    outer loop
      vertex -24.9 40 4.45
      vertex -24.9 41 -0.549999
      vertex -24.9 41 4.45
    endloop
  endfacet
  facet normal 1 0 0
    outer loop
      vertex -24.9 41 -0.549999
      vertex -24.9 40 4.45
      vertex -24.9 40 -0.549999
    endloop
  endfacet
  facet normal 0 1 -0
    outer loop
      vertex -24.9 41 -0.549999
      vertex -26.1 41 4.45
      vertex -24.9 41 4.45
    endloop
  endfacet
  facet normal 0 1 0
    outer loop
      vertex -26.1 41 4.45
      vertex -24.9 41 -0.549999
      vertex -26.1 41 -0.549999
    endloop
  endfacet
  facet normal -1 0 0
    outer loop
      vertex -24.1 40 -0.549999
      vertex -24.1 41 4.45
      vertex -24.1 41 -0.549999
    endloop
  endfacet
  facet normal -1 -0 0
    outer loop
      vertex -24.1 41 4.45
      vertex -24.1 40 -0.549999
      vertex -24.1 40 4.45
    endloop
  endfacet
  facet normal 1 -0 0
    outer loop
      vertex -22.9 40 4.45
      vertex -22.9 41 -0.549999
      vertex -22.9 41 4.45
    endloop
  endfacet
  facet normal 1 0 0
    outer loop
      vertex -22.9 41 -0.549999
      vertex -22.9 40 4.45
      vertex -22.9 40 -0.549999
    endloop
  endfacet
  facet normal 0 1 -0
    outer loop
      vertex -22.9 41 -0.549999
      vertex -24.1 41 4.45
      vertex -22.9 41 4.45
    endloop
  endfacet
  facet normal 0 1 0
    outer loop
      vertex -24.1 41 4.45
      vertex -22.9 41 -0.549999
      vertex -24.1 41 -0.549999
    endloop
  endfacet
  facet normal -1 0 0
    outer loop
      vertex -22.1 40 -0.549999
      vertex -22.1 41 4.45
      vertex -22.1 41 -0.549999
    endloop
  endfacet
  facet normal -1 -0 0
    outer loop
      vertex -22.1 41 4.45
      vertex -22.1 40 -0.549999
      vertex -22.1 40 4.45
    endloop
  endfacet
  facet normal 1 -0 0
    outer loop
      vertex -20.9 40 4.45
      vertex -20.9 41 -0.549999
      vertex -20.9 41 4.45
    endloop
  endfacet
  facet normal 1 0 0
    outer loop
      vertex -20.9 41 -0.549999
      vertex -20.9 40 4.45
      vertex -20.9 40 -0.549999
    endloop
  endfacet
  facet normal 0 1 -0
    outer loop
      vertex -20.9 41 -0.549999
      vertex -22.1 41 4.45
      vertex -20.9 41 4.45
    endloop
  endfacet
  facet normal 0 1 0
    outer loop
      vertex -22.1 41 4.45
      vertex -20.9 41 -0.549999
      vertex -22.1 41 -0.549999
    endloop
  endfacet
  facet normal -1 0 0
    outer loop
      vertex -20.1 40 -0.549999
      vertex -20.1 41 4.45
      vertex -20.1 41 -0.549999
    endloop
  endfacet
  facet normal -1 -0 0
    outer loop
      vertex -20.1 41 4.45
      vertex -20.1 40 -0.549999
      vertex -20.1 40 4.45
    endloop
  endfacet
  facet normal 1 -0 0
    outer loop
      vertex -18.9 40 4.45
      vertex -18.9 41 -0.549999
      vertex -18.9 41 4.45
    endloop
  endfacet
  facet normal 1 0 0
    outer loop
      vertex -18.9 41 -0.549999
      vertex -18.9 40 4.45
      vertex -18.9 40 -0.549999
    endloop
  endfacet
  facet normal 0 1 -0
    outer loop
      vertex -18.9 41 -0.549999
      vertex -20.1 41 4.45
      vertex -18.9 41 4.45
    endloop
  endfacet
  facet normal 0 1 0
    outer loop
      vertex -20.1 41 4.45
      vertex -18.9 41 -0.549999
      vertex -20.1 41 -0.549999
    endloop
  endfacet
  facet normal -1 0 0
    outer loop
      vertex -18.1 40 -0.549999
      vertex -18.1 41 4.45
      vertex -18.1 41 -0.549999
    endloop
  endfacet
  facet normal -1 -0 0
    outer loop
      vertex -18.1 41 4.45
      vertex -18.1 40 -0.549999
      vertex -18.1 40 4.45
    endloop
  endfacet
  facet normal 1 -0 0
    outer loop
      vertex -16.9 40 4.45
      vertex -16.9 41 -0.549999
      vertex -16.9 41 4.45
    endloop
  endfacet
  facet normal 1 0 0
    outer loop
      vertex -16.9 41 -0.549999
      vertex -16.9 40 4.45
      vertex -16.9 40 -0.549999
    endloop
  endfacet
  facet normal 0 1 -0
    outer loop
      vertex -16.9 41 -0.549999
      vertex -18.1 41 4.45
      vertex -16.9 41 4.45
    endloop
  endfacet
  facet normal 0 1 0
    outer loop
      vertex -18.1 41 4.45
      vertex -16.9 41 -0.549999
      vertex -18.1 41 -0.549999
    endloop
  endfacet
  facet normal -1 0 0
    outer loop
      vertex -16.1 40 -0.549999
      vertex -16.1 41 4.45
      vertex -16.1 41 -0.549999
    endloop
  endfacet
  facet normal -1 -0 0
    outer loop
      vertex -16.1 41 4.45
      vertex -16.1 40 -0.549999
      vertex -16.1 40 4.45
    endloop
  endfacet
  facet normal 1 -0 0
    outer loop
      vertex -14.9 40 4.45
      vertex -14.9 41 -0.549999
      vertex -14.9 41 4.45
    endloop
  endfacet
  facet normal 1 0 0
    outer loop
      vertex -14.9 41 -0.549999
      vertex -14.9 40 4.45
      vertex -14.9 40 -0.549999
    endloop
  endfacet
  facet normal 0 1 -0
    outer loop
      vertex -14.9 41 -0.549999
      vertex -16.1 41 4.45
      vertex -14.9 41 4.45
    endloop
  endfacet
  facet normal 0 1 0
    outer loop
      vertex -16.1 41 4.45
      vertex -14.9 41 -0.549999
      vertex -16.1 41 -0.549999
    endloop
  endfacet
  facet normal -1 0 0
    outer loop
      vertex -14.1 40 -0.549999
      vertex -14.1 41 4.45
      vertex -14.1 41 -0.549999
    endloop
  endfacet
  facet normal -1 -0 0
    outer loop
      vertex -14.1 41 4.45
      vertex -14.1 40 -0.549999
      vertex -14.1 40 4.45
    endloop
  endfacet
  facet normal 1 -0 0
    outer loop
      vertex -12.9 40 4.45
      vertex -12.9 41 -0.549999
      vertex -12.9 41 4.45
    endloop
  endfacet
  facet normal 1 0 0
    outer loop
      vertex -12.9 41 -0.549999
      vertex -12.9 40 4.45
      vertex -12.9 40 -0.549999
    endloop
  endfacet
  facet normal 0 1 -0
    outer loop
      vertex -12.9 41 -0.549999
      vertex -14.1 41 4.45
      vertex -12.9 41 4.45
    endloop
  endfacet
  facet normal 0 1 0
    outer loop
      vertex -14.1 41 4.45
      vertex -12.9 41 -0.549999
      vertex -14.1 41 -0.549999
    endloop
  endfacet
  facet normal -1 0 0
    outer loop
      vertex -12.1 40 -0.549999
      vertex -12.1 41 4.45
      vertex -12.1 41 -0.549999
    endloop
  endfacet
  facet normal -1 -0 0
    outer loop
      vertex -12.1 41 4.45
      vertex -12.1 40 -0.549999
      vertex -12.1 40 4.45
    endloop
  endfacet
  facet normal 1 -0 0
    outer loop
      vertex -10.9 40 4.45
      vertex -10.9 41 -0.549999
      vertex -10.9 41 4.45
    endloop
  endfacet
  facet normal 1 0 0
    outer loop
      vertex -10.9 41 -0.549999
      vertex -10.9 40 4.45
      vertex -10.9 40 -0.549999
    endloop
  endfacet
  facet normal 0 1 -0
    outer loop
      vertex -10.9 41 -0.549999
      vertex -12.1 41 4.45
      vertex -10.9 41 4.45
    endloop
  endfacet
  facet normal 0 1 0
    outer loop
      vertex -12.1 41 4.45
      vertex -10.9 41 -0.549999
      vertex -12.1 41 -0.549999
    endloop
  endfacet
  facet normal -1 0 0
    outer loop
      vertex -10.1 40 -0.549999
      vertex -10.1 41 4.45
      vertex -10.1 41 -0.549999
    endloop
  endfacet
  facet normal -1 -0 0
    outer loop
      vertex -10.1 41 4.45
      vertex -10.1 40 -0.549999
      vertex -10.1 40 4.45
    endloop
  endfacet
  facet normal 1 -0 0
    outer loop
      vertex -8.9 40 4.45
      vertex -8.9 41 -0.549999
      vertex -8.9 41 4.45
    endloop
  endfacet
  facet normal 1 0 0
    outer loop
      vertex -8.9 41 -0.549999
      vertex -8.9 40 4.45
      vertex -8.9 40 -0.549999
    endloop
  endfacet
  facet normal 0 1 -0
    outer loop
      vertex -8.9 41 -0.549999
      vertex -10.1 41 4.45
      vertex -8.9 41 4.45
    endloop
  endfacet
  facet normal 0 1 0
    outer loop
      vertex -10.1 41 4.45
      vertex -8.9 41 -0.549999
      vertex -10.1 41 -0.549999
    endloop
  endfacet
  facet normal -1 0 0
    outer loop
      vertex -8.1 40 -0.549999
      vertex -8.1 41 4.45
      vertex -8.1 41 -0.549999
    endloop
  endfacet
  facet normal -1 -0 0
    outer loop
      vertex -8.1 41 4.45
      vertex -8.1 40 -0.549999
      vertex -8.1 40 4.45
    endloop
  endfacet
  facet normal 1 -0 0
    outer loop
      vertex -6.9 40 4.45
      vertex -6.9 41 -0.549999
      vertex -6.9 41 4.45
    endloop
  endfacet
  facet normal 1 0 0
    outer loop
      vertex -6.9 41 -0.549999
      vertex -6.9 40 4.45
      vertex -6.9 40 -0.549999
    endloop
  endfacet
  facet normal 0 1 -0
    outer loop
      vertex -6.9 41 -0.549999
      vertex -8.1 41 4.45
      vertex -6.9 41 4.45
    endloop
  endfacet
  facet normal 0 1 0
    outer loop
      vertex -8.1 41 4.45
      vertex -6.9 41 -0.549999
      vertex -8.1 41 -0.549999
    endloop
  endfacet
  facet normal -1 0 0
    outer loop
      vertex -6.1 40 -0.549999
      vertex -6.1 41 4.45
      vertex -6.1 41 -0.549999
    endloop
  endfacet
  facet normal -1 -0 0
    outer loop
      vertex -6.1 41 4.45
      vertex -6.1 40 -0.549999
      vertex -6.1 40 4.45
    endloop
  endfacet
  facet normal 1 -0 0
    outer loop
      vertex -4.9 40 4.45
      vertex -4.9 41 -0.549999
      vertex -4.9 41 4.45
    endloop
  endfacet
  facet normal 1 0 0
    outer loop
      vertex -4.9 41 -0.549999
      vertex -4.9 40 4.45
      vertex -4.9 40 -0.549999
    endloop
  endfacet
  facet normal 0 1 -0
    outer loop
      vertex -4.9 41 -0.549999
      vertex -6.1 41 4.45
      vertex -4.9 41 4.45
    endloop
  endfacet
  facet normal 0 1 0
    outer loop
      vertex -6.1 41 4.45
      vertex -4.9 41 -0.549999
      vertex -6.1 41 -0.549999
    endloop
  endfacet
  facet normal -1 0 0
    outer loop
      vertex -4.1 40 -0.549999
      vertex -4.1 41 4.45
      vertex -4.1 41 -0.549999
    endloop
  endfacet
  facet normal -1 -0 0
    outer loop
      vertex -4.1 41 4.45
      vertex -4.1 40 -0.549999
      vertex -4.1 40 4.45
    endloop
  endfacet
  facet normal 1 -0 0
    outer loop
      vertex -2.9 40 4.45
      vertex -2.9 41 -0.549999
      vertex -2.9 41 4.45
    endloop
  endfacet
  facet normal 1 0 0
    outer loop
      vertex -2.9 41 -0.549999
      vertex -2.9 40 4.45
      vertex -2.9 40 -0.549999
    endloop
  endfacet
  facet normal 0 1 -0
    outer loop
      vertex -2.9 41 -0.549999
      vertex -4.1 41 4.45
      vertex -2.9 41 4.45
    endloop
  endfacet
  facet normal 0 1 0
    outer loop
      vertex -4.1 41 4.45
      vertex -2.9 41 -0.549999
      vertex -4.1 41 -0.549999
    endloop
  endfacet
  facet normal -1 0 0
    outer loop
      vertex -2.1 40 -0.549999
      vertex -2.1 41 4.45
      vertex -2.1 41 -0.549999
    endloop
  endfacet
  facet normal -1 -0 0
    outer loop
      vertex -2.1 41 4.45
      vertex -2.1 40 -0.549999
      vertex -2.1 40 4.45
    endloop
  endfacet
  facet normal 1 -0 0
    outer loop
      vertex -0.9 40 4.45
      vertex -0.9 41 -0.549999
      vertex -0.9 41 4.45
    endloop
  endfacet
  facet normal 1 0 0
    outer loop
      vertex -0.9 41 -0.549999
      vertex -0.9 40 4.45
      vertex -0.9 40 -0.549999
    endloop
  endfacet
  facet normal 0 1 -0
    outer loop
      vertex -0.9 41 -0.549999
      vertex -2.1 41 4.45
      vertex -0.9 41 4.45
    endloop
  endfacet
  facet normal 0 1 0
    outer loop
      vertex -2.1 41 4.45
      vertex -0.9 41 -0.549999
      vertex -2.1 41 -0.549999
    endloop
  endfacet
  facet normal -1 0 0
    outer loop
      vertex -0.0999994 40 -0.549999
      vertex -0.0999994 41 4.45
      vertex -0.0999994 41 -0.549999
    endloop
  endfacet
  facet normal -1 -0 0
    outer loop
      vertex -0.0999994 41 4.45
      vertex -0.0999994 40 -0.549999
      vertex -0.0999994 40 4.45
    endloop
  endfacet
  facet normal 1 -0 0
    outer loop
      vertex 1.1 40 4.45
      vertex 1.1 41 -0.549999
      vertex 1.1 41 4.45
    endloop
  endfacet
  facet normal 1 0 0
    outer loop
      vertex 1.1 41 -0.549999
      vertex 1.1 40 4.45
      vertex 1.1 40 -0.549999
    endloop
  endfacet
  facet normal 0 1 -0
    outer loop
      vertex 1.1 41 -0.549999
      vertex -0.0999994 41 4.45
      vertex 1.1 41 4.45
    endloop
  endfacet
  facet normal 0 1 0
    outer loop
      vertex -0.0999994 41 4.45
      vertex 1.1 41 -0.549999
      vertex -0.0999994 41 -0.549999
    endloop
  endfacet
  facet normal -1 0 0
    outer loop
      vertex 1.9 40 -0.549999
      vertex 1.9 41 4.45
      vertex 1.9 41 -0.549999
    endloop
  endfacet
  facet normal -1 -0 0
    outer loop
      vertex 1.9 41 4.45
      vertex 1.9 40 -0.549999
      vertex 1.9 40 4.45
    endloop
  endfacet
  facet normal 1 -0 0
    outer loop
      vertex 3.1 40 4.45
      vertex 3.1 41 -0.549999
      vertex 3.1 41 4.45
    endloop
  endfacet
  facet normal 1 0 0
    outer loop
      vertex 3.1 41 -0.549999
      vertex 3.1 40 4.45
      vertex 3.1 40 -0.549999
    endloop
  endfacet
  facet normal 0 1 -0
    outer loop
      vertex 3.1 41 -0.549999
      vertex 1.9 41 4.45
      vertex 3.1 41 4.45
    endloop
  endfacet
  facet normal 0 1 0
    outer loop
      vertex 1.9 41 4.45
      vertex 3.1 41 -0.549999
      vertex 1.9 41 -0.549999
    endloop
  endfacet
  facet normal -1 0 0
    outer loop
      vertex 3.9 40 -0.549999
      vertex 3.9 41 4.45
      vertex 3.9 41 -0.549999
    endloop
  endfacet
  facet normal -1 -0 0
    outer loop
      vertex 3.9 41 4.45
      vertex 3.9 40 -0.549999
      vertex 3.9 40 4.45
    endloop
  endfacet
  facet normal 1 -0 0
    outer loop
      vertex 5.1 40 4.45
      vertex 5.1 41 -0.549999
      vertex 5.1 41 4.45
    endloop
  endfacet
  facet normal 1 0 0
    outer loop
      vertex 5.1 41 -0.549999
      vertex 5.1 40 4.45
      vertex 5.1 40 -0.549999
    endloop
  endfacet
  facet normal 0 1 -0
    outer loop
      vertex 5.1 41 -0.549999
      vertex 3.9 41 4.45
      vertex 5.1 41 4.45
    endloop
  endfacet
  facet normal 0 1 0
    outer loop
      vertex 3.9 41 4.45
      vertex 5.1 41 -0.549999
      vertex 3.9 41 -0.549999
    endloop
  endfacet
  facet normal -1 0 0
    outer loop
      vertex 5.9 40 -0.549999
      vertex 5.9 41 4.45
      vertex 5.9 41 -0.549999
    endloop
  endfacet
  facet normal -1 -0 0
    outer loop
      vertex 5.9 41 4.45
      vertex 5.9 40 -0.549999
      vertex 5.9 40 4.45
    endloop
  endfacet
  facet normal 1 -0 0
    outer loop
      vertex 7.1 40 4.45
      vertex 7.1 41 -0.549999
      vertex 7.1 41 4.45
    endloop
  endfacet
  facet normal 1 0 0
    outer loop
      vertex 7.1 41 -0.549999
      vertex 7.1 40 4.45
      vertex 7.1 40 -0.549999
    endloop
  endfacet
  facet normal 0 1 -0
    outer loop
      vertex 7.1 41 -0.549999
      vertex 5.9 41 4.45
      vertex 7.1 41 4.45
    endloop
  endfacet
  facet normal 0 1 0
    outer loop
      vertex 5.9 41 4.45
      vertex 7.1 41 -0.549999
      vertex 5.9 41 -0.549999
    endloop
  endfacet
  facet normal -1 0 0
    outer loop
      vertex 7.9 40 -0.549999
      vertex 7.9 41 4.45
      vertex 7.9 41 -0.549999
    endloop
  endfacet
  facet normal -1 -0 0
    outer loop
      vertex 7.9 41 4.45
      vertex 7.9 40 -0.549999
      vertex 7.9 40 4.45
    endloop
  endfacet
  facet normal 1 -0 0
    outer loop
      vertex 9.1 40 4.45
      vertex 9.1 41 -0.549999
      vertex 9.1 41 4.45
    endloop
  endfacet
  facet normal 1 0 0
    outer loop
      vertex 9.1 41 -0.549999
      vertex 9.1 40 4.45
      vertex 9.1 40 -0.549999
    endloop
  endfacet
  facet normal 0 1 -0
    outer loop
      vertex 9.1 41 -0.549999
      vertex 7.9 41 4.45
      vertex 9.1 41 4.45
    endloop
  endfacet
  facet normal 0 1 0
    outer loop
      vertex 7.9 41 4.45
      vertex 9.1 41 -0.549999
      vertex 7.9 41 -0.549999
    endloop
  endfacet
  facet normal -1 0 0
    outer loop
      vertex 9.9 40 -0.549999
      vertex 9.9 41 4.45
      vertex 9.9 41 -0.549999
    endloop
  endfacet
  facet normal -1 -0 0
    outer loop
      vertex 9.9 41 4.45
      vertex 9.9 40 -0.549999
      vertex 9.9 40 4.45
    endloop
  endfacet
  facet normal 1 -0 0
    outer loop
      vertex 11.1 40 4.45
      vertex 11.1 41 -0.549999
      vertex 11.1 41 4.45
    endloop
  endfacet
  facet normal 1 0 0
    outer loop
      vertex 11.1 41 -0.549999
      vertex 11.1 40 4.45
      vertex 11.1 40 -0.549999
    endloop
  endfacet
  facet normal 0 1 -0
    outer loop
      vertex 11.1 41 -0.549999
      vertex 9.9 41 4.45
      vertex 11.1 41 4.45
    endloop
  endfacet
  facet normal 0 1 0
    outer loop
      vertex 9.9 41 4.45
      vertex 11.1 41 -0.549999
      vertex 9.9 41 -0.549999
    endloop
  endfacet
  facet normal -1 0 0
    outer loop
      vertex 11.9 40 -0.549999
      vertex 11.9 41 4.45
      vertex 11.9 41 -0.549999
    endloop
  endfacet
  facet normal -1 -0 0
    outer loop
      vertex 11.9 41 4.45
      vertex 11.9 40 -0.549999
      vertex 11.9 40 4.45
    endloop
  endfacet
  facet normal 1 -0 0
    outer loop
      vertex 13.1 40 4.45
      vertex 13.1 41 -0.549999
      vertex 13.1 41 4.45
    endloop
  endfacet
  facet normal 1 0 0
    outer loop
      vertex 13.1 41 -0.549999
      vertex 13.1 40 4.45
      vertex 13.1 40 -0.549999
    endloop
  endfacet
  facet normal 0 1 -0
    outer loop
      vertex 13.1 41 -0.549999
      vertex 11.9 41 4.45
      vertex 13.1 41 4.45
    endloop
  endfacet
  facet normal 0 1 0
    outer loop
      vertex 11.9 41 4.45
      vertex 13.1 41 -0.549999
      vertex 11.9 41 -0.549999
    endloop
  endfacet
  facet normal -1 0 0
    outer loop
      vertex 13.9 40 -0.549999
      vertex 13.9 41 4.45
      vertex 13.9 41 -0.549999
    endloop
  endfacet
  facet normal -1 -0 0
    outer loop
      vertex 13.9 41 4.45
      vertex 13.9 40 -0.549999
      vertex 13.9 40 4.45
    endloop
  endfacet
  facet normal 1 -0 0
    outer loop
      vertex 15.1 40 4.45
      vertex 15.1 41 -0.549999
      vertex 15.1 41 4.45
    endloop
  endfacet
  facet normal 1 0 0
    outer loop
      vertex 15.1 41 -0.549999
      vertex 15.1 40 4.45
      vertex 15.1 40 -0.549999
    endloop
  endfacet
  facet normal 0 1 -0
    outer loop
      vertex 15.1 41 -0.549999
      vertex 13.9 41 4.45
      vertex 15.1 41 4.45
    endloop
  endfacet
  facet normal 0 1 0
    outer loop
      vertex 13.9 41 4.45
      vertex 15.1 41 -0.549999
      vertex 13.9 41 -0.549999
    endloop
  endfacet
  facet normal -1 0 0
    outer loop
      vertex 15.9 40 -0.549999
      vertex 15.9 41 4.45
      vertex 15.9 41 -0.549999
    endloop
  endfacet
  facet normal -1 -0 0
    outer loop
      vertex 15.9 41 4.45
      vertex 15.9 40 -0.549999
      vertex 15.9 40 4.45
    endloop
  endfacet
  facet normal 1 -0 0
    outer loop
      vertex 17.1 40 4.45
      vertex 17.1 41 -0.549999
      vertex 17.1 41 4.45
    endloop
  endfacet
  facet normal 1 0 0
    outer loop
      vertex 17.1 41 -0.549999
      vertex 17.1 40 4.45
      vertex 17.1 40 -0.549999
    endloop
  endfacet
  facet normal 0 1 -0
    outer loop
      vertex 17.1 41 -0.549999
      vertex 15.9 41 4.45
      vertex 17.1 41 4.45
    endloop
  endfacet
  facet normal 0 1 0
    outer loop
      vertex 15.9 41 4.45
      vertex 17.1 41 -0.549999
      vertex 15.9 41 -0.549999
    endloop
  endfacet
  facet normal -1 0 0
    outer loop
      vertex 17.9 40 -0.549999
      vertex 17.9 41 4.45
      vertex 17.9 41 -0.549999
    endloop
  endfacet
  facet normal -1 -0 0
    outer loop
      vertex 17.9 41 4.45
      vertex 17.9 40 -0.549999
      vertex 17.9 40 4.45
    endloop
  endfacet
  facet normal 1 -0 0
    outer loop
      vertex 19.1 40 4.45
      vertex 19.1 41 -0.549999
      vertex 19.1 41 4.45
    endloop
  endfacet
  facet normal 1 0 0
    outer loop
      vertex 19.1 41 -0.549999
      vertex 19.1 40 4.45
      vertex 19.1 40 -0.549999
    endloop
  endfacet
  facet normal 0 1 -0
    outer loop
      vertex 19.1 41 -0.549999
      vertex 17.9 41 4.45
      vertex 19.1 41 4.45
    endloop
  endfacet
  facet normal 0 1 0
    outer loop
      vertex 17.9 41 4.45
      vertex 19.1 41 -0.549999
      vertex 17.9 41 -0.549999
    endloop
  endfacet
  facet normal -1 0 0
    outer loop
      vertex 19.9 40 -0.549999
      vertex 19.9 41 4.45
      vertex 19.9 41 -0.549999
    endloop
  endfacet
  facet normal -1 -0 0
    outer loop
      vertex 19.9 41 4.45
      vertex 19.9 40 -0.549999
      vertex 19.9 40 4.45
    endloop
  endfacet
  facet normal 1 -0 0
    outer loop
      vertex 21.1 40 4.45
      vertex 21.1 41 -0.549999
      vertex 21.1 41 4.45
    endloop
  endfacet
  facet normal 1 0 0
    outer loop
      vertex 21.1 41 -0.549999
      vertex 21.1 40 4.45
      vertex 21.1 40 -0.549999
    endloop
  endfacet
  facet normal 0 1 -0
    outer loop
      vertex 21.1 41 -0.549999
      vertex 19.9 41 4.45
      vertex 21.1 41 4.45
    endloop
  endfacet
  facet normal 0 1 0
    outer loop
      vertex 19.9 41 4.45
      vertex 21.1 41 -0.549999
      vertex 19.9 41 -0.549999
    endloop
  endfacet
  facet normal -1 0 0
    outer loop
      vertex 21.9 40 -0.549999
      vertex 21.9 41 4.45
      vertex 21.9 41 -0.549999
    endloop
  endfacet
  facet normal -1 -0 0
    outer loop
      vertex 21.9 41 4.45
      vertex 21.9 40 -0.549999
      vertex 21.9 40 4.45
    endloop
  endfacet
  facet normal 1 -0 0
    outer loop
      vertex 23.1 40 4.45
      vertex 23.1 41 -0.549999
      vertex 23.1 41 4.45
    endloop
  endfacet
  facet normal 1 0 0
    outer loop
      vertex 23.1 41 -0.549999
      vertex 23.1 40 4.45
      vertex 23.1 40 -0.549999
    endloop
  endfacet
  facet normal 0 1 -0
    outer loop
      vertex 23.1 41 -0.549999
      vertex 21.9 41 4.45
      vertex 23.1 41 4.45
    endloop
  endfacet
  facet normal 0 1 0
    outer loop
      vertex 21.9 41 4.45
      vertex 23.1 41 -0.549999
      vertex 21.9 41 -0.549999
    endloop
  endfacet
  facet normal -1 0 0
    outer loop
      vertex 23.9 40 -0.549999
      vertex 23.9 41 4.45
      vertex 23.9 41 -0.549999
    endloop
  endfacet
  facet normal -1 -0 0
    outer loop
      vertex 23.9 41 4.45
      vertex 23.9 40 -0.549999
      vertex 23.9 40 4.45
    endloop
  endfacet
  facet normal 1 -0 0
    outer loop
      vertex 25.1 40 4.45
      vertex 25.1 41 -0.549999
      vertex 25.1 41 4.45
    endloop
  endfacet
  facet normal 1 0 0
    outer loop
      vertex 25.1 41 -0.549999
      vertex 25.1 40 4.45
      vertex 25.1 40 -0.549999
    endloop
  endfacet
  facet normal 0 1 -0
    outer loop
      vertex 25.1 41 -0.549999
      vertex 23.9 41 4.45
      vertex 25.1 41 4.45
    endloop
  endfacet
  facet normal 0 1 0
    outer loop
      vertex 23.9 41 4.45
      vertex 25.1 41 -0.549999
      vertex 23.9 41 -0.549999
    endloop
  endfacet
  facet normal -1 0 0
    outer loop
      vertex 25.9 40 -0.549999
      vertex 25.9 41 4.45
      vertex 25.9 41 -0.549999
    endloop
  endfacet
  facet normal -1 -0 0
    outer loop
      vertex 25.9 41 4.45
      vertex 25.9 40 -0.549999
      vertex 25.9 40 4.45
    endloop
  endfacet
  facet normal 1 -0 0
    outer loop
      vertex 27.1 40 4.45
      vertex 27.1 41 -0.549999
      vertex 27.1 41 4.45
    endloop
  endfacet
  facet normal 1 0 0
    outer loop
      vertex 27.1 41 -0.549999
      vertex 27.1 40 4.45
      vertex 27.1 40 -0.549999
    endloop
  endfacet
  facet normal 0 1 -0
    outer loop
      vertex 27.1 41 -0.549999
      vertex 25.9 41 4.45
      vertex 27.1 41 4.45
    endloop
  endfacet
  facet normal 0 1 0
    outer loop
      vertex 25.9 41 4.45
      vertex 27.1 41 -0.549999
      vertex 25.9 41 -0.549999
    endloop
  endfacet
  facet normal -1 0 0
    outer loop
      vertex 27.9 40 -0.549999
      vertex 27.9 41 4.45
      vertex 27.9 41 -0.549999
    endloop
  endfacet
  facet normal -1 -0 0
    outer loop
      vertex 27.9 41 4.45
      vertex 27.9 40 -0.549999
      vertex 27.9 40 4.45
    endloop
  endfacet
  facet normal 1 -0 0
    outer loop
      vertex 29.1 40 4.45
      vertex 29.1 41 -0.549999
      vertex 29.1 41 4.45
    endloop
  endfacet
  facet normal 1 0 0
    outer loop
      vertex 29.1 41 -0.549999
      vertex 29.1 40 4.45
      vertex 29.1 40 -0.549999
    endloop
  endfacet
  facet normal 0 1 -0
    outer loop
      vertex 29.1 41 -0.549999
      vertex 27.9 41 4.45
      vertex 29.1 41 4.45
    endloop
  endfacet
  facet normal 0 1 0
    outer loop
      vertex 27.9 41 4.45
      vertex 29.1 41 -0.549999
      vertex 27.9 41 -0.549999
    endloop
  endfacet
  facet normal -1 0 0
    outer loop
      vertex 29.9 40 -0.549999
      vertex 29.9 41 4.45
      vertex 29.9 41 -0.549999
    endloop
  endfacet
  facet normal -1 -0 0
    outer loop
      vertex 29.9 41 4.45
      vertex 29.9 40 -0.549999
      vertex 29.9 40 4.45
    endloop
  endfacet
  facet normal 1 -0 0
    outer loop
      vertex 31.1 40 4.45
      vertex 31.1 41 -0.549999
      vertex 31.1 41 4.45
    endloop
  endfacet
  facet normal 1 0 0
    outer loop
      vertex 31.1 41 -0.549999
      vertex 31.1 40 4.45
      vertex 31.1 40 -0.549999
    endloop
  endfacet
  facet normal 0 1 -0
    outer loop
      vertex 31.1 41 -0.549999
      vertex 29.9 41 4.45
      vertex 31.1 41 4.45
    endloop
  endfacet
  facet normal 0 1 0
    outer loop
      vertex 29.9 41 4.45
      vertex 31.1 41 -0.549999
      vertex 29.9 41 -0.549999
    endloop
  endfacet
  facet normal -1 0 0
    outer loop
      vertex 31.9 40 -0.549999
      vertex 31.9 41 4.45
      vertex 31.9 41 -0.549999
    endloop
  endfacet
  facet normal -1 -0 0
    outer loop
      vertex 31.9 41 4.45
      vertex 31.9 40 -0.549999
      vertex 31.9 40 4.45
    endloop
  endfacet
  facet normal 1 -0 0
    outer loop
      vertex 33.1 40 4.45
      vertex 33.1 41 -0.549999
      vertex 33.1 41 4.45
    endloop
  endfacet
  facet normal 1 0 0
    outer loop
      vertex 33.1 41 -0.549999
      vertex 33.1 40 4.45
      vertex 33.1 40 -0.549999
    endloop
  endfacet
  facet normal 0 1 -0
    outer loop
      vertex 33.1 41 -0.549999
      vertex 31.9 41 4.45
      vertex 33.1 41 4.45
    endloop
  endfacet
  facet normal 0 1 0
    outer loop
      vertex 31.9 41 4.45
      vertex 33.1 41 -0.549999
      vertex 31.9 41 -0.549999
    endloop
  endfacet
  facet normal -1 0 0
    outer loop
      vertex 33.9 40 -0.549999
      vertex 33.9 41 4.45
      vertex 33.9 41 -0.549999
    endloop
  endfacet
  facet normal -1 -0 0
    outer loop
      vertex 33.9 41 4.45
      vertex 33.9 40 -0.549999
      vertex 33.9 40 4.45
    endloop
  endfacet
  facet normal 1 -0 0
    outer loop
      vertex 35.1 40 4.45
      vertex 35.1 41 -0.549999
      vertex 35.1 41 4.45
    endloop
  endfacet
  facet normal 1 0 0
    outer loop
      vertex 35.1 41 -0.549999
      vertex 35.1 40 4.45
      vertex 35.1 40 -0.549999
    endloop
  endfacet
  facet normal 0 1 -0
    outer loop
      vertex 35.1 41 -0.549999
      vertex 33.9 41 4.45
      vertex 35.1 41 4.45
    endloop
  endfacet
  facet normal 0 1 0
    outer loop
      vertex 33.9 41 4.45
      vertex 35.1 41 -0.549999
      vertex 33.9 41 -0.549999
    endloop
  endfacet
  facet normal -1 0 0
    outer loop
      vertex 35.9 40 -0.549999
      vertex 35.9 41 4.45
      vertex 35.9 41 -0.549999
    endloop
  endfacet
  facet normal -1 -0 0
    outer loop
      vertex 35.9 41 4.45
      vertex 35.9 40 -0.549999
      vertex 35.9 40 4.45
    endloop
  endfacet
  facet normal 1 -0 0
    outer loop
      vertex 37.1 40 4.45
      vertex 37.1 41 -0.549999
      vertex 37.1 41 4.45
    endloop
  endfacet
  facet normal 1 0 0
    outer loop
      vertex 37.1 41 -0.549999
      vertex 37.1 40 4.45
      vertex 37.1 40 -0.549999
    endloop
  endfacet
  facet normal 0 1 -0
    outer loop
      vertex 37.1 41 -0.549999
      vertex 35.9 41 4.45
      vertex 37.1 41 4.45
    endloop
  endfacet
  facet normal 0 1 0
    outer loop
      vertex 35.9 41 4.45
      vertex 37.1 41 -0.549999
      vertex 35.9 41 -0.549999
    endloop
  endfacet
  facet normal -1 0 0
    outer loop
      vertex 37.9 40 -0.549999
      vertex 37.9 41 4.45
      vertex 37.9 41 -0.549999
    endloop
  endfacet
  facet normal -1 -0 0
    outer loop
      vertex 37.9 41 4.45
      vertex 37.9 40 -0.549999
      vertex 37.9 40 4.45
    endloop
  endfacet
  facet normal 1 -0 0
    outer loop
      vertex 39.1 40 4.45
      vertex 39.1 41 -0.549999
      vertex 39.1 41 4.45
    endloop
  endfacet
  facet normal 1 0 0
    outer loop
      vertex 39.1 41 -0.549999
      vertex 39.1 40 4.45
      vertex 39.1 40 -0.549999
    endloop
  endfacet
  facet normal 0 1 -0
    outer loop
      vertex 39.1 41 -0.549999
      vertex 37.9 41 4.45
      vertex 39.1 41 4.45
    endloop
  endfacet
  facet normal 0 1 0
    outer loop
      vertex 37.9 41 4.45
      vertex 39.1 41 -0.549999
      vertex 37.9 41 -0.549999
    endloop
  endfacet
  facet normal -1 0 0
    outer loop
      vertex 39.9 40 -0.549999
      vertex 39.9 41 4.45
      vertex 39.9 41 -0.549999
    endloop
  endfacet
  facet normal -1 -0 0
    outer loop
      vertex 39.9 41 4.45
      vertex 39.9 40 -0.549999
      vertex 39.9 40 4.45
    endloop
  endfacet
  facet normal 1 -0 0
    outer loop
      vertex 41.1 40 4.45
      vertex 41.1 41 -0.549999
      vertex 41.1 41 4.45
    endloop
  endfacet
  facet normal 1 0 0
    outer loop
      vertex 41.1 41 -0.549999
      vertex 41.1 40 4.45
      vertex 41.1 40 -0.549999
    endloop
  endfacet
  facet normal 0 1 -0
    outer loop
      vertex 41.1 41 -0.549999
      vertex 39.9 41 4.45
      vertex 41.1 41 4.45
    endloop
  endfacet
  facet normal 0 1 0
    outer loop
      vertex 39.9 41 4.45
      vertex 41.1 41 -0.549999
      vertex 39.9 41 -0.549999
    endloop
  endfacet
  facet normal -1 0 0
    outer loop
      vertex 41.9 40 -0.549999
      vertex 41.9 41 4.45
      vertex 41.9 41 -0.549999
    endloop
  endfacet
  facet normal -1 -0 0
    outer loop
      vertex 41.9 41 4.45
      vertex 41.9 40 -0.549999
      vertex 41.9 40 4.45
    endloop
  endfacet
  facet normal 1 -0 0
    outer loop
      vertex 43.1 40 4.45
      vertex 43.1 41 -0.549999
      vertex 43.1 41 4.45
    endloop
  endfacet
  facet normal 1 0 0
    outer loop
      vertex 43.1 41 -0.549999
      vertex 43.1 40 4.45
      vertex 43.1 40 -0.549999
    endloop
  endfacet
  facet normal 0 1 -0
    outer loop
      vertex 43.1 41 -0.549999
      vertex 41.9 41 4.45
      vertex 43.1 41 4.45
    endloop
  endfacet
  facet normal 0 1 0
    outer loop
      vertex 41.9 41 4.45
      vertex 43.1 41 -0.549999
      vertex 41.9 41 -0.549999
    endloop
  endfacet
  facet normal -1 0 0
    outer loop
      vertex 43.9 40 -0.549999
      vertex 43.9 41 4.45
      vertex 43.9 41 -0.549999
    endloop
  endfacet
  facet normal -1 -0 0
    outer loop
      vertex 43.9 41 4.45
      vertex 43.9 40 -0.549999
      vertex 43.9 40 4.45
    endloop
  endfacet
  facet normal 1 -0 0
    outer loop
      vertex 45.1 40 4.45
      vertex 45.1 41 -0.549999
      vertex 45.1 41 4.45
    endloop
  endfacet
  facet normal 1 0 0
    outer loop
      vertex 45.1 41 -0.549999
      vertex 45.1 40 4.45
      vertex 45.1 40 -0.549999
    endloop
  endfacet
  facet normal 0 1 -0
    outer loop
      vertex 45.1 41 -0.549999
      vertex 43.9 41 4.45
      vertex 45.1 41 4.45
    endloop
  endfacet
  facet normal 0 1 0
    outer loop
      vertex 43.9 41 4.45
      vertex 45.1 41 -0.549999
      vertex 43.9 41 -0.549999
    endloop
  endfacet
  facet normal -1 0 0
    outer loop
      vertex 45.9 40 -0.549999
      vertex 45.9 41 4.45
      vertex 45.9 41 -0.549999
    endloop
  endfacet
  facet normal -1 -0 0
    outer loop
      vertex 45.9 41 4.45
      vertex 45.9 40 -0.549999
      vertex 45.9 40 4.45
    endloop
  endfacet
  facet normal 1 -0 0
    outer loop
      vertex 47.1 40 4.45
      vertex 47.1 41 -0.549999
      vertex 47.1 41 4.45
    endloop
  endfacet
  facet normal 1 0 0
    outer loop
      vertex 47.1 41 -0.549999
      vertex 47.1 40 4.45
      vertex 47.1 40 -0.549999
    endloop
  endfacet
  facet normal 0 1 -0
    outer loop
      vertex 47.1 41 -0.549999
      vertex 45.9 41 4.45
      vertex 47.1 41 4.45
    endloop
  endfacet
  facet normal 0 1 0
    outer loop
      vertex 45.9 41 4.45
      vertex 47.1 41 -0.549999
      vertex 45.9 41 -0.549999
    endloop
  endfacet
  facet normal -1 0 0
    outer loop
      vertex 47.9 40 -0.549999
      vertex 47.9 41 4.45
      vertex 47.9 41 -0.549999
    endloop
  endfacet
  facet normal -1 -0 0
    outer loop
      vertex 47.9 41 4.45
      vertex 47.9 40 -0.549999
      vertex 47.9 40 4.45
    endloop
  endfacet
  facet normal 1 -0 0
    outer loop
      vertex 49.1 40 4.45
      vertex 49.1 41 -0.549999
      vertex 49.1 41 4.45
    endloop
  endfacet
  facet normal 1 0 0
    outer loop
      vertex 49.1 41 -0.549999
      vertex 49.1 40 4.45
      vertex 49.1 40 -0.549999
    endloop
  endfacet
  facet normal 0 1 -0
    outer loop
      vertex 49.1 41 -0.549999
      vertex 47.9 41 4.45
      vertex 49.1 41 4.45
    endloop
  endfacet
  facet normal 0 1 0
    outer loop
      vertex 47.9 41 4.45
      vertex 49.1 41 -0.549999
      vertex 47.9 41 -0.549999
    endloop
  endfacet
  facet normal -1 0 0
    outer loop
      vertex 49.9 40 -0.549999
      vertex 49.9 41 4.45
      vertex 49.9 41 -0.549999
    endloop
  endfacet
  facet normal -1 -0 0
    outer loop
      vertex 49.9 41 4.45
      vertex 49.9 40 -0.549999
      vertex 49.9 40 4.45
    endloop
  endfacet
  facet normal 1 -0 0
    outer loop
      vertex 51.1 40 4.45
      vertex 51.1 41 -0.549999
      vertex 51.1 41 4.45
    endloop
  endfacet
  facet normal 1 0 0
    outer loop
      vertex 51.1 41 -0.549999
      vertex 51.1 40 4.45
      vertex 51.1 40 -0.549999
    endloop
  endfacet
  facet normal 0 1 -0
    outer loop
      vertex 51.1 41 -0.549999
      vertex 49.9 41 4.45
      vertex 51.1 41 4.45
    endloop
  endfacet
  facet normal 0 1 0
    outer loop
      vertex 49.9 41 4.45
      vertex 51.1 41 -0.549999
      vertex 49.9 41 -0.549999
    endloop
  endfacet
  facet normal -1 0 0
    outer loop
      vertex 51.9 40 -0.549999
      vertex 51.9 41 4.45
      vertex 51.9 41 -0.549999
    endloop
  endfacet
  facet normal -1 -0 0
    outer loop
      vertex 51.9 41 4.45
      vertex 51.9 40 -0.549999
      vertex 51.9 40 4.45
    endloop
  endfacet
  facet normal 1 -0 0
    outer loop
      vertex 53.1 40 4.45
      vertex 53.1 41 -0.549999
      vertex 53.1 41 4.45
    endloop
  endfacet
  facet normal 1 0 0
    outer loop
      vertex 53.1 41 -0.549999
      vertex 53.1 40 4.45
      vertex 53.1 40 -0.549999
    endloop
  endfacet
  facet normal 0 1 -0
    outer loop
      vertex 53.1 41 -0.549999
      vertex 51.9 41 4.45
      vertex 53.1 41 4.45
    endloop
  endfacet
  facet normal 0 1 0
    outer loop
      vertex 51.9 41 4.45
      vertex 53.1 41 -0.549999
      vertex 51.9 41 -0.549999
    endloop
  endfacet
  facet normal -1 0 0
    outer loop
      vertex 53.9 40 -0.549999
      vertex 53.9 41 4.45
      vertex 53.9 41 -0.549999
    endloop
  endfacet
  facet normal -1 -0 0
    outer loop
      vertex 53.9 41 4.45
      vertex 53.9 40 -0.549999
      vertex 53.9 40 4.45
    endloop
  endfacet
  facet normal 1 -0 0
    outer loop
      vertex 55.1 40 4.45
      vertex 55.1 41 -0.549999
      vertex 55.1 41 4.45
    endloop
  endfacet
  facet normal 1 0 0
    outer loop
      vertex 55.1 41 -0.549999
      vertex 55.1 40 4.45
      vertex 55.1 40 -0.549999
    endloop
  endfacet
  facet normal 0 1 -0
    outer loop
      vertex 55.1 41 -0.549999
      vertex 53.9 41 4.45
      vertex 55.1 41 4.45
    endloop
  endfacet
  facet normal 0 1 0
    outer loop
      vertex 53.9 41 4.45
      vertex 55.1 41 -0.549999
      vertex 53.9 41 -0.549999
    endloop
  endfacet
  facet normal -1 0 0
    outer loop
      vertex 55.9 40 -0.549999
      vertex 55.9 41 4.45
      vertex 55.9 41 -0.549999
    endloop
  endfacet
  facet normal -1 -0 0
    outer loop
      vertex 55.9 41 4.45
      vertex 55.9 40 -0.549999
      vertex 55.9 40 4.45
    endloop
  endfacet
  facet normal 1 -0 0
    outer loop
      vertex 57.1 40 4.45
      vertex 57.1 41 -0.549999
      vertex 57.1 41 4.45
    endloop
  endfacet
  facet normal 1 0 0
    outer loop
      vertex 57.1 41 -0.549999
      vertex 57.1 40 4.45
      vertex 57.1 40 -0.549999
    endloop
  endfacet
  facet normal 0 1 -0
    outer loop
      vertex 57.1 41 -0.549999
      vertex 55.9 41 4.45
      vertex 57.1 41 4.45
    endloop
  endfacet
  facet normal 0 1 0
    outer loop
      vertex 55.9 41 4.45
      vertex 57.1 41 -0.549999
      vertex 55.9 41 -0.549999
    endloop
  endfacet
  facet normal -1 0 0
    outer loop
      vertex 57.9 40 -0.549999
      vertex 57.9 41 4.45
      vertex 57.9 41 -0.549999
    endloop
  endfacet
  facet normal -1 -0 0
    outer loop
      vertex 57.9 41 4.45
      vertex 57.9 40 -0.549999
      vertex 57.9 40 4.45
    endloop
  endfacet
  facet normal 1 -0 0
    outer loop
      vertex 59.1 40 4.45
      vertex 59.1 41 -0.549999
      vertex 59.1 41 4.45
    endloop
  endfacet
  facet normal 1 0 0
    outer loop
      vertex 59.1 41 -0.549999
      vertex 59.1 40 4.45
      vertex 59.1 40 -0.549999
    endloop
  endfacet
  facet normal 0 1 -0
    outer loop
      vertex 59.1 41 -0.549999
      vertex 57.9 41 4.45
      vertex 59.1 41 4.45
    endloop
  endfacet
  facet normal 0 1 0
    outer loop
      vertex 57.9 41 4.45
      vertex 59.1 41 -0.549999
      vertex 57.9 41 -0.549999
    endloop
  endfacet
  facet normal -1 0 0
    outer loop
      vertex 59.9 40 -0.549999
      vertex 59.9 41 4.45
      vertex 59.9 41 -0.549999
    endloop
  endfacet
  facet normal -1 -0 0
    outer loop
      vertex 59.9 41 4.45
      vertex 59.9 40 -0.549999
      vertex 59.9 40 4.45
    endloop
  endfacet
  facet normal 1 -0 0
    outer loop
      vertex 61.1 40 4.45
      vertex 61.1 41 -0.549999
      vertex 61.1 41 4.45
    endloop
  endfacet
  facet normal 1 0 0
    outer loop
      vertex 61.1 41 -0.549999
      vertex 61.1 40 4.45
      vertex 61.1 40 -0.549999
    endloop
  endfacet
  facet normal 0 1 -0
    outer loop
      vertex 61.1 41 -0.549999
      vertex 59.9 41 4.45
      vertex 61.1 41 4.45
    endloop
  endfacet
  facet normal 0 1 0
    outer loop
      vertex 59.9 41 4.45
      vertex 61.1 41 -0.549999
      vertex 59.9 41 -0.549999
    endloop
  endfacet
  facet normal -1 0 0
    outer loop
      vertex 61.9 40 -0.549999
      vertex 61.9 41 4.45
      vertex 61.9 41 -0.549999
    endloop
  endfacet
  facet normal -1 -0 0
    outer loop
      vertex 61.9 41 4.45
      vertex 61.9 40 -0.549999
      vertex 61.9 40 4.45
    endloop
  endfacet
  facet normal 1 -0 0
    outer loop
      vertex 63.1 40 4.45
      vertex 63.1 41 -0.549999
      vertex 63.1 41 4.45
    endloop
  endfacet
  facet normal 1 0 0
    outer loop
      vertex 63.1 41 -0.549999
      vertex 63.1 40 4.45
      vertex 63.1 40 -0.549999
    endloop
  endfacet
  facet normal 0 1 -0
    outer loop
      vertex 63.1 41 -0.549999
      vertex 61.9 41 4.45
      vertex 63.1 41 4.45
    endloop
  endfacet
  facet normal 0 1 0
    outer loop
      vertex 61.9 41 4.45
      vertex 63.1 41 -0.549999
      vertex 61.9 41 -0.549999
    endloop
  endfacet
  facet normal -1 0 0
    outer loop
      vertex 63.9 40 -0.549999
      vertex 63.9 41 4.45
      vertex 63.9 41 -0.549999
    endloop
  endfacet
  facet normal -1 -0 0
    outer loop
      vertex 63.9 41 4.45
      vertex 63.9 40 -0.549999
      vertex 63.9 40 4.45
    endloop
  endfacet
  facet normal 1 -0 0
    outer loop
      vertex 65.1 40 4.45
      vertex 65.1 41 -0.549999
      vertex 65.1 41 4.45
    endloop
  endfacet
  facet normal 1 0 0
    outer loop
      vertex 65.1 41 -0.549999
      vertex 65.1 40 4.45
      vertex 65.1 40 -0.549999
    endloop
  endfacet
  facet normal 0 1 -0
    outer loop
      vertex 65.1 41 -0.549999
      vertex 63.9 41 4.45
      vertex 65.1 41 4.45
    endloop
  endfacet
  facet normal 0 1 0
    outer loop
      vertex 63.9 41 4.45
      vertex 65.1 41 -0.549999
      vertex 63.9 41 -0.549999
    endloop
  endfacet
  facet normal -1 0 0
    outer loop
      vertex 65.9 40 -0.549999
      vertex 65.9 41 4.45
      vertex 65.9 41 -0.549999
    endloop
  endfacet
  facet normal -1 -0 0
    outer loop
      vertex 65.9 41 4.45
      vertex 65.9 40 -0.549999
      vertex 65.9 40 4.45
    endloop
  endfacet
  facet normal 1 -0 0
    outer loop
      vertex 67.1 40 4.45
      vertex 67.1 41 -0.549999
      vertex 67.1 41 4.45
    endloop
  endfacet
  facet normal 1 0 0
    outer loop
      vertex 67.1 41 -0.549999
      vertex 67.1 40 4.45
      vertex 67.1 40 -0.549999
    endloop
  endfacet
  facet normal 0 1 -0
    outer loop
      vertex 67.1 41 -0.549999
      vertex 65.9 41 4.45
      vertex 67.1 41 4.45
    endloop
  endfacet
  facet normal 0 1 0
    outer loop
      vertex 65.9 41 4.45
      vertex 67.1 41 -0.549999
      vertex 65.9 41 -0.549999
    endloop
  endfacet
endsolid OpenSCAD_Model
